944.da8: Log file opened: 6.1.50r161033 g_hStartupLog=0000000000000014 g_uNtVerCombined=0x611db110
944.da8: \SystemRoot\System32\ntdll.dll:
944.da8:     CreationTime:    2010-11-21T03:23:51.351694200Z
944.da8:     LastWriteTime:   2010-11-21T03:23:51.367294200Z
944.da8:     ChangeTime:      2024-01-11T18:42:05.294716700Z
944.da8:     FileAttributes:  0x20
944.da8:     Size:            0x1a6d60
944.da8:     NT Headers:      0xe0
944.da8:     Timestamp:       0x4ce7c8f9
944.da8:     Machine:         0x8664 - amd64
944.da8:     Timestamp:       0x4ce7c8f9
944.da8:     Image Version:   6.1
944.da8:     SizeOfImage:     0x1a9000 (1740800)
944.da8:     Resource Dir:    0x151000 LB 0x560d8
944.da8:     [Version info resource found at 0xd8! (ID/Name: 0x1; SubID/SubName: 0x409)]
944.da8:     [Raw version resource data: 0x1510f0 LB 0x380, codepage 0x0 (reserved 0x0)]
944.da8:     ProductName:     Microsoft® Windows® Operating System
944.da8:     ProductVersion:  6.1.7601.17514
944.da8:     FileVersion:     6.1.7601.17514 (win7sp1_rtm.101119-1850)
944.da8:     FileDescription: NT Layer DLL
944.da8: \SystemRoot\System32\kernel32.dll:
944.da8:     CreationTime:    2010-11-21T03:24:07.965723400Z
944.da8:     LastWriteTime:   2010-11-21T03:24:07.981323400Z
944.da8:     ChangeTime:      2024-01-11T18:41:49.398288800Z
944.da8:     FileAttributes:  0x20
944.da8:     Size:            0x11b800
944.da8:     NT Headers:      0xe8
944.da8:     Timestamp:       0x4ce7c78b
944.da8:     Machine:         0x8664 - amd64
944.da8:     Timestamp:       0x4ce7c78b
944.da8:     Image Version:   6.1
944.da8:     SizeOfImage:     0x11f000 (1175552)
944.da8:     Resource Dir:    0x116000 LB 0x528
944.da8:     [Version info resource found at 0x90! (ID/Name: 0x1; SubID/SubName: 0x409)]
944.da8:     [Raw version resource data: 0x1160b0 LB 0x3a4, codepage 0x0 (reserved 0x0)]
944.da8:     ProductName:     Microsoft® Windows® Operating System
944.da8:     ProductVersion:  6.1.7601.17514
944.da8:     FileVersion:     6.1.7601.17514 (win7sp1_rtm.101119-1850)
944.da8:     FileDescription: Windows NT BASE API Client DLL
944.da8: \SystemRoot\System32\KernelBase.dll:
944.da8:     CreationTime:    2010-11-21T03:24:26.217755400Z
944.da8:     LastWriteTime:   2010-11-21T03:24:26.248955500Z
944.da8:     ChangeTime:      2024-01-11T18:41:49.429488800Z
944.da8:     FileAttributes:  0x20
944.da8:     Size:            0x66800
944.da8:     NT Headers:      0xf0
944.da8:     Timestamp:       0x4ce7c78c
944.da8:     Machine:         0x8664 - amd64
944.da8:     Timestamp:       0x4ce7c78c
944.da8:     Image Version:   6.1
944.da8:     SizeOfImage:     0x6b000 (438272)
944.da8:     Resource Dir:    0x69000 LB 0x530
944.da8:     [Version info resource found at 0x90! (ID/Name: 0x1; SubID/SubName: 0x409)]
944.da8:     [Raw version resource data: 0x690b0 LB 0x3ac, codepage 0x0 (reserved 0x0)]
944.da8:     ProductName:     Microsoft® Windows® Operating System
944.da8:     ProductVersion:  6.1.7601.17514
944.da8:     FileVersion:     6.1.7601.17514 (win7sp1_rtm.101119-1850)
944.da8:     FileDescription: Windows NT BASE API Client DLL
944.da8: \SystemRoot\System32\apisetschema.dll:
944.da8:     CreationTime:    2009-07-13T23:18:54.866423200Z
944.da8:     LastWriteTime:   2009-07-14T01:24:53.779000000Z
944.da8:     ChangeTime:      2024-01-11T18:41:37.277067500Z
944.da8:     FileAttributes:  0x20
944.da8:     Size:            0x1a00
944.da8:     NT Headers:      0xc0
944.da8:     Timestamp:       0x4a5bdeab
944.da8:     Machine:         0x8664 - amd64
944.da8:     Timestamp:       0x4a5bdeab
944.da8:     Image Version:   6.1
944.da8:     SizeOfImage:     0x50000 (327680)
944.da8:     Resource Dir:    0x30000 LB 0x3f0
944.da8:     [Version info resource found at 0x48! (ID/Name: 0x1; SubID/SubName: 0x409)]
944.da8:     [Raw version resource data: 0x30060 LB 0x390, codepage 0x0 (reserved 0x0)]
944.da8:     ProductName:     Microsoft® Windows® Operating System
944.da8:     ProductVersion:  6.1.7600.16385
944.da8:     FileVersion:     6.1.7600.16385 (win7_rtm.090713-1255)
944.da8:     FileDescription: ApiSet Schema DLL
944.da8: supR3HardenedWinFindAdversaries: 0x0
944.da8: supR3HardenedWinInitAppBin(0x0): '\Device\HarddiskVolume2\Program Files\Oracle\VirtualBox'
944.da8: Calling main()
944.da8: SUPR3HardenedMain: pszProgName=VirtualBoxVM fFlags=0x2
944.da8: supR3HardenedWinInitAppBin(0x2): '\Device\HarddiskVolume2\Program Files\Oracle\VirtualBox'
944.da8: SUPR3HardenedMain: Respawn #1
944.da8: System32:  \Device\HarddiskVolume2\Windows\System32
944.da8: WinSxS:    \Device\HarddiskVolume2\Windows\winsxs
944.da8: KnownDllPath: C:\Windows\system32
944.da8: supR3HardenedWinInit: Performing a limited self purification...
944.da8: supHardNtVpScanVirtualMemory: enmKind=SELF_PURIFICATION
944.da8:  *0000000000000000-000000000000ffff 0x0001/0x0000 0x0000000
944.da8:  *0000000000010000-000000000001ffff 0x0004/0x0004 0x0040000
944.da8:   0000000000020000-000000000002ffff 0x0001/0x0000 0x0000000
944.da8:  *0000000000030000-0000000000033fff 0x0002/0x0002 0x0040000
944.da8:   0000000000034000-000000000003ffff 0x0001/0x0000 0x0000000
944.da8:  *0000000000040000-0000000000040fff 0x0004/0x0004 0x0020000
944.da8:   0000000000041000-000000000004ffff 0x0001/0x0000 0x0000000
944.da8:  *0000000000050000-00000000000b6fff 0x0002/0x0002 0x0040000
944.da8:   00000000000b7000-000000000014ffff 0x0001/0x0000 0x0000000
944.da8:  *0000000000150000-0000000000209fff 0x0000/0x0004 0x0020000
944.da8:   000000000020a000-000000000020bfff 0x0104/0x0004 0x0020000
944.da8:   000000000020c000-000000000024ffff 0x0004/0x0004 0x0020000
944.da8:   0000000000250000-000000000027ffff 0x0001/0x0000 0x0000000
944.da8:  *0000000000280000-00000000002f1fff 0x0004/0x0004 0x0020000
944.da8:   00000000002f2000-00000000002fffff 0x0000/0x0004 0x0020000
944.da8:   0000000000300000-000000000035ffff 0x0001/0x0000 0x0000000
944.da8:  *0000000000360000-0000000000364fff 0x0004/0x0004 0x0020000
944.da8:   0000000000365000-000000000045ffff 0x0000/0x0004 0x0020000
944.da8:  *0000000000460000-0000000000609fff 0x0004/0x0004 0x0020000
944.da8:   000000000060a000-00000000776bffff 0x0001/0x0000 0x0000000
944.da8:  *00000000776c0000-00000000776c0fff 0x0002/0x0080 0x1000000  \Device\HarddiskVolume2\Windows\System32\kernel32.dll
944.da8:   00000000776c1000-000000007775bfff 0x0020/0x0080 0x1000000  \Device\HarddiskVolume2\Windows\System32\kernel32.dll
944.da8:   000000007775c000-00000000777c9fff 0x0002/0x0080 0x1000000  \Device\HarddiskVolume2\Windows\System32\kernel32.dll
944.da8:   00000000777ca000-00000000777cbfff 0x0004/0x0080 0x1000000  \Device\HarddiskVolume2\Windows\System32\kernel32.dll
944.da8:   00000000777cc000-00000000777defff 0x0002/0x0080 0x1000000  \Device\HarddiskVolume2\Windows\System32\kernel32.dll
944.da8:   00000000777df000-00000000778dffff 0x0001/0x0000 0x0000000
944.da8:  *00000000778e0000-00000000778e0fff 0x0002/0x0080 0x1000000  \Device\HarddiskVolume2\Windows\System32\ntdll.dll
944.da8:   00000000778e1000-00000000779e2fff 0x0020/0x0080 0x1000000  \Device\HarddiskVolume2\Windows\System32\ntdll.dll
944.da8:   00000000779e3000-0000000077a11fff 0x0002/0x0080 0x1000000  \Device\HarddiskVolume2\Windows\System32\ntdll.dll
944.da8:   0000000077a12000-0000000077a12fff 0x0004/0x0080 0x1000000  \Device\HarddiskVolume2\Windows\System32\ntdll.dll
944.da8:   0000000077a13000-0000000077a13fff 0x0008/0x0080 0x1000000  \Device\HarddiskVolume2\Windows\System32\ntdll.dll
944.da8:   0000000077a14000-0000000077a14fff 0x0004/0x0080 0x1000000  \Device\HarddiskVolume2\Windows\System32\ntdll.dll
944.da8:   0000000077a15000-0000000077a16fff 0x0008/0x0080 0x1000000  \Device\HarddiskVolume2\Windows\System32\ntdll.dll
944.da8:   0000000077a17000-0000000077a17fff 0x0004/0x0080 0x1000000  \Device\HarddiskVolume2\Windows\System32\ntdll.dll
944.da8:   0000000077a18000-0000000077a18fff 0x0008/0x0080 0x1000000  \Device\HarddiskVolume2\Windows\System32\ntdll.dll
944.da8:   0000000077a19000-0000000077a1afff 0x0004/0x0080 0x1000000  \Device\HarddiskVolume2\Windows\System32\ntdll.dll
944.da8:   0000000077a1b000-0000000077a1dfff 0x0008/0x0080 0x1000000  \Device\HarddiskVolume2\Windows\System32\ntdll.dll
944.da8:   0000000077a1e000-0000000077a88fff 0x0002/0x0080 0x1000000  \Device\HarddiskVolume2\Windows\System32\ntdll.dll
944.da8:   0000000077a89000-000000007efdffff 0x0001/0x0000 0x0000000
944.da8:  *000000007efe0000-000000007efe4fff 0x0002/0x0002 0x0040000
944.da8:   000000007efe5000-000000007f0dffff 0x0000/0x0002 0x0040000
944.da8:  *000000007f0e0000-000000007ffdffff 0x0000/0x0002 0x0020000
944.da8:  *000000007ffe0000-000000007ffe0fff 0x0002/0x0002 0x0020000
944.da8:   000000007ffe1000-000000007ffeffff 0x0000/0x0002 0x0020000
944.da8:   000000007fff0000-000000013fbfffff 0x0001/0x0000 0x0000000
944.da8:  *000000013fc00000-000000013fc00fff 0x0002/0x0080 0x1000000  \Device\HarddiskVolume2\Program Files\Oracle\VirtualBox\VirtualBoxVM.exe
944.da8:   000000013fc01000-000000013fc78fff 0x0020/0x0080 0x1000000  \Device\HarddiskVolume2\Program Files\Oracle\VirtualBox\VirtualBoxVM.exe
944.da8:   000000013fc79000-000000013fc79fff 0x0080/0x0080 0x1000000  \Device\HarddiskVolume2\Program Files\Oracle\VirtualBox\VirtualBoxVM.exe
944.da8:   000000013fc7a000-000000013fcc3fff 0x0002/0x0080 0x1000000  \Device\HarddiskVolume2\Program Files\Oracle\VirtualBox\VirtualBoxVM.exe
944.da8:   000000013fcc4000-000000013fcc6fff 0x0004/0x0080 0x1000000  \Device\HarddiskVolume2\Program Files\Oracle\VirtualBox\VirtualBoxVM.exe
944.da8:   000000013fcc7000-000000013fcc9fff 0x0008/0x0080 0x1000000  \Device\HarddiskVolume2\Program Files\Oracle\VirtualBox\VirtualBoxVM.exe
944.da8:   000000013fcca000-000000013fcccfff 0x0004/0x0080 0x1000000  \Device\HarddiskVolume2\Program Files\Oracle\VirtualBox\VirtualBoxVM.exe
944.da8:   000000013fccd000-000000013fccdfff 0x0008/0x0080 0x1000000  \Device\HarddiskVolume2\Program Files\Oracle\VirtualBox\VirtualBoxVM.exe
944.da8:   000000013fcce000-000000013fccffff 0x0004/0x0080 0x1000000  \Device\HarddiskVolume2\Program Files\Oracle\VirtualBox\VirtualBoxVM.exe
944.da8:   000000013fcd0000-000000013fcd0fff 0x0008/0x0080 0x1000000  \Device\HarddiskVolume2\Program Files\Oracle\VirtualBox\VirtualBoxVM.exe
944.da8:   000000013fcd1000-000000013fd19fff 0x0002/0x0080 0x1000000  \Device\HarddiskVolume2\Program Files\Oracle\VirtualBox\VirtualBoxVM.exe
944.da8:   000000013fd1a000-000007fefdaaffff 0x0001/0x0000 0x0000000
944.da8:  *000007fefdab0000-000007fefdab0fff 0x0002/0x0080 0x1000000  \Device\HarddiskVolume2\Windows\System32\KernelBase.dll
944.da8:   000007fefdab1000-000007fefdaf9fff 0x0020/0x0080 0x1000000  \Device\HarddiskVolume2\Windows\System32\KernelBase.dll
944.da8:   000007fefdafa000-000007fefdb0ffff 0x0002/0x0080 0x1000000  \Device\HarddiskVolume2\Windows\System32\KernelBase.dll
944.da8:   000007fefdb10000-000007fefdb11fff 0x0004/0x0080 0x1000000  \Device\HarddiskVolume2\Windows\System32\KernelBase.dll
944.da8:   000007fefdb12000-000007fefdb1afff 0x0002/0x0080 0x1000000  \Device\HarddiskVolume2\Windows\System32\KernelBase.dll
944.da8:   000007fefdb1b000-000007feffbfffff 0x0001/0x0000 0x0000000
944.da8:  *000007feffc00000-000007feffc00fff 0x0002/0x0080 0x1000000  \Device\HarddiskVolume2\Windows\System32\apisetschema.dll
944.da8:   000007feffc01000-000007fffffaffff 0x0001/0x0000 0x0000000
944.da8:  *000007fffffb0000-000007fffffd2fff 0x0002/0x0002 0x0040000
944.da8:   000007fffffd3000-000007fffffd7fff 0x0001/0x0000 0x0000000
944.da8:  *000007fffffd8000-000007fffffd8fff 0x0004/0x0004 0x0020000
944.da8:   000007fffffd9000-000007fffffddfff 0x0001/0x0000 0x0000000
944.da8:  *000007fffffde000-000007fffffdffff 0x0004/0x0004 0x0020000
944.da8:  *000007fffffe0000-000007fffffeffff 0x0001/0x0002 0x0020000
944.da8: apisetschema.dll: timestamp 0x4a5bdeab (rc=VINF_SUCCESS)
944.da8: kernelbase.dll: timestamp 0x4ce7c78c (rc=VINF_SUCCESS)
944.da8: VirtualBoxVM.exe: timestamp 0x659fd8ca (rc=VINF_SUCCESS)
944.da8: kernel32.dll: timestamp 0x4ce7c78b (rc=VINF_SUCCESS)
944.da8: \Device\HarddiskVolume2\Program Files\Oracle\VirtualBox\VirtualBoxVM.exe: Signature #1/2: info status: 24202
944.da8: '\Device\HarddiskVolume2\Program Files\Oracle\VirtualBox\VirtualBoxVM.exe' has no imports
944.da8: '\Device\HarddiskVolume2\Windows\System32\apisetschema.dll' has no imports
944.da8: \SystemRoot\System32\ntdll.dll: Signature #1/1: info status: 24202
944.da8: '\Device\HarddiskVolume2\Windows\System32\ntdll.dll' has no imports
944.da8: supHardNtVpCheckHandles:
944.da8: supR3HardenedWinInit: SUPHARDNTVPKIND_SELF_PURIFICATION_LIMITED -> VINF_SUCCESS, cFixes=0
944.da8: \Device\HarddiskVolume2\Program Files\Oracle\VirtualBox\VirtualBoxVM.exe: Signature #1/2: info status: 24202
944.da8: '\Device\HarddiskVolume2\Program Files\Oracle\VirtualBox\VirtualBoxVM.exe' has no imports
944.da8: supHardenedWinVerifyImageByHandle: -> 24202 (\Device\HarddiskVolume2\Program Files\Oracle\VirtualBox\VirtualBoxVM.exe)
944.da8: supR3HardNtEnableThreadCreationEx:
944.da8: supR3HardNtDisableThreadCreation: pvLdrInitThunk=000000007790c320 pvNtTerminateThread=0000000077931840
944.da8: supR3HardenedWinDoReSpawn(1): New child dac.db0 [kernel32].
944.da8: supR3HardNtChildGatherData: PebBaseAddress=000007fffffdc000 cbPeb=0x380
944.da8: supR3HardNtPuChFindNtdll: uNtDllParentAddr=00000000778e0000 uNtDllChildAddr=00000000778e0000
944.da8: supR3HardenedWinSetupChildInit: uLdrInitThunk=000000007790c320
944.da8: supR3HardenedWinSetupChildInit: Initial context:
  rax=0000000000000000 rbx=0000000000000000 rcx=000000013fc07900 rdx=000007fffffdc000
  rsi=0000000000000000 rdi=0000000000000000 r8 =0000000000000000 r9 =0000000000000000
  r10=0000000000000000 r11=0000000000000000 r12=0000000000000000 r13=0000000000000000
  r14=0000000000000000 r15=0000000000000000  P1=0000000000000000  P2=0000000000000000
  rip=000000007790c500 rsp=00000000001efb48 rbp=0000000000000000    ctxflags=0010001b
  cs=0033 ss=002b ds=0000 es=0000 fs=0000 gs=0000    eflags=00000200   mxcrx=00001f80
   P3=0000000000000000  P4=0000000000000000  P5=0000000000000000  P6=0000000000000000
  dr0=0000000000000000 dr1=0000000000000000 dr2=0000000000000000 dr3=0000000000000000
  dr6=0000000000000000 dr7=0000000000000000 vcr=0000000000000000 dcr=0000000000000000
  lbt=0000000000000000 lbf=0000000000000000 lxt=0000000000000000 lxf=0000000000000000
944.da8: supR3HardenedWinSetupChildInit: Start child.
944.da8: supR3HardNtChildWaitFor: Found expected request 0 (PurifyChildAndCloseHandles) after 0 ms.
944.da8: supR3HardNtChildPurify: Startup delay kludge #1/0: 261 ms, 26 sleeps
944.da8: supHardNtVpScanVirtualMemory: enmKind=CHILD_PURIFICATION
944.da8:  *0000000000000000-000000000000ffff 0x0001/0x0000 0x0000000
944.da8:  *0000000000010000-000000000002ffff 0x0004/0x0004 0x0020000
944.da8:  *0000000000030000-0000000000033fff 0x0002/0x0002 0x0040000
944.da8:   0000000000034000-000000000003ffff 0x0001/0x0000 0x0000000
944.da8:  *0000000000040000-0000000000040fff 0x0004/0x0004 0x0020000
944.da8:   0000000000041000-00000000000effff 0x0001/0x0000 0x0000000
944.da8:  *00000000000f0000-00000000001ebfff 0x0000/0x0004 0x0020000
944.da8:   00000000001ec000-00000000001edfff 0x0104/0x0004 0x0020000
944.da8:   00000000001ee000-00000000001effff 0x0004/0x0004 0x0020000
944.da8:   00000000001f0000-00000000778dffff 0x0001/0x0000 0x0000000
944.da8:  *00000000778e0000-00000000778e0fff 0x0002/0x0080 0x1000000  \Device\HarddiskVolume2\Windows\System32\ntdll.dll
944.da8:   00000000778e1000-00000000779e2fff 0x0020/0x0080 0x1000000  \Device\HarddiskVolume2\Windows\System32\ntdll.dll
944.da8:   00000000779e3000-0000000077a11fff 0x0002/0x0080 0x1000000  \Device\HarddiskVolume2\Windows\System32\ntdll.dll
944.da8:   0000000077a12000-0000000077a1dfff 0x0008/0x0080 0x1000000  \Device\HarddiskVolume2\Windows\System32\ntdll.dll
944.da8:   0000000077a1e000-0000000077a88fff 0x0002/0x0080 0x1000000  \Device\HarddiskVolume2\Windows\System32\ntdll.dll
944.da8:   0000000077a89000-000000007efdffff 0x0001/0x0000 0x0000000
944.da8:  *000000007efe0000-000000007ffdffff 0x0000/0x0002 0x0020000
944.da8:  *000000007ffe0000-000000007ffe0fff 0x0002/0x0002 0x0020000
944.da8:   000000007ffe1000-000000007ffeffff 0x0000/0x0002 0x0020000
944.da8:   000000007fff0000-000000013fbfffff 0x0001/0x0000 0x0000000
944.da8:  *000000013fc00000-000000013fc00fff 0x0002/0x0080 0x1000000  \Device\HarddiskVolume2\Program Files\Oracle\VirtualBox\VirtualBoxVM.exe
944.da8:   000000013fc01000-000000013fc78fff 0x0020/0x0080 0x1000000  \Device\HarddiskVolume2\Program Files\Oracle\VirtualBox\VirtualBoxVM.exe
944.da8:   000000013fc79000-000000013fc79fff 0x0080/0x0080 0x1000000  \Device\HarddiskVolume2\Program Files\Oracle\VirtualBox\VirtualBoxVM.exe
944.da8:   000000013fc7a000-000000013fcc3fff 0x0002/0x0080 0x1000000  \Device\HarddiskVolume2\Program Files\Oracle\VirtualBox\VirtualBoxVM.exe
944.da8:   000000013fcc4000-000000013fcc4fff 0x0004/0x0080 0x1000000  \Device\HarddiskVolume2\Program Files\Oracle\VirtualBox\VirtualBoxVM.exe
944.da8:   000000013fcc5000-000000013fcc5fff 0x0008/0x0080 0x1000000  \Device\HarddiskVolume2\Program Files\Oracle\VirtualBox\VirtualBoxVM.exe
944.da8:   000000013fcc6000-000000013fccafff 0x0004/0x0080 0x1000000  \Device\HarddiskVolume2\Program Files\Oracle\VirtualBox\VirtualBoxVM.exe
944.da8:   000000013fccb000-000000013fccbfff 0x0008/0x0080 0x1000000  \Device\HarddiskVolume2\Program Files\Oracle\VirtualBox\VirtualBoxVM.exe
944.da8:   000000013fccc000-000000013fcccfff 0x0004/0x0080 0x1000000  \Device\HarddiskVolume2\Program Files\Oracle\VirtualBox\VirtualBoxVM.exe
944.da8:   000000013fccd000-000000013fcd0fff 0x0008/0x0080 0x1000000  \Device\HarddiskVolume2\Program Files\Oracle\VirtualBox\VirtualBoxVM.exe
944.da8:   000000013fcd1000-000000013fd19fff 0x0002/0x0080 0x1000000  \Device\HarddiskVolume2\Program Files\Oracle\VirtualBox\VirtualBoxVM.exe
944.da8:   000000013fd1a000-000007feffbfffff 0x0001/0x0000 0x0000000
944.da8:  *000007feffc00000-000007feffc00fff 0x0002/0x0080 0x1000000  \Device\HarddiskVolume2\Windows\System32\apisetschema.dll
944.da8:   000007feffc01000-000007fffffaffff 0x0001/0x0000 0x0000000
944.da8:  *000007fffffb0000-000007fffffd2fff 0x0002/0x0002 0x0040000
944.da8:   000007fffffd3000-000007fffffdbfff 0x0001/0x0000 0x0000000
944.da8:  *000007fffffdc000-000007fffffdcfff 0x0004/0x0004 0x0020000
944.da8:   000007fffffdd000-000007fffffddfff 0x0001/0x0000 0x0000000
944.da8:  *000007fffffde000-000007fffffdffff 0x0004/0x0004 0x0020000
944.da8:  *000007fffffe0000-000007fffffeffff 0x0001/0x0002 0x0020000
944.da8: supR3HardNtChildPurify: Done after 265 ms and 0 fixes (loop #0).
dac.db0: Log file opened: 6.1.50r161033 g_hStartupLog=0000000000000004 g_uNtVerCombined=0x611db100
dac.db0: supR3HardenedVmProcessInit: uNtDllAddr=00000000778e0000 g_uNtVerCombined=0x611db100 (stack ~00000000001ef5f8)
dac.db0: ntdll.dll: timestamp 0x4ce7c8f9 (rc=VINF_SUCCESS)
dac.db0: New simple heap: #1 00000000002f0000 LB 0x400000 (for 1740800 allocation)
944.da8: supR3HardNtEnableThreadCreationEx:
dac.db0: supR3HardenedWinInitAppBin(0x0): '\Device\HarddiskVolume2\Program Files\Oracle\VirtualBox'
dac.db0: System32:  \Device\HarddiskVolume2\Windows\System32
dac.db0: WinSxS:    \Device\HarddiskVolume2\Windows\winsxs
dac.db0: KnownDllPath: C:\Windows\system32
dac.db0: supR3HardenedVmProcessInit: Opening vboxsup stub...
dac.db0: supR3HardenedVmProcessInit: Restoring LdrInitializeThunk...
dac.db0: supR3HardenedVmProcessInit: Returning to LdrInitializeThunk...
dac.db0: Registered Dll notification callback with NTDLL.
dac.db0: supHardenedWinVerifyImageByHandle: -> 22900 (\Device\HarddiskVolume2\Windows\System32\kernel32.dll)
dac.db0: supR3HardenedWinVerifyCacheInsert: \Device\HarddiskVolume2\Windows\System32\kernel32.dll
dac.db0: supR3HardenedMonitor_LdrLoadDll: pName=C:\Windows\system32\kernel32.dll (Input=kernel32.dll, rcNtResolve=0xc0150008) *pfFlags=0xffffffff pwszSearchPath=0000000000000000:<flags> [calling]
dac.db0: supR3HardenedScreenImage/NtCreateSection: cache hit (Unknown Status 22900 (0x5974)) on \Device\HarddiskVolume2\Windows\System32\kernel32.dll [lacks WinVerifyTrust]
dac.db0: supR3HardenedDllNotificationCallback: load   00000000776c0000 LB 0x0011f000 C:\Windows\system32\kernel32.dll [fFlags=0x0]
dac.db0: supR3HardenedScreenImage/LdrLoadDll: cache hit (Unknown Status 22900 (0x5974)) on \Device\HarddiskVolume2\Windows\System32\kernel32.dll [lacks WinVerifyTrust]
dac.db0: supR3HardenedDllNotificationCallback: load   000007fefdab0000 LB 0x0006b000 C:\Windows\system32\KERNELBASE.dll [fFlags=0x0]
dac.db0: supHardenedWinVerifyImageByHandle: -> 22900 (\Device\HarddiskVolume2\Windows\System32\KernelBase.dll)
dac.db0: supR3HardenedWinVerifyCacheInsert: \Device\HarddiskVolume2\Windows\System32\KernelBase.dll
dac.db0: supR3HardenedMonitor_LdrLoadDll: returns rcNt=0x0 hMod=00000000776c0000 'C:\Windows\system32\kernel32.dll'
dac.db0: supR3HardNtDisableThreadCreation: pvLdrInitThunk=000000007790c320 pvNtTerminateThread=0000000077931840
944.da8: supR3HardNtChildWaitFor: Found expected request 1 (CloseEvents) after 57 ms.
dac.db0: \SystemRoot\System32\ntdll.dll:
dac.db0:     CreationTime:    2010-11-21T03:23:51.351694200Z
dac.db0:     LastWriteTime:   2010-11-21T03:23:51.367294200Z
dac.db0:     ChangeTime:      2024-01-11T18:42:05.294716700Z
dac.db0:     FileAttributes:  0x20
dac.db0:     Size:            0x1a6d60
dac.db0:     NT Headers:      0xe0
dac.db0:     Timestamp:       0x4ce7c8f9
dac.db0:     Machine:         0x8664 - amd64
dac.db0:     Timestamp:       0x4ce7c8f9
dac.db0:     Image Version:   6.1
dac.db0:     SizeOfImage:     0x1a9000 (1740800)
dac.db0:     Resource Dir:    0x151000 LB 0x560d8
dac.db0:     [Version info resource found at 0xd8! (ID/Name: 0x1; SubID/SubName: 0x409)]
dac.db0:     [Raw version resource data: 0x1510f0 LB 0x380, codepage 0x0 (reserved 0x0)]
dac.db0:     ProductName:     Microsoft® Windows® Operating System
dac.db0:     ProductVersion:  6.1.7601.17514
dac.db0:     FileVersion:     6.1.7601.17514 (win7sp1_rtm.101119-1850)
dac.db0:     FileDescription: NT Layer DLL
dac.db0: \SystemRoot\System32\kernel32.dll:
dac.db0:     CreationTime:    2010-11-21T03:24:07.965723400Z
dac.db0:     LastWriteTime:   2010-11-21T03:24:07.981323400Z
dac.db0:     ChangeTime:      2024-01-11T18:41:49.398288800Z
dac.db0:     FileAttributes:  0x20
dac.db0:     Size:            0x11b800
dac.db0:     NT Headers:      0xe8
dac.db0:     Timestamp:       0x4ce7c78b
dac.db0:     Machine:         0x8664 - amd64
dac.db0:     Timestamp:       0x4ce7c78b
dac.db0:     Image Version:   6.1
dac.db0:     SizeOfImage:     0x11f000 (1175552)
dac.db0:     Resource Dir:    0x116000 LB 0x528
dac.db0:     [Version info resource found at 0x90! (ID/Name: 0x1; SubID/SubName: 0x409)]
dac.db0:     [Raw version resource data: 0x1160b0 LB 0x3a4, codepage 0x0 (reserved 0x0)]
dac.db0:     ProductName:     Microsoft® Windows® Operating System
dac.db0:     ProductVersion:  6.1.7601.17514
dac.db0:     FileVersion:     6.1.7601.17514 (win7sp1_rtm.101119-1850)
dac.db0:     FileDescription: Windows NT BASE API Client DLL
dac.db0: \SystemRoot\System32\KernelBase.dll:
dac.db0:     CreationTime:    2010-11-21T03:24:26.217755400Z
dac.db0:     LastWriteTime:   2010-11-21T03:24:26.248955500Z
dac.db0:     ChangeTime:      2024-01-11T18:41:49.429488800Z
dac.db0:     FileAttributes:  0x20
dac.db0:     Size:            0x66800
dac.db0:     NT Headers:      0xf0
dac.db0:     Timestamp:       0x4ce7c78c
dac.db0:     Machine:         0x8664 - amd64
dac.db0:     Timestamp:       0x4ce7c78c
dac.db0:     Image Version:   6.1
dac.db0:     SizeOfImage:     0x6b000 (438272)
dac.db0:     Resource Dir:    0x69000 LB 0x530
dac.db0:     [Version info resource found at 0x90! (ID/Name: 0x1; SubID/SubName: 0x409)]
dac.db0:     [Raw version resource data: 0x690b0 LB 0x3ac, codepage 0x0 (reserved 0x0)]
dac.db0:     ProductName:     Microsoft® Windows® Operating System
dac.db0:     ProductVersion:  6.1.7601.17514
dac.db0:     FileVersion:     6.1.7601.17514 (win7sp1_rtm.101119-1850)
dac.db0:     FileDescription: Windows NT BASE API Client DLL
dac.db0: \SystemRoot\System32\apisetschema.dll:
dac.db0:     CreationTime:    2009-07-13T23:18:54.866423200Z
dac.db0:     LastWriteTime:   2009-07-14T01:24:53.779000000Z
dac.db0:     ChangeTime:      2024-01-11T18:41:37.277067500Z
dac.db0:     FileAttributes:  0x20
dac.db0:     Size:            0x1a00
dac.db0:     NT Headers:      0xc0
dac.db0:     Timestamp:       0x4a5bdeab
dac.db0:     Machine:         0x8664 - amd64
dac.db0:     Timestamp:       0x4a5bdeab
dac.db0:     Image Version:   6.1
dac.db0:     SizeOfImage:     0x50000 (327680)
dac.db0:     Resource Dir:    0x30000 LB 0x3f0
dac.db0:     [Version info resource found at 0x48! (ID/Name: 0x1; SubID/SubName: 0x409)]
dac.db0:     [Raw version resource data: 0x30060 LB 0x390, codepage 0x0 (reserved 0x0)]
dac.db0:     ProductName:     Microsoft® Windows® Operating System
dac.db0:     ProductVersion:  6.1.7600.16385
dac.db0:     FileVersion:     6.1.7600.16385 (win7_rtm.090713-1255)
dac.db0:     FileDescription: ApiSet Schema DLL
dac.db0: supR3HardenedWinFindAdversaries: 0x0
dac.db0: supR3HardenedWinInitAppBin(0x0): '\Device\HarddiskVolume2\Program Files\Oracle\VirtualBox'
dac.db0: Calling main()
dac.db0: SUPR3HardenedMain: pszProgName=VirtualBoxVM fFlags=0x2
dac.db0: supR3HardenedWinInitAppBin(0x2): '\Device\HarddiskVolume2\Program Files\Oracle\VirtualBox'
dac.db0: \Device\HarddiskVolume2\Program Files\Oracle\VirtualBox\VirtualBoxVM.exe: Signature #1/2: info status: 24202
dac.db0: '\Device\HarddiskVolume2\Program Files\Oracle\VirtualBox\VirtualBoxVM.exe' has no imports
dac.db0: supHardenedWinVerifyImageByHandle: -> 24202 (\Device\HarddiskVolume2\Program Files\Oracle\VirtualBox\VirtualBoxVM.exe)
dac.db0: SUPR3HardenedMain: Respawn #2
dac.db0: supR3HardNtEnableThreadCreationEx:
dac.db0: supHardenedWinVerifyImageByHandle: -> 22900 (\Device\HarddiskVolume2\Windows\System32\apphelp.dll)
dac.db0: supR3HardenedWinVerifyCacheInsert: \Device\HarddiskVolume2\Windows\System32\apphelp.dll
dac.db0: supR3HardenedMonitor_LdrLoadDll: pName=C:\Windows\system32\apphelp.dll (rcNtResolve=0xc0150008) *pfFlags=0xffffffff pwszSearchPath=0000000000000000:<flags> [calling]
dac.db0: supR3HardenedScreenImage/NtCreateSection: cache hit (Unknown Status 22900 (0x5974)) on \Device\HarddiskVolume2\Windows\System32\apphelp.dll [lacks WinVerifyTrust]
dac.db0: supR3HardenedDllNotificationCallback: load   000007fefd6c0000 LB 0x00057000 C:\Windows\system32\apphelp.dll [fFlags=0x0]
dac.db0: supR3HardenedScreenImage/LdrLoadDll: cache hit (Unknown Status 22900 (0x5974)) on \Device\HarddiskVolume2\Windows\System32\apphelp.dll [lacks WinVerifyTrust]
dac.db0: supR3HardenedMonitor_LdrLoadDll: returns rcNt=0x0 hMod=000007fefd6c0000 'C:\Windows\system32\apphelp.dll'
dac.db0: supR3HardNtDisableThreadCreation: pvLdrInitThunk=000000007790c320 pvNtTerminateThread=0000000077931840
dac.db0: supR3HardenedWinDoReSpawn(2): New child dc0.dbc [kernel32].
dac.db0: supR3HardNtChildGatherData: PebBaseAddress=000007fffffdc000 cbPeb=0x380
dac.db0: supR3HardNtPuChFindNtdll: uNtDllParentAddr=00000000778e0000 uNtDllChildAddr=00000000778e0000
dac.db0: supR3HardenedWinSetupChildInit: uLdrInitThunk=000000007790c320
dac.db0: supR3HardenedWinSetupChildInit: Initial context:
  rax=0000000000000000 rbx=0000000000000000 rcx=000000013fc07900 rdx=000007fffffdc000
  rsi=0000000000000000 rdi=0000000000000000 r8 =0000000000000000 r9 =0000000000000000
  r10=0000000000000000 r11=0000000000000000 r12=0000000000000000 r13=0000000000000000
  r14=0000000000000000 r15=0000000000000000  P1=0000000000000000  P2=0000000000000000
  rip=000000007790c500 rsp=000000000021f988 rbp=0000000000000000    ctxflags=0010001b
  cs=0033 ss=002b ds=0000 es=0000 fs=0000 gs=0000    eflags=00000200   mxcrx=00001f80
   P3=0000000000000000  P4=0000000000000000  P5=0000000000000000  P6=0000000000000000
  dr0=0000000000000000 dr1=0000000000000000 dr2=0000000000000000 dr3=0000000000000000
  dr6=0000000000000000 dr7=0000000000000000 vcr=0000000000000000 dcr=0000000000000000
  lbt=0000000000000000 lbf=0000000000000000 lxt=0000000000000000 lxf=0000000000000000
dac.db0: kernel32.dll: timestamp 0x4ce7c78b (rc=VINF_SUCCESS)
dac.db0: supR3HardenedWinSetupChildInit: Start child.
dac.db0: supR3HardNtChildWaitFor: Found expected request 0 (PurifyChildAndCloseHandles) after 1 ms.
dac.db0: supR3HardNtChildPurify: Startup delay kludge #1/0: 272 ms, 25 sleeps
dac.db0: supHardNtVpScanVirtualMemory: enmKind=CHILD_PURIFICATION
dac.db0:  *0000000000000000-000000000000ffff 0x0001/0x0000 0x0000000
dac.db0:  *0000000000010000-000000000002ffff 0x0004/0x0004 0x0020000
dac.db0:  *0000000000030000-0000000000033fff 0x0002/0x0002 0x0040000
dac.db0:   0000000000034000-000000000003ffff 0x0001/0x0000 0x0000000
dac.db0:  *0000000000040000-0000000000040fff 0x0004/0x0004 0x0020000
dac.db0:   0000000000041000-000000000011ffff 0x0001/0x0000 0x0000000
dac.db0:  *0000000000120000-000000000021bfff 0x0000/0x0004 0x0020000
dac.db0:   000000000021c000-000000000021dfff 0x0104/0x0004 0x0020000
dac.db0:   000000000021e000-000000000021ffff 0x0004/0x0004 0x0020000
dac.db0:   0000000000220000-00000000778dffff 0x0001/0x0000 0x0000000
dac.db0:  *00000000778e0000-00000000778e0fff 0x0002/0x0080 0x1000000  \Device\HarddiskVolume2\Windows\System32\ntdll.dll
dac.db0:   00000000778e1000-00000000779e2fff 0x0020/0x0080 0x1000000  \Device\HarddiskVolume2\Windows\System32\ntdll.dll
dac.db0:   00000000779e3000-0000000077a11fff 0x0002/0x0080 0x1000000  \Device\HarddiskVolume2\Windows\System32\ntdll.dll
dac.db0:   0000000077a12000-0000000077a1dfff 0x0008/0x0080 0x1000000  \Device\HarddiskVolume2\Windows\System32\ntdll.dll
dac.db0:   0000000077a1e000-0000000077a88fff 0x0002/0x0080 0x1000000  \Device\HarddiskVolume2\Windows\System32\ntdll.dll
dac.db0:   0000000077a89000-000000007efdffff 0x0001/0x0000 0x0000000
dac.db0:  *000000007efe0000-000000007ffdffff 0x0000/0x0002 0x0020000
dac.db0:  *000000007ffe0000-000000007ffe0fff 0x0002/0x0002 0x0020000
dac.db0:   000000007ffe1000-000000007ffeffff 0x0000/0x0002 0x0020000
dac.db0:   000000007fff0000-000000013fbfffff 0x0001/0x0000 0x0000000
dac.db0:  *000000013fc00000-000000013fc00fff 0x0002/0x0080 0x1000000  \Device\HarddiskVolume2\Program Files\Oracle\VirtualBox\VirtualBoxVM.exe
dac.db0:   000000013fc01000-000000013fc78fff 0x0020/0x0080 0x1000000  \Device\HarddiskVolume2\Program Files\Oracle\VirtualBox\VirtualBoxVM.exe
dac.db0:   000000013fc79000-000000013fc79fff 0x0080/0x0080 0x1000000  \Device\HarddiskVolume2\Program Files\Oracle\VirtualBox\VirtualBoxVM.exe
dac.db0:   000000013fc7a000-000000013fcc3fff 0x0002/0x0080 0x1000000  \Device\HarddiskVolume2\Program Files\Oracle\VirtualBox\VirtualBoxVM.exe
dac.db0:   000000013fcc4000-000000013fcc4fff 0x0004/0x0080 0x1000000  \Device\HarddiskVolume2\Program Files\Oracle\VirtualBox\VirtualBoxVM.exe
dac.db0:   000000013fcc5000-000000013fcc5fff 0x0008/0x0080 0x1000000  \Device\HarddiskVolume2\Program Files\Oracle\VirtualBox\VirtualBoxVM.exe
dac.db0:   000000013fcc6000-000000013fccafff 0x0004/0x0080 0x1000000  \Device\HarddiskVolume2\Program Files\Oracle\VirtualBox\VirtualBoxVM.exe
dac.db0:   000000013fccb000-000000013fccbfff 0x0008/0x0080 0x1000000  \Device\HarddiskVolume2\Program Files\Oracle\VirtualBox\VirtualBoxVM.exe
dac.db0:   000000013fccc000-000000013fcccfff 0x0004/0x0080 0x1000000  \Device\HarddiskVolume2\Program Files\Oracle\VirtualBox\VirtualBoxVM.exe
dac.db0:   000000013fccd000-000000013fcd0fff 0x0008/0x0080 0x1000000  \Device\HarddiskVolume2\Program Files\Oracle\VirtualBox\VirtualBoxVM.exe
dac.db0:   000000013fcd1000-000000013fd19fff 0x0002/0x0080 0x1000000  \Device\HarddiskVolume2\Program Files\Oracle\VirtualBox\VirtualBoxVM.exe
dac.db0:   000000013fd1a000-000007feffbfffff 0x0001/0x0000 0x0000000
dac.db0:  *000007feffc00000-000007feffc00fff 0x0002/0x0080 0x1000000  \Device\HarddiskVolume2\Windows\System32\apisetschema.dll
dac.db0:   000007feffc01000-000007fffffaffff 0x0001/0x0000 0x0000000
dac.db0:  *000007fffffb0000-000007fffffd2fff 0x0002/0x0002 0x0040000
dac.db0:   000007fffffd3000-000007fffffdbfff 0x0001/0x0000 0x0000000
dac.db0:  *000007fffffdc000-000007fffffdcfff 0x0004/0x0004 0x0020000
dac.db0:   000007fffffdd000-000007fffffddfff 0x0001/0x0000 0x0000000
dac.db0:  *000007fffffde000-000007fffffdffff 0x0004/0x0004 0x0020000
dac.db0:  *000007fffffe0000-000007fffffeffff 0x0001/0x0002 0x0020000
dac.db0: apisetschema.dll: timestamp 0x4a5bdeab (rc=VINF_SUCCESS)
dac.db0: VirtualBoxVM.exe: timestamp 0x659fd8ca (rc=VINF_SUCCESS)
dac.db0: \Device\HarddiskVolume2\Program Files\Oracle\VirtualBox\VirtualBoxVM.exe: Signature #1/2: info status: 24202
dac.db0: '\Device\HarddiskVolume2\Program Files\Oracle\VirtualBox\VirtualBoxVM.exe' has no imports
dac.db0: '\Device\HarddiskVolume2\Windows\System32\apisetschema.dll' has no imports
dac.db0: \SystemRoot\System32\ntdll.dll: Signature #1/1: info status: 24202
dac.db0: '\Device\HarddiskVolume2\Windows\System32\ntdll.dll' has no imports
dac.db0: supR3HardNtChildPurify: Done after 319 ms and 0 fixes (loop #0).
dc0.dbc: Log file opened: 6.1.50r161033 g_hStartupLog=0000000000000004 g_uNtVerCombined=0x611db100
dc0.dbc: supR3HardenedVmProcessInit: uNtDllAddr=00000000778e0000 g_uNtVerCombined=0x611db100 (stack ~000000000021f438)
dc0.dbc: ntdll.dll: timestamp 0x4ce7c8f9 (rc=VINF_SUCCESS)
dc0.dbc: New simple heap: #1 0000000000320000 LB 0x400000 (for 1740800 allocation)
dac.db0: supR3HardenedEarlyCompact: Removed heap 1 (0x000000002f0000 LB 0x400000)
dac.db0: supR3HardNtEnableThreadCreationEx:
dc0.dbc: supR3HardenedWinInitAppBin(0x0): '\Device\HarddiskVolume2\Program Files\Oracle\VirtualBox'
dc0.dbc: System32:  \Device\HarddiskVolume2\Windows\System32
dc0.dbc: WinSxS:    \Device\HarddiskVolume2\Windows\winsxs
dc0.dbc: KnownDllPath: C:\Windows\system32
dc0.dbc: supR3HardenedVmProcessInit: Opening vboxsup...
dc0.dbc: supR3HardenedVmProcessInit: Restoring LdrInitializeThunk...
dc0.dbc: supR3HardenedVmProcessInit: Returning to LdrInitializeThunk...
dc0.dbc: Registered Dll notification callback with NTDLL.
dc0.dbc: supHardenedWinVerifyImageByHandle: -> 22900 (\Device\HarddiskVolume2\Windows\System32\kernel32.dll)
dc0.dbc: supR3HardenedWinVerifyCacheInsert: \Device\HarddiskVolume2\Windows\System32\kernel32.dll
dc0.dbc: supR3HardenedMonitor_LdrLoadDll: pName=C:\Windows\system32\kernel32.dll (Input=kernel32.dll, rcNtResolve=0xc0150008) *pfFlags=0xffffffff pwszSearchPath=0000000000000000:<flags> [calling]
dc0.dbc: supR3HardenedScreenImage/NtCreateSection: cache hit (Unknown Status 22900 (0x5974)) on \Device\HarddiskVolume2\Windows\System32\kernel32.dll [lacks WinVerifyTrust]
dc0.dbc: supR3HardenedDllNotificationCallback: load   00000000776c0000 LB 0x0011f000 C:\Windows\system32\kernel32.dll [fFlags=0x0]
dc0.dbc: supR3HardenedScreenImage/LdrLoadDll: cache hit (Unknown Status 22900 (0x5974)) on \Device\HarddiskVolume2\Windows\System32\kernel32.dll [lacks WinVerifyTrust]
dc0.dbc: supR3HardenedDllNotificationCallback: load   000007fefdab0000 LB 0x0006b000 C:\Windows\system32\KERNELBASE.dll [fFlags=0x0]
dc0.dbc: supHardenedWinVerifyImageByHandle: -> 22900 (\Device\HarddiskVolume2\Windows\System32\KernelBase.dll)
dc0.dbc: supR3HardenedWinVerifyCacheInsert: \Device\HarddiskVolume2\Windows\System32\KernelBase.dll
dc0.dbc: supR3HardenedMonitor_LdrLoadDll: returns rcNt=0x0 hMod=00000000776c0000 'C:\Windows\system32\kernel32.dll'
dc0.dbc: supR3HardNtDisableThreadCreation: pvLdrInitThunk=000000007790c320 pvNtTerminateThread=0000000077931840
dac.db0: supR3HardNtChildWaitFor: Found expected request 1 (CloseEvents) after 31 ms.
dc0.dbc: \SystemRoot\System32\ntdll.dll:
dc0.dbc:     CreationTime:    2010-11-21T03:23:51.351694200Z
dc0.dbc:     LastWriteTime:   2010-11-21T03:23:51.367294200Z
dc0.dbc:     ChangeTime:      2024-01-11T18:42:05.294716700Z
dc0.dbc:     FileAttributes:  0x20
dc0.dbc:     Size:            0x1a6d60
dc0.dbc:     NT Headers:      0xe0
dc0.dbc:     Timestamp:       0x4ce7c8f9
dc0.dbc:     Machine:         0x8664 - amd64
dc0.dbc:     Timestamp:       0x4ce7c8f9
dc0.dbc:     Image Version:   6.1
dc0.dbc:     SizeOfImage:     0x1a9000 (1740800)
dc0.dbc:     Resource Dir:    0x151000 LB 0x560d8
dc0.dbc:     [Version info resource found at 0xd8! (ID/Name: 0x1; SubID/SubName: 0x409)]
dc0.dbc:     [Raw version resource data: 0x1510f0 LB 0x380, codepage 0x0 (reserved 0x0)]
dc0.dbc:     ProductName:     Microsoft® Windows® Operating System
dc0.dbc:     ProductVersion:  6.1.7601.17514
dc0.dbc:     FileVersion:     6.1.7601.17514 (win7sp1_rtm.101119-1850)
dc0.dbc:     FileDescription: NT Layer DLL
dc0.dbc: \SystemRoot\System32\kernel32.dll:
dc0.dbc:     CreationTime:    2010-11-21T03:24:07.965723400Z
dc0.dbc:     LastWriteTime:   2010-11-21T03:24:07.981323400Z
dc0.dbc:     ChangeTime:      2024-01-11T18:41:49.398288800Z
dc0.dbc:     FileAttributes:  0x20
dc0.dbc:     Size:            0x11b800
dc0.dbc:     NT Headers:      0xe8
dc0.dbc:     Timestamp:       0x4ce7c78b
dc0.dbc:     Machine:         0x8664 - amd64
dc0.dbc:     Timestamp:       0x4ce7c78b
dc0.dbc:     Image Version:   6.1
dc0.dbc:     SizeOfImage:     0x11f000 (1175552)
dc0.dbc:     Resource Dir:    0x116000 LB 0x528
dc0.dbc:     [Version info resource found at 0x90! (ID/Name: 0x1; SubID/SubName: 0x409)]
dc0.dbc:     [Raw version resource data: 0x1160b0 LB 0x3a4, codepage 0x0 (reserved 0x0)]
dc0.dbc:     ProductName:     Microsoft® Windows® Operating System
dc0.dbc:     ProductVersion:  6.1.7601.17514
dc0.dbc:     FileVersion:     6.1.7601.17514 (win7sp1_rtm.101119-1850)
dc0.dbc:     FileDescription: Windows NT BASE API Client DLL
dc0.dbc: \SystemRoot\System32\KernelBase.dll:
dc0.dbc:     CreationTime:    2010-11-21T03:24:26.217755400Z
dc0.dbc:     LastWriteTime:   2010-11-21T03:24:26.248955500Z
dc0.dbc:     ChangeTime:      2024-01-11T18:41:49.429488800Z
dc0.dbc:     FileAttributes:  0x20
dc0.dbc:     Size:            0x66800
dc0.dbc:     NT Headers:      0xf0
dc0.dbc:     Timestamp:       0x4ce7c78c
dc0.dbc:     Machine:         0x8664 - amd64
dc0.dbc:     Timestamp:       0x4ce7c78c
dc0.dbc:     Image Version:   6.1
dc0.dbc:     SizeOfImage:     0x6b000 (438272)
dc0.dbc:     Resource Dir:    0x69000 LB 0x530
dc0.dbc:     [Version info resource found at 0x90! (ID/Name: 0x1; SubID/SubName: 0x409)]
dc0.dbc:     [Raw version resource data: 0x690b0 LB 0x3ac, codepage 0x0 (reserved 0x0)]
dc0.dbc:     ProductName:     Microsoft® Windows® Operating System
dc0.dbc:     ProductVersion:  6.1.7601.17514
dc0.dbc:     FileVersion:     6.1.7601.17514 (win7sp1_rtm.101119-1850)
dc0.dbc:     FileDescription: Windows NT BASE API Client DLL
dc0.dbc: \SystemRoot\System32\apisetschema.dll:
dc0.dbc:     CreationTime:    2009-07-13T23:18:54.866423200Z
dc0.dbc:     LastWriteTime:   2009-07-14T01:24:53.779000000Z
dc0.dbc:     ChangeTime:      2024-01-11T18:41:37.277067500Z
dc0.dbc:     FileAttributes:  0x20
dc0.dbc:     Size:            0x1a00
dc0.dbc:     NT Headers:      0xc0
dc0.dbc:     Timestamp:       0x4a5bdeab
dc0.dbc:     Machine:         0x8664 - amd64
dc0.dbc:     Timestamp:       0x4a5bdeab
dc0.dbc:     Image Version:   6.1
dc0.dbc:     SizeOfImage:     0x50000 (327680)
dc0.dbc:     Resource Dir:    0x30000 LB 0x3f0
dc0.dbc:     [Version info resource found at 0x48! (ID/Name: 0x1; SubID/SubName: 0x409)]
dc0.dbc:     [Raw version resource data: 0x30060 LB 0x390, codepage 0x0 (reserved 0x0)]
dc0.dbc:     ProductName:     Microsoft® Windows® Operating System
dc0.dbc:     ProductVersion:  6.1.7600.16385
dc0.dbc:     FileVersion:     6.1.7600.16385 (win7_rtm.090713-1255)
dc0.dbc:     FileDescription: ApiSet Schema DLL
dc0.dbc: supR3HardenedWinFindAdversaries: 0x0
dc0.dbc: supR3HardenedWinInitAppBin(0x0): '\Device\HarddiskVolume2\Program Files\Oracle\VirtualBox'
dc0.dbc: Calling main()
dc0.dbc: SUPR3HardenedMain: pszProgName=VirtualBoxVM fFlags=0x2
dc0.dbc: supR3HardenedWinInitAppBin(0x2): '\Device\HarddiskVolume2\Program Files\Oracle\VirtualBox'
dc0.dbc: \Device\HarddiskVolume2\Program Files\Oracle\VirtualBox\VirtualBoxVM.exe: Signature #1/2: info status: 24202
dc0.dbc: '\Device\HarddiskVolume2\Program Files\Oracle\VirtualBox\VirtualBoxVM.exe' has no imports
dc0.dbc: supHardenedWinVerifyImageByHandle: -> 24202 (\Device\HarddiskVolume2\Program Files\Oracle\VirtualBox\VirtualBoxVM.exe)
dc0.dbc: SUPR3HardenedMain: Final process, opening VBoxDrv...
dc0.dbc: supR3HardenedEarlyCompact: Removed heap 1 (0x00000000320000 LB 0x400000)
dc0.dbc: supR3HardNtEnableThreadCreationEx:
dc0.dbc: \Device\HarddiskVolume2\Program Files\Oracle\VirtualBox\VBoxSupLib.dll: Signature #1/2: info status: 24202
dc0.dbc: supHardenedWinVerifyImageByHandle: -> 24202 (\Device\HarddiskVolume2\Program Files\Oracle\VirtualBox\VBoxSupLib.dll)
dc0.dbc: supR3HardenedWinVerifyCacheInsert: \Device\HarddiskVolume2\Program Files\Oracle\VirtualBox\VBoxSupLib.dll
dc0.dbc: supR3HardenedMonitor_LdrLoadDll: pName=C:\Program Files\Oracle\VirtualBox\VBoxSupLib.DLL (rcNtResolve=0xc0150008) *pfFlags=0x0 pwszSearchPath=0000000000734040:C:\Program Files\Oracle\VirtualBox;C:\Windows\system32;C:\Windows\system;C:\Windows;.;C:\Program Files (x86)\Pervasive Software\PSQL\bin\;C:\Windows\system32;C:\Windows;C:\Windows\System32\Wbem;C:\Windows\System32\WindowsPowerShell\v1.0\ [calling]
dc0.dbc: supR3HardenedScreenImage/NtCreateSection: cache hit (Unknown Status 24202 (0x5e8a)) on \Device\HarddiskVolume2\Program Files\Oracle\VirtualBox\VBoxSupLib.dll [lacks WinVerifyTrust]
dc0.dbc: supR3HardenedDllNotificationCallback: load   000007fef62a0000 LB 0x00005000 C:\Program Files\Oracle\VirtualBox\VBoxSupLib.DLL [fFlags=0x0]
dc0.dbc: supR3HardenedScreenImage/LdrLoadDll: cache hit (Unknown Status 24202 (0x5e8a)) on \Device\HarddiskVolume2\Program Files\Oracle\VirtualBox\VBoxSupLib.dll [lacks WinVerifyTrust]
dc0.dbc: supR3HardenedScreenImage/LdrLoadDll: cache hit (Unknown Status 24202 (0x5e8a)) on \Device\HarddiskVolume2\Program Files\Oracle\VirtualBox\VBoxSupLib.dll [lacks WinVerifyTrust]
dc0.dbc: supR3HardenedMonitor_LdrLoadDll: pName=C:\Program Files\Oracle\VirtualBox\VBoxSupLib.DLL (rcNtResolve=0xc0150008) *pfFlags=0x0 pwszSearchPath=0000000000734040:C:\Program Files\Oracle\VirtualBox;C:\Windows\system32;C:\Windows\system;C:\Windows;.;C:\Program Files (x86)\Pervasive Software\PSQL\bin\;C:\Windows\system32;C:\Windows;C:\Windows\System32\Wbem;C:\Windows\System32\WindowsPowerShell\v1.0\ [calling]
dc0.dbc: supR3HardenedMonitor_LdrLoadDll: returns rcNt=0x0 hMod=000007fef62a0000 'C:\Program Files\Oracle\VirtualBox\VBoxSupLib.DLL'
dc0.dbc: supR3HardenedScreenImage/LdrLoadDll: cache hit (Unknown Status 24202 (0x5e8a)) on \Device\HarddiskVolume2\Program Files\Oracle\VirtualBox\VBoxSupLib.dll [lacks WinVerifyTrust]
dc0.dbc: supR3HardenedMonitor_LdrLoadDll: pName=C:\Program Files\Oracle\VirtualBox\VBoxSupLib.DLL (rcNtResolve=0xc0150008) *pfFlags=0x0 pwszSearchPath=0000000000734040:C:\Program Files\Oracle\VirtualBox;C:\Windows\system32;C:\Windows\system;C:\Windows;.;C:\Program Files (x86)\Pervasive Software\PSQL\bin\;C:\Windows\system32;C:\Windows;C:\Windows\System32\Wbem;C:\Windows\System32\WindowsPowerShell\v1.0\ [calling]
dc0.dbc: supR3HardenedMonitor_LdrLoadDll: returns rcNt=0x0 hMod=000007fef62a0000 'C:\Program Files\Oracle\VirtualBox\VBoxSupLib.DLL'
dc0.dbc: supR3HardenedMonitor_LdrLoadDll: returns rcNt=0x0 hMod=000007fef62a0000 'C:\Program Files\Oracle\VirtualBox\VBoxSupLib.DLL'
dc0.dbc: supR3HardenedWinVerifyCacheScheduleImports: Import todo: #0 'msvcrt.dll'.
dc0.dbc: supR3HardenedWinVerifyCacheScheduleImports: Import todo: #4 'crypt32.dll'.
dc0.dbc: supR3HardenedWinVerifyCacheScheduleImports: Import todo: #6 'msasn1.dll'.
dc0.dbc: supR3HardenedWinVerifyCacheScheduleImports: Import todo: #7 'rpcrt4.dll'.
dc0.dbc: supHardenedWinVerifyImageByHandle: -> 22900 (\Device\HarddiskVolume2\Windows\System32\wintrust.dll)
dc0.dbc: supR3HardenedWinVerifyCacheInsert: \Device\HarddiskVolume2\Windows\System32\wintrust.dll
dc0.dbc: supR3HardenedWinVerifyCacheProcessImportTodos: Processing 'rpcrt4.dll'...
dc0.dbc: supR3HardenedWinVerifyCacheProcessImportTodos: 'rpcrt4.dll' -> '\Device\HarddiskVolume2\Windows\System32\rpcrt4.dll' [rcNtRedir=0xc0150008]
dc0.dbc: supHardenedWinVerifyImageByHandle: -> 22900 (\Device\HarddiskVolume2\Windows\System32\rpcrt4.dll)
dc0.dbc: supR3HardenedWinVerifyCacheInsert: \Device\HarddiskVolume2\Windows\System32\rpcrt4.dll
dc0.dbc: supR3HardenedWinVerifyCacheProcessImportTodos: Processing 'msasn1.dll'...
dc0.dbc: supR3HardenedWinVerifyCacheProcessImportTodos: 'msasn1.dll' -> '\Device\HarddiskVolume2\Windows\System32\msasn1.dll' [rcNtRedir=0xc0150008]
dc0.dbc: supHardenedWinVerifyImageByHandle: -> 22900 (\Device\HarddiskVolume2\Windows\System32\msasn1.dll)
dc0.dbc: supR3HardenedWinVerifyCacheInsert: \Device\HarddiskVolume2\Windows\System32\msasn1.dll
dc0.dbc: supR3HardenedWinVerifyCacheProcessImportTodos: Processing 'crypt32.dll'...
dc0.dbc: supR3HardenedWinVerifyCacheProcessImportTodos: 'crypt32.dll' -> '\Device\HarddiskVolume2\Windows\System32\crypt32.dll' [rcNtRedir=0xc0150008]
dc0.dbc: supR3HardenedWinVerifyCacheScheduleImports: Import todo: #0 'msvcrt.dll'.
dc0.dbc: supR3HardenedWinVerifyCacheScheduleImports: Import todo: #6 'msasn1.dll'.
dc0.dbc: supHardenedWinVerifyImageByHandle: -> 22900 (\Device\HarddiskVolume2\Windows\System32\crypt32.dll)
dc0.dbc: supR3HardenedWinVerifyCacheInsert: \Device\HarddiskVolume2\Windows\System32\crypt32.dll
dc0.dbc: supR3HardenedWinVerifyCacheProcessImportTodos: Processing 'msvcrt.dll'...
dc0.dbc: supR3HardenedWinVerifyCacheProcessImportTodos: 'msvcrt.dll' -> '\Device\HarddiskVolume2\Windows\System32\msvcrt.dll' [rcNtRedir=0xc0150008]
dc0.dbc: supHardenedWinVerifyImageByHandle: -> 22900 (\Device\HarddiskVolume2\Windows\System32\msvcrt.dll)
dc0.dbc: supR3HardenedWinVerifyCacheInsert: \Device\HarddiskVolume2\Windows\System32\msvcrt.dll
dc0.dbc: supR3HardenedWinVerifyCacheProcessImportTodos: Processing 'msasn1.dll'...
dc0.dbc: supR3HardenedWinVerifyCacheProcessImportTodos: 'msasn1.dll' -> '\Device\HarddiskVolume2\Windows\System32\msasn1.dll' [rcNtRedir=0xc0150008]
dc0.dbc: supR3HardenedScreenImage/Imports: cache hit (Unknown Status 22900 (0x5974)) on \Device\HarddiskVolume2\Windows\System32\msasn1.dll [lacks WinVerifyTrust]
dc0.dbc: supR3HardenedWinVerifyCacheProcessImportTodos: Processing 'msvcrt.dll'...
dc0.dbc: supR3HardenedWinVerifyCacheProcessImportTodos: 'msvcrt.dll' -> '\Device\HarddiskVolume2\Windows\System32\msvcrt.dll' [rcNtRedir=0xc0150008]
dc0.dbc: supR3HardenedScreenImage/Imports: cache hit (Unknown Status 22900 (0x5974)) on \Device\HarddiskVolume2\Windows\System32\msvcrt.dll [lacks WinVerifyTrust]
dc0.dbc: supR3HardenedMonitor_LdrLoadDll: pName=C:\Windows\system32\Wintrust.dll (rcNtResolve=0xc0150008) *pfFlags=0x0 pwszSearchPath=0000000000734040:C:\Program Files\Oracle\VirtualBox;C:\Windows\system32;C:\Windows\system;C:\Windows;.;C:\Program Files (x86)\Pervasive Software\PSQL\bin\;C:\Windows\system32;C:\Windows;C:\Windows\System32\Wbem;C:\Windows\System32\WindowsPowerShell\v1.0\ [calling]
dc0.dbc: supR3HardenedScreenImage/NtCreateSection: cache hit (Unknown Status 22900 (0x5974)) on \Device\HarddiskVolume2\Windows\System32\wintrust.dll [lacks WinVerifyTrust]
dc0.dbc: supR3HardenedDllNotificationCallback: load   000007fefd8e0000 LB 0x0003a000 C:\Windows\system32\Wintrust.dll [fFlags=0x0]
dc0.dbc: supR3HardenedScreenImage/LdrLoadDll: cache hit (Unknown Status 22900 (0x5974)) on \Device\HarddiskVolume2\Windows\System32\wintrust.dll [lacks WinVerifyTrust]
dc0.dbc: supR3HardenedDllNotificationCallback: load   000007fefefb0000 LB 0x0009f000 C:\Windows\system32\msvcrt.dll [fFlags=0x0]
dc0.dbc: supR3HardenedScreenImage/LdrLoadDll: cache hit (Unknown Status 22900 (0x5974)) on \Device\HarddiskVolume2\Windows\System32\msvcrt.dll [lacks WinVerifyTrust]
dc0.dbc: supR3HardenedDllNotificationCallback: load   000007fefd920000 LB 0x00167000 C:\Windows\system32\CRYPT32.dll [fFlags=0x0]
dc0.dbc: supR3HardenedScreenImage/LdrLoadDll: cache hit (Unknown Status 22900 (0x5974)) on \Device\HarddiskVolume2\Windows\System32\crypt32.dll [lacks WinVerifyTrust]
dc0.dbc: supR3HardenedDllNotificationCallback: load   000007fefd8d0000 LB 0x0000f000 C:\Windows\system32\MSASN1.dll [fFlags=0x0]
dc0.dbc: supR3HardenedScreenImage/LdrLoadDll: cache hit (Unknown Status 22900 (0x5974)) on \Device\HarddiskVolume2\Windows\System32\msasn1.dll [lacks WinVerifyTrust]
dc0.dbc: supR3HardenedDllNotificationCallback: load   000007feff630000 LB 0x0012d000 C:\Windows\system32\RPCRT4.dll [fFlags=0x0]
dc0.dbc: supR3HardenedScreenImage/LdrLoadDll: cache hit (Unknown Status 22900 (0x5974)) on \Device\HarddiskVolume2\Windows\System32\rpcrt4.dll [lacks WinVerifyTrust]
dc0.dbc: supR3HardenedMonitor_LdrLoadDll: returns rcNt=0x0 hMod=000007fefd8e0000 'C:\Windows\system32\Wintrust.dll'
dc0.dbc: supHardenedWinVerifyImageByHandle: -> 22900 (\Device\HarddiskVolume2\Windows\System32\bcrypt.dll)
dc0.dbc: supR3HardenedWinVerifyCacheInsert: \Device\HarddiskVolume2\Windows\System32\bcrypt.dll
dc0.dbc: supR3HardenedMonitor_LdrLoadDll: pName=C:\Windows\system32\bcrypt.dll (rcNtResolve=0xc0150008) *pfFlags=0x0 pwszSearchPath=0000000000734040:C:\Program Files\Oracle\VirtualBox;C:\Windows\system32;C:\Windows\system;C:\Windows;.;C:\Program Files (x86)\Pervasive Software\PSQL\bin\;C:\Windows\system32;C:\Windows;C:\Windows\System32\Wbem;C:\Windows\System32\WindowsPowerShell\v1.0\ [calling]
dc0.dbc: supR3HardenedScreenImage/NtCreateSection: cache hit (Unknown Status 22900 (0x5974)) on \Device\HarddiskVolume2\Windows\System32\bcrypt.dll [lacks WinVerifyTrust]
dc0.dbc: supR3HardenedDllNotificationCallback: load   000007fefd210000 LB 0x00022000 C:\Windows\system32\bcrypt.dll [fFlags=0x0]
dc0.dbc: supR3HardenedScreenImage/LdrLoadDll: cache hit (Unknown Status 22900 (0x5974)) on \Device\HarddiskVolume2\Windows\System32\bcrypt.dll [lacks WinVerifyTrust]
dc0.dbc: supR3HardenedMonitor_LdrLoadDll: returns rcNt=0x0 hMod=000007fefd210000 'C:\Windows\system32\bcrypt.dll'
dc0.dbc: bcrypt.dll loaded at 000007fefd210000, BCryptOpenAlgorithmProvider at 000007fefd212640, preloading providers:
dc0.dbc: supR3HardenedWinVerifyCacheScheduleImports: Import todo: #2 'advapi32.dll'.
dc0.dbc: supR3HardenedWinVerifyCacheScheduleImports: Import todo: #3 'bcrypt.dll'.
dc0.dbc: supHardenedWinVerifyImageByHandle: -> 0 (\Device\HarddiskVolume2\Windows\System32\bcryptprimitives.dll)
dc0.dbc: supR3HardenedWinVerifyCacheInsert: \Device\HarddiskVolume2\Windows\System32\bcryptprimitives.dll
dc0.dbc: supR3HardenedWinVerifyCacheProcessImportTodos: Processing 'bcrypt.dll'...
dc0.dbc: supR3HardenedWinVerifyCacheProcessImportTodos: 'bcrypt.dll' -> '\Device\HarddiskVolume2\Windows\System32\bcrypt.dll' [rcNtRedir=0xc0150008]
dc0.dbc: supR3HardenedScreenImage/Imports: cache hit (Unknown Status 22900 (0x5974)) on \Device\HarddiskVolume2\Windows\System32\bcrypt.dll [lacks WinVerifyTrust]
dc0.dbc: supR3HardenedWinVerifyCacheProcessImportTodos: Processing 'advapi32.dll'...
dc0.dbc: supR3HardenedWinVerifyCacheProcessImportTodos: 'advapi32.dll' -> '\Device\HarddiskVolume2\Windows\System32\advapi32.dll' [rcNtRedir=0xc0150008]
dc0.dbc: supR3HardenedWinVerifyCacheScheduleImports: Import todo: #0 'msvcrt.dll'.
dc0.dbc: supR3HardenedWinVerifyCacheScheduleImports: Import todo: #12 'rpcrt4.dll'.
dc0.dbc: supHardenedWinVerifyImageByHandle: -> 22900 (\Device\HarddiskVolume2\Windows\System32\advapi32.dll)
dc0.dbc: supR3HardenedWinVerifyCacheInsert: \Device\HarddiskVolume2\Windows\System32\advapi32.dll
dc0.dbc: supR3HardenedWinVerifyCacheProcessImportTodos: Processing 'rpcrt4.dll'...
dc0.dbc: supR3HardenedWinVerifyCacheProcessImportTodos: 'rpcrt4.dll' -> '\Device\HarddiskVolume2\Windows\System32\rpcrt4.dll' [rcNtRedir=0xc0150008]
dc0.dbc: supR3HardenedScreenImage/Imports: cache hit (Unknown Status 22900 (0x5974)) on \Device\HarddiskVolume2\Windows\System32\rpcrt4.dll [lacks WinVerifyTrust]
dc0.dbc: supR3HardenedWinVerifyCacheProcessImportTodos: Processing 'msvcrt.dll'...
dc0.dbc: supR3HardenedWinVerifyCacheProcessImportTodos: 'msvcrt.dll' -> '\Device\HarddiskVolume2\Windows\System32\msvcrt.dll' [rcNtRedir=0xc0150008]
dc0.dbc: supR3HardenedScreenImage/Imports: cache hit (Unknown Status 22900 (0x5974)) on \Device\HarddiskVolume2\Windows\System32\msvcrt.dll [lacks WinVerifyTrust]
dc0.dbc: supR3HardenedMonitor_LdrLoadDll: pName=C:\Windows\system32\bcryptprimitives.dll (rcNtResolve=0xc0150008) *pfFlags=0x0 pwszSearchPath=0000000000734040:C:\Program Files\Oracle\VirtualBox;C:\Windows\system32;C:\Windows\system;C:\Windows;.;C:\Program Files (x86)\Pervasive Software\PSQL\bin\;C:\Windows\system32;C:\Windows;C:\Windows\System32\Wbem;C:\Windows\System32\WindowsPowerShell\v1.0\ [calling]
dc0.dbc: supR3HardenedScreenImage/NtCreateSection: cache hit (VINF_SUCCESS) on \Device\HarddiskVolume2\Windows\System32\bcryptprimitives.dll [lacks WinVerifyTrust]
dc0.dbc: supR3HardenedDllNotificationCallback: load   000007fefcd00000 LB 0x0004c000 C:\Windows\system32\bcryptprimitives.dll [fFlags=0x0]
dc0.dbc: supR3HardenedScreenImage/LdrLoadDll: cache hit (VINF_SUCCESS) on \Device\HarddiskVolume2\Windows\System32\bcryptprimitives.dll [lacks WinVerifyTrust]
dc0.dbc: supR3HardenedDllNotificationCallback: load   000007fefdc00000 LB 0x000db000 C:\Windows\system32\ADVAPI32.dll [fFlags=0x0]
dc0.dbc: supR3HardenedScreenImage/LdrLoadDll: cache hit (Unknown Status 22900 (0x5974)) on \Device\HarddiskVolume2\Windows\System32\advapi32.dll [lacks WinVerifyTrust]
dc0.dbc: supR3HardenedWinVerifyCacheScheduleImports: Import todo: #4 'msvcrt.dll'.
dc0.dbc: supR3HardenedWinVerifyCacheScheduleImports: Import todo: #14 'rpcrt4.dll'.
dc0.dbc: supHardenedWinVerifyImageByHandle: -> 22900 (\Device\HarddiskVolume2\Windows\System32\sechost.dll)
dc0.dbc: supR3HardenedWinVerifyCacheInsert: \Device\HarddiskVolume2\Windows\System32\sechost.dll
dc0.dbc: supR3HardenedDllNotificationCallback: load   000007fefe0f0000 LB 0x0001f000 C:\Windows\SYSTEM32\sechost.dll [fFlags=0x0]
dc0.dbc: supR3HardenedScreenImage/LdrLoadDll: cache hit (Unknown Status 22900 (0x5974)) on \Device\HarddiskVolume2\Windows\System32\sechost.dll [lacks WinVerifyTrust]
dc0.dbc: supR3HardenedMonitor_LdrLoadDll: returns rcNt=0x0 hMod=000007fefcd00000 'C:\Windows\system32\bcryptprimitives.dll'
dc0.dbc:     BCryptOpenAlgorithmProvider(,'MD2',0,0) -> 0x0 (hAlgo=000000000077be90)
dc0.dbc:     BCryptOpenAlgorithmProvider(,'MD4',0,0) -> 0x0 (hAlgo=000000000077d0a0)
dc0.dbc:     BCryptOpenAlgorithmProvider(,'MD5',0,0) -> 0x0 (hAlgo=000000000077d810)
dc0.dbc:     BCryptOpenAlgorithmProvider(,'SHA1',0,0) -> 0x0 (hAlgo=000000000077d930)
dc0.dbc:     BCryptOpenAlgorithmProvider(,'SHA256',0,0) -> 0x0 (hAlgo=000000000077da50)
dc0.dbc:     BCryptOpenAlgorithmProvider(,'SHA512',0,0) -> 0x0 (hAlgo=000000000077db70)
dc0.dbc:     BCryptOpenAlgorithmProvider(,'RSA',0,0) -> 0x0 (hAlgo=000000000077ddb0)
dc0.dbc:     BCryptOpenAlgorithmProvider(,'DSA',0,0) -> 0x0 (hAlgo=000000000077ded0)
dc0.dbc: supHardenedWinVerifyImageByHandle: -> 22900 (\Device\HarddiskVolume2\Windows\System32\cryptsp.dll)
dc0.dbc: supR3HardenedWinVerifyCacheInsert: \Device\HarddiskVolume2\Windows\System32\cryptsp.dll
dc0.dbc: supR3HardenedWinVerifyCacheProcessImportTodos: Processing 'rpcrt4.dll'...
dc0.dbc: supR3HardenedWinVerifyCacheProcessImportTodos: 'rpcrt4.dll' -> '\Device\HarddiskVolume2\Windows\System32\rpcrt4.dll' [rcNtRedir=0xc0150008]
dc0.dbc: supR3HardenedScreenImage/Imports: cache hit (Unknown Status 22900 (0x5974)) on \Device\HarddiskVolume2\Windows\System32\rpcrt4.dll [lacks WinVerifyTrust]
dc0.dbc: supR3HardenedWinVerifyCacheProcessImportTodos: Processing 'msvcrt.dll'...
dc0.dbc: supR3HardenedWinVerifyCacheProcessImportTodos: 'msvcrt.dll' -> '\Device\HarddiskVolume2\Windows\System32\msvcrt.dll' [rcNtRedir=0xc0150008]
dc0.dbc: supR3HardenedScreenImage/Imports: cache hit (Unknown Status 22900 (0x5974)) on \Device\HarddiskVolume2\Windows\System32\msvcrt.dll [lacks WinVerifyTrust]
dc0.dbc: supR3HardenedMonitor_LdrLoadDll: pName=C:\Windows\system32\CRYPTSP.dll (Input=CRYPTSP.dll, rcNtResolve=0xc0150008) *pfFlags=0x0 pwszSearchPath=0000000000734040:C:\Program Files\Oracle\VirtualBox;C:\Windows\system32;C:\Windows\system;C:\Windows;.;C:\Program Files (x86)\Pervasive Software\PSQL\bin\;C:\Windows\system32;C:\Windows;C:\Windows\System32\Wbem;C:\Windows\System32\WindowsPowerShell\v1.0\ [calling]
dc0.dbc: supR3HardenedScreenImage/NtCreateSection: cache hit (Unknown Status 22900 (0x5974)) on \Device\HarddiskVolume2\Windows\System32\cryptsp.dll [lacks WinVerifyTrust]
dc0.dbc: supR3HardenedDllNotificationCallback: load   000007fefd0c0000 LB 0x00017000 C:\Windows\system32\CRYPTSP.dll [fFlags=0x0]
dc0.dbc: supR3HardenedScreenImage/LdrLoadDll: cache hit (Unknown Status 22900 (0x5974)) on \Device\HarddiskVolume2\Windows\System32\cryptsp.dll [lacks WinVerifyTrust]
dc0.dbc: supR3HardenedMonitor_LdrLoadDll: returns rcNt=0x0 hMod=000007fefd0c0000 'C:\Windows\system32\CRYPTSP.dll'
dc0.dbc: supR3HardenedWinVerifyCacheScheduleImports: Import todo: #0 'msvcrt.dll'.
dc0.dbc: supHardenedWinVerifyImageByHandle: -> 0 (\Device\HarddiskVolume2\Windows\System32\rsaenh.dll)
dc0.dbc: supR3HardenedWinVerifyCacheInsert: \Device\HarddiskVolume2\Windows\System32\rsaenh.dll
dc0.dbc: supR3HardenedWinVerifyCacheProcessImportTodos: Processing 'msvcrt.dll'...
dc0.dbc: supR3HardenedWinVerifyCacheProcessImportTodos: 'msvcrt.dll' -> '\Device\HarddiskVolume2\Windows\System32\msvcrt.dll' [rcNtRedir=0xc0150008]
dc0.dbc: supR3HardenedScreenImage/Imports: cache hit (Unknown Status 22900 (0x5974)) on \Device\HarddiskVolume2\Windows\System32\msvcrt.dll [lacks WinVerifyTrust]
dc0.dbc: supR3HardenedMonitor_LdrLoadDll: pName=C:\Windows\system32\rsaenh.dll (rcNtResolve=0xc0150008) *pfFlags=0x0 pwszSearchPath=0000000000734040:C:\Program Files\Oracle\VirtualBox;C:\Windows\system32;C:\Windows\system;C:\Windows;.;C:\Program Files (x86)\Pervasive Software\PSQL\bin\;C:\Windows\system32;C:\Windows;C:\Windows\System32\Wbem;C:\Windows\System32\WindowsPowerShell\v1.0\ [calling]
dc0.dbc: supR3HardenedScreenImage/NtCreateSection: cache hit (VINF_SUCCESS) on \Device\HarddiskVolume2\Windows\System32\rsaenh.dll [lacks WinVerifyTrust]
dc0.dbc: supR3HardenedDllNotificationCallback: load   000007fefcdc0000 LB 0x00047000 C:\Windows\system32\rsaenh.dll [fFlags=0x0]
dc0.dbc: supR3HardenedScreenImage/LdrLoadDll: cache hit (VINF_SUCCESS) on \Device\HarddiskVolume2\Windows\System32\rsaenh.dll [lacks WinVerifyTrust]
dc0.dbc: supR3HardenedMonitor_LdrLoadDll: returns rcNt=0x0 hMod=000007fefcdc0000 'C:\Windows\system32\rsaenh.dll'
dc0.dbc: supR3HardenedScreenImage/LdrLoadDll: cache hit (Unknown Status 22900 (0x5974)) on \Device\HarddiskVolume2\Windows\System32\advapi32.dll [lacks WinVerifyTrust]
dc0.dbc: supR3HardenedMonitor_LdrLoadDll: pName=C:\Windows\system32\ADVAPI32.dll (Input=ADVAPI32.dll, rcNtResolve=0xc0150008) *pfFlags=0x0 pwszSearchPath=0000000000734040:C:\Program Files\Oracle\VirtualBox;C:\Windows\system32;C:\Windows\system;C:\Windows;.;C:\Program Files (x86)\Pervasive Software\PSQL\bin\;C:\Windows\system32;C:\Windows;C:\Windows\System32\Wbem;C:\Windows\System32\WindowsPowerShell\v1.0\ [calling]
dc0.dbc: supR3HardenedMonitor_LdrLoadDll: returns rcNt=0x0 hMod=000007fefdc00000 'C:\Windows\system32\ADVAPI32.dll'
dc0.dbc: supHardenedWinVerifyImageByHandle: -> 22900 (\Device\HarddiskVolume2\Windows\System32\cryptbase.dll)
dc0.dbc: supR3HardenedWinVerifyCacheInsert: \Device\HarddiskVolume2\Windows\System32\cryptbase.dll
dc0.dbc: supR3HardenedMonitor_LdrLoadDll: pName=C:\Windows\system32\CRYPTBASE.dll (Input=CRYPTBASE.dll, rcNtResolve=0xc0150008) *pfFlags=0x0 pwszSearchPath=0000000000734040:C:\Program Files\Oracle\VirtualBox;C:\Windows\system32;C:\Windows\system;C:\Windows;.;C:\Program Files (x86)\Pervasive Software\PSQL\bin\;C:\Windows\system32;C:\Windows;C:\Windows\System32\Wbem;C:\Windows\System32\WindowsPowerShell\v1.0\ [calling]
dc0.dbc: supR3HardenedScreenImage/NtCreateSection: cache hit (Unknown Status 22900 (0x5974)) on \Device\HarddiskVolume2\Windows\System32\cryptbase.dll [lacks WinVerifyTrust]
dc0.dbc: supR3HardenedDllNotificationCallback: load   000007fefd720000 LB 0x0000f000 C:\Windows\system32\CRYPTBASE.dll [fFlags=0x0]
dc0.dbc: supR3HardenedScreenImage/LdrLoadDll: cache hit (Unknown Status 22900 (0x5974)) on \Device\HarddiskVolume2\Windows\System32\cryptbase.dll [lacks WinVerifyTrust]
dc0.dbc: supR3HardenedMonitor_LdrLoadDll: returns rcNt=0x0 hMod=000007fefd720000 'C:\Windows\system32\CRYPTBASE.dll'
dc0.dbc: supR3HardenedScreenImage/LdrLoadDll: cache hit (Unknown Status 22900 (0x5974)) on \Device\HarddiskVolume2\Windows\System32\kernel32.dll [lacks WinVerifyTrust]
dc0.dbc: supR3HardenedMonitor_LdrLoadDll: pName=C:\Windows\system32\kernel32.dll (Input=kernel32.dll, rcNtResolve=0xc0150008) *pfFlags=0x0 pwszSearchPath=0000000000734040:C:\Program Files\Oracle\VirtualBox;C:\Windows\system32;C:\Windows\system;C:\Windows;.;C:\Program Files (x86)\Pervasive Software\PSQL\bin\;C:\Windows\system32;C:\Windows;C:\Windows\System32\Wbem;C:\Windows\System32\WindowsPowerShell\v1.0\ [calling]
dc0.dbc: supR3HardenedMonitor_LdrLoadDll: returns rcNt=0x0 hMod=00000000776c0000 'C:\Windows\system32\kernel32.dll'
dc0.dbc: supR3HardenedScreenImage/LdrLoadDll: cache hit (Unknown Status 22900 (0x5974)) on \Device\HarddiskVolume2\Windows\System32\wintrust.dll [lacks WinVerifyTrust]
dc0.dbc: supR3HardenedMonitor_LdrLoadDll: pName=C:\Windows\system32\WINTRUST.DLL (Input=WINTRUST.DLL, rcNtResolve=0xc0150008) *pfFlags=0x0 pwszSearchPath=0000000000734040:C:\Program Files\Oracle\VirtualBox;C:\Windows\system32;C:\Windows\system;C:\Windows;.;C:\Program Files (x86)\Pervasive Software\PSQL\bin\;C:\Windows\system32;C:\Windows;C:\Windows\System32\Wbem;C:\Windows\System32\WindowsPowerShell\v1.0\ [calling]
dc0.dbc: supR3HardenedMonitor_LdrLoadDll: returns rcNt=0x0 hMod=000007fefd8e0000 'C:\Windows\system32\WINTRUST.DLL'
dc0.dbc: supR3HardenedScreenImage/LdrLoadDll: cache hit (Unknown Status 22900 (0x5974)) on \Device\HarddiskVolume2\Windows\System32\crypt32.dll [lacks WinVerifyTrust]
dc0.dbc: supR3HardenedMonitor_LdrLoadDll: pName=C:\Windows\system32\CRYPT32.dll (rcNtResolve=0xc0150008) *pfFlags=0x1002 pwszSearchPath=0000000000734040:C:\Program Files\Oracle\VirtualBox;C:\Windows\system32;C:\Windows\system;C:\Windows;.;C:\Program Files (x86)\Pervasive Software\PSQL\bin\;C:\Windows\system32;C:\Windows;C:\Windows\System32\Wbem;C:\Windows\System32\WindowsPowerShell\v1.0\ [calling]
dc0.dbc: supR3HardenedMonitor_LdrLoadDll: returns rcNt=0x0 hMod=000007fefd920000 'C:\Windows\system32\CRYPT32.dll'
dc0.dbc: supR3HardenedWinVerifyCacheScheduleImports: Import todo: #0 'msvcrt.dll'.
dc0.dbc: supHardenedWinVerifyImageByHandle: -> 22900 (\Device\HarddiskVolume2\Windows\System32\imagehlp.dll)
dc0.dbc: supR3HardenedWinVerifyCacheInsert: \Device\HarddiskVolume2\Windows\System32\imagehlp.dll
dc0.dbc: supR3HardenedWinVerifyCacheProcessImportTodos: Processing 'msvcrt.dll'...
dc0.dbc: supR3HardenedWinVerifyCacheProcessImportTodos: 'msvcrt.dll' -> '\Device\HarddiskVolume2\Windows\System32\msvcrt.dll' [rcNtRedir=0xc0150008]
dc0.dbc: supR3HardenedScreenImage/Imports: cache hit (Unknown Status 22900 (0x5974)) on \Device\HarddiskVolume2\Windows\System32\msvcrt.dll [lacks WinVerifyTrust]
dc0.dbc: supR3HardenedMonitor_LdrLoadDll: pName=C:\Windows\system32\imagehlp.dll (Input=imagehlp.dll, rcNtResolve=0xc0150008) *pfFlags=0x0 pwszSearchPath=0000000000734040:C:\Program Files\Oracle\VirtualBox;C:\Windows\system32;C:\Windows\system;C:\Windows;.;C:\Program Files (x86)\Pervasive Software\PSQL\bin\;C:\Windows\system32;C:\Windows;C:\Windows\System32\Wbem;C:\Windows\System32\WindowsPowerShell\v1.0\ [calling]
dc0.dbc: supR3HardenedScreenImage/NtCreateSection: cache hit (Unknown Status 22900 (0x5974)) on \Device\HarddiskVolume2\Windows\System32\imagehlp.dll [lacks WinVerifyTrust]
dc0.dbc: supR3HardenedDllNotificationCallback: load   000007fefe0c0000 LB 0x00017000 C:\Windows\system32\imagehlp.dll [fFlags=0x0]
dc0.dbc: supR3HardenedScreenImage/LdrLoadDll: cache hit (Unknown Status 22900 (0x5974)) on \Device\HarddiskVolume2\Windows\System32\imagehlp.dll [lacks WinVerifyTrust]
dc0.dbc: supR3HardenedMonitor_LdrLoadDll: returns rcNt=0x0 hMod=000007fefe0c0000 'C:\Windows\system32\imagehlp.dll'
dc0.dbc: supR3HardenedScreenImage/LdrLoadDll: cache hit (Unknown Status 22900 (0x5974)) on \Device\HarddiskVolume2\Windows\System32\cryptsp.dll [lacks WinVerifyTrust]
dc0.dbc: supR3HardenedMonitor_LdrLoadDll: pName=C:\Windows\system32\CRYPTSP.dll (Input=CRYPTSP.dll, rcNtResolve=0xc0150008) *pfFlags=0x0 pwszSearchPath=0000000000734040:C:\Program Files\Oracle\VirtualBox;C:\Windows\system32;C:\Windows\system;C:\Windows;.;C:\Program Files (x86)\Pervasive Software\PSQL\bin\;C:\Windows\system32;C:\Windows;C:\Windows\System32\Wbem;C:\Windows\System32\WindowsPowerShell\v1.0\ [calling]
dc0.dbc: supR3HardenedMonitor_LdrLoadDll: returns rcNt=0x0 hMod=000007fefd0c0000 'C:\Windows\system32\CRYPTSP.dll'
dc0.dbc: supR3HardenedWinVerifyCacheScheduleImports: Import todo: #1 'gdi32.dll'.
dc0.dbc: supHardenedWinVerifyImageByHandle: -> 22900 (\Device\HarddiskVolume2\Windows\System32\user32.dll)
dc0.dbc: supR3HardenedWinVerifyCacheInsert: \Device\HarddiskVolume2\Windows\System32\user32.dll
dc0.dbc: supR3HardenedWinVerifyCacheProcessImportTodos: Processing 'gdi32.dll'...
dc0.dbc: supR3HardenedWinVerifyCacheProcessImportTodos: 'gdi32.dll' -> '\Device\HarddiskVolume2\Windows\System32\gdi32.dll' [rcNtRedir=0xc0150008]
dc0.dbc: supR3HardenedWinVerifyCacheScheduleImports: Import todo: #4 'user32.dll'.
dc0.dbc: supR3HardenedWinVerifyCacheScheduleImports: Import todo: #5 'lpk.dll'.
dc0.dbc: supHardenedWinVerifyImageByHandle: -> 22900 (\Device\HarddiskVolume2\Windows\System32\gdi32.dll)
dc0.dbc: supR3HardenedWinVerifyCacheInsert: \Device\HarddiskVolume2\Windows\System32\gdi32.dll
dc0.dbc: supR3HardenedWinVerifyCacheProcessImportTodos: Processing 'lpk.dll'...
dc0.dbc: supR3HardenedWinVerifyCacheProcessImportTodos: 'lpk.dll' -> '\Device\HarddiskVolume2\Windows\System32\lpk.dll' [rcNtRedir=0xc0150008]
dc0.dbc: supR3HardenedWinVerifyCacheScheduleImports: Import todo: #9 'gdi32.dll'.
dc0.dbc: supR3HardenedWinVerifyCacheScheduleImports: Import todo: #10 'user32.dll'.
dc0.dbc: supR3HardenedWinVerifyCacheScheduleImports: Import todo: #11 'usp10.dll'.
dc0.dbc: supHardenedWinVerifyImageByHandle: -> 22900 (\Device\HarddiskVolume2\Windows\System32\lpk.dll)
dc0.dbc: supR3HardenedWinVerifyCacheInsert: \Device\HarddiskVolume2\Windows\System32\lpk.dll
dc0.dbc: supR3HardenedWinVerifyCacheProcessImportTodos: Processing 'user32.dll'...
dc0.dbc: supR3HardenedWinVerifyCacheProcessImportTodos: 'user32.dll' -> '\Device\HarddiskVolume2\Windows\System32\user32.dll' [rcNtRedir=0xc0150008]
dc0.dbc: supR3HardenedScreenImage/Imports: cache hit (Unknown Status 22900 (0x5974)) on \Device\HarddiskVolume2\Windows\System32\user32.dll [lacks WinVerifyTrust]
dc0.dbc: supR3HardenedWinVerifyCacheProcessImportTodos: Processing 'usp10.dll'...
dc0.dbc: supR3HardenedWinVerifyCacheProcessImportTodos: 'usp10.dll' -> '\Device\HarddiskVolume2\Windows\System32\usp10.dll' [rcNtRedir=0xc0150008]
dc0.dbc: supR3HardenedWinVerifyCacheScheduleImports: Import todo: #0 'msvcrt.dll'.
dc0.dbc: supR3HardenedWinVerifyCacheScheduleImports: Import todo: #2 'user32.dll'.
dc0.dbc: supR3HardenedWinVerifyCacheScheduleImports: Import todo: #3 'gdi32.dll'.
dc0.dbc: supHardenedWinVerifyImageByHandle: -> 22900 (\Device\HarddiskVolume2\Windows\System32\usp10.dll)
dc0.dbc: supR3HardenedWinVerifyCacheInsert: \Device\HarddiskVolume2\Windows\System32\usp10.dll
dc0.dbc: supR3HardenedWinVerifyCacheProcessImportTodos: Processing 'user32.dll'...
dc0.dbc: supR3HardenedWinVerifyCacheProcessImportTodos: 'user32.dll' -> '\Device\HarddiskVolume2\Windows\System32\user32.dll' [rcNtRedir=0xc0150008]
dc0.dbc: supR3HardenedScreenImage/Imports: cache hit (Unknown Status 22900 (0x5974)) on \Device\HarddiskVolume2\Windows\System32\user32.dll [lacks WinVerifyTrust]
dc0.dbc: supR3HardenedWinVerifyCacheProcessImportTodos: Processing 'gdi32.dll'...
dc0.dbc: supR3HardenedWinVerifyCacheProcessImportTodos: 'gdi32.dll' -> '\Device\HarddiskVolume2\Windows\System32\gdi32.dll' [rcNtRedir=0xc0150008]
dc0.dbc: supR3HardenedScreenImage/Imports: cache hit (Unknown Status 22900 (0x5974)) on \Device\HarddiskVolume2\Windows\System32\gdi32.dll [lacks WinVerifyTrust]
dc0.dbc: supR3HardenedWinVerifyCacheProcessImportTodos: Processing 'gdi32.dll'...
dc0.dbc: supR3HardenedWinVerifyCacheProcessImportTodos: 'gdi32.dll' -> '\Device\HarddiskVolume2\Windows\System32\gdi32.dll' [rcNtRedir=0xc0150008]
dc0.dbc: supR3HardenedScreenImage/Imports: cache hit (Unknown Status 22900 (0x5974)) on \Device\HarddiskVolume2\Windows\System32\gdi32.dll [lacks WinVerifyTrust]
dc0.dbc: supR3HardenedWinVerifyCacheProcessImportTodos: Processing 'user32.dll'...
dc0.dbc: supR3HardenedWinVerifyCacheProcessImportTodos: 'user32.dll' -> '\Device\HarddiskVolume2\Windows\System32\user32.dll' [rcNtRedir=0xc0150008]
dc0.dbc: supR3HardenedScreenImage/Imports: cache hit (Unknown Status 22900 (0x5974)) on \Device\HarddiskVolume2\Windows\System32\user32.dll [lacks WinVerifyTrust]
dc0.dbc: supR3HardenedWinVerifyCacheProcessImportTodos: Processing 'msvcrt.dll'...
dc0.dbc: supR3HardenedWinVerifyCacheProcessImportTodos: 'msvcrt.dll' -> '\Device\HarddiskVolume2\Windows\System32\msvcrt.dll' [rcNtRedir=0xc0150008]
dc0.dbc: supR3HardenedScreenImage/Imports: cache hit (Unknown Status 22900 (0x5974)) on \Device\HarddiskVolume2\Windows\System32\msvcrt.dll [lacks WinVerifyTrust]
dc0.dbc: supR3HardenedMonitor_LdrLoadDll: pName=C:\Windows\system32\USER32.dll (Input=USER32.dll, rcNtResolve=0xc0150008) *pfFlags=0x0 pwszSearchPath=0000000000734040:C:\Program Files\Oracle\VirtualBox;C:\Windows\system32;C:\Windows\system;C:\Windows;.;C:\Program Files (x86)\Pervasive Software\PSQL\bin\;C:\Windows\system32;C:\Windows;C:\Windows\System32\Wbem;C:\Windows\System32\WindowsPowerShell\v1.0\ [calling]
dc0.dbc: supR3HardenedScreenImage/NtCreateSection: cache hit (Unknown Status 22900 (0x5974)) on \Device\HarddiskVolume2\Windows\System32\user32.dll [lacks WinVerifyTrust]
dc0.dbc: supR3HardenedDllNotificationCallback: load   00000000777e0000 LB 0x000fa000 C:\Windows\system32\USER32.dll [fFlags=0x0]
dc0.dbc: supR3HardenedScreenImage/LdrLoadDll: cache hit (Unknown Status 22900 (0x5974)) on \Device\HarddiskVolume2\Windows\System32\user32.dll [lacks WinVerifyTrust]
dc0.dbc: supR3HardenedDllNotificationCallback: load   000007feff230000 LB 0x00067000 C:\Windows\system32\GDI32.dll [fFlags=0x0]
dc0.dbc: supR3HardenedScreenImage/LdrLoadDll: cache hit (Unknown Status 22900 (0x5974)) on \Device\HarddiskVolume2\Windows\System32\gdi32.dll [lacks WinVerifyTrust]
dc0.dbc: supR3HardenedDllNotificationCallback: load   000007fefe0e0000 LB 0x0000e000 C:\Windows\system32\LPK.dll [fFlags=0x0]
dc0.dbc: supR3HardenedScreenImage/LdrLoadDll: cache hit (Unknown Status 22900 (0x5974)) on \Device\HarddiskVolume2\Windows\System32\lpk.dll [lacks WinVerifyTrust]
dc0.dbc: supR3HardenedDllNotificationCallback: load   000007fefe110000 LB 0x000c9000 C:\Windows\system32\USP10.dll [fFlags=0x0]
dc0.dbc: supR3HardenedScreenImage/LdrLoadDll: cache hit (Unknown Status 22900 (0x5974)) on \Device\HarddiskVolume2\Windows\System32\usp10.dll [lacks WinVerifyTrust]
dc0.dbc: supR3HardenedScreenImage/LdrLoadDll: cache hit (Unknown Status 22900 (0x5974)) on \Device\HarddiskVolume2\Windows\System32\gdi32.dll [lacks WinVerifyTrust]
dc0.dbc: supR3HardenedMonitor_LdrLoadDll: pName=C:\Windows\system32\gdi32.dll (Input=gdi32.dll, rcNtResolve=0xc0150008) *pfFlags=0x0 pwszSearchPath=0000000000734040:C:\Program Files\Oracle\VirtualBox;C:\Windows\system32;C:\Windows\system;C:\Windows;.;C:\Program Files (x86)\Pervasive Software\PSQL\bin\;C:\Windows\system32;C:\Windows;C:\Windows\System32\Wbem;C:\Windows\System32\WindowsPowerShell\v1.0\ [calling]
dc0.dbc: supR3HardenedMonitor_LdrLoadDll: returns rcNt=0x0 hMod=000007feff230000 'C:\Windows\system32\gdi32.dll'
dc0.dbc: supR3HardenedWinVerifyCacheScheduleImports: Import todo: #0 'user32.dll'.
dc0.dbc: supR3HardenedWinVerifyCacheScheduleImports: Import todo: #5 'gdi32.dll'.
dc0.dbc: supR3HardenedWinVerifyCacheScheduleImports: Import todo: #6 'msctf.dll'.
dc0.dbc: supHardenedWinVerifyImageByHandle: -> 22900 (\Device\HarddiskVolume2\Windows\System32\imm32.dll)
dc0.dbc: supR3HardenedWinVerifyCacheInsert: \Device\HarddiskVolume2\Windows\System32\imm32.dll
dc0.dbc: supR3HardenedWinVerifyCacheProcessImportTodos: Processing 'msctf.dll'...
dc0.dbc: supR3HardenedWinVerifyCacheProcessImportTodos: 'msctf.dll' -> '\Device\HarddiskVolume2\Windows\System32\msctf.dll' [rcNtRedir=0xc0150008]
dc0.dbc: supR3HardenedWinVerifyCacheScheduleImports: Import todo: #0 'msvcrt.dll'.
dc0.dbc: supR3HardenedWinVerifyCacheScheduleImports: Import todo: #6 'user32.dll'.
dc0.dbc: supR3HardenedWinVerifyCacheScheduleImports: Import todo: #7 'gdi32.dll'.
dc0.dbc: supR3HardenedWinVerifyCacheScheduleImports: Import todo: #8 'imm32.dll'.
dc0.dbc: supHardenedWinVerifyImageByHandle: -> 22900 (\Device\HarddiskVolume2\Windows\System32\msctf.dll)
dc0.dbc: supR3HardenedWinVerifyCacheInsert: \Device\HarddiskVolume2\Windows\System32\msctf.dll
dc0.dbc: supR3HardenedWinVerifyCacheProcessImportTodos: Processing 'gdi32.dll'...
dc0.dbc: supR3HardenedWinVerifyCacheProcessImportTodos: 'gdi32.dll' -> '\Device\HarddiskVolume2\Windows\System32\gdi32.dll' [rcNtRedir=0xc0150008]
dc0.dbc: supR3HardenedScreenImage/Imports: cache hit (Unknown Status 22900 (0x5974)) on \Device\HarddiskVolume2\Windows\System32\gdi32.dll [lacks WinVerifyTrust]
dc0.dbc: supR3HardenedWinVerifyCacheProcessImportTodos: Processing 'user32.dll'...
dc0.dbc: supR3HardenedWinVerifyCacheProcessImportTodos: 'user32.dll' -> '\Device\HarddiskVolume2\Windows\System32\user32.dll' [rcNtRedir=0xc0150008]
dc0.dbc: supR3HardenedScreenImage/Imports: cache hit (Unknown Status 22900 (0x5974)) on \Device\HarddiskVolume2\Windows\System32\user32.dll [lacks WinVerifyTrust]
dc0.dbc: supR3HardenedWinVerifyCacheProcessImportTodos: Processing 'imm32.dll'...
dc0.dbc: supR3HardenedWinVerifyCacheProcessImportTodos: 'imm32.dll' -> '\Device\HarddiskVolume2\Windows\System32\imm32.dll' [rcNtRedir=0xc0150008]
dc0.dbc: supR3HardenedScreenImage/Imports: cache hit (Unknown Status 22900 (0x5974)) on \Device\HarddiskVolume2\Windows\System32\imm32.dll [lacks WinVerifyTrust]
dc0.dbc: supR3HardenedWinVerifyCacheProcessImportTodos: Processing 'gdi32.dll'...
dc0.dbc: supR3HardenedWinVerifyCacheProcessImportTodos: 'gdi32.dll' -> '\Device\HarddiskVolume2\Windows\System32\gdi32.dll' [rcNtRedir=0xc0150008]
dc0.dbc: supR3HardenedScreenImage/Imports: cache hit (Unknown Status 22900 (0x5974)) on \Device\HarddiskVolume2\Windows\System32\gdi32.dll [lacks WinVerifyTrust]
dc0.dbc: supR3HardenedWinVerifyCacheProcessImportTodos: Processing 'user32.dll'...
dc0.dbc: supR3HardenedWinVerifyCacheProcessImportTodos: 'user32.dll' -> '\Device\HarddiskVolume2\Windows\System32\user32.dll' [rcNtRedir=0xc0150008]
dc0.dbc: supR3HardenedScreenImage/Imports: cache hit (Unknown Status 22900 (0x5974)) on \Device\HarddiskVolume2\Windows\System32\user32.dll [lacks WinVerifyTrust]
dc0.dbc: supR3HardenedWinVerifyCacheProcessImportTodos: Processing 'msvcrt.dll'...
dc0.dbc: supR3HardenedWinVerifyCacheProcessImportTodos: 'msvcrt.dll' -> '\Device\HarddiskVolume2\Windows\System32\msvcrt.dll' [rcNtRedir=0xc0150008]
dc0.dbc: supR3HardenedScreenImage/Imports: cache hit (Unknown Status 22900 (0x5974)) on \Device\HarddiskVolume2\Windows\System32\msvcrt.dll [lacks WinVerifyTrust]
dc0.dbc: supR3HardenedMonitor_LdrLoadDll: pName=C:\Windows\system32\IMM32.DLL (rcNtResolve=0xc0150008) *pfFlags=0x0 pwszSearchPath=0000000000734040:C:\Program Files\Oracle\VirtualBox;C:\Windows\system32;C:\Windows\system;C:\Windows;.;C:\Program Files (x86)\Pervasive Software\PSQL\bin\;C:\Windows\system32;C:\Windows;C:\Windows\System32\Wbem;C:\Windows\System32\WindowsPowerShell\v1.0\ [calling]
dc0.dbc: supR3HardenedScreenImage/NtCreateSection: cache hit (Unknown Status 22900 (0x5974)) on \Device\HarddiskVolume2\Windows\System32\imm32.dll [lacks WinVerifyTrust]
dc0.dbc: supR3HardenedDllNotificationCallback: load   000007fefe1e0000 LB 0x0002e000 C:\Windows\system32\IMM32.DLL [fFlags=0x0]
dc0.dbc: supR3HardenedScreenImage/LdrLoadDll: cache hit (Unknown Status 22900 (0x5974)) on \Device\HarddiskVolume2\Windows\System32\imm32.dll [lacks WinVerifyTrust]
dc0.dbc: supR3HardenedDllNotificationCallback: load   000007feff9c0000 LB 0x00109000 C:\Windows\system32\MSCTF.dll [fFlags=0x0]
dc0.dbc: supR3HardenedScreenImage/LdrLoadDll: cache hit (Unknown Status 22900 (0x5974)) on \Device\HarddiskVolume2\Windows\System32\msctf.dll [lacks WinVerifyTrust]
dc0.dbc: supR3HardenedMonitor_LdrLoadDll: returns rcNt=0x0 hMod=000007fefe1e0000 'C:\Windows\system32\IMM32.DLL'
dc0.dbc: supR3HardenedMonitor_LdrLoadDll: returns rcNt=0x0 hMod=00000000777e0000 'C:\Windows\system32\USER32.dll'
dc0.dbc: supR3HardenedWinVerifyCacheScheduleImports: Import todo: #0 'bcrypt.dll'.
dc0.dbc: supR3HardenedWinVerifyCacheScheduleImports: Import todo: #1 'msvcrt.dll'.
dc0.dbc: supR3HardenedWinVerifyCacheScheduleImports: Import todo: #4 'msasn1.dll'.
dc0.dbc: supHardenedWinVerifyImageByHandle: -> 22900 (\Device\HarddiskVolume2\Windows\System32\ncrypt.dll)
dc0.dbc: supR3HardenedWinVerifyCacheInsert: \Device\HarddiskVolume2\Windows\System32\ncrypt.dll
dc0.dbc: supR3HardenedWinVerifyCacheProcessImportTodos: Processing 'msasn1.dll'...
dc0.dbc: supR3HardenedWinVerifyCacheProcessImportTodos: 'msasn1.dll' -> '\Device\HarddiskVolume2\Windows\System32\msasn1.dll' [rcNtRedir=0xc0150008]
dc0.dbc: supR3HardenedScreenImage/Imports: cache hit (Unknown Status 22900 (0x5974)) on \Device\HarddiskVolume2\Windows\System32\msasn1.dll [lacks WinVerifyTrust]
dc0.dbc: supR3HardenedWinVerifyCacheProcessImportTodos: Processing 'msvcrt.dll'...
dc0.dbc: supR3HardenedWinVerifyCacheProcessImportTodos: 'msvcrt.dll' -> '\Device\HarddiskVolume2\Windows\System32\msvcrt.dll' [rcNtRedir=0xc0150008]
dc0.dbc: supR3HardenedScreenImage/Imports: cache hit (Unknown Status 22900 (0x5974)) on \Device\HarddiskVolume2\Windows\System32\msvcrt.dll [lacks WinVerifyTrust]
dc0.dbc: supR3HardenedWinVerifyCacheProcessImportTodos: Processing 'bcrypt.dll'...
dc0.dbc: supR3HardenedWinVerifyCacheProcessImportTodos: 'bcrypt.dll' -> '\Device\HarddiskVolume2\Windows\System32\bcrypt.dll' [rcNtRedir=0xc0150008]
dc0.dbc: supR3HardenedScreenImage/Imports: cache hit (Unknown Status 22900 (0x5974)) on \Device\HarddiskVolume2\Windows\System32\bcrypt.dll [lacks WinVerifyTrust]
dc0.dbc: supR3HardenedMonitor_LdrLoadDll: pName=C:\Windows\system32\ncrypt.dll (Input=ncrypt.dll, rcNtResolve=0xc0150008) *pfFlags=0x0 pwszSearchPath=0000000000734040:C:\Program Files\Oracle\VirtualBox;C:\Windows\system32;C:\Windows\system;C:\Windows;.;C:\Program Files (x86)\Pervasive Software\PSQL\bin\;C:\Windows\system32;C:\Windows;C:\Windows\System32\Wbem;C:\Windows\System32\WindowsPowerShell\v1.0\ [calling]
dc0.dbc: supR3HardenedScreenImage/NtCreateSection: cache hit (Unknown Status 22900 (0x5974)) on \Device\HarddiskVolume2\Windows\System32\ncrypt.dll [lacks WinVerifyTrust]
dc0.dbc: supR3HardenedDllNotificationCallback: load   000007fefd240000 LB 0x0004e000 C:\Windows\system32\ncrypt.dll [fFlags=0x0]
dc0.dbc: supR3HardenedScreenImage/LdrLoadDll: cache hit (Unknown Status 22900 (0x5974)) on \Device\HarddiskVolume2\Windows\System32\ncrypt.dll [lacks WinVerifyTrust]
dc0.dbc: supR3HardenedMonitor_LdrLoadDll: returns rcNt=0x0 hMod=000007fefd240000 'C:\Windows\system32\ncrypt.dll'
dc0.dbc: supR3HardenedScreenImage/LdrLoadDll: cache hit (Unknown Status 22900 (0x5974)) on \Device\HarddiskVolume2\Windows\System32\bcrypt.dll [lacks WinVerifyTrust]
dc0.dbc: supR3HardenedMonitor_LdrLoadDll: pName=C:\Windows\system32\bcrypt.dll (Input=bcrypt.dll, rcNtResolve=0xc0150008) *pfFlags=0x0 pwszSearchPath=0000000000734040:C:\Program Files\Oracle\VirtualBox;C:\Windows\system32;C:\Windows\system;C:\Windows;.;C:\Program Files (x86)\Pervasive Software\PSQL\bin\;C:\Windows\system32;C:\Windows;C:\Windows\System32\Wbem;C:\Windows\System32\WindowsPowerShell\v1.0\ [calling]
dc0.dbc: supR3HardenedMonitor_LdrLoadDll: returns rcNt=0x0 hMod=000007fefd210000 'C:\Windows\system32\bcrypt.dll'
dc0.dbc: supR3HardenedWinVerifyCacheScheduleImports: Import todo: #0 'msvcrt.dll'.
dc0.dbc: supR3HardenedWinVerifyCacheScheduleImports: Import todo: #17 'rpcrt4.dll'.
dc0.dbc: supR3HardenedWinVerifyCacheScheduleImports: Import todo: #18 'profapi.dll'.
dc0.dbc: supHardenedWinVerifyImageByHandle: -> 22900 (\Device\HarddiskVolume2\Windows\System32\userenv.dll)
dc0.dbc: supR3HardenedWinVerifyCacheInsert: \Device\HarddiskVolume2\Windows\System32\userenv.dll
dc0.dbc: supR3HardenedWinVerifyCacheProcessImportTodos: Processing 'profapi.dll'...
dc0.dbc: supR3HardenedWinVerifyCacheProcessImportTodos: 'profapi.dll' -> '\Device\HarddiskVolume2\Windows\System32\profapi.dll' [rcNtRedir=0xc0150008]
dc0.dbc: supR3HardenedWinVerifyCacheScheduleImports: Import todo: #0 'msvcrt.dll'.
dc0.dbc: supHardenedWinVerifyImageByHandle: -> 22900 (\Device\HarddiskVolume2\Windows\System32\profapi.dll)
dc0.dbc: supR3HardenedWinVerifyCacheInsert: \Device\HarddiskVolume2\Windows\System32\profapi.dll
dc0.dbc: supR3HardenedWinVerifyCacheProcessImportTodos: Processing 'rpcrt4.dll'...
dc0.dbc: supR3HardenedWinVerifyCacheProcessImportTodos: 'rpcrt4.dll' -> '\Device\HarddiskVolume2\Windows\System32\rpcrt4.dll' [rcNtRedir=0xc0150008]
dc0.dbc: supR3HardenedScreenImage/Imports: cache hit (Unknown Status 22900 (0x5974)) on \Device\HarddiskVolume2\Windows\System32\rpcrt4.dll [lacks WinVerifyTrust]
dc0.dbc: supR3HardenedWinVerifyCacheProcessImportTodos: Processing 'msvcrt.dll'...
dc0.dbc: supR3HardenedWinVerifyCacheProcessImportTodos: 'msvcrt.dll' -> '\Device\HarddiskVolume2\Windows\System32\msvcrt.dll' [rcNtRedir=0xc0150008]
dc0.dbc: supR3HardenedScreenImage/Imports: cache hit (Unknown Status 22900 (0x5974)) on \Device\HarddiskVolume2\Windows\System32\msvcrt.dll [lacks WinVerifyTrust]
dc0.dbc: supR3HardenedWinVerifyCacheProcessImportTodos: Processing 'msvcrt.dll'...
dc0.dbc: supR3HardenedWinVerifyCacheProcessImportTodos: 'msvcrt.dll' -> '\Device\HarddiskVolume2\Windows\System32\msvcrt.dll' [rcNtRedir=0xc0150008]
dc0.dbc: supR3HardenedScreenImage/Imports: cache hit (Unknown Status 22900 (0x5974)) on \Device\HarddiskVolume2\Windows\System32\msvcrt.dll [lacks WinVerifyTrust]
dc0.dbc: supR3HardenedMonitor_LdrLoadDll: pName=C:\Windows\system32\USERENV.dll (Input=USERENV.dll, rcNtResolve=0xc0150008) *pfFlags=0x0 pwszSearchPath=0000000000734040:C:\Program Files\Oracle\VirtualBox;C:\Windows\system32;C:\Windows\system;C:\Windows;.;C:\Program Files (x86)\Pervasive Software\PSQL\bin\;C:\Windows\system32;C:\Windows;C:\Windows\System32\Wbem;C:\Windows\System32\WindowsPowerShell\v1.0\ [calling]
dc0.dbc: supR3HardenedScreenImage/NtCreateSection: cache hit (Unknown Status 22900 (0x5974)) on \Device\HarddiskVolume2\Windows\System32\userenv.dll [lacks WinVerifyTrust]
dc0.dbc: supR3HardenedDllNotificationCallback: load   000007fefcb80000 LB 0x0001e000 C:\Windows\system32\USERENV.dll [fFlags=0x0]
dc0.dbc: supR3HardenedScreenImage/LdrLoadDll: cache hit (Unknown Status 22900 (0x5974)) on \Device\HarddiskVolume2\Windows\System32\userenv.dll [lacks WinVerifyTrust]
dc0.dbc: supR3HardenedScreenImage/NtCreateSection: cache hit (Unknown Status 22900 (0x5974)) on \Device\HarddiskVolume2\Windows\System32\profapi.dll [lacks WinVerifyTrust]
dc0.dbc: supR3HardenedDllNotificationCallback: load   000007fefd830000 LB 0x0000f000 C:\Windows\system32\profapi.dll [fFlags=0x0]
dc0.dbc: supR3HardenedScreenImage/LdrLoadDll: cache hit (Unknown Status 22900 (0x5974)) on \Device\HarddiskVolume2\Windows\System32\profapi.dll [lacks WinVerifyTrust]
dc0.dbc: supR3HardenedMonitor_LdrLoadDll: returns rcNt=0x0 hMod=000007fefcb80000 'C:\Windows\system32\USERENV.dll'
dc0.dbc: supR3HardenedIsApiSetDll: '<NULL>' -> true
dc0.dbc: supR3HardenedMonitor_LdrLoadDll: pName=API-MS-Win-Security-SDDL-L1-1-0.dll (rcNtResolve=0x0) *pfFlags=0x0 pwszSearchPath=0000000000734040:C:\Program Files\Oracle\VirtualBox;C:\Windows\system32;C:\Windows\system;C:\Windows;.;C:\Program Files (x86)\Pervasive Software\PSQL\bin\;C:\Windows\system32;C:\Windows;C:\Windows\System32\Wbem;C:\Windows\System32\WindowsPowerShell\v1.0\ [calling]
dc0.dbc: supR3HardenedMonitor_LdrLoadDll: returns rcNt=0x0 hMod=000007fefe0f0000 'API-MS-Win-Security-SDDL-L1-1-0.dll'
dc0.dbc: supR3HardenedIsApiSetDll: '<NULL>' -> true
dc0.dbc: supR3HardenedMonitor_LdrLoadDll: pName=API-MS-Win-Security-SDDL-L1-1-0.dll (rcNtResolve=0x0) *pfFlags=0x0 pwszSearchPath=0000000000734040:C:\Program Files\Oracle\VirtualBox;C:\Windows\system32;C:\Windows\system;C:\Windows;.;C:\Program Files (x86)\Pervasive Software\PSQL\bin\;C:\Windows\system32;C:\Windows;C:\Windows\System32\Wbem;C:\Windows\System32\WindowsPowerShell\v1.0\ [calling]
dc0.dbc: supR3HardenedMonitor_LdrLoadDll: returns rcNt=0x0 hMod=000007fefe0f0000 'API-MS-Win-Security-SDDL-L1-1-0.dll'
dc0.dbc: supR3HardenedWinVerifyCacheScheduleImports: Import todo: #0 'msvcrt.dll'.
dc0.dbc: supR3HardenedWinVerifyCacheScheduleImports: Import todo: #16 'rpcrt4.dll'.
dc0.dbc: supHardenedWinVerifyImageByHandle: -> 22900 (\Device\HarddiskVolume2\Windows\System32\gpapi.dll)
dc0.dbc: supR3HardenedWinVerifyCacheInsert: \Device\HarddiskVolume2\Windows\System32\gpapi.dll
dc0.dbc: supR3HardenedWinVerifyCacheProcessImportTodos: Processing 'rpcrt4.dll'...
dc0.dbc: supR3HardenedWinVerifyCacheProcessImportTodos: 'rpcrt4.dll' -> '\Device\HarddiskVolume2\Windows\System32\rpcrt4.dll' [rcNtRedir=0xc0150008]
dc0.dbc: supR3HardenedScreenImage/Imports: cache hit (Unknown Status 22900 (0x5974)) on \Device\HarddiskVolume2\Windows\System32\rpcrt4.dll [lacks WinVerifyTrust]
dc0.dbc: supR3HardenedWinVerifyCacheProcessImportTodos: Processing 'msvcrt.dll'...
dc0.dbc: supR3HardenedWinVerifyCacheProcessImportTodos: 'msvcrt.dll' -> '\Device\HarddiskVolume2\Windows\System32\msvcrt.dll' [rcNtRedir=0xc0150008]
dc0.dbc: supR3HardenedScreenImage/Imports: cache hit (Unknown Status 22900 (0x5974)) on \Device\HarddiskVolume2\Windows\System32\msvcrt.dll [lacks WinVerifyTrust]
dc0.dbc: supR3HardenedMonitor_LdrLoadDll: pName=C:\Windows\system32\GPAPI.dll (Input=GPAPI.dll, rcNtResolve=0xc0150008) *pfFlags=0x0 pwszSearchPath=0000000000734040:C:\Program Files\Oracle\VirtualBox;C:\Windows\system32;C:\Windows\system;C:\Windows;.;C:\Program Files (x86)\Pervasive Software\PSQL\bin\;C:\Windows\system32;C:\Windows;C:\Windows\System32\Wbem;C:\Windows\System32\WindowsPowerShell\v1.0\ [calling]
dc0.dbc: supR3HardenedScreenImage/NtCreateSection: cache hit (Unknown Status 22900 (0x5974)) on \Device\HarddiskVolume2\Windows\System32\gpapi.dll [lacks WinVerifyTrust]
dc0.dbc: supR3HardenedDllNotificationCallback: load   000007fefcb60000 LB 0x0001b000 C:\Windows\system32\GPAPI.dll [fFlags=0x0]
dc0.dbc: supR3HardenedScreenImage/LdrLoadDll: cache hit (Unknown Status 22900 (0x5974)) on \Device\HarddiskVolume2\Windows\System32\gpapi.dll [lacks WinVerifyTrust]
dc0.dbc: supR3HardenedMonitor_LdrLoadDll: returns rcNt=0x0 hMod=000007fefcb60000 'C:\Windows\system32\GPAPI.dll'
dc0.dbc: supR3HardenedIsApiSetDll: '<NULL>' -> true
dc0.dbc: supR3HardenedMonitor_LdrLoadDll: pName=API-MS-WIN-Service-Management-L1-1-0.dll (rcNtResolve=0x0) *pfFlags=0x0 pwszSearchPath=0000000000734040:C:\Program Files\Oracle\VirtualBox;C:\Windows\system32;C:\Windows\system;C:\Windows;.;C:\Program Files (x86)\Pervasive Software\PSQL\bin\;C:\Windows\system32;C:\Windows;C:\Windows\System32\Wbem;C:\Windows\System32\WindowsPowerShell\v1.0\ [calling]
dc0.dbc: supR3HardenedMonitor_LdrLoadDll: returns rcNt=0x0 hMod=000007fefe0f0000 'API-MS-WIN-Service-Management-L1-1-0.dll'
dc0.dbc: supR3HardenedScreenImage/LdrLoadDll: cache hit (Unknown Status 22900 (0x5974)) on \Device\HarddiskVolume2\Windows\System32\rpcrt4.dll [lacks WinVerifyTrust]
dc0.dbc: supR3HardenedMonitor_LdrLoadDll: pName=C:\Windows\system32\rpcrt4.dll (Input=rpcrt4.dll, rcNtResolve=0xc0150008) *pfFlags=0x0 pwszSearchPath=0000000000734040:C:\Program Files\Oracle\VirtualBox;C:\Windows\system32;C:\Windows\system;C:\Windows;.;C:\Program Files (x86)\Pervasive Software\PSQL\bin\;C:\Windows\system32;C:\Windows;C:\Windows\System32\Wbem;C:\Windows\System32\WindowsPowerShell\v1.0\ [calling]
dc0.dbc: supR3HardenedMonitor_LdrLoadDll: returns rcNt=0x0 hMod=000007feff630000 'C:\Windows\system32\rpcrt4.dll'
dc0.dbc: supR3HardenedIsApiSetDll: '<NULL>' -> true
dc0.dbc: supR3HardenedMonitor_LdrLoadDll: pName=API-MS-WIN-Service-Management-L2-1-0.dll (rcNtResolve=0x0) *pfFlags=0x0 pwszSearchPath=0000000000734040:C:\Program Files\Oracle\VirtualBox;C:\Windows\system32;C:\Windows\system;C:\Windows;.;C:\Program Files (x86)\Pervasive Software\PSQL\bin\;C:\Windows\system32;C:\Windows;C:\Windows\System32\Wbem;C:\Windows\System32\WindowsPowerShell\v1.0\ [calling]
dc0.dbc: supR3HardenedMonitor_LdrLoadDll: returns rcNt=0x0 hMod=000007fefe0f0000 'API-MS-WIN-Service-Management-L2-1-0.dll'
dc0.dbc: supR3HardenedIsApiSetDll: '<NULL>' -> true
dc0.dbc: supR3HardenedMonitor_LdrLoadDll: pName=API-MS-Win-Security-SDDL-L1-1-0.dll (rcNtResolve=0x0) *pfFlags=0x0 pwszSearchPath=0000000000734040:C:\Program Files\Oracle\VirtualBox;C:\Windows\system32;C:\Windows\system;C:\Windows;.;C:\Program Files (x86)\Pervasive Software\PSQL\bin\;C:\Windows\system32;C:\Windows;C:\Windows\System32\Wbem;C:\Windows\System32\WindowsPowerShell\v1.0\ [calling]
dc0.dbc: supR3HardenedMonitor_LdrLoadDll: returns rcNt=0x0 hMod=000007fefe0f0000 'API-MS-Win-Security-SDDL-L1-1-0.dll'
dc0.dbc: supR3HardenedWinVerifyCacheScheduleImports: Import todo: #0 'msvcrt.dll'.
dc0.dbc: supR3HardenedWinVerifyCacheScheduleImports: Import todo: #5 'crypt32.dll'.
dc0.dbc: supR3HardenedWinVerifyCacheScheduleImports: Import todo: #6 'wldap32.dll'.
dc0.dbc: supHardenedWinVerifyImageByHandle: -> 22900 (\Device\HarddiskVolume2\Windows\System32\cryptnet.dll)
dc0.dbc: supR3HardenedWinVerifyCacheInsert: \Device\HarddiskVolume2\Windows\System32\cryptnet.dll
dc0.dbc: supR3HardenedWinVerifyCacheProcessImportTodos: Processing 'wldap32.dll'...
dc0.dbc: supR3HardenedWinVerifyCacheProcessImportTodos: 'wldap32.dll' -> '\Device\HarddiskVolume2\Windows\System32\wldap32.dll' [rcNtRedir=0xc0150008]
dc0.dbc: supR3HardenedWinVerifyCacheScheduleImports: Import todo: #0 'msvcrt.dll'.
dc0.dbc: supHardenedWinVerifyImageByHandle: -> 22900 (\Device\HarddiskVolume2\Windows\System32\Wldap32.dll)
dc0.dbc: supR3HardenedWinVerifyCacheInsert: \Device\HarddiskVolume2\Windows\System32\Wldap32.dll
dc0.dbc: supR3HardenedWinVerifyCacheProcessImportTodos: Processing 'crypt32.dll'...
dc0.dbc: supR3HardenedWinVerifyCacheProcessImportTodos: 'crypt32.dll' -> '\Device\HarddiskVolume2\Windows\System32\crypt32.dll' [rcNtRedir=0xc0150008]
dc0.dbc: supR3HardenedScreenImage/Imports: cache hit (Unknown Status 22900 (0x5974)) on \Device\HarddiskVolume2\Windows\System32\crypt32.dll [lacks WinVerifyTrust]
dc0.dbc: supR3HardenedWinVerifyCacheProcessImportTodos: Processing 'msvcrt.dll'...
dc0.dbc: supR3HardenedWinVerifyCacheProcessImportTodos: 'msvcrt.dll' -> '\Device\HarddiskVolume2\Windows\System32\msvcrt.dll' [rcNtRedir=0xc0150008]
dc0.dbc: supR3HardenedScreenImage/Imports: cache hit (Unknown Status 22900 (0x5974)) on \Device\HarddiskVolume2\Windows\System32\msvcrt.dll [lacks WinVerifyTrust]
dc0.dbc: supR3HardenedWinVerifyCacheProcessImportTodos: Processing 'msvcrt.dll'...
dc0.dbc: supR3HardenedWinVerifyCacheProcessImportTodos: 'msvcrt.dll' -> '\Device\HarddiskVolume2\Windows\System32\msvcrt.dll' [rcNtRedir=0xc0150008]
dc0.dbc: supR3HardenedScreenImage/Imports: cache hit (Unknown Status 22900 (0x5974)) on \Device\HarddiskVolume2\Windows\System32\msvcrt.dll [lacks WinVerifyTrust]
dc0.dbc: supR3HardenedMonitor_LdrLoadDll: pName=C:\Windows\system32\cryptnet.dll (Input=cryptnet.dll, rcNtResolve=0xc0150008) *pfFlags=0x0 pwszSearchPath=0000000000734040:C:\Program Files\Oracle\VirtualBox;C:\Windows\system32;C:\Windows\system;C:\Windows;.;C:\Program Files (x86)\Pervasive Software\PSQL\bin\;C:\Windows\system32;C:\Windows;C:\Windows\System32\Wbem;C:\Windows\System32\WindowsPowerShell\v1.0\ [calling]
dc0.dbc: supR3HardenedScreenImage/NtCreateSection: cache hit (Unknown Status 22900 (0x5974)) on \Device\HarddiskVolume2\Windows\System32\cryptnet.dll [lacks WinVerifyTrust]
dc0.dbc: supR3HardenedDllNotificationCallback: load   000007fefa490000 LB 0x00026000 C:\Windows\system32\cryptnet.dll [fFlags=0x0]
dc0.dbc: supR3HardenedScreenImage/LdrLoadDll: cache hit (Unknown Status 22900 (0x5974)) on \Device\HarddiskVolume2\Windows\System32\cryptnet.dll [lacks WinVerifyTrust]
dc0.dbc: supR3HardenedDllNotificationCallback: load   000007fefdce0000 LB 0x00052000 C:\Windows\system32\WLDAP32.dll [fFlags=0x0]
dc0.dbc: supR3HardenedScreenImage/LdrLoadDll: cache hit (Unknown Status 22900 (0x5974)) on \Device\HarddiskVolume2\Windows\System32\Wldap32.dll [lacks WinVerifyTrust]
dc0.dbc: supR3HardenedScreenImage/LdrLoadDll: cache hit (Unknown Status 22900 (0x5974)) on \Device\HarddiskVolume2\Windows\System32\cryptnet.dll [lacks WinVerifyTrust]
dc0.dbc: supR3HardenedMonitor_LdrLoadDll: pName=C:\Windows\system32\cryptnet.dll (rcNtResolve=0xc0150008) *pfFlags=0x1002 pwszSearchPath=0000000000734040:C:\Program Files\Oracle\VirtualBox;C:\Windows\system32;C:\Windows\system;C:\Windows;.;C:\Program Files (x86)\Pervasive Software\PSQL\bin\;C:\Windows\system32;C:\Windows;C:\Windows\System32\Wbem;C:\Windows\System32\WindowsPowerShell\v1.0\ [calling]
dc0.dbc: supR3HardenedMonitor_LdrLoadDll: returns rcNt=0x0 hMod=000007fefa490000 'C:\Windows\system32\cryptnet.dll'
dc0.dbc: supR3HardenedScreenImage/LdrLoadDll: cache hit (Unknown Status 22900 (0x5974)) on \Device\HarddiskVolume2\Windows\System32\cryptnet.dll [lacks WinVerifyTrust]
dc0.dbc: supR3HardenedMonitor_LdrLoadDll: pName=C:\Windows\system32\cryptnet.dll (rcNtResolve=0xc0150008) *pfFlags=0x1002 pwszSearchPath=0000000000734040:C:\Program Files\Oracle\VirtualBox;C:\Windows\system32;C:\Windows\system;C:\Windows;.;C:\Program Files (x86)\Pervasive Software\PSQL\bin\;C:\Windows\system32;C:\Windows;C:\Windows\System32\Wbem;C:\Windows\System32\WindowsPowerShell\v1.0\ [calling]
dc0.dbc: supR3HardenedMonitor_LdrLoadDll: returns rcNt=0x0 hMod=000007fefa490000 'C:\Windows\system32\cryptnet.dll'
dc0.dbc: supR3HardenedScreenImage/LdrLoadDll: cache hit (Unknown Status 22900 (0x5974)) on \Device\HarddiskVolume2\Windows\System32\cryptnet.dll [lacks WinVerifyTrust]
dc0.dbc: supR3HardenedMonitor_LdrLoadDll: pName=C:\Windows\system32\cryptnet.dll (rcNtResolve=0xc0150008) *pfFlags=0x1002 pwszSearchPath=0000000000734040:C:\Program Files\Oracle\VirtualBox;C:\Windows\system32;C:\Windows\system;C:\Windows;.;C:\Program Files (x86)\Pervasive Software\PSQL\bin\;C:\Windows\system32;C:\Windows;C:\Windows\System32\Wbem;C:\Windows\System32\WindowsPowerShell\v1.0\ [calling]
dc0.dbc: supR3HardenedMonitor_LdrLoadDll: returns rcNt=0x0 hMod=000007fefa490000 'C:\Windows\system32\cryptnet.dll'
dc0.dbc: supR3HardenedScreenImage/LdrLoadDll: cache hit (Unknown Status 22900 (0x5974)) on \Device\HarddiskVolume2\Windows\System32\cryptnet.dll [lacks WinVerifyTrust]
dc0.dbc: supR3HardenedMonitor_LdrLoadDll: pName=C:\Windows\system32\cryptnet.dll (rcNtResolve=0xc0150008) *pfFlags=0x1002 pwszSearchPath=0000000000734040:C:\Program Files\Oracle\VirtualBox;C:\Windows\system32;C:\Windows\system;C:\Windows;.;C:\Program Files (x86)\Pervasive Software\PSQL\bin\;C:\Windows\system32;C:\Windows;C:\Windows\System32\Wbem;C:\Windows\System32\WindowsPowerShell\v1.0\ [calling]
dc0.dbc: supR3HardenedMonitor_LdrLoadDll: returns rcNt=0x0 hMod=000007fefa490000 'C:\Windows\system32\cryptnet.dll'
dc0.dbc: supR3HardenedScreenImage/LdrLoadDll: cache hit (Unknown Status 22900 (0x5974)) on \Device\HarddiskVolume2\Windows\System32\cryptnet.dll [lacks WinVerifyTrust]
dc0.dbc: supR3HardenedMonitor_LdrLoadDll: pName=C:\Windows\system32\cryptnet.dll (rcNtResolve=0xc0150008) *pfFlags=0x1002 pwszSearchPath=0000000000734040:C:\Program Files\Oracle\VirtualBox;C:\Windows\system32;C:\Windows\system;C:\Windows;.;C:\Program Files (x86)\Pervasive Software\PSQL\bin\;C:\Windows\system32;C:\Windows;C:\Windows\System32\Wbem;C:\Windows\System32\WindowsPowerShell\v1.0\ [calling]
dc0.dbc: supR3HardenedMonitor_LdrLoadDll: returns rcNt=0x0 hMod=000007fefa490000 'C:\Windows\system32\cryptnet.dll'
dc0.dbc: supR3HardenedScreenImage/LdrLoadDll: cache hit (Unknown Status 22900 (0x5974)) on \Device\HarddiskVolume2\Windows\System32\cryptnet.dll [lacks WinVerifyTrust]
dc0.dbc: supR3HardenedMonitor_LdrLoadDll: pName=C:\Windows\system32\cryptnet.dll (rcNtResolve=0xc0150008) *pfFlags=0x1002 pwszSearchPath=0000000000734040:C:\Program Files\Oracle\VirtualBox;C:\Windows\system32;C:\Windows\system;C:\Windows;.;C:\Program Files (x86)\Pervasive Software\PSQL\bin\;C:\Windows\system32;C:\Windows;C:\Windows\System32\Wbem;C:\Windows\System32\WindowsPowerShell\v1.0\ [calling]
dc0.dbc: supR3HardenedMonitor_LdrLoadDll: returns rcNt=0x0 hMod=000007fefa490000 'C:\Windows\system32\cryptnet.dll'
dc0.dbc: supR3HardenedScreenImage/LdrLoadDll: cache hit (Unknown Status 22900 (0x5974)) on \Device\HarddiskVolume2\Windows\System32\cryptnet.dll [lacks WinVerifyTrust]
dc0.dbc: supR3HardenedMonitor_LdrLoadDll: returns rcNt=0x0 hMod=000007fefa490000 'C:\Windows\system32\cryptnet.dll'
dc0.dbc: supR3HardenedScreenImage/LdrLoadDll: cache hit (Unknown Status 22900 (0x5974)) on \Device\HarddiskVolume2\Windows\System32\cryptnet.dll [lacks WinVerifyTrust]
dc0.dbc: supR3HardenedMonitor_LdrLoadDll: returns rcNt=0x0 hMod=000007fefa490000 'C:\Windows\system32\cryptnet.dll'
dc0.dbc: supR3HardenedScreenImage/LdrLoadDll: cache hit (Unknown Status 22900 (0x5974)) on \Device\HarddiskVolume2\Windows\System32\cryptnet.dll [lacks WinVerifyTrust]
dc0.dbc: supR3HardenedMonitor_LdrLoadDll: returns rcNt=0x0 hMod=000007fefa490000 'C:\Windows\system32\cryptnet.dll'
dc0.dbc: supR3HardenedScreenImage/LdrLoadDll: cache hit (Unknown Status 22900 (0x5974)) on \Device\HarddiskVolume2\Windows\System32\cryptnet.dll [lacks WinVerifyTrust]
dc0.dbc: supR3HardenedMonitor_LdrLoadDll: returns rcNt=0x0 hMod=000007fefa490000 'C:\Windows\system32\cryptnet.dll'
dc0.dbc: supR3HardenedScreenImage/LdrLoadDll: cache hit (Unknown Status 22900 (0x5974)) on \Device\HarddiskVolume2\Windows\System32\cryptnet.dll [lacks WinVerifyTrust]
dc0.dbc: supR3HardenedMonitor_LdrLoadDll: returns rcNt=0x0 hMod=000007fefa490000 'C:\Windows\system32\cryptnet.dll'
dc0.dbc: supR3HardenedMonitor_LdrLoadDll: returns rcNt=0x0 hMod=000007fefa490000 'C:\Windows\system32\cryptnet.dll'
dc0.dbc: supR3HardenedWinVerifyCacheScheduleImports: Import todo: #1 'gdi32.dll'.
dc0.dbc: supR3HardenedWinVerifyCacheScheduleImports: Import todo: #2 'user32.dll'.
dc0.dbc: supR3HardenedWinVerifyCacheScheduleImports: Import todo: #4 'msvcrt.dll'.
dc0.dbc: supHardenedWinVerifyImageByHandle: -> 22900 (\Device\HarddiskVolume2\Windows\System32\shlwapi.dll)
dc0.dbc: supR3HardenedWinVerifyCacheInsert: \Device\HarddiskVolume2\Windows\System32\shlwapi.dll
dc0.dbc: supR3HardenedWinVerifyCacheProcessImportTodos: Processing 'msvcrt.dll'...
dc0.dbc: supR3HardenedWinVerifyCacheProcessImportTodos: 'msvcrt.dll' -> '\Device\HarddiskVolume2\Windows\System32\msvcrt.dll' [rcNtRedir=0xc0150008]
dc0.dbc: supR3HardenedScreenImage/Imports: cache hit (Unknown Status 22900 (0x5974)) on \Device\HarddiskVolume2\Windows\System32\msvcrt.dll [lacks WinVerifyTrust]
dc0.dbc: supR3HardenedWinVerifyCacheProcessImportTodos: Processing 'user32.dll'...
dc0.dbc: supR3HardenedWinVerifyCacheProcessImportTodos: 'user32.dll' -> '\Device\HarddiskVolume2\Windows\System32\user32.dll' [rcNtRedir=0xc0150008]
dc0.dbc: supR3HardenedScreenImage/Imports: cache hit (Unknown Status 22900 (0x5974)) on \Device\HarddiskVolume2\Windows\System32\user32.dll [lacks WinVerifyTrust]
dc0.dbc: supR3HardenedWinVerifyCacheProcessImportTodos: Processing 'gdi32.dll'...
dc0.dbc: supR3HardenedWinVerifyCacheProcessImportTodos: 'gdi32.dll' -> '\Device\HarddiskVolume2\Windows\System32\gdi32.dll' [rcNtRedir=0xc0150008]
dc0.dbc: supR3HardenedScreenImage/Imports: cache hit (Unknown Status 22900 (0x5974)) on \Device\HarddiskVolume2\Windows\System32\gdi32.dll [lacks WinVerifyTrust]
dc0.dbc: supR3HardenedMonitor_LdrLoadDll: pName=C:\Windows\system32\SHLWAPI.dll (Input=SHLWAPI.dll, rcNtResolve=0xc0150008) *pfFlags=0x0 pwszSearchPath=0000000000734040:C:\Program Files\Oracle\VirtualBox;C:\Windows\system32;C:\Windows\system;C:\Windows;.;C:\Program Files (x86)\Pervasive Software\PSQL\bin\;C:\Windows\system32;C:\Windows;C:\Windows\System32\Wbem;C:\Windows\System32\WindowsPowerShell\v1.0\ [calling]
dc0.dbc: supR3HardenedScreenImage/NtCreateSection: cache hit (Unknown Status 22900 (0x5974)) on \Device\HarddiskVolume2\Windows\System32\shlwapi.dll [lacks WinVerifyTrust]
dc0.dbc: supR3HardenedDllNotificationCallback: load   000007feffb70000 LB 0x00071000 C:\Windows\system32\SHLWAPI.dll [fFlags=0x0]
dc0.dbc: supR3HardenedScreenImage/LdrLoadDll: cache hit (Unknown Status 22900 (0x5974)) on \Device\HarddiskVolume2\Windows\System32\shlwapi.dll [lacks WinVerifyTrust]
dc0.dbc: supR3HardenedMonitor_LdrLoadDll: returns rcNt=0x0 hMod=000007feffb70000 'C:\Windows\system32\SHLWAPI.dll'
dc0.dbc: supR3HardenedIsApiSetDll: '<NULL>' -> true
dc0.dbc: supR3HardenedMonitor_LdrLoadDll: pName=API-MS-Win-Security-SDDL-L1-1-0.dll (rcNtResolve=0x0) *pfFlags=0x0 pwszSearchPath=0000000000734040:C:\Program Files\Oracle\VirtualBox;C:\Windows\system32;C:\Windows\system;C:\Windows;.;C:\Program Files (x86)\Pervasive Software\PSQL\bin\;C:\Windows\system32;C:\Windows;C:\Windows\System32\Wbem;C:\Windows\System32\WindowsPowerShell\v1.0\ [calling]
dc0.dbc: supR3HardenedMonitor_LdrLoadDll: returns rcNt=0x0 hMod=000007fefe0f0000 'API-MS-Win-Security-SDDL-L1-1-0.dll'
dc0.dbc: supR3HardenedScreenImage/LdrLoadDll: cache hit (Unknown Status 22900 (0x5974)) on \Device\HarddiskVolume2\Windows\System32\profapi.dll [lacks WinVerifyTrust]
dc0.dbc: supR3HardenedMonitor_LdrLoadDll: pName=C:\Windows\system32\profapi.dll (Input=profapi.dll, rcNtResolve=0xc0150008) *pfFlags=0x0 pwszSearchPath=0000000000734040:C:\Program Files\Oracle\VirtualBox;C:\Windows\system32;C:\Windows\system;C:\Windows;.;C:\Program Files (x86)\Pervasive Software\PSQL\bin\;C:\Windows\system32;C:\Windows;C:\Windows\System32\Wbem;C:\Windows\System32\WindowsPowerShell\v1.0\ [calling]
dc0.dbc: supR3HardenedMonitor_LdrLoadDll: returns rcNt=0x0 hMod=000007fefd830000 'C:\Windows\system32\profapi.dll'
dc0.dbc: supR3HardenedWinVerifyCacheScheduleImports: Import todo: #1 'cfgmgr32.dll'.
dc0.dbc: supR3HardenedWinVerifyCacheScheduleImports: Import todo: #2 'msvcrt.dll'.
dc0.dbc: supR3HardenedWinVerifyCacheScheduleImports: Import todo: #6 'gdi32.dll'.
dc0.dbc: supR3HardenedWinVerifyCacheScheduleImports: Import todo: #7 'rpcrt4.dll'.
dc0.dbc: supR3HardenedWinVerifyCacheScheduleImports: Import todo: #8 'user32.dll'.
dc0.dbc: supR3HardenedWinVerifyCacheScheduleImports: Import todo: #9 'oleaut32.dll'.
dc0.dbc: supR3HardenedWinVerifyCacheScheduleImports: Import todo: #10 'devobj.dll'.
dc0.dbc: supHardenedWinVerifyImageByHandle: -> 22900 (\Device\HarddiskVolume2\Windows\System32\setupapi.dll)
dc0.dbc: supR3HardenedWinVerifyCacheInsert: \Device\HarddiskVolume2\Windows\System32\setupapi.dll
dc0.dbc: supR3HardenedWinVerifyCacheProcessImportTodos: Processing 'devobj.dll'...
dc0.dbc: supR3HardenedWinVerifyCacheProcessImportTodos: 'devobj.dll' -> '\Device\HarddiskVolume2\Windows\System32\devobj.dll' [rcNtRedir=0xc0150008]
dc0.dbc: supR3HardenedWinVerifyCacheScheduleImports: Import todo: #0 'msvcrt.dll'.
dc0.dbc: supR3HardenedWinVerifyCacheScheduleImports: Import todo: #10 'cfgmgr32.dll'.
dc0.dbc: supHardenedWinVerifyImageByHandle: -> 22900 (\Device\HarddiskVolume2\Windows\System32\devobj.dll)
dc0.dbc: supR3HardenedWinVerifyCacheInsert: \Device\HarddiskVolume2\Windows\System32\devobj.dll
dc0.dbc: supR3HardenedWinVerifyCacheProcessImportTodos: Processing 'oleaut32.dll'...
dc0.dbc: supR3HardenedWinVerifyCacheProcessImportTodos: 'oleaut32.dll' -> '\Device\HarddiskVolume2\Windows\System32\oleaut32.dll' [rcNtRedir=0xc0150008]
dc0.dbc: supR3HardenedWinVerifyCacheScheduleImports: Import todo: #0 'ole32.dll'.
dc0.dbc: supR3HardenedWinVerifyCacheScheduleImports: Import todo: #1 'msvcrt.dll'.
dc0.dbc: supR3HardenedWinVerifyCacheScheduleImports: Import todo: #7 'rpcrt4.dll'.
dc0.dbc: supR3HardenedWinVerifyCacheScheduleImports: Import todo: #8 'user32.dll'.
dc0.dbc: supR3HardenedWinVerifyCacheScheduleImports: Import todo: #9 'gdi32.dll'.
dc0.dbc: supHardenedWinVerifyImageByHandle: -> 22900 (\Device\HarddiskVolume2\Windows\System32\oleaut32.dll)
dc0.dbc: supR3HardenedWinVerifyCacheInsert: \Device\HarddiskVolume2\Windows\System32\oleaut32.dll
dc0.dbc: supR3HardenedWinVerifyCacheProcessImportTodos: Processing 'user32.dll'...
dc0.dbc: supR3HardenedWinVerifyCacheProcessImportTodos: 'user32.dll' -> '\Device\HarddiskVolume2\Windows\System32\user32.dll' [rcNtRedir=0xc0150008]
dc0.dbc: supR3HardenedScreenImage/Imports: cache hit (Unknown Status 22900 (0x5974)) on \Device\HarddiskVolume2\Windows\System32\user32.dll [lacks WinVerifyTrust]
dc0.dbc: supR3HardenedWinVerifyCacheProcessImportTodos: Processing 'rpcrt4.dll'...
dc0.dbc: supR3HardenedWinVerifyCacheProcessImportTodos: 'rpcrt4.dll' -> '\Device\HarddiskVolume2\Windows\System32\rpcrt4.dll' [rcNtRedir=0xc0150008]
dc0.dbc: supR3HardenedScreenImage/Imports: cache hit (Unknown Status 22900 (0x5974)) on \Device\HarddiskVolume2\Windows\System32\rpcrt4.dll [lacks WinVerifyTrust]
dc0.dbc: supR3HardenedWinVerifyCacheProcessImportTodos: Processing 'gdi32.dll'...
dc0.dbc: supR3HardenedWinVerifyCacheProcessImportTodos: 'gdi32.dll' -> '\Device\HarddiskVolume2\Windows\System32\gdi32.dll' [rcNtRedir=0xc0150008]
dc0.dbc: supR3HardenedScreenImage/Imports: cache hit (Unknown Status 22900 (0x5974)) on \Device\HarddiskVolume2\Windows\System32\gdi32.dll [lacks WinVerifyTrust]
dc0.dbc: supR3HardenedWinVerifyCacheProcessImportTodos: Processing 'msvcrt.dll'...
dc0.dbc: supR3HardenedWinVerifyCacheProcessImportTodos: 'msvcrt.dll' -> '\Device\HarddiskVolume2\Windows\System32\msvcrt.dll' [rcNtRedir=0xc0150008]
dc0.dbc: supR3HardenedScreenImage/Imports: cache hit (Unknown Status 22900 (0x5974)) on \Device\HarddiskVolume2\Windows\System32\msvcrt.dll [lacks WinVerifyTrust]
dc0.dbc: supR3HardenedWinVerifyCacheProcessImportTodos: Processing 'cfgmgr32.dll'...
dc0.dbc: supR3HardenedWinVerifyCacheProcessImportTodos: 'cfgmgr32.dll' -> '\Device\HarddiskVolume2\Windows\System32\cfgmgr32.dll' [rcNtRedir=0xc0150008]
dc0.dbc: supR3HardenedWinVerifyCacheScheduleImports: Import todo: #0 'msvcrt.dll'.
dc0.dbc: supR3HardenedWinVerifyCacheScheduleImports: Import todo: #2 'rpcrt4.dll'.
dc0.dbc: supR3HardenedWinVerifyCacheScheduleImports: Import todo: #3 'advapi32.dll'.
dc0.dbc: supHardenedWinVerifyImageByHandle: -> 22900 (\Device\HarddiskVolume2\Windows\System32\cfgmgr32.dll)
dc0.dbc: supR3HardenedWinVerifyCacheInsert: \Device\HarddiskVolume2\Windows\System32\cfgmgr32.dll
dc0.dbc: supR3HardenedWinVerifyCacheProcessImportTodos: Processing 'advapi32.dll'...
dc0.dbc: supR3HardenedWinVerifyCacheProcessImportTodos: 'advapi32.dll' -> '\Device\HarddiskVolume2\Windows\System32\advapi32.dll' [rcNtRedir=0xc0150008]
dc0.dbc: supR3HardenedScreenImage/Imports: cache hit (Unknown Status 22900 (0x5974)) on \Device\HarddiskVolume2\Windows\System32\advapi32.dll [lacks WinVerifyTrust]
dc0.dbc: supR3HardenedWinVerifyCacheProcessImportTodos: Processing 'rpcrt4.dll'...
dc0.dbc: supR3HardenedWinVerifyCacheProcessImportTodos: 'rpcrt4.dll' -> '\Device\HarddiskVolume2\Windows\System32\rpcrt4.dll' [rcNtRedir=0xc0150008]
dc0.dbc: supR3HardenedScreenImage/Imports: cache hit (Unknown Status 22900 (0x5974)) on \Device\HarddiskVolume2\Windows\System32\rpcrt4.dll [lacks WinVerifyTrust]
dc0.dbc: supR3HardenedWinVerifyCacheProcessImportTodos: Processing 'msvcrt.dll'...
dc0.dbc: supR3HardenedWinVerifyCacheProcessImportTodos: 'msvcrt.dll' -> '\Device\HarddiskVolume2\Windows\System32\msvcrt.dll' [rcNtRedir=0xc0150008]
dc0.dbc: supR3HardenedScreenImage/Imports: cache hit (Unknown Status 22900 (0x5974)) on \Device\HarddiskVolume2\Windows\System32\msvcrt.dll [lacks WinVerifyTrust]
dc0.dbc: supR3HardenedWinVerifyCacheProcessImportTodos: Processing 'gdi32.dll'...
dc0.dbc: supR3HardenedWinVerifyCacheProcessImportTodos: 'gdi32.dll' -> '\Device\HarddiskVolume2\Windows\System32\gdi32.dll' [rcNtRedir=0xc0150008]
dc0.dbc: supR3HardenedScreenImage/Imports: cache hit (Unknown Status 22900 (0x5974)) on \Device\HarddiskVolume2\Windows\System32\gdi32.dll [lacks WinVerifyTrust]
dc0.dbc: supR3HardenedWinVerifyCacheProcessImportTodos: Processing 'user32.dll'...
dc0.dbc: supR3HardenedWinVerifyCacheProcessImportTodos: 'user32.dll' -> '\Device\HarddiskVolume2\Windows\System32\user32.dll' [rcNtRedir=0xc0150008]
dc0.dbc: supR3HardenedScreenImage/Imports: cache hit (Unknown Status 22900 (0x5974)) on \Device\HarddiskVolume2\Windows\System32\user32.dll [lacks WinVerifyTrust]
dc0.dbc: supR3HardenedWinVerifyCacheProcessImportTodos: Processing 'rpcrt4.dll'...
dc0.dbc: supR3HardenedWinVerifyCacheProcessImportTodos: 'rpcrt4.dll' -> '\Device\HarddiskVolume2\Windows\System32\rpcrt4.dll' [rcNtRedir=0xc0150008]
dc0.dbc: supR3HardenedScreenImage/Imports: cache hit (Unknown Status 22900 (0x5974)) on \Device\HarddiskVolume2\Windows\System32\rpcrt4.dll [lacks WinVerifyTrust]
dc0.dbc: supR3HardenedWinVerifyCacheProcessImportTodos: Processing 'msvcrt.dll'...
dc0.dbc: supR3HardenedWinVerifyCacheProcessImportTodos: 'msvcrt.dll' -> '\Device\HarddiskVolume2\Windows\System32\msvcrt.dll' [rcNtRedir=0xc0150008]
dc0.dbc: supR3HardenedScreenImage/Imports: cache hit (Unknown Status 22900 (0x5974)) on \Device\HarddiskVolume2\Windows\System32\msvcrt.dll [lacks WinVerifyTrust]
dc0.dbc: supR3HardenedWinVerifyCacheProcessImportTodos: Processing 'ole32.dll'...
dc0.dbc: supR3HardenedWinVerifyCacheProcessImportTodos: 'ole32.dll' -> '\Device\HarddiskVolume2\Windows\System32\ole32.dll' [rcNtRedir=0xc0150008]
dc0.dbc: supR3HardenedWinVerifyCacheScheduleImports: Import todo: #0 'msvcrt.dll'.
dc0.dbc: supR3HardenedWinVerifyCacheScheduleImports: Import todo: #1 'gdi32.dll'.
dc0.dbc: supR3HardenedWinVerifyCacheScheduleImports: Import todo: #25 'user32.dll'.
dc0.dbc: supR3HardenedWinVerifyCacheScheduleImports: Import todo: #26 'rpcrt4.dll'.
dc0.dbc: supHardenedWinVerifyImageByHandle: -> 22900 (\Device\HarddiskVolume2\Windows\System32\ole32.dll)
dc0.dbc: supR3HardenedWinVerifyCacheInsert: \Device\HarddiskVolume2\Windows\System32\ole32.dll
dc0.dbc: supR3HardenedWinVerifyCacheProcessImportTodos: Processing 'cfgmgr32.dll'...
dc0.dbc: supR3HardenedWinVerifyCacheProcessImportTodos: 'cfgmgr32.dll' -> '\Device\HarddiskVolume2\Windows\System32\cfgmgr32.dll' [rcNtRedir=0xc0150008]
dc0.dbc: supR3HardenedScreenImage/Imports: cache hit (Unknown Status 22900 (0x5974)) on \Device\HarddiskVolume2\Windows\System32\cfgmgr32.dll [lacks WinVerifyTrust]
dc0.dbc: supR3HardenedWinVerifyCacheProcessImportTodos: Processing 'msvcrt.dll'...
dc0.dbc: supR3HardenedWinVerifyCacheProcessImportTodos: 'msvcrt.dll' -> '\Device\HarddiskVolume2\Windows\System32\msvcrt.dll' [rcNtRedir=0xc0150008]
dc0.dbc: supR3HardenedScreenImage/Imports: cache hit (Unknown Status 22900 (0x5974)) on \Device\HarddiskVolume2\Windows\System32\msvcrt.dll [lacks WinVerifyTrust]
dc0.dbc: supR3HardenedWinVerifyCacheProcessImportTodos: Processing 'rpcrt4.dll'...
dc0.dbc: supR3HardenedWinVerifyCacheProcessImportTodos: 'rpcrt4.dll' -> '\Device\HarddiskVolume2\Windows\System32\rpcrt4.dll' [rcNtRedir=0xc0150008]
dc0.dbc: supR3HardenedScreenImage/Imports: cache hit (Unknown Status 22900 (0x5974)) on \Device\HarddiskVolume2\Windows\System32\rpcrt4.dll [lacks WinVerifyTrust]
dc0.dbc: supR3HardenedWinVerifyCacheProcessImportTodos: Processing 'user32.dll'...
dc0.dbc: supR3HardenedWinVerifyCacheProcessImportTodos: 'user32.dll' -> '\Device\HarddiskVolume2\Windows\System32\user32.dll' [rcNtRedir=0xc0150008]
dc0.dbc: supR3HardenedScreenImage/Imports: cache hit (Unknown Status 22900 (0x5974)) on \Device\HarddiskVolume2\Windows\System32\user32.dll [lacks WinVerifyTrust]
dc0.dbc: supR3HardenedWinVerifyCacheProcessImportTodos: Processing 'gdi32.dll'...
dc0.dbc: supR3HardenedWinVerifyCacheProcessImportTodos: 'gdi32.dll' -> '\Device\HarddiskVolume2\Windows\System32\gdi32.dll' [rcNtRedir=0xc0150008]
dc0.dbc: supR3HardenedScreenImage/Imports: cache hit (Unknown Status 22900 (0x5974)) on \Device\HarddiskVolume2\Windows\System32\gdi32.dll [lacks WinVerifyTrust]
dc0.dbc: supR3HardenedWinVerifyCacheProcessImportTodos: Processing 'msvcrt.dll'...
dc0.dbc: supR3HardenedWinVerifyCacheProcessImportTodos: 'msvcrt.dll' -> '\Device\HarddiskVolume2\Windows\System32\msvcrt.dll' [rcNtRedir=0xc0150008]
dc0.dbc: supR3HardenedScreenImage/Imports: cache hit (Unknown Status 22900 (0x5974)) on \Device\HarddiskVolume2\Windows\System32\msvcrt.dll [lacks WinVerifyTrust]
dc0.dbc: supR3HardenedMonitor_LdrLoadDll: pName=C:\Windows\system32\setupapi.dll (Input=setupapi.dll, rcNtResolve=0xc0150008) *pfFlags=0x0 pwszSearchPath=0000000000734040:C:\Program Files\Oracle\VirtualBox;C:\Windows\system32;C:\Windows\system;C:\Windows;.;C:\Program Files (x86)\Pervasive Software\PSQL\bin\;C:\Windows\system32;C:\Windows;C:\Windows\System32\Wbem;C:\Windows\System32\WindowsPowerShell\v1.0\ [calling]
dc0.dbc: supR3HardenedScreenImage/NtCreateSection: cache hit (Unknown Status 22900 (0x5974)) on \Device\HarddiskVolume2\Windows\System32\setupapi.dll [lacks WinVerifyTrust]
dc0.dbc: supR3HardenedDllNotificationCallback: load   000007feff050000 LB 0x001d7000 C:\Windows\system32\setupapi.dll [fFlags=0x0]
dc0.dbc: supR3HardenedScreenImage/LdrLoadDll: cache hit (Unknown Status 22900 (0x5974)) on \Device\HarddiskVolume2\Windows\System32\setupapi.dll [lacks WinVerifyTrust]
dc0.dbc: supR3HardenedDllNotificationCallback: load   000007fefdbc0000 LB 0x00036000 C:\Windows\system32\CFGMGR32.dll [fFlags=0x0]
dc0.dbc: supR3HardenedScreenImage/LdrLoadDll: cache hit (Unknown Status 22900 (0x5974)) on \Device\HarddiskVolume2\Windows\System32\cfgmgr32.dll [lacks WinVerifyTrust]
dc0.dbc: supR3HardenedDllNotificationCallback: load   000007feff760000 LB 0x000d7000 C:\Windows\system32\OLEAUT32.dll [fFlags=0x0]
dc0.dbc: supR3HardenedScreenImage/LdrLoadDll: cache hit (Unknown Status 22900 (0x5974)) on \Device\HarddiskVolume2\Windows\System32\oleaut32.dll [lacks WinVerifyTrust]
dc0.dbc: supR3HardenedDllNotificationCallback: load   000007feff2f0000 LB 0x00203000 C:\Windows\system32\ole32.dll [fFlags=0x0]
dc0.dbc: supR3HardenedScreenImage/LdrLoadDll: cache hit (Unknown Status 22900 (0x5974)) on \Device\HarddiskVolume2\Windows\System32\ole32.dll [lacks WinVerifyTrust]
dc0.dbc: supR3HardenedDllNotificationCallback: load   000007fefda90000 LB 0x0001a000 C:\Windows\system32\DEVOBJ.dll [fFlags=0x0]
dc0.dbc: supR3HardenedScreenImage/LdrLoadDll: cache hit (Unknown Status 22900 (0x5974)) on \Device\HarddiskVolume2\Windows\System32\devobj.dll [lacks WinVerifyTrust]
dc0.dbc: supR3HardenedIsApiSetDll: '<NULL>' -> true
dc0.dbc: supR3HardenedMonitor_LdrLoadDll: pName=API-MS-Win-Core-LocalRegistry-L1-1-0.dll (rcNtResolve=0x0) *pfFlags=0x0 pwszSearchPath=0000000000734040:C:\Program Files\Oracle\VirtualBox;C:\Windows\system32;C:\Windows\system;C:\Windows;.;C:\Program Files (x86)\Pervasive Software\PSQL\bin\;C:\Windows\system32;C:\Windows;C:\Windows\System32\Wbem;C:\Windows\System32\WindowsPowerShell\v1.0\ [calling]
dc0.dbc: supR3HardenedMonitor_LdrLoadDll: returns rcNt=0x0 hMod=00000000776c0000 'API-MS-Win-Core-LocalRegistry-L1-1-0.dll'
dc0.dbc: supR3HardenedMonitor_LdrLoadDll: returns rcNt=0x0 hMod=000007feff050000 'C:\Windows\system32\setupapi.dll'
dc0.dbc: supR3HardenedWinVerifyCacheScheduleImports: Import todo: #0 'msvcrt.dll'.
dc0.dbc: supHardenedWinVerifyImageByHandle: -> 22900 (\Device\HarddiskVolume2\Windows\System32\cabinet.dll)
dc0.dbc: supR3HardenedWinVerifyCacheInsert: \Device\HarddiskVolume2\Windows\System32\cabinet.dll
dc0.dbc: supR3HardenedWinVerifyCacheProcessImportTodos: Processing 'msvcrt.dll'...
dc0.dbc: supR3HardenedWinVerifyCacheProcessImportTodos: 'msvcrt.dll' -> '\Device\HarddiskVolume2\Windows\System32\msvcrt.dll' [rcNtRedir=0xc0150008]
dc0.dbc: supR3HardenedScreenImage/Imports: cache hit (Unknown Status 22900 (0x5974)) on \Device\HarddiskVolume2\Windows\System32\msvcrt.dll [lacks WinVerifyTrust]
dc0.dbc: supR3HardenedMonitor_LdrLoadDll: pName=C:\Windows\system32\Cabinet.dll (Input=Cabinet.dll, rcNtResolve=0xc0150008) *pfFlags=0x0 pwszSearchPath=0000000000734040:C:\Program Files\Oracle\VirtualBox;C:\Windows\system32;C:\Windows\system;C:\Windows;.;C:\Program Files (x86)\Pervasive Software\PSQL\bin\;C:\Windows\system32;C:\Windows;C:\Windows\System32\Wbem;C:\Windows\System32\WindowsPowerShell\v1.0\ [calling]
dc0.dbc: supR3HardenedScreenImage/NtCreateSection: cache hit (Unknown Status 22900 (0x5974)) on \Device\HarddiskVolume2\Windows\System32\cabinet.dll [lacks WinVerifyTrust]
dc0.dbc: supR3HardenedDllNotificationCallback: load   000007fef8dd0000 LB 0x0001b000 C:\Windows\system32\Cabinet.dll [fFlags=0x0]
dc0.dbc: supR3HardenedScreenImage/LdrLoadDll: cache hit (Unknown Status 22900 (0x5974)) on \Device\HarddiskVolume2\Windows\System32\cabinet.dll [lacks WinVerifyTrust]
dc0.dbc: supR3HardenedMonitor_LdrLoadDll: returns rcNt=0x0 hMod=000007fef8dd0000 'C:\Windows\system32\Cabinet.dll'
dc0.dbc: supR3HardenedWinVerifyCacheScheduleImports: Import todo: #0 'msvcrt.dll'.
dc0.dbc: supHardenedWinVerifyImageByHandle: -> 22900 (\Device\HarddiskVolume2\Windows\System32\devrtl.dll)
dc0.dbc: supR3HardenedWinVerifyCacheInsert: \Device\HarddiskVolume2\Windows\System32\devrtl.dll
dc0.dbc: supR3HardenedWinVerifyCacheProcessImportTodos: Processing 'msvcrt.dll'...
dc0.dbc: supR3HardenedWinVerifyCacheProcessImportTodos: 'msvcrt.dll' -> '\Device\HarddiskVolume2\Windows\System32\msvcrt.dll' [rcNtRedir=0xc0150008]
dc0.dbc: supR3HardenedScreenImage/Imports: cache hit (Unknown Status 22900 (0x5974)) on \Device\HarddiskVolume2\Windows\System32\msvcrt.dll [lacks WinVerifyTrust]
dc0.dbc: supR3HardenedMonitor_LdrLoadDll: pName=C:\Windows\system32\DEVRTL.dll (Input=DEVRTL.dll, rcNtResolve=0xc0150008) *pfFlags=0x0 pwszSearchPath=0000000000734040:C:\Program Files\Oracle\VirtualBox;C:\Windows\system32;C:\Windows\system;C:\Windows;.;C:\Program Files (x86)\Pervasive Software\PSQL\bin\;C:\Windows\system32;C:\Windows;C:\Windows\System32\Wbem;C:\Windows\System32\WindowsPowerShell\v1.0\ [calling]
dc0.dbc: supR3HardenedScreenImage/NtCreateSection: cache hit (Unknown Status 22900 (0x5974)) on \Device\HarddiskVolume2\Windows\System32\devrtl.dll [lacks WinVerifyTrust]
dc0.dbc: supR3HardenedDllNotificationCallback: load   000007fefcba0000 LB 0x00012000 C:\Windows\system32\DEVRTL.dll [fFlags=0x0]
dc0.dbc: supR3HardenedScreenImage/LdrLoadDll: cache hit (Unknown Status 22900 (0x5974)) on \Device\HarddiskVolume2\Windows\System32\devrtl.dll [lacks WinVerifyTrust]
dc0.dbc: supR3HardenedMonitor_LdrLoadDll: returns rcNt=0x0 hMod=000007fefcba0000 'C:\Windows\system32\DEVRTL.dll'
dc0.dbc: supR3HardenedDllNotificationCallback: Unload 000007feff050000 LB 0x001d7000 C:\Windows\system32\setupapi.dll [flags=0x0]
dc0.dbc: supR3HardenedDllNotificationCallback: Unload 000007fefda90000 LB 0x0001a000 C:\Windows\system32\DEVOBJ.dll [flags=0x0]
dc0.dbc: supR3HardenedDllNotificationCallback: Unload 000007feff760000 LB 0x000d7000 C:\Windows\system32\OLEAUT32.dll [flags=0x0]
dc0.dbc: supR3HardenedDllNotificationCallback: Unload 000007feff2f0000 LB 0x00203000 C:\Windows\system32\ole32.dll [flags=0x0]
dc0.dbc: supR3HardenedDllNotificationCallback: Unload 000007fefdbc0000 LB 0x00036000 C:\Windows\system32\CFGMGR32.dll [flags=0x0]
dc0.dbc: supR3HardenedWinVerifyCacheScheduleImports: Import todo: #0 'msvcrt.dll'.
dc0.dbc: supHardenedWinVerifyImageByHandle: -> 22900 (\Device\HarddiskVolume2\Windows\System32\SensApi.dll)
dc0.dbc: supR3HardenedWinVerifyCacheInsert: \Device\HarddiskVolume2\Windows\System32\SensApi.dll
dc0.dbc: supR3HardenedWinVerifyCacheProcessImportTodos: Processing 'msvcrt.dll'...
dc0.dbc: supR3HardenedWinVerifyCacheProcessImportTodos: 'msvcrt.dll' -> '\Device\HarddiskVolume2\Windows\System32\msvcrt.dll' [rcNtRedir=0xc0150008]
dc0.dbc: supR3HardenedScreenImage/Imports: cache hit (Unknown Status 22900 (0x5974)) on \Device\HarddiskVolume2\Windows\System32\msvcrt.dll [lacks WinVerifyTrust]
dc0.dbc: supR3HardenedMonitor_LdrLoadDll: pName=C:\Windows\system32\SensApi.dll (Input=SensApi.dll, rcNtResolve=0xc0150008) *pfFlags=0x0 pwszSearchPath=0000000000734040:C:\Program Files\Oracle\VirtualBox;C:\Windows\system32;C:\Windows\system;C:\Windows;.;C:\Program Files (x86)\Pervasive Software\PSQL\bin\;C:\Windows\system32;C:\Windows;C:\Windows\System32\Wbem;C:\Windows\System32\WindowsPowerShell\v1.0\ [calling]
dc0.dbc: supR3HardenedScreenImage/NtCreateSection: cache hit (Unknown Status 22900 (0x5974)) on \Device\HarddiskVolume2\Windows\System32\SensApi.dll [lacks WinVerifyTrust]
dc0.dbc: supR3HardenedDllNotificationCallback: load   000007fefa480000 LB 0x00009000 C:\Windows\system32\SensApi.dll [fFlags=0x0]
dc0.dbc: supR3HardenedScreenImage/LdrLoadDll: cache hit (Unknown Status 22900 (0x5974)) on \Device\HarddiskVolume2\Windows\System32\SensApi.dll [lacks WinVerifyTrust]
dc0.dbc: supR3HardenedMonitor_LdrLoadDll: returns rcNt=0x0 hMod=000007fefa480000 'C:\Windows\system32\SensApi.dll'
dc0.dbc: supR3HardenedScreenImage/LdrLoadDll: cache hit (Unknown Status 22900 (0x5974)) on \Device\HarddiskVolume2\Windows\System32\rpcrt4.dll [lacks WinVerifyTrust]
dc0.dbc: supR3HardenedMonitor_LdrLoadDll: returns rcNt=0x0 hMod=000007feff630000 'C:\Windows\system32\RPCRT4.dll'
dc0.dbc: supR3HardenedIsApiSetDll: '<NULL>' -> true
dc0.dbc: supR3HardenedMonitor_LdrLoadDll: pName=API-MS-WIN-Service-Management-L1-1-0.dll (rcNtResolve=0x0) *pfFlags=0x0 pwszSearchPath=0000000000734040:C:\Program Files\Oracle\VirtualBox;C:\Windows\system32;C:\Windows\system;C:\Windows;.;C:\Program Files (x86)\Pervasive Software\PSQL\bin\;C:\Windows\system32;C:\Windows;C:\Windows\System32\Wbem;C:\Windows\System32\WindowsPowerShell\v1.0\ [calling]
dc0.dbc: supR3HardenedMonitor_LdrLoadDll: returns rcNt=0x0 hMod=000007fefe0f0000 'API-MS-WIN-Service-Management-L1-1-0.dll'
dc0.dbc: supR3HardenedIsApiSetDll: '<NULL>' -> true
dc0.dbc: supR3HardenedMonitor_LdrLoadDll: pName=API-MS-WIN-Service-winsvc-L1-1-0.dll (rcNtResolve=0x0) *pfFlags=0x0 pwszSearchPath=0000000000734040:C:\Program Files\Oracle\VirtualBox;C:\Windows\system32;C:\Windows\system;C:\Windows;.;C:\Program Files (x86)\Pervasive Software\PSQL\bin\;C:\Windows\system32;C:\Windows;C:\Windows\System32\Wbem;C:\Windows\System32\WindowsPowerShell\v1.0\ [calling]
dc0.dbc: supR3HardenedMonitor_LdrLoadDll: returns rcNt=0x0 hMod=000007fefe0f0000 'API-MS-WIN-Service-winsvc-L1-1-0.dll'
dc0.dbc: supR3HardenedScreenImage/LdrLoadDll: cache hit (Unknown Status 22900 (0x5974)) on \Device\HarddiskVolume2\Windows\System32\rpcrt4.dll [lacks WinVerifyTrust]
dc0.dbc: supR3HardenedMonitor_LdrLoadDll: returns rcNt=0x0 hMod=000007feff630000 'C:\Windows\system32\RPCRT4.dll'
dc0.dbc: supR3HardenedIsApiSetDll: '<NULL>' -> true
dc0.dbc: supR3HardenedMonitor_LdrLoadDll: pName=API-MS-Win-Security-LSALookup-L1-1-0.dll (rcNtResolve=0x0) *pfFlags=0x0 pwszSearchPath=0000000000734040:C:\Program Files\Oracle\VirtualBox;C:\Windows\system32;C:\Windows\system;C:\Windows;.;C:\Program Files (x86)\Pervasive Software\PSQL\bin\;C:\Windows\system32;C:\Windows;C:\Windows\System32\Wbem;C:\Windows\System32\WindowsPowerShell\v1.0\ [calling]
dc0.dbc: supR3HardenedMonitor_LdrLoadDll: returns rcNt=0x0 hMod=000007fefe0f0000 'API-MS-Win-Security-LSALookup-L1-1-0.dll'
dc0.dbc: supR3HardenedIsApiSetDll: '<NULL>' -> true
dc0.dbc: supR3HardenedMonitor_LdrLoadDll: pName=API-MS-Win-Security-LSALookup-L1-1-0.dll (rcNtResolve=0x0) *pfFlags=0x0 pwszSearchPath=0000000000734040:C:\Program Files\Oracle\VirtualBox;C:\Windows\system32;C:\Windows\system;C:\Windows;.;C:\Program Files (x86)\Pervasive Software\PSQL\bin\;C:\Windows\system32;C:\Windows;C:\Windows\System32\Wbem;C:\Windows\System32\WindowsPowerShell\v1.0\ [calling]
dc0.dbc: supR3HardenedMonitor_LdrLoadDll: returns rcNt=0x0 hMod=000007fefe0f0000 'API-MS-Win-Security-LSALookup-L1-1-0.dll'
dc0.dbc: supR3HardenedScreenImage/LdrLoadDll: cache hit (Unknown Status 22900 (0x5974)) on \Device\HarddiskVolume2\Windows\System32\cryptnet.dll [lacks WinVerifyTrust]
dc0.dbc: supR3HardenedMonitor_LdrLoadDll: returns rcNt=0x0 hMod=000007fefa490000 'C:\Windows\system32\cryptnet.dll'
dc0.dbc: supR3HardNtViCallWinVerifyTrustCatFile: hFile=0000000000000000 pwszName=\SystemRoot\System32\ntdll.dll
dc0.dbc: supR3HardNtViCallWinVerifyTrustCatFile: New context 00000000007d1ab0
dc0.dbc: supR3HardNtViCallWinVerifyTrustCatFile: hCatAdmin=00000000007d1ab0
dc0.dbc: supR3HardNtViCallWinVerifyTrustCatFile: cbHash=20 wszDigest=6463B603CF12442718467D754A1EDC45CE1D6E7E
dc0.dbc: supR3HardenedIsApiSetDll: '<NULL>' -> true
dc0.dbc: supR3HardenedMonitor_LdrLoadDll: pName=API-MS-Win-Security-SDDL-L1-1-0.dll (rcNtResolve=0x0) *pfFlags=0x0 pwszSearchPath=0000000000734040:C:\Program Files\Oracle\VirtualBox;C:\Windows\system32;C:\Windows\system;C:\Windows;.;C:\Program Files (x86)\Pervasive Software\PSQL\bin\;C:\Windows\system32;C:\Windows;C:\Windows\System32\Wbem;C:\Windows\System32\WindowsPowerShell\v1.0\ [calling]
dc0.dbc: supR3HardenedMonitor_LdrLoadDll: returns rcNt=0x0 hMod=000007fefe0f0000 'API-MS-Win-Security-SDDL-L1-1-0.dll'
dc0.dbc: supR3HardenedIsApiSetDll: '<NULL>' -> true
dc0.dbc: supR3HardenedMonitor_LdrLoadDll: pName=API-MS-WIN-Service-Management-L1-1-0.dll (rcNtResolve=0x0) *pfFlags=0x0 pwszSearchPath=0000000000734040:C:\Program Files\Oracle\VirtualBox;C:\Windows\system32;C:\Windows\system;C:\Windows;.;C:\Program Files (x86)\Pervasive Software\PSQL\bin\;C:\Windows\system32;C:\Windows;C:\Windows\System32\Wbem;C:\Windows\System32\WindowsPowerShell\v1.0\ [calling]
dc0.dbc: supR3HardenedMonitor_LdrLoadDll: returns rcNt=0x0 hMod=000007fefe0f0000 'API-MS-WIN-Service-Management-L1-1-0.dll'
dc0.dbc: supR3HardenedIsApiSetDll: '<NULL>' -> true
dc0.dbc: supR3HardenedMonitor_LdrLoadDll: pName=API-MS-WIN-Service-winsvc-L1-1-0.dll (rcNtResolve=0x0) *pfFlags=0x0 pwszSearchPath=0000000000734040:C:\Program Files\Oracle\VirtualBox;C:\Windows\system32;C:\Windows\system;C:\Windows;.;C:\Program Files (x86)\Pervasive Software\PSQL\bin\;C:\Windows\system32;C:\Windows;C:\Windows\System32\Wbem;C:\Windows\System32\WindowsPowerShell\v1.0\ [calling]
dc0.dbc: supR3HardenedMonitor_LdrLoadDll: returns rcNt=0x0 hMod=000007fefe0f0000 'API-MS-WIN-Service-winsvc-L1-1-0.dll'
dc0.dbc: supR3HardenedScreenImage/LdrLoadDll: cache hit (Unknown Status 22900 (0x5974)) on \Device\HarddiskVolume2\Windows\System32\advapi32.dll [lacks WinVerifyTrust]
dc0.dbc: supR3HardenedMonitor_LdrLoadDll: pName=C:\Windows\system32\ADVAPI32.dll (Input=ADVAPI32.dll, rcNtResolve=0xc0150008) *pfFlags=0x0 pwszSearchPath=0000000000734040:C:\Program Files\Oracle\VirtualBox;C:\Windows\system32;C:\Windows\system;C:\Windows;.;C:\Program Files (x86)\Pervasive Software\PSQL\bin\;C:\Windows\system32;C:\Windows;C:\Windows\System32\Wbem;C:\Windows\System32\WindowsPowerShell\v1.0\ [calling]
dc0.dbc: supR3HardenedMonitor_LdrLoadDll: returns rcNt=0x0 hMod=000007fefdc00000 'C:\Windows\system32\ADVAPI32.dll'
dc0.dbc: supR3HardenedIsApiSetDll: '<NULL>' -> true
dc0.dbc: supR3HardenedMonitor_LdrLoadDll: pName=API-MS-Win-Security-LSALookup-L1-1-0.dll (rcNtResolve=0x0) *pfFlags=0x0 pwszSearchPath=0000000000734040:C:\Program Files\Oracle\VirtualBox;C:\Windows\system32;C:\Windows\system;C:\Windows;.;C:\Program Files (x86)\Pervasive Software\PSQL\bin\;C:\Windows\system32;C:\Windows;C:\Windows\System32\Wbem;C:\Windows\System32\WindowsPowerShell\v1.0\ [calling]
dc0.dbc: supR3HardenedMonitor_LdrLoadDll: returns rcNt=0x0 hMod=000007fefe0f0000 'API-MS-Win-Security-LSALookup-L1-1-0.dll'
dc0.dbc: supR3HardNtViCallWinVerifyTrustCatFile: WinVerifyTrust => 0x0; cat='C:\Windows\system32\CatRoot\{F750E6C3-38EE-11D1-85E5-00C04FC295EE}\Microsoft-Windows-Foundation-Package~31bf3856ad364e35~amd64~~6.1.7601.17514.cat'; file='\SystemRoot\System32\ntdll.dll'
dc0.dbc: g_pfnWinVerifyTrust=000007fefd8e1010
dc0.dbc: supR3HardenedScreenImage/preload: cache hit (Unknown Status 22900 (0x5974)) on \Device\HarddiskVolume2\Windows\System32\crypt32.dll [redoing WinVerifyTrust]
dc0.dbc: supR3HardNtViCallWinVerifyTrustCatFile: hFile=00000000000000c4 pwszName=\Device\HarddiskVolume2\Windows\System32\crypt32.dll
dc0.dbc: supR3HardNtViCallWinVerifyTrustCatFile: Cached context 00000000007d1ab0
dc0.dbc: supR3HardNtViCallWinVerifyTrustCatFile: hCatAdmin=00000000007d1ab0
dc0.dbc: supR3HardNtViCallWinVerifyTrustCatFile: cbHash=20 wszDigest=766DAE0DAEDFFD0DB96611658C619DD5922D2FEC
dc0.dbc: supR3HardNtViCallWinVerifyTrustCatFile: WinVerifyTrust => 0x0; cat='C:\Windows\system32\CatRoot\{F750E6C3-38EE-11D1-85E5-00C04FC295EE}\Microsoft-Windows-Foundation-Package~31bf3856ad364e35~amd64~~6.1.7601.17514.cat'; file='\Device\HarddiskVolume2\Windows\System32\crypt32.dll'
dc0.dbc: supR3HardNtViCallWinVerifyTrustCatFile -> 0 (org 22900)
dc0.dbc: supR3HardenedScreenImage/preload: 0 (was 22900) fWinVerifyTrust=1 for '\Device\HarddiskVolume2\Windows\System32\crypt32.dll'
dc0.dbc: supR3HardenedScreenImage/preload: cache hit (Unknown Status 22900 (0x5974)) on \Device\HarddiskVolume2\Windows\System32\wintrust.dll [redoing WinVerifyTrust]
dc0.dbc: supR3HardNtViCallWinVerifyTrustCatFile: hFile=00000000000000b8 pwszName=\Device\HarddiskVolume2\Windows\System32\wintrust.dll
dc0.dbc: supR3HardNtViCallWinVerifyTrustCatFile: Cached context 00000000007d1ab0
dc0.dbc: supR3HardNtViCallWinVerifyTrustCatFile: hCatAdmin=00000000007d1ab0
dc0.dbc: supR3HardNtViCallWinVerifyTrustCatFile: cbHash=20 wszDigest=E8D9B442D9CC38B2D0501106E104A42A4EE0B238
dc0.dbc: supR3HardNtViCallWinVerifyTrustCatFile: WinVerifyTrust => 0x0; cat='C:\Windows\system32\CatRoot\{F750E6C3-38EE-11D1-85E5-00C04FC295EE}\Microsoft-Windows-Foundation-Package~31bf3856ad364e35~amd64~~6.1.7601.17514.cat'; file='\Device\HarddiskVolume2\Windows\System32\wintrust.dll'
dc0.dbc: supR3HardNtViCallWinVerifyTrustCatFile -> 0 (org 22900)
dc0.dbc: supR3HardenedScreenImage/preload: 0 (was 22900) fWinVerifyTrust=1 for '\Device\HarddiskVolume2\Windows\System32\wintrust.dll'
dc0.dbc: supR3HardNtViCallWinVerifyTrustCatFile: hFile=0000000000000394 pwszName=\Device\HarddiskVolume2\Windows\System32\SensApi.dll
dc0.dbc: supR3HardNtViCallWinVerifyTrustCatFile: Cached context 00000000007d1ab0
dc0.dbc: supR3HardNtViCallWinVerifyTrustCatFile: hCatAdmin=00000000007d1ab0
dc0.dbc: supR3HardNtViCallWinVerifyTrustCatFile: cbHash=20 wszDigest=64EC96E0AF581E764142DFBCFCF2E1C9BCF62EE4
dc0.dbc: supR3HardNtViCallWinVerifyTrustCatFile: WinVerifyTrust => 0x0; cat='C:\Windows\system32\CatRoot\{F750E6C3-38EE-11D1-85E5-00C04FC295EE}\ntpe.cat'; file='\Device\HarddiskVolume2\Windows\System32\SensApi.dll'
dc0.dbc: supR3HardNtViCallWinVerifyTrustCatFile -> 0 (org 22900)
dc0.dbc: supR3HardenedWinVerifyCacheProcessWvtTodos: 0 (was 22900) fWinVerifyTrust=1 for '\Device\HarddiskVolume2\Windows\System32\SensApi.dll'
dc0.dbc: supR3HardNtViCallWinVerifyTrustCatFile: hFile=00000000000003d0 pwszName=\Device\HarddiskVolume2\Windows\System32\devrtl.dll
dc0.dbc: supR3HardNtViCallWinVerifyTrustCatFile: Cached context 00000000007d1ab0
dc0.dbc: supR3HardNtViCallWinVerifyTrustCatFile: hCatAdmin=00000000007d1ab0
dc0.dbc: supR3HardNtViCallWinVerifyTrustCatFile: cbHash=20 wszDigest=445E5B0E9F43B5D56A5B9C4BC3369E3D076ACA1A
dc0.dbc: supR3HardNtViCallWinVerifyTrustCatFile: WinVerifyTrust => 0x0; cat='C:\Windows\system32\CatRoot\{F750E6C3-38EE-11D1-85E5-00C04FC295EE}\Microsoft-Windows-Foundation-Package~31bf3856ad364e35~amd64~~6.1.7601.17514.cat'; file='\Device\HarddiskVolume2\Windows\System32\devrtl.dll'
dc0.dbc: supR3HardNtViCallWinVerifyTrustCatFile -> 0 (org 22900)
dc0.dbc: supR3HardenedWinVerifyCacheProcessWvtTodos: 0 (was 22900) fWinVerifyTrust=1 for '\Device\HarddiskVolume2\Windows\System32\devrtl.dll'
dc0.dbc: supR3HardNtViCallWinVerifyTrustCatFile: hFile=00000000000003c4 pwszName=\Device\HarddiskVolume2\Windows\System32\cabinet.dll
dc0.dbc: supR3HardNtViCallWinVerifyTrustCatFile: Cached context 00000000007d1ab0
dc0.dbc: supR3HardNtViCallWinVerifyTrustCatFile: hCatAdmin=00000000007d1ab0
dc0.dbc: supR3HardNtViCallWinVerifyTrustCatFile: cbHash=20 wszDigest=5D1555851298EA005A2E9FEA027F5898BC240083
dc0.dbc: supR3HardNtViCallWinVerifyTrustCatFile: WinVerifyTrust => 0x0; cat='C:\Windows\system32\CatRoot\{F750E6C3-38EE-11D1-85E5-00C04FC295EE}\Microsoft-Windows-Foundation-Package~31bf3856ad364e35~amd64~~6.1.7601.17514.cat'; file='\Device\HarddiskVolume2\Windows\System32\cabinet.dll'
dc0.dbc: supR3HardNtViCallWinVerifyTrustCatFile -> 0 (org 22900)
dc0.dbc: supR3HardenedWinVerifyCacheProcessWvtTodos: 0 (was 22900) fWinVerifyTrust=1 for '\Device\HarddiskVolume2\Windows\System32\cabinet.dll'
dc0.dbc: supR3HardNtViCallWinVerifyTrustCatFile: hFile=000000000000038c pwszName=\Device\HarddiskVolume2\Windows\System32\ole32.dll
dc0.dbc: supR3HardNtViCallWinVerifyTrustCatFile: Cached context 00000000007d1ab0
dc0.dbc: supR3HardNtViCallWinVerifyTrustCatFile: hCatAdmin=00000000007d1ab0
dc0.dbc: supR3HardNtViCallWinVerifyTrustCatFile: cbHash=20 wszDigest=2E64AE329BD5124592BC8CB0B327AA3B95DC65B7
dc0.dbc: supR3HardNtViCallWinVerifyTrustCatFile: WinVerifyTrust => 0x0; cat='C:\Windows\system32\CatRoot\{F750E6C3-38EE-11D1-85E5-00C04FC295EE}\Microsoft-Windows-Foundation-Package~31bf3856ad364e35~amd64~~6.1.7601.17514.cat'; file='\Device\HarddiskVolume2\Windows\System32\ole32.dll'
dc0.dbc: supR3HardNtViCallWinVerifyTrustCatFile -> 0 (org 22900)
dc0.dbc: supR3HardenedWinVerifyCacheProcessWvtTodos: 0 (was 22900) fWinVerifyTrust=1 for '\Device\HarddiskVolume2\Windows\System32\ole32.dll'
dc0.dbc: supR3HardNtViCallWinVerifyTrustCatFile: hFile=0000000000000388 pwszName=\Device\HarddiskVolume2\Windows\System32\cfgmgr32.dll
dc0.dbc: supR3HardNtViCallWinVerifyTrustCatFile: Cached context 00000000007d1ab0
dc0.dbc: supR3HardNtViCallWinVerifyTrustCatFile: hCatAdmin=00000000007d1ab0
dc0.dbc: supR3HardNtViCallWinVerifyTrustCatFile: cbHash=20 wszDigest=8F731777EFC4BC982C1E1467FBF29A74CC14D93A
dc0.dbc: supR3HardNtViCallWinVerifyTrustCatFile: WinVerifyTrust => 0x0; cat='C:\Windows\system32\CatRoot\{F750E6C3-38EE-11D1-85E5-00C04FC295EE}\Microsoft-Windows-Foundation-Package~31bf3856ad364e35~amd64~~6.1.7601.17514.cat'; file='\Device\HarddiskVolume2\Windows\System32\cfgmgr32.dll'
dc0.dbc: supR3HardNtViCallWinVerifyTrustCatFile -> 0 (org 22900)
dc0.dbc: supR3HardenedWinVerifyCacheProcessWvtTodos: 0 (was 22900) fWinVerifyTrust=1 for '\Device\HarddiskVolume2\Windows\System32\cfgmgr32.dll'
dc0.dbc: supR3HardNtViCallWinVerifyTrustCatFile: hFile=0000000000000384 pwszName=\Device\HarddiskVolume2\Windows\System32\oleaut32.dll
dc0.dbc: supR3HardNtViCallWinVerifyTrustCatFile: Cached context 00000000007d1ab0
dc0.dbc: supR3HardNtViCallWinVerifyTrustCatFile: hCatAdmin=00000000007d1ab0
dc0.dbc: supR3HardNtViCallWinVerifyTrustCatFile: cbHash=20 wszDigest=26A5C3FE898CBD66951D3BC65E742E0BE561E69B
dc0.dbc: supR3HardNtViCallWinVerifyTrustCatFile: WinVerifyTrust => 0x0; cat='C:\Windows\system32\CatRoot\{F750E6C3-38EE-11D1-85E5-00C04FC295EE}\Microsoft-Windows-Foundation-Package~31bf3856ad364e35~amd64~~6.1.7601.17514.cat'; file='\Device\HarddiskVolume2\Windows\System32\oleaut32.dll'
dc0.dbc: supR3HardNtViCallWinVerifyTrustCatFile -> 0 (org 22900)
dc0.dbc: supR3HardenedWinVerifyCacheProcessWvtTodos: 0 (was 22900) fWinVerifyTrust=1 for '\Device\HarddiskVolume2\Windows\System32\oleaut32.dll'
dc0.dbc: supR3HardNtViCallWinVerifyTrustCatFile: hFile=0000000000000380 pwszName=\Device\HarddiskVolume2\Windows\System32\devobj.dll
dc0.dbc: supR3HardNtViCallWinVerifyTrustCatFile: Cached context 00000000007d1ab0
dc0.dbc: supR3HardNtViCallWinVerifyTrustCatFile: hCatAdmin=00000000007d1ab0
dc0.dbc: supR3HardNtViCallWinVerifyTrustCatFile: cbHash=20 wszDigest=B410A095222E69F0ECE7D66E4AC27A7125D2EB5A
dc0.dbc: supR3HardNtViCallWinVerifyTrustCatFile: WinVerifyTrust => 0x0; cat='C:\Windows\system32\CatRoot\{F750E6C3-38EE-11D1-85E5-00C04FC295EE}\Microsoft-Windows-Foundation-Package~31bf3856ad364e35~amd64~~6.1.7601.17514.cat'; file='\Device\HarddiskVolume2\Windows\System32\devobj.dll'
dc0.dbc: supR3HardNtViCallWinVerifyTrustCatFile -> 0 (org 22900)
dc0.dbc: supR3HardenedWinVerifyCacheProcessWvtTodos: 0 (was 22900) fWinVerifyTrust=1 for '\Device\HarddiskVolume2\Windows\System32\devobj.dll'
dc0.dbc: supR3HardNtViCallWinVerifyTrustCatFile: hFile=000000000000037c pwszName=\Device\HarddiskVolume2\Windows\System32\setupapi.dll
dc0.dbc: supR3HardNtViCallWinVerifyTrustCatFile: Cached context 00000000007d1ab0
dc0.dbc: supR3HardNtViCallWinVerifyTrustCatFile: hCatAdmin=00000000007d1ab0
dc0.dbc: supR3HardNtViCallWinVerifyTrustCatFile: cbHash=20 wszDigest=1499C4FEA6E143F9BEC35B4FFA098917D3A6EBF2
dc0.dbc: supR3HardNtViCallWinVerifyTrustCatFile: WinVerifyTrust => 0x0; cat='C:\Windows\system32\CatRoot\{F750E6C3-38EE-11D1-85E5-00C04FC295EE}\Microsoft-Windows-Foundation-Package~31bf3856ad364e35~amd64~~6.1.7601.17514.cat'; file='\Device\HarddiskVolume2\Windows\System32\setupapi.dll'
dc0.dbc: supR3HardNtViCallWinVerifyTrustCatFile -> 0 (org 22900)
dc0.dbc: supR3HardenedWinVerifyCacheProcessWvtTodos: 0 (was 22900) fWinVerifyTrust=1 for '\Device\HarddiskVolume2\Windows\System32\setupapi.dll'
dc0.dbc: supR3HardNtViCallWinVerifyTrustCatFile: hFile=0000000000000370 pwszName=\Device\HarddiskVolume2\Windows\System32\shlwapi.dll
dc0.dbc: supR3HardNtViCallWinVerifyTrustCatFile: Cached context 00000000007d1ab0
dc0.dbc: supR3HardNtViCallWinVerifyTrustCatFile: hCatAdmin=00000000007d1ab0
dc0.dbc: supR3HardNtViCallWinVerifyTrustCatFile: cbHash=20 wszDigest=0AB8D9C9D3E1FC95D01F9A984B16ED031BB40CD8
dc0.dbc: supR3HardNtViCallWinVerifyTrustCatFile: WinVerifyTrust => 0x0; cat='C:\Windows\system32\CatRoot\{F750E6C3-38EE-11D1-85E5-00C04FC295EE}\Microsoft-Windows-Foundation-Package~31bf3856ad364e35~amd64~~6.1.7601.17514.cat'; file='\Device\HarddiskVolume2\Windows\System32\shlwapi.dll'
dc0.dbc: supR3HardNtViCallWinVerifyTrustCatFile -> 0 (org 22900)
dc0.dbc: supR3HardenedWinVerifyCacheProcessWvtTodos: 0 (was 22900) fWinVerifyTrust=1 for '\Device\HarddiskVolume2\Windows\System32\shlwapi.dll'
dc0.dbc: supR3HardNtViCallWinVerifyTrustCatFile: hFile=0000000000000364 pwszName=\Device\HarddiskVolume2\Windows\System32\Wldap32.dll
dc0.dbc: supR3HardNtViCallWinVerifyTrustCatFile: Cached context 00000000007d1ab0
dc0.dbc: supR3HardNtViCallWinVerifyTrustCatFile: hCatAdmin=00000000007d1ab0
dc0.dbc: supR3HardNtViCallWinVerifyTrustCatFile: cbHash=20 wszDigest=87E73086F2528CF31D3AD5F0D71E04F8B942D5D8
dc0.dbc: supR3HardNtViCallWinVerifyTrustCatFile: WinVerifyTrust => 0x0; cat='C:\Windows\system32\CatRoot\{F750E6C3-38EE-11D1-85E5-00C04FC295EE}\Microsoft-Windows-Foundation-Package~31bf3856ad364e35~amd64~~6.1.7601.17514.cat'; file='\Device\HarddiskVolume2\Windows\System32\Wldap32.dll'
dc0.dbc: supR3HardNtViCallWinVerifyTrustCatFile -> 0 (org 22900)
dc0.dbc: supR3HardenedWinVerifyCacheProcessWvtTodos: 0 (was 22900) fWinVerifyTrust=1 for '\Device\HarddiskVolume2\Windows\System32\Wldap32.dll'
dc0.dbc: supR3HardNtViCallWinVerifyTrustCatFile: hFile=0000000000000360 pwszName=\Device\HarddiskVolume2\Windows\System32\cryptnet.dll
dc0.dbc: supR3HardNtViCallWinVerifyTrustCatFile: Cached context 00000000007d1ab0
dc0.dbc: supR3HardNtViCallWinVerifyTrustCatFile: hCatAdmin=00000000007d1ab0
dc0.dbc: supR3HardNtViCallWinVerifyTrustCatFile: cbHash=20 wszDigest=CA2FE16E05087DA5C24DC5EB2EE8053CDA5DE9A9
dc0.dbc: supR3HardNtViCallWinVerifyTrustCatFile: WinVerifyTrust => 0x0; cat='C:\Windows\system32\CatRoot\{F750E6C3-38EE-11D1-85E5-00C04FC295EE}\nt5.cat'; file='\Device\HarddiskVolume2\Windows\System32\cryptnet.dll'
dc0.dbc: supR3HardNtViCallWinVerifyTrustCatFile -> 0 (org 22900)
dc0.dbc: supR3HardenedWinVerifyCacheProcessWvtTodos: 0 (was 22900) fWinVerifyTrust=1 for '\Device\HarddiskVolume2\Windows\System32\cryptnet.dll'
dc0.dbc: supR3HardNtViCallWinVerifyTrustCatFile: hFile=000000000000023c pwszName=\Device\HarddiskVolume2\Windows\System32\gpapi.dll
dc0.dbc: supR3HardNtViCallWinVerifyTrustCatFile: Cached context 00000000007d1ab0
dc0.dbc: supR3HardNtViCallWinVerifyTrustCatFile: hCatAdmin=00000000007d1ab0
dc0.dbc: supR3HardNtViCallWinVerifyTrustCatFile: cbHash=20 wszDigest=470795C189226F7BDB8E50F42104CC34488B9340
dc0.dbc: supR3HardNtViCallWinVerifyTrustCatFile: WinVerifyTrust => 0x0; cat='C:\Windows\system32\CatRoot\{F750E6C3-38EE-11D1-85E5-00C04FC295EE}\Microsoft-Windows-Foundation-Package~31bf3856ad364e35~amd64~~6.1.7601.17514.cat'; file='\Device\HarddiskVolume2\Windows\System32\gpapi.dll'
dc0.dbc: supR3HardNtViCallWinVerifyTrustCatFile -> 0 (org 22900)
dc0.dbc: supR3HardenedWinVerifyCacheProcessWvtTodos: 0 (was 22900) fWinVerifyTrust=1 for '\Device\HarddiskVolume2\Windows\System32\gpapi.dll'
dc0.dbc: supR3HardNtViCallWinVerifyTrustCatFile: hFile=00000000000001a8 pwszName=\Device\HarddiskVolume2\Windows\System32\profapi.dll
dc0.dbc: supR3HardNtViCallWinVerifyTrustCatFile: Cached context 00000000007d1ab0
dc0.dbc: supR3HardNtViCallWinVerifyTrustCatFile: hCatAdmin=00000000007d1ab0
dc0.dbc: supR3HardNtViCallWinVerifyTrustCatFile: cbHash=20 wszDigest=2449672745D9BA339420451D13FA0380AA768231
dc0.dbc: supR3HardNtViCallWinVerifyTrustCatFile: WinVerifyTrust => 0x0; cat='C:\Windows\system32\CatRoot\{F750E6C3-38EE-11D1-85E5-00C04FC295EE}\ntpe.cat'; file='\Device\HarddiskVolume2\Windows\System32\profapi.dll'
dc0.dbc: supR3HardNtViCallWinVerifyTrustCatFile -> 0 (org 22900)
dc0.dbc: supR3HardenedWinVerifyCacheProcessWvtTodos: 0 (was 22900) fWinVerifyTrust=1 for '\Device\HarddiskVolume2\Windows\System32\profapi.dll'
dc0.dbc: supR3HardNtViCallWinVerifyTrustCatFile: hFile=00000000000001a4 pwszName=\Device\HarddiskVolume2\Windows\System32\userenv.dll
dc0.dbc: supR3HardNtViCallWinVerifyTrustCatFile: Cached context 00000000007d1ab0
dc0.dbc: supR3HardNtViCallWinVerifyTrustCatFile: hCatAdmin=00000000007d1ab0
dc0.dbc: supR3HardNtViCallWinVerifyTrustCatFile: cbHash=20 wszDigest=D3E1A2CC7367F751C19EBF4E6EDF5E9A10E47313
dc0.dbc: supR3HardNtViCallWinVerifyTrustCatFile: WinVerifyTrust => 0x0; cat='C:\Windows\system32\CatRoot\{F750E6C3-38EE-11D1-85E5-00C04FC295EE}\Microsoft-Windows-Foundation-Package~31bf3856ad364e35~amd64~~6.1.7601.17514.cat'; file='\Device\HarddiskVolume2\Windows\System32\userenv.dll'
dc0.dbc: supR3HardNtViCallWinVerifyTrustCatFile -> 0 (org 22900)
dc0.dbc: supR3HardenedWinVerifyCacheProcessWvtTodos: 0 (was 22900) fWinVerifyTrust=1 for '\Device\HarddiskVolume2\Windows\System32\userenv.dll'
dc0.dbc: supR3HardNtViCallWinVerifyTrustCatFile: hFile=0000000000000190 pwszName=\Device\HarddiskVolume2\Windows\System32\ncrypt.dll
dc0.dbc: supR3HardNtViCallWinVerifyTrustCatFile: Cached context 00000000007d1ab0
dc0.dbc: supR3HardNtViCallWinVerifyTrustCatFile: hCatAdmin=00000000007d1ab0
dc0.dbc: supR3HardNtViCallWinVerifyTrustCatFile: cbHash=20 wszDigest=3D482C50075646C922DC6A66C97956C5060C361B
dc0.dbc: supR3HardNtViCallWinVerifyTrustCatFile: WinVerifyTrust => 0x0; cat='C:\Windows\system32\CatRoot\{F750E6C3-38EE-11D1-85E5-00C04FC295EE}\ntpe.cat'; file='\Device\HarddiskVolume2\Windows\System32\ncrypt.dll'
dc0.dbc: supR3HardNtViCallWinVerifyTrustCatFile -> 0 (org 22900)
dc0.dbc: supR3HardenedWinVerifyCacheProcessWvtTodos: 0 (was 22900) fWinVerifyTrust=1 for '\Device\HarddiskVolume2\Windows\System32\ncrypt.dll'
dc0.dbc: supR3HardNtViCallWinVerifyTrustCatFile: hFile=0000000000000178 pwszName=\Device\HarddiskVolume2\Windows\System32\msctf.dll
dc0.dbc: supR3HardNtViCallWinVerifyTrustCatFile: Cached context 00000000007d1ab0
dc0.dbc: supR3HardNtViCallWinVerifyTrustCatFile: hCatAdmin=00000000007d1ab0
dc0.dbc: supR3HardNtViCallWinVerifyTrustCatFile: cbHash=20 wszDigest=803AF52F95A9EFDFDA06C595023831EE36ACD3A8
dc0.dbc: supR3HardNtViCallWinVerifyTrustCatFile: WinVerifyTrust => 0x0; cat='C:\Windows\system32\CatRoot\{F750E6C3-38EE-11D1-85E5-00C04FC295EE}\ntpe.cat'; file='\Device\HarddiskVolume2\Windows\System32\msctf.dll'
dc0.dbc: supR3HardNtViCallWinVerifyTrustCatFile -> 0 (org 22900)
dc0.dbc: supR3HardenedWinVerifyCacheProcessWvtTodos: 0 (was 22900) fWinVerifyTrust=1 for '\Device\HarddiskVolume2\Windows\System32\msctf.dll'
dc0.dbc: supR3HardNtViCallWinVerifyTrustCatFile: hFile=0000000000000174 pwszName=\Device\HarddiskVolume2\Windows\System32\imm32.dll
dc0.dbc: supR3HardNtViCallWinVerifyTrustCatFile: Cached context 00000000007d1ab0
dc0.dbc: supR3HardNtViCallWinVerifyTrustCatFile: hCatAdmin=00000000007d1ab0
dc0.dbc: supR3HardNtViCallWinVerifyTrustCatFile: cbHash=20 wszDigest=6EEE1AB3B6D79AFF857940FF5F51ED27698153EC
dc0.dbc: supR3HardNtViCallWinVerifyTrustCatFile: WinVerifyTrust => 0x0; cat='C:\Windows\system32\CatRoot\{F750E6C3-38EE-11D1-85E5-00C04FC295EE}\ntpe.cat'; file='\Device\HarddiskVolume2\Windows\System32\imm32.dll'
dc0.dbc: supR3HardNtViCallWinVerifyTrustCatFile -> 0 (org 22900)
dc0.dbc: supR3HardenedWinVerifyCacheProcessWvtTodos: 0 (was 22900) fWinVerifyTrust=1 for '\Device\HarddiskVolume2\Windows\System32\imm32.dll'
dc0.dbc: supR3HardNtViCallWinVerifyTrustCatFile: hFile=0000000000000170 pwszName=\Device\HarddiskVolume2\Windows\System32\usp10.dll
dc0.dbc: supR3HardNtViCallWinVerifyTrustCatFile: Cached context 00000000007d1ab0
dc0.dbc: supR3HardNtViCallWinVerifyTrustCatFile: hCatAdmin=00000000007d1ab0
dc0.dbc: supR3HardNtViCallWinVerifyTrustCatFile: cbHash=20 wszDigest=97AE9B5B40144F2794F30A891013393C80D631A1
dc0.dbc: supR3HardNtViCallWinVerifyTrustCatFile: WinVerifyTrust => 0x0; cat='C:\Windows\system32\CatRoot\{F750E6C3-38EE-11D1-85E5-00C04FC295EE}\Microsoft-Windows-Foundation-Package~31bf3856ad364e35~amd64~~6.1.7601.17514.cat'; file='\Device\HarddiskVolume2\Windows\System32\usp10.dll'
dc0.dbc: supR3HardNtViCallWinVerifyTrustCatFile -> 0 (org 22900)
dc0.dbc: supR3HardenedWinVerifyCacheProcessWvtTodos: 0 (was 22900) fWinVerifyTrust=1 for '\Device\HarddiskVolume2\Windows\System32\usp10.dll'
dc0.dbc: supR3HardNtViCallWinVerifyTrustCatFile: hFile=000000000000016c pwszName=\Device\HarddiskVolume2\Windows\System32\lpk.dll
dc0.dbc: supR3HardNtViCallWinVerifyTrustCatFile: Cached context 00000000007d1ab0
dc0.dbc: supR3HardNtViCallWinVerifyTrustCatFile: hCatAdmin=00000000007d1ab0
dc0.dbc: supR3HardNtViCallWinVerifyTrustCatFile: cbHash=20 wszDigest=A42DFBB8A3A26D2178D79D34DA1CE275E2A0BE37
dc0.dbc: supR3HardNtViCallWinVerifyTrustCatFile: WinVerifyTrust => 0x0; cat='C:\Windows\system32\CatRoot\{F750E6C3-38EE-11D1-85E5-00C04FC295EE}\Microsoft-Windows-Foundation-Package~31bf3856ad364e35~amd64~~6.1.7601.17514.cat'; file='\Device\HarddiskVolume2\Windows\System32\lpk.dll'
dc0.dbc: supR3HardNtViCallWinVerifyTrustCatFile -> 0 (org 22900)
dc0.dbc: supR3HardenedWinVerifyCacheProcessWvtTodos: 0 (was 22900) fWinVerifyTrust=1 for '\Device\HarddiskVolume2\Windows\System32\lpk.dll'
dc0.dbc: supR3HardNtViCallWinVerifyTrustCatFile: hFile=0000000000000168 pwszName=\Device\HarddiskVolume2\Windows\System32\gdi32.dll
dc0.dbc: supR3HardNtViCallWinVerifyTrustCatFile: Cached context 00000000007d1ab0
dc0.dbc: supR3HardNtViCallWinVerifyTrustCatFile: hCatAdmin=00000000007d1ab0
dc0.dbc: supR3HardNtViCallWinVerifyTrustCatFile: cbHash=20 wszDigest=C8F7179D2AEB0FEB168A01D182223AC2D7B8F331
dc0.dbc: supR3HardNtViCallWinVerifyTrustCatFile: WinVerifyTrust => 0x0; cat='C:\Windows\system32\CatRoot\{F750E6C3-38EE-11D1-85E5-00C04FC295EE}\Microsoft-Windows-Foundation-Package~31bf3856ad364e35~amd64~~6.1.7601.17514.cat'; file='\Device\HarddiskVolume2\Windows\System32\gdi32.dll'
dc0.dbc: supR3HardNtViCallWinVerifyTrustCatFile -> 0 (org 22900)
dc0.dbc: supR3HardenedWinVerifyCacheProcessWvtTodos: 0 (was 22900) fWinVerifyTrust=1 for '\Device\HarddiskVolume2\Windows\System32\gdi32.dll'
dc0.dbc: supR3HardNtViCallWinVerifyTrustCatFile: hFile=0000000000000164 pwszName=\Device\HarddiskVolume2\Windows\System32\user32.dll
dc0.dbc: supR3HardNtViCallWinVerifyTrustCatFile: Cached context 00000000007d1ab0
dc0.dbc: supR3HardNtViCallWinVerifyTrustCatFile: hCatAdmin=00000000007d1ab0
dc0.dbc: supR3HardNtViCallWinVerifyTrustCatFile: cbHash=20 wszDigest=FB05A6DD4AF9AC247D37C4B7BAFCCBD178A41E64
dc0.dbc: supR3HardNtViCallWinVerifyTrustCatFile: Retrying with fresh context (CryptCATAdminEnumCatalogFromHash -> 1168; iCat=0x0)
dc0.dbc: supR3HardNtViCallWinVerifyTrustCatFile: New context 00000000007d1ab0
dc0.dbc: supR3HardNtViCallWinVerifyTrustCatFile: hCatAdmin=00000000007d1ab0
dc0.dbc: supR3HardNtViCallWinVerifyTrustCatFile: cbHash=20 wszDigest=FB05A6DD4AF9AC247D37C4B7BAFCCBD178A41E64
dc0.dbc: supR3HardNtViCallWinVerifyTrustCatFile: CryptCATAdminEnumCatalogFromHash failed ERROR_NOT_FOUND (1168)
dc0.dbc: supR3HardNtViCallWinVerifyTrustCatFile -> -22900 (org 22900)
dc0.dbc: supR3HardenedWinVerifyCacheProcessWvtTodos: -22900 (was 22900) fWinVerifyTrust=1 for '\Device\HarddiskVolume2\Windows\System32\user32.dll'
dc0.dbc: supR3HardNtViCallWinVerifyTrustCatFile: hFile=0000000000000160 pwszName=\Device\HarddiskVolume2\Windows\System32\imagehlp.dll
dc0.dbc: supR3HardNtViCallWinVerifyTrustCatFile: Cached context 00000000007d1ab0
dc0.dbc: supR3HardNtViCallWinVerifyTrustCatFile: hCatAdmin=00000000007d1ab0
dc0.dbc: supR3HardNtViCallWinVerifyTrustCatFile: cbHash=20 wszDigest=AFE89CF1060867A10BD3963894BCDB4D3058F804
dc0.dbc: supR3HardNtViCallWinVerifyTrustCatFile: WinVerifyTrust => 0x0; cat='C:\Windows\system32\CatRoot\{F750E6C3-38EE-11D1-85E5-00C04FC295EE}\Microsoft-Windows-Foundation-Package~31bf3856ad364e35~amd64~~6.1.7601.17514.cat'; file='\Device\HarddiskVolume2\Windows\System32\imagehlp.dll'
dc0.dbc: supR3HardNtViCallWinVerifyTrustCatFile -> 0 (org 22900)
dc0.dbc: supR3HardenedWinVerifyCacheProcessWvtTodos: 0 (was 22900) fWinVerifyTrust=1 for '\Device\HarddiskVolume2\Windows\System32\imagehlp.dll'
dc0.dbc: supR3HardNtViCallWinVerifyTrustCatFile: hFile=0000000000000114 pwszName=\Device\HarddiskVolume2\Windows\System32\cryptbase.dll
dc0.dbc: supR3HardNtViCallWinVerifyTrustCatFile: Cached context 00000000007d1ab0
dc0.dbc: supR3HardNtViCallWinVerifyTrustCatFile: hCatAdmin=00000000007d1ab0
dc0.dbc: supR3HardNtViCallWinVerifyTrustCatFile: cbHash=20 wszDigest=A965CC5DB13A5FB23BBB1B6B5FA6D400DC49462F
dc0.dbc: supR3HardNtViCallWinVerifyTrustCatFile: WinVerifyTrust => 0x0; cat='C:\Windows\system32\CatRoot\{F750E6C3-38EE-11D1-85E5-00C04FC295EE}\ntpe.cat'; file='\Device\HarddiskVolume2\Windows\System32\cryptbase.dll'
dc0.dbc: supR3HardNtViCallWinVerifyTrustCatFile -> 0 (org 22900)
dc0.dbc: supR3HardenedWinVerifyCacheProcessWvtTodos: 0 (was 22900) fWinVerifyTrust=1 for '\Device\HarddiskVolume2\Windows\System32\cryptbase.dll'
dc0.dbc: supR3HardenedWinVerifyCacheProcessWvtTodos: 0 (was 0) fWinVerifyTrust=1 for '\Device\HarddiskVolume2\Windows\System32\rsaenh.dll'
dc0.dbc: supR3HardNtViCallWinVerifyTrustCatFile: hFile=0000000000000110 pwszName=\Device\HarddiskVolume2\Windows\System32\cryptsp.dll
dc0.dbc: supR3HardNtViCallWinVerifyTrustCatFile: Cached context 00000000007d1ab0
dc0.dbc: supR3HardNtViCallWinVerifyTrustCatFile: hCatAdmin=00000000007d1ab0
dc0.dbc: supR3HardNtViCallWinVerifyTrustCatFile: cbHash=20 wszDigest=40667EDBA9045D4A4BE1D4844665D3B88F8CD0E0
dc0.dbc: supR3HardNtViCallWinVerifyTrustCatFile: WinVerifyTrust => 0x0; cat='C:\Windows\system32\CatRoot\{F750E6C3-38EE-11D1-85E5-00C04FC295EE}\ntpe.cat'; file='\Device\HarddiskVolume2\Windows\System32\cryptsp.dll'
dc0.dbc: supR3HardNtViCallWinVerifyTrustCatFile -> 0 (org 22900)
dc0.dbc: supR3HardenedWinVerifyCacheProcessWvtTodos: 0 (was 22900) fWinVerifyTrust=1 for '\Device\HarddiskVolume2\Windows\System32\cryptsp.dll'
dc0.dbc: supR3HardNtViCallWinVerifyTrustCatFile: hFile=0000000000000104 pwszName=\Device\HarddiskVolume2\Windows\System32\sechost.dll
dc0.dbc: supR3HardNtViCallWinVerifyTrustCatFile: Cached context 00000000007d1ab0
dc0.dbc: supR3HardNtViCallWinVerifyTrustCatFile: hCatAdmin=00000000007d1ab0
dc0.dbc: supR3HardNtViCallWinVerifyTrustCatFile: cbHash=20 wszDigest=3FA2A014BF360CDC0E203A174FFC9DC5343C5323
dc0.dbc: supR3HardNtViCallWinVerifyTrustCatFile: WinVerifyTrust => 0x0; cat='C:\Windows\system32\CatRoot\{F750E6C3-38EE-11D1-85E5-00C04FC295EE}\ntpe.cat'; file='\Device\HarddiskVolume2\Windows\System32\sechost.dll'
dc0.dbc: supR3HardNtViCallWinVerifyTrustCatFile -> 0 (org 22900)
dc0.dbc: supR3HardenedWinVerifyCacheProcessWvtTodos: 0 (was 22900) fWinVerifyTrust=1 for '\Device\HarddiskVolume2\Windows\System32\sechost.dll'
dc0.dbc: supR3HardNtViCallWinVerifyTrustCatFile: hFile=0000000000000100 pwszName=\Device\HarddiskVolume2\Windows\System32\advapi32.dll
dc0.dbc: supR3HardNtViCallWinVerifyTrustCatFile: Cached context 00000000007d1ab0
dc0.dbc: supR3HardNtViCallWinVerifyTrustCatFile: hCatAdmin=00000000007d1ab0
dc0.dbc: supR3HardNtViCallWinVerifyTrustCatFile: cbHash=20 wszDigest=DBCDF817D89920EE3139FB7E090744EB36A4A21B
dc0.dbc: supR3HardNtViCallWinVerifyTrustCatFile: WinVerifyTrust => 0x0; cat='C:\Windows\system32\CatRoot\{F750E6C3-38EE-11D1-85E5-00C04FC295EE}\ntpe.cat'; file='\Device\HarddiskVolume2\Windows\System32\advapi32.dll'
dc0.dbc: supR3HardNtViCallWinVerifyTrustCatFile -> 0 (org 22900)
dc0.dbc: supR3HardenedWinVerifyCacheProcessWvtTodos: 0 (was 22900) fWinVerifyTrust=1 for '\Device\HarddiskVolume2\Windows\System32\advapi32.dll'
dc0.dbc: supR3HardenedWinVerifyCacheProcessWvtTodos: 0 (was 0) fWinVerifyTrust=1 for '\Device\HarddiskVolume2\Windows\System32\bcryptprimitives.dll'
dc0.dbc: supR3HardNtViCallWinVerifyTrustCatFile: hFile=00000000000000e8 pwszName=\Device\HarddiskVolume2\Windows\System32\bcrypt.dll
dc0.dbc: supR3HardNtViCallWinVerifyTrustCatFile: Cached context 00000000007d1ab0
dc0.dbc: supR3HardNtViCallWinVerifyTrustCatFile: hCatAdmin=00000000007d1ab0
dc0.dbc: supR3HardNtViCallWinVerifyTrustCatFile: cbHash=20 wszDigest=62E377A1F0AD0C2EDC0A73CB3EFF841FF18D00D2
dc0.dbc: supR3HardNtViCallWinVerifyTrustCatFile: WinVerifyTrust => 0x0; cat='C:\Windows\system32\CatRoot\{F750E6C3-38EE-11D1-85E5-00C04FC295EE}\ntpe.cat'; file='\Device\HarddiskVolume2\Windows\System32\bcrypt.dll'
dc0.dbc: supR3HardNtViCallWinVerifyTrustCatFile -> 0 (org 22900)
dc0.dbc: supR3HardenedWinVerifyCacheProcessWvtTodos: 0 (was 22900) fWinVerifyTrust=1 for '\Device\HarddiskVolume2\Windows\System32\bcrypt.dll'
dc0.dbc: supR3HardNtViCallWinVerifyTrustCatFile: hFile=00000000000000c8 pwszName=\Device\HarddiskVolume2\Windows\System32\msvcrt.dll
dc0.dbc: supR3HardNtViCallWinVerifyTrustCatFile: Cached context 00000000007d1ab0
dc0.dbc: supR3HardNtViCallWinVerifyTrustCatFile: hCatAdmin=00000000007d1ab0
dc0.dbc: supR3HardNtViCallWinVerifyTrustCatFile: cbHash=20 wszDigest=DBEAC8C0FA88C88B540ACFE0683B1810C077AA53
dc0.dbc: supR3HardNtViCallWinVerifyTrustCatFile: WinVerifyTrust => 0x0; cat='C:\Windows\system32\CatRoot\{F750E6C3-38EE-11D1-85E5-00C04FC295EE}\ntpe.cat'; file='\Device\HarddiskVolume2\Windows\System32\msvcrt.dll'
dc0.dbc: supR3HardNtViCallWinVerifyTrustCatFile -> 0 (org 22900)
dc0.dbc: supR3HardenedWinVerifyCacheProcessWvtTodos: 0 (was 22900) fWinVerifyTrust=1 for '\Device\HarddiskVolume2\Windows\System32\msvcrt.dll'
dc0.dbc: supR3HardNtViCallWinVerifyTrustCatFile: hFile=00000000000000c0 pwszName=\Device\HarddiskVolume2\Windows\System32\msasn1.dll
dc0.dbc: supR3HardNtViCallWinVerifyTrustCatFile: Cached context 00000000007d1ab0
dc0.dbc: supR3HardNtViCallWinVerifyTrustCatFile: hCatAdmin=00000000007d1ab0
dc0.dbc: supR3HardNtViCallWinVerifyTrustCatFile: cbHash=20 wszDigest=F2FF57DC30D774F93061607060DAA0DD15E39CCE
dc0.dbc: supR3HardNtViCallWinVerifyTrustCatFile: WinVerifyTrust => 0x0; cat='C:\Windows\system32\CatRoot\{F750E6C3-38EE-11D1-85E5-00C04FC295EE}\Microsoft-Windows-Foundation-Package~31bf3856ad364e35~amd64~~6.1.7601.17514.cat'; file='\Device\HarddiskVolume2\Windows\System32\msasn1.dll'
dc0.dbc: supR3HardNtViCallWinVerifyTrustCatFile -> 0 (org 22900)
dc0.dbc: supR3HardenedWinVerifyCacheProcessWvtTodos: 0 (was 22900) fWinVerifyTrust=1 for '\Device\HarddiskVolume2\Windows\System32\msasn1.dll'
dc0.dbc: supR3HardNtViCallWinVerifyTrustCatFile: hFile=00000000000000bc pwszName=\Device\HarddiskVolume2\Windows\System32\rpcrt4.dll
dc0.dbc: supR3HardNtViCallWinVerifyTrustCatFile: Cached context 00000000007d1ab0
dc0.dbc: supR3HardNtViCallWinVerifyTrustCatFile: hCatAdmin=00000000007d1ab0
dc0.dbc: supR3HardNtViCallWinVerifyTrustCatFile: cbHash=20 wszDigest=BC4D9E909DFDD2EE8BA1A5C857D73D49EBE7952C
dc0.dbc: supR3HardNtViCallWinVerifyTrustCatFile: WinVerifyTrust => 0x0; cat='C:\Windows\system32\CatRoot\{F750E6C3-38EE-11D1-85E5-00C04FC295EE}\Microsoft-Windows-Foundation-Package~31bf3856ad364e35~amd64~~6.1.7601.17514.cat'; file='\Device\HarddiskVolume2\Windows\System32\rpcrt4.dll'
dc0.dbc: supR3HardNtViCallWinVerifyTrustCatFile -> 0 (org 22900)
dc0.dbc: supR3HardenedWinVerifyCacheProcessWvtTodos: 0 (was 22900) fWinVerifyTrust=1 for '\Device\HarddiskVolume2\Windows\System32\rpcrt4.dll'
dc0.dbc: supR3HardenedScreenImage/LdrLoadDll: cache hit (VINF_SUCCESS) on \Device\HarddiskVolume2\Windows\System32\setupapi.dll
dc0.dbc: supR3HardenedMonitor_LdrLoadDll: pName=C:\Windows\system32\setupapi.dll (Input=setupapi.dll, rcNtResolve=0xc0150008) *pfFlags=0x0 pwszSearchPath=0000000000734040:C:\Program Files\Oracle\VirtualBox;C:\Windows\system32;C:\Windows\system;C:\Windows;.;C:\Program Files (x86)\Pervasive Software\PSQL\bin\;C:\Windows\system32;C:\Windows;C:\Windows\System32\Wbem;C:\Windows\System32\WindowsPowerShell\v1.0\ [calling]
dc0.dbc: supR3HardenedScreenImage/NtCreateSection: cache hit (VINF_SUCCESS) on \Device\HarddiskVolume2\Windows\System32\setupapi.dll
dc0.dbc: supR3HardenedDllNotificationCallback: load   000007feff050000 LB 0x001d7000 C:\Windows\system32\setupapi.dll [fFlags=0x0]
dc0.dbc: supR3HardenedScreenImage/LdrLoadDll: cache hit (VINF_SUCCESS) on \Device\HarddiskVolume2\Windows\System32\setupapi.dll
dc0.dbc: supR3HardenedDllNotificationCallback: load   000007fefdbc0000 LB 0x00036000 C:\Windows\system32\CFGMGR32.dll [fFlags=0x0]
dc0.dbc: supR3HardenedScreenImage/LdrLoadDll: cache hit (VINF_SUCCESS) on \Device\HarddiskVolume2\Windows\System32\cfgmgr32.dll
dc0.dbc: supR3HardenedDllNotificationCallback: load   000007feff760000 LB 0x000d7000 C:\Windows\system32\OLEAUT32.dll [fFlags=0x0]
dc0.dbc: supR3HardenedScreenImage/LdrLoadDll: cache hit (VINF_SUCCESS) on \Device\HarddiskVolume2\Windows\System32\oleaut32.dll
dc0.dbc: supR3HardenedDllNotificationCallback: load   000007feff2f0000 LB 0x00203000 C:\Windows\system32\ole32.dll [fFlags=0x0]
dc0.dbc: supR3HardenedScreenImage/LdrLoadDll: cache hit (VINF_SUCCESS) on \Device\HarddiskVolume2\Windows\System32\ole32.dll
dc0.dbc: supR3HardenedDllNotificationCallback: load   000007fefda90000 LB 0x0001a000 C:\Windows\system32\DEVOBJ.dll [fFlags=0x0]
dc0.dbc: supR3HardenedScreenImage/LdrLoadDll: cache hit (VINF_SUCCESS) on \Device\HarddiskVolume2\Windows\System32\devobj.dll
dc0.dbc: supR3HardenedIsApiSetDll: '<NULL>' -> true
dc0.dbc: supR3HardenedMonitor_LdrLoadDll: pName=API-MS-Win-Core-LocalRegistry-L1-1-0.dll (rcNtResolve=0x0) *pfFlags=0x0 pwszSearchPath=0000000000734040:C:\Program Files\Oracle\VirtualBox;C:\Windows\system32;C:\Windows\system;C:\Windows;.;C:\Program Files (x86)\Pervasive Software\PSQL\bin\;C:\Windows\system32;C:\Windows;C:\Windows\System32\Wbem;C:\Windows\System32\WindowsPowerShell\v1.0\ [calling]
dc0.dbc: supR3HardenedMonitor_LdrLoadDll: returns rcNt=0x0 hMod=00000000776c0000 'API-MS-Win-Core-LocalRegistry-L1-1-0.dll'
dc0.dbc: supR3HardenedMonitor_LdrLoadDll: returns rcNt=0x0 hMod=000007feff050000 'C:\Windows\system32\setupapi.dll'
dc0.dbc: supR3HardenedScreenImage/LdrLoadDll: cache hit (VINF_SUCCESS) on \Device\HarddiskVolume2\Windows\System32\cabinet.dll
dc0.dbc: supR3HardenedMonitor_LdrLoadDll: pName=C:\Windows\system32\Cabinet.dll (Input=Cabinet.dll, rcNtResolve=0xc0150008) *pfFlags=0x0 pwszSearchPath=0000000000734040:C:\Program Files\Oracle\VirtualBox;C:\Windows\system32;C:\Windows\system;C:\Windows;.;C:\Program Files (x86)\Pervasive Software\PSQL\bin\;C:\Windows\system32;C:\Windows;C:\Windows\System32\Wbem;C:\Windows\System32\WindowsPowerShell\v1.0\ [calling]
dc0.dbc: supR3HardenedMonitor_LdrLoadDll: returns rcNt=0x0 hMod=000007fef8dd0000 'C:\Windows\system32\Cabinet.dll'
dc0.dbc: supR3HardenedScreenImage/LdrLoadDll: cache hit (VINF_SUCCESS) on \Device\HarddiskVolume2\Windows\System32\devrtl.dll
dc0.dbc: supR3HardenedMonitor_LdrLoadDll: pName=C:\Windows\system32\DEVRTL.dll (Input=DEVRTL.dll, rcNtResolve=0xc0150008) *pfFlags=0x0 pwszSearchPath=0000000000734040:C:\Program Files\Oracle\VirtualBox;C:\Windows\system32;C:\Windows\system;C:\Windows;.;C:\Program Files (x86)\Pervasive Software\PSQL\bin\;C:\Windows\system32;C:\Windows;C:\Windows\System32\Wbem;C:\Windows\System32\WindowsPowerShell\v1.0\ [calling]
dc0.dbc: supR3HardenedMonitor_LdrLoadDll: returns rcNt=0x0 hMod=000007fefcba0000 'C:\Windows\system32\DEVRTL.dll'
dc0.dbc: supR3HardenedDllNotificationCallback: Unload 000007feff050000 LB 0x001d7000 C:\Windows\system32\setupapi.dll [flags=0x0]
dc0.dbc: supR3HardenedDllNotificationCallback: Unload 000007fefda90000 LB 0x0001a000 C:\Windows\system32\DEVOBJ.dll [flags=0x0]
dc0.dbc: supR3HardenedDllNotificationCallback: Unload 000007feff760000 LB 0x000d7000 C:\Windows\system32\OLEAUT32.dll [flags=0x0]
dc0.dbc: supR3HardenedDllNotificationCallback: Unload 000007feff2f0000 LB 0x00203000 C:\Windows\system32\ole32.dll [flags=0x0]
dc0.dbc: supR3HardenedDllNotificationCallback: Unload 000007fefdbc0000 LB 0x00036000 C:\Windows\system32\CFGMGR32.dll [flags=0x0]
dc0.dbc: supR3HardenedWinVerifyCacheProcessWvtTodos: 0 (was 24202) fWinVerifyTrust=1 for '\Device\HarddiskVolume2\Program Files\Oracle\VirtualBox\VBoxSupLib.dll'
dc0.dbc: supR3HardNtViCallWinVerifyTrustCatFile: hFile=0000000000000028 pwszName=\Device\HarddiskVolume2\Windows\System32\KernelBase.dll
dc0.dbc: supR3HardNtViCallWinVerifyTrustCatFile: Cached context 00000000007d1ab0
dc0.dbc: supR3HardNtViCallWinVerifyTrustCatFile: hCatAdmin=00000000007d1ab0
dc0.dbc: supR3HardNtViCallWinVerifyTrustCatFile: cbHash=20 wszDigest=06FEC3C858DB28D2F4BFBDA99AF14D4747A8C5D4
dc0.dbc: supR3HardNtViCallWinVerifyTrustCatFile: WinVerifyTrust => 0x0; cat='C:\Windows\system32\CatRoot\{F750E6C3-38EE-11D1-85E5-00C04FC295EE}\Microsoft-Windows-Foundation-Package~31bf3856ad364e35~amd64~~6.1.7601.17514.cat'; file='\Device\HarddiskVolume2\Windows\System32\KernelBase.dll'
dc0.dbc: supR3HardNtViCallWinVerifyTrustCatFile -> 0 (org 22900)
dc0.dbc: supR3HardenedWinVerifyCacheProcessWvtTodos: 0 (was 22900) fWinVerifyTrust=1 for '\Device\HarddiskVolume2\Windows\System32\KernelBase.dll'
dc0.dbc: supR3HardNtViCallWinVerifyTrustCatFile: hFile=0000000000000020 pwszName=\Device\HarddiskVolume2\Windows\System32\kernel32.dll
dc0.dbc: supR3HardNtViCallWinVerifyTrustCatFile: Cached context 00000000007d1ab0
dc0.dbc: supR3HardNtViCallWinVerifyTrustCatFile: hCatAdmin=00000000007d1ab0
dc0.dbc: supR3HardNtViCallWinVerifyTrustCatFile: cbHash=20 wszDigest=D7AE634A00F24BBD4AE27DEA9BCCCE222DE9897B
dc0.dbc: supR3HardNtViCallWinVerifyTrustCatFile: WinVerifyTrust => 0x0; cat='C:\Windows\system32\CatRoot\{F750E6C3-38EE-11D1-85E5-00C04FC295EE}\Microsoft-Windows-Foundation-Package~31bf3856ad364e35~amd64~~6.1.7601.17514.cat'; file='\Device\HarddiskVolume2\Windows\System32\kernel32.dll'
dc0.dbc: supR3HardNtViCallWinVerifyTrustCatFile -> 0 (org 22900)
dc0.dbc: supR3HardenedWinVerifyCacheProcessWvtTodos: 0 (was 22900) fWinVerifyTrust=1 for '\Device\HarddiskVolume2\Windows\System32\kernel32.dll'
dc0.dbc: supR3HardenedScreenImage/LdrLoadDll: cache hit (VINF_SUCCESS) on \Device\HarddiskVolume2\Windows\System32\crypt32.dll
dc0.dbc: supR3HardenedMonitor_LdrLoadDll: pName=C:\Windows\system32\crypt32.dll (rcNtResolve=0xc0150008) *pfFlags=0x0 pwszSearchPath=0000000000734040:C:\Program Files\Oracle\VirtualBox;C:\Windows\system32;C:\Windows\system;C:\Windows;.;C:\Program Files (x86)\Pervasive Software\PSQL\bin\;C:\Windows\system32;C:\Windows;C:\Windows\System32\Wbem;C:\Windows\System32\WindowsPowerShell\v1.0\ [calling]
dc0.dbc: supR3HardenedMonitor_LdrLoadDll: returns rcNt=0x0 hMod=000007fefd920000 'C:\Windows\system32\crypt32.dll'
dc0.dbc: supR3HardenedWinIsDesiredRootCA: Adding 0x5ad46780fa5df300 DC=com, DC=microsoft, CN=Microsoft Root Certificate Authority
dc0.dbc: supR3HardenedWinIsDesiredRootCA: Adding 0xea5386456178582b C=ZA, ST=Western Cape, L=Durbanville, O=Thawte, OU=Thawte Certification, CN=Thawte Timestamping CA
dc0.dbc: supR3HardenedWinIsDesiredRootCA: Adding 0x3be670c1bd02a900 OU=Copyright (c) 1997 Microsoft Corp., OU=Microsoft Corporation, CN=Microsoft Root Authority
dc0.dbc: supR3HardenedWinIsDesiredRootCA: Adding 0x3a9d44322b2beb00 C=DE, ST=Bavaria, L=Munich, O=Oracle Deutschland B.V. & Co. KG, CN=VirtualBox for Legacy Windows Only Timestamp CA SHA1
dc0.dbc: supR3HardenedWinIsDesiredRootCA: Adding 0x646e3fe3ba08df00 C=US, O=MSFT, CN=Microsoft Authenticode(tm) Root Authority
dc0.dbc: supR3HardenedWinIsDesiredRootCA: Adding 0x43a9cc371ff5385a O=Microsoft Trust Network, OU=Microsoft Corporation, OU=Microsoft Time Stamping Service Root, OU=Copyright (c) 1997 Microsoft Corp.
dc0.dbc: supR3HardenedWinIsDesiredRootCA: Adding 0x2e2d2c7c68f0202e O=VeriSign Trust Network, OU=VeriSign, Inc., OU=VeriSign Time Stamping Service Root, OU=NO LIABILITY ACCEPTED, (c)97 VeriSign, Inc.
dc0.dbc: supR3HardenedWinIsDesiredRootCA: Adding 0x61a3a33f81aace00 C=US, ST=UT, L=Salt Lake City, O=The USERTRUST Network, OU=http://www.usertrust.com, CN=UTN-USERFirst-Object
dc0.dbc: supR3HardenedWinIsDesiredRootCA: Adding 0xa3ce8d99e60eda00 C=BE, O=GlobalSign nv-sa, OU=Root CA, CN=GlobalSign Root CA
dc0.dbc: supR3HardenedWinIsDesiredRootCA: Adding 0x7ae89c50f0b6a00f C=US, O=GTE Corporation, OU=GTE CyberTrust Solutions, Inc., CN=GTE CyberTrust Global Root
dc0.dbc: supR3HardenedWinIsDesiredRootCA: Adding 0x14018a1bf29e595c C=US, O=VeriSign, Inc., OU=Class 3 Public Primary Certification Authority
dc0.dbc: supR3HardenedWinIsDesiredRootCA: Adding 0x9e5bc2d78b6a3636 C=ZA, ST=Western Cape, L=Cape Town, O=Thawte Consulting cc, OU=Certification Services Division, CN=Thawte Premium Server CA, Email=premium-server@thawte.com
dc0.dbc: supR3HardenedWinIsDesiredRootCA: Adding 0xd4fbe673e5ccc600 C=US, O=DigiCert Inc, OU=www.digicert.com, CN=DigiCert High Assurance EV Root CA
dc0.dbc: supR3HardenedWinIsDesiredRootCA: Adding 0x14018a1bf29e595c C=US, O=VeriSign, Inc., OU=Class 3 Public Primary Certification Authority
dc0.dbc: supR3HardenedWinIsDesiredRootCA: Adding 0x357a29080824af00 C=US, O=VeriSign, Inc., OU=VeriSign Trust Network, OU=(c) 2006 VeriSign, Inc. - For authorized use only, CN=VeriSign Class 3 Public Primary Certification Authority - G5
dc0.dbc: supR3HardenedWinIsDesiredRootCA: Adding 0x8043e4ce150ead00 C=US, O=DigiCert Inc, OU=www.digicert.com, CN=DigiCert Assured ID Root CA
dc0.dbc: supR3HardenedWinRetrieveTrustedRootCAs: cAdded=16
dc0.dbc: SUPR3HardenedMain: Load Runtime...
dc0.dbc: \Device\HarddiskVolume2\Program Files\Oracle\VirtualBox\VBoxRT.dll: Signature #1/2: info status: 24202
dc0.dbc: supR3HardenedScreenImage/LdrLoadDll: cache hit (VINF_SUCCESS) on \Device\HarddiskVolume2\Windows\System32\setupapi.dll
dc0.dbc: supR3HardenedMonitor_LdrLoadDll: pName=C:\Windows\system32\setupapi.dll (Input=setupapi.dll, rcNtResolve=0xc0150008) *pfFlags=0x0 pwszSearchPath=0000000000734040:C:\Program Files\Oracle\VirtualBox;C:\Windows\system32;C:\Windows\system;C:\Windows;.;C:\Program Files (x86)\Pervasive Software\PSQL\bin\;C:\Windows\system32;C:\Windows;C:\Windows\System32\Wbem;C:\Windows\System32\WindowsPowerShell\v1.0\ [calling]
dc0.dbc: supR3HardenedScreenImage/NtCreateSection: cache hit (VINF_SUCCESS) on \Device\HarddiskVolume2\Windows\System32\setupapi.dll
dc0.dbc: supR3HardenedDllNotificationCallback: load   000007feff050000 LB 0x001d7000 C:\Windows\system32\setupapi.dll [fFlags=0x0]
dc0.dbc: supR3HardenedScreenImage/LdrLoadDll: cache hit (VINF_SUCCESS) on \Device\HarddiskVolume2\Windows\System32\setupapi.dll
dc0.dbc: supR3HardenedDllNotificationCallback: load   000007fefdbc0000 LB 0x00036000 C:\Windows\system32\CFGMGR32.dll [fFlags=0x0]
dc0.dbc: supR3HardenedScreenImage/LdrLoadDll: cache hit (VINF_SUCCESS) on \Device\HarddiskVolume2\Windows\System32\cfgmgr32.dll
dc0.dbc: supR3HardenedDllNotificationCallback: load   000007feff760000 LB 0x000d7000 C:\Windows\system32\OLEAUT32.dll [fFlags=0x0]
dc0.dbc: supR3HardenedScreenImage/LdrLoadDll: cache hit (VINF_SUCCESS) on \Device\HarddiskVolume2\Windows\System32\oleaut32.dll
dc0.dbc: supR3HardenedDllNotificationCallback: load   000007feff2f0000 LB 0x00203000 C:\Windows\system32\ole32.dll [fFlags=0x0]
dc0.dbc: supR3HardenedScreenImage/LdrLoadDll: cache hit (VINF_SUCCESS) on \Device\HarddiskVolume2\Windows\System32\ole32.dll
dc0.dbc: supR3HardenedDllNotificationCallback: load   000007fefda90000 LB 0x0001a000 C:\Windows\system32\DEVOBJ.dll [fFlags=0x0]
dc0.dbc: supR3HardenedScreenImage/LdrLoadDll: cache hit (VINF_SUCCESS) on \Device\HarddiskVolume2\Windows\System32\devobj.dll
dc0.dbc: supR3HardenedIsApiSetDll: '<NULL>' -> true
dc0.dbc: supR3HardenedMonitor_LdrLoadDll: pName=API-MS-Win-Core-LocalRegistry-L1-1-0.dll (rcNtResolve=0x0) *pfFlags=0x0 pwszSearchPath=0000000000734040:C:\Program Files\Oracle\VirtualBox;C:\Windows\system32;C:\Windows\system;C:\Windows;.;C:\Program Files (x86)\Pervasive Software\PSQL\bin\;C:\Windows\system32;C:\Windows;C:\Windows\System32\Wbem;C:\Windows\System32\WindowsPowerShell\v1.0\ [calling]
dc0.dbc: supR3HardenedMonitor_LdrLoadDll: returns rcNt=0x0 hMod=00000000776c0000 'API-MS-Win-Core-LocalRegistry-L1-1-0.dll'
dc0.dbc: supR3HardenedMonitor_LdrLoadDll: returns rcNt=0x0 hMod=000007feff050000 'C:\Windows\system32\setupapi.dll'
dc0.dbc: supR3HardenedScreenImage/LdrLoadDll: cache hit (VINF_SUCCESS) on \Device\HarddiskVolume2\Windows\System32\cabinet.dll
dc0.dbc: supR3HardenedMonitor_LdrLoadDll: pName=C:\Windows\system32\Cabinet.dll (Input=Cabinet.dll, rcNtResolve=0xc0150008) *pfFlags=0x0 pwszSearchPath=0000000000734040:C:\Program Files\Oracle\VirtualBox;C:\Windows\system32;C:\Windows\system;C:\Windows;.;C:\Program Files (x86)\Pervasive Software\PSQL\bin\;C:\Windows\system32;C:\Windows;C:\Windows\System32\Wbem;C:\Windows\System32\WindowsPowerShell\v1.0\ [calling]
dc0.dbc: supR3HardenedMonitor_LdrLoadDll: returns rcNt=0x0 hMod=000007fef8dd0000 'C:\Windows\system32\Cabinet.dll'
dc0.dbc: supR3HardenedScreenImage/LdrLoadDll: cache hit (VINF_SUCCESS) on \Device\HarddiskVolume2\Windows\System32\devrtl.dll
dc0.dbc: supR3HardenedMonitor_LdrLoadDll: pName=C:\Windows\system32\DEVRTL.dll (Input=DEVRTL.dll, rcNtResolve=0xc0150008) *pfFlags=0x0 pwszSearchPath=0000000000734040:C:\Program Files\Oracle\VirtualBox;C:\Windows\system32;C:\Windows\system;C:\Windows;.;C:\Program Files (x86)\Pervasive Software\PSQL\bin\;C:\Windows\system32;C:\Windows;C:\Windows\System32\Wbem;C:\Windows\System32\WindowsPowerShell\v1.0\ [calling]
dc0.dbc: supR3HardenedMonitor_LdrLoadDll: returns rcNt=0x0 hMod=000007fefcba0000 'C:\Windows\system32\DEVRTL.dll'
dc0.dbc: supR3HardenedDllNotificationCallback: Unload 000007feff050000 LB 0x001d7000 C:\Windows\system32\setupapi.dll [flags=0x0]
dc0.dbc: supR3HardenedDllNotificationCallback: Unload 000007fefda90000 LB 0x0001a000 C:\Windows\system32\DEVOBJ.dll [flags=0x0]
dc0.dbc: supR3HardenedDllNotificationCallback: Unload 000007feff760000 LB 0x000d7000 C:\Windows\system32\OLEAUT32.dll [flags=0x0]
dc0.dbc: supR3HardenedDllNotificationCallback: Unload 000007feff2f0000 LB 0x00203000 C:\Windows\system32\ole32.dll [flags=0x0]
dc0.dbc: supR3HardenedDllNotificationCallback: Unload 000007fefdbc0000 LB 0x00036000 C:\Windows\system32\CFGMGR32.dll [flags=0x0]
dc0.dbc: supR3HardenedWinVerifyCacheScheduleImports: Import todo: #0 'msvcr100.dll'.
dc0.dbc: supR3HardenedWinVerifyCacheScheduleImports: Import todo: #1 'msvcp100.dll'.
dc0.dbc: supR3HardenedWinVerifyCacheScheduleImports: Import todo: #3 'rpcrt4.dll'.
dc0.dbc: supR3HardenedWinVerifyCacheScheduleImports: Import todo: #5 'ws2_32.dll'.
dc0.dbc: supHardenedWinVerifyImageByHandle: -> 0 (\Device\HarddiskVolume2\Program Files\Oracle\VirtualBox\VBoxRT.dll) WinVerifyTrust
dc0.dbc: supR3HardenedWinVerifyCacheInsert: \Device\HarddiskVolume2\Program Files\Oracle\VirtualBox\VBoxRT.dll
dc0.dbc: supR3HardenedWinVerifyCacheProcessImportTodos: Processing 'ws2_32.dll'...
dc0.dbc: supR3HardenedWinVerifyCacheProcessImportTodos: 'ws2_32.dll' -> '\Device\HarddiskVolume2\Windows\System32\ws2_32.dll' [rcNtRedir=0xc0150008]
dc0.dbc: supR3HardNtViCallWinVerifyTrustCatFile: hFile=00000000000003ac pwszName=\Device\HarddiskVolume2\Windows\System32\ws2_32.dll
dc0.dbc: supR3HardNtViCallWinVerifyTrustCatFile: Cached context 00000000007d1ab0
dc0.dbc: supR3HardNtViCallWinVerifyTrustCatFile: hCatAdmin=00000000007d1ab0
dc0.dbc: supR3HardNtViCallWinVerifyTrustCatFile: cbHash=20 wszDigest=3EF3BDC1E84DFA17EA056313214EE88EC3E66F79
dc0.dbc: supR3HardNtViCallWinVerifyTrustCatFile: WinVerifyTrust => 0x0; cat='C:\Windows\system32\CatRoot\{F750E6C3-38EE-11D1-85E5-00C04FC295EE}\Microsoft-Windows-Foundation-Package~31bf3856ad364e35~amd64~~6.1.7601.17514.cat'; file='\Device\HarddiskVolume2\Windows\System32\ws2_32.dll'
dc0.dbc: supR3HardNtViCallWinVerifyTrustCatFile -> 0 (org 22900)
dc0.dbc: supR3HardenedWinVerifyCacheScheduleImports: Import todo: #0 'msvcrt.dll'.
dc0.dbc: supR3HardenedWinVerifyCacheScheduleImports: Import todo: #16 'rpcrt4.dll'.
dc0.dbc: supR3HardenedWinVerifyCacheScheduleImports: Import todo: #17 'nsi.dll'.
dc0.dbc: supHardenedWinVerifyImageByHandle: -> 0 (\Device\HarddiskVolume2\Windows\System32\ws2_32.dll) WinVerifyTrust
dc0.dbc: supR3HardenedWinVerifyCacheInsert: \Device\HarddiskVolume2\Windows\System32\ws2_32.dll
dc0.dbc: supR3HardenedWinVerifyCacheProcessImportTodos: Processing 'rpcrt4.dll'...
dc0.dbc: supR3HardenedWinVerifyCacheProcessImportTodos: 'rpcrt4.dll' -> '\Device\HarddiskVolume2\Windows\System32\rpcrt4.dll' [rcNtRedir=0xc0150008]
dc0.dbc: supR3HardenedWinVerifyCacheProcessImportTodos: Processing 'msvcp100.dll'...
dc0.dbc: supR3HardenedWinVerifyCacheProcessImportTodos: 'msvcp100.dll' -> '\Device\HarddiskVolume2\Program Files\Oracle\VirtualBox\msvcp100.dll' [rcNtRedir=0xc0150008]
dc0.dbc: \Device\HarddiskVolume2\Program Files\Oracle\VirtualBox\msvcp100.dll: Signature #1/2: info status: 24202
dc0.dbc: supR3HardenedWinVerifyCacheProcessImportTodos: Processing 'nsi.dll'...
dc0.dbc: supR3HardenedWinVerifyCacheProcessImportTodos: 'nsi.dll' -> '\Device\HarddiskVolume2\Windows\System32\nsi.dll' [rcNtRedir=0xc0150008]
dc0.dbc: Detected WinVerifyTrust recursion: rc=Unknown Status 22900 (0x5974) '\Device\HarddiskVolume2\Windows\System32\nsi.dll'.
dc0.dbc: supHardenedWinVerifyImageByHandle: -> 22900 (\Device\HarddiskVolume2\Windows\System32\nsi.dll)
dc0.dbc: supR3HardenedWinVerifyCacheInsert: \Device\HarddiskVolume2\Windows\System32\nsi.dll
dc0.dbc: supR3HardenedWinVerifyCacheProcessImportTodos: Processing 'rpcrt4.dll'...
dc0.dbc: supR3HardenedWinVerifyCacheProcessImportTodos: 'rpcrt4.dll' -> '\Device\HarddiskVolume2\Windows\System32\rpcrt4.dll' [rcNtRedir=0xc0150008]
dc0.dbc: supR3HardenedWinVerifyCacheProcessImportTodos: Processing 'msvcrt.dll'...
dc0.dbc: supR3HardenedWinVerifyCacheProcessImportTodos: 'msvcrt.dll' -> '\Device\HarddiskVolume2\Windows\System32\msvcrt.dll' [rcNtRedir=0xc0150008]
dc0.dbc: supR3HardenedDllNotificationCallback: load   000007feff050000 LB 0x001d7000 C:\Windows\system32\setupapi.dll [fFlags=0x0]
dc0.dbc: supR3HardenedDllNotificationCallback: load   000007fefdbc0000 LB 0x00036000 C:\Windows\system32\CFGMGR32.dll [fFlags=0x0]
dc0.dbc: supR3HardenedScreenImage/LdrLoadDll: cache hit (VINF_SUCCESS) on \Device\HarddiskVolume2\Windows\System32\cfgmgr32.dll
dc0.dbc: supR3HardenedDllNotificationCallback: load   000007feff760000 LB 0x000d7000 C:\Windows\system32\OLEAUT32.dll [fFlags=0x0]
dc0.dbc: supR3HardenedScreenImage/LdrLoadDll: cache hit (VINF_SUCCESS) on \Device\HarddiskVolume2\Windows\System32\oleaut32.dll
dc0.dbc: supR3HardenedDllNotificationCallback: load   000007feff2f0000 LB 0x00203000 C:\Windows\system32\ole32.dll [fFlags=0x0]
dc0.dbc: supR3HardenedScreenImage/LdrLoadDll: cache hit (VINF_SUCCESS) on \Device\HarddiskVolume2\Windows\System32\ole32.dll
dc0.dbc: supR3HardenedDllNotificationCallback: load   000007fefda90000 LB 0x0001a000 C:\Windows\system32\DEVOBJ.dll [fFlags=0x0]
dc0.dbc: supR3HardenedScreenImage/LdrLoadDll: cache hit (VINF_SUCCESS) on \Device\HarddiskVolume2\Windows\System32\devobj.dll
dc0.dbc: supR3HardenedIsApiSetDll: '<NULL>' -> true
dc0.dbc: supR3HardenedMonitor_LdrLoadDll: pName=API-MS-Win-Core-LocalRegistry-L1-1-0.dll (rcNtResolve=0x0) *pfFlags=0x0 pwszSearchPath=0000000000734040:C:\Program Files\Oracle\VirtualBox;C:\Windows\system32;C:\Windows\system;C:\Windows;.;C:\Program Files (x86)\Pervasive Software\PSQL\bin\;C:\Windows\system32;C:\Windows;C:\Windows\System32\Wbem;C:\Windows\System32\WindowsPowerShell\v1.0\ [calling]
dc0.dbc: supR3HardenedMonitor_LdrLoadDll: returns rcNt=0x0 hMod=00000000776c0000 'API-MS-Win-Core-LocalRegistry-L1-1-0.dll'
dc0.dbc: supR3HardenedMonitor_LdrLoadDll: returns rcNt=0x0 hMod=000007feff050000 'C:\Windows\system32\setupapi.dll'
dc0.dbc: supR3HardenedScreenImage/LdrLoadDll: cache hit (VINF_SUCCESS) on \Device\HarddiskVolume2\Windows\System32\cabinet.dll
dc0.dbc: supR3HardenedMonitor_LdrLoadDll: pName=C:\Windows\system32\Cabinet.dll (Input=Cabinet.dll, rcNtResolve=0xc0150008) *pfFlags=0x0 pwszSearchPath=0000000000734040:C:\Program Files\Oracle\VirtualBox;C:\Windows\system32;C:\Windows\system;C:\Windows;.;C:\Program Files (x86)\Pervasive Software\PSQL\bin\;C:\Windows\system32;C:\Windows;C:\Windows\System32\Wbem;C:\Windows\System32\WindowsPowerShell\v1.0\ [calling]
dc0.dbc: supR3HardenedMonitor_LdrLoadDll: returns rcNt=0x0 hMod=000007fef8dd0000 'C:\Windows\system32\Cabinet.dll'
dc0.dbc: supR3HardenedScreenImage/LdrLoadDll: cache hit (VINF_SUCCESS) on \Device\HarddiskVolume2\Windows\System32\devrtl.dll
dc0.dbc: supR3HardenedMonitor_LdrLoadDll: pName=C:\Windows\system32\DEVRTL.dll (Input=DEVRTL.dll, rcNtResolve=0xc0150008) *pfFlags=0x0 pwszSearchPath=0000000000734040:C:\Program Files\Oracle\VirtualBox;C:\Windows\system32;C:\Windows\system;C:\Windows;.;C:\Program Files (x86)\Pervasive Software\PSQL\bin\;C:\Windows\system32;C:\Windows;C:\Windows\System32\Wbem;C:\Windows\System32\WindowsPowerShell\v1.0\ [calling]
dc0.dbc: supR3HardenedMonitor_LdrLoadDll: returns rcNt=0x0 hMod=000007fefcba0000 'C:\Windows\system32\DEVRTL.dll'
dc0.dbc: supR3HardenedDllNotificationCallback: Unload 000007feff050000 LB 0x001d7000 C:\Windows\system32\setupapi.dll [flags=0x0]
dc0.dbc: supR3HardenedDllNotificationCallback: Unload 000007fefda90000 LB 0x0001a000 C:\Windows\system32\DEVOBJ.dll [flags=0x0]
dc0.dbc: supR3HardenedDllNotificationCallback: Unload 000007feff760000 LB 0x000d7000 C:\Windows\system32\OLEAUT32.dll [flags=0x0]
dc0.dbc: supR3HardenedDllNotificationCallback: Unload 000007feff2f0000 LB 0x00203000 C:\Windows\system32\ole32.dll [flags=0x0]
dc0.dbc: supR3HardenedDllNotificationCallback: Unload 000007fefdbc0000 LB 0x00036000 C:\Windows\system32\CFGMGR32.dll [flags=0x0]
dc0.dbc: supR3HardenedWinVerifyCacheScheduleImports: Import todo: #0 'msvcr100.dll'.
dc0.dbc: supHardenedWinVerifyImageByHandle: -> 0 (\Device\HarddiskVolume2\Program Files\Oracle\VirtualBox\msvcp100.dll) WinVerifyTrust
dc0.dbc: supR3HardenedWinVerifyCacheInsert: \Device\HarddiskVolume2\Program Files\Oracle\VirtualBox\msvcp100.dll
dc0.dbc: supR3HardenedWinVerifyCacheProcessImportTodos: Processing 'msvcr100.dll'...
dc0.dbc: supR3HardenedWinVerifyCacheProcessImportTodos: 'msvcr100.dll' -> '\Device\HarddiskVolume2\Program Files\Oracle\VirtualBox\msvcr100.dll' [rcNtRedir=0xc0150008]
dc0.dbc: \Device\HarddiskVolume2\Program Files\Oracle\VirtualBox\msvcr100.dll: Signature #1/2: info status: 24202
dc0.dbc: supR3HardenedWinVerifyCacheProcessImportTodos: Processing 'msvcr100.dll'...
dc0.dbc: supR3HardenedWinVerifyCacheProcessImportTodos: 'msvcr100.dll' -> '\Device\HarddiskVolume2\Program Files\Oracle\VirtualBox\msvcr100.dll' [rcNtRedir=0xc0150008]
dc0.dbc: \Device\HarddiskVolume2\Program Files\Oracle\VirtualBox\msvcr100.dll: Signature #1/2: info status: 24202
dc0.dbc: Detected WinVerifyTrust recursion: rc=Unknown Status 24202 (0x5e8a) '\Device\HarddiskVolume2\Program Files\Oracle\VirtualBox\msvcr100.dll'.
dc0.dbc: supHardenedWinVerifyImageByHandle: -> 24202 (\Device\HarddiskVolume2\Program Files\Oracle\VirtualBox\msvcr100.dll)
dc0.dbc: supR3HardenedWinVerifyCacheInsert: \Device\HarddiskVolume2\Program Files\Oracle\VirtualBox\msvcr100.dll
dc0.dbc: supR3HardenedDllNotificationCallback: load   000007feff050000 LB 0x001d7000 C:\Windows\system32\setupapi.dll [fFlags=0x0]
dc0.dbc: supR3HardenedDllNotificationCallback: load   000007fefdbc0000 LB 0x00036000 C:\Windows\system32\CFGMGR32.dll [fFlags=0x0]
dc0.dbc: supR3HardenedScreenImage/LdrLoadDll: cache hit (VINF_SUCCESS) on \Device\HarddiskVolume2\Windows\System32\cfgmgr32.dll
dc0.dbc: supR3HardenedDllNotificationCallback: load   000007feff760000 LB 0x000d7000 C:\Windows\system32\OLEAUT32.dll [fFlags=0x0]
dc0.dbc: supR3HardenedScreenImage/LdrLoadDll: cache hit (VINF_SUCCESS) on \Device\HarddiskVolume2\Windows\System32\oleaut32.dll
dc0.dbc: supR3HardenedDllNotificationCallback: load   000007feff2f0000 LB 0x00203000 C:\Windows\system32\ole32.dll [fFlags=0x0]
dc0.dbc: supR3HardenedScreenImage/LdrLoadDll: cache hit (VINF_SUCCESS) on \Device\HarddiskVolume2\Windows\System32\ole32.dll
dc0.dbc: supR3HardenedDllNotificationCallback: load   000007fefda90000 LB 0x0001a000 C:\Windows\system32\DEVOBJ.dll [fFlags=0x0]
dc0.dbc: supR3HardenedScreenImage/LdrLoadDll: cache hit (VINF_SUCCESS) on \Device\HarddiskVolume2\Windows\System32\devobj.dll
dc0.dbc: supR3HardenedIsApiSetDll: '<NULL>' -> true
dc0.dbc: supR3HardenedMonitor_LdrLoadDll: pName=API-MS-Win-Core-LocalRegistry-L1-1-0.dll (rcNtResolve=0x0) *pfFlags=0x0 pwszSearchPath=0000000000734040:C:\Program Files\Oracle\VirtualBox;C:\Windows\system32;C:\Windows\system;C:\Windows;.;C:\Program Files (x86)\Pervasive Software\PSQL\bin\;C:\Windows\system32;C:\Windows;C:\Windows\System32\Wbem;C:\Windows\System32\WindowsPowerShell\v1.0\ [calling]
dc0.dbc: supR3HardenedMonitor_LdrLoadDll: returns rcNt=0x0 hMod=00000000776c0000 'API-MS-Win-Core-LocalRegistry-L1-1-0.dll'
dc0.dbc: supR3HardenedMonitor_LdrLoadDll: returns rcNt=0x0 hMod=000007feff050000 'C:\Windows\system32\setupapi.dll'
dc0.dbc: supR3HardenedScreenImage/LdrLoadDll: cache hit (VINF_SUCCESS) on \Device\HarddiskVolume2\Windows\System32\cabinet.dll
dc0.dbc: supR3HardenedMonitor_LdrLoadDll: pName=C:\Windows\system32\Cabinet.dll (Input=Cabinet.dll, rcNtResolve=0xc0150008) *pfFlags=0x0 pwszSearchPath=0000000000734040:C:\Program Files\Oracle\VirtualBox;C:\Windows\system32;C:\Windows\system;C:\Windows;.;C:\Program Files (x86)\Pervasive Software\PSQL\bin\;C:\Windows\system32;C:\Windows;C:\Windows\System32\Wbem;C:\Windows\System32\WindowsPowerShell\v1.0\ [calling]
dc0.dbc: supR3HardenedMonitor_LdrLoadDll: returns rcNt=0x0 hMod=000007fef8dd0000 'C:\Windows\system32\Cabinet.dll'
dc0.dbc: supR3HardenedScreenImage/LdrLoadDll: cache hit (VINF_SUCCESS) on \Device\HarddiskVolume2\Windows\System32\devrtl.dll
dc0.dbc: supR3HardenedMonitor_LdrLoadDll: pName=C:\Windows\system32\DEVRTL.dll (Input=DEVRTL.dll, rcNtResolve=0xc0150008) *pfFlags=0x0 pwszSearchPath=0000000000734040:C:\Program Files\Oracle\VirtualBox;C:\Windows\system32;C:\Windows\system;C:\Windows;.;C:\Program Files (x86)\Pervasive Software\PSQL\bin\;C:\Windows\system32;C:\Windows;C:\Windows\System32\Wbem;C:\Windows\System32\WindowsPowerShell\v1.0\ [calling]
dc0.dbc: supR3HardenedMonitor_LdrLoadDll: returns rcNt=0x0 hMod=000007fefcba0000 'C:\Windows\system32\DEVRTL.dll'
dc0.dbc: supR3HardenedDllNotificationCallback: Unload 000007feff050000 LB 0x001d7000 C:\Windows\system32\setupapi.dll [flags=0x0]
dc0.dbc: supR3HardenedDllNotificationCallback: Unload 000007fefda90000 LB 0x0001a000 C:\Windows\system32\DEVOBJ.dll [flags=0x0]
dc0.dbc: supR3HardenedDllNotificationCallback: Unload 000007feff760000 LB 0x000d7000 C:\Windows\system32\OLEAUT32.dll [flags=0x0]
dc0.dbc: supR3HardenedDllNotificationCallback: Unload 000007feff2f0000 LB 0x00203000 C:\Windows\system32\ole32.dll [flags=0x0]
dc0.dbc: supR3HardenedDllNotificationCallback: Unload 000007fefdbc0000 LB 0x00036000 C:\Windows\system32\CFGMGR32.dll [flags=0x0]
dc0.dbc: supHardenedWinVerifyImageByHandle: -> 0 (\Device\HarddiskVolume2\Program Files\Oracle\VirtualBox\msvcr100.dll) WinVerifyTrust
dc0.dbc: supR3HardenedMonitor_LdrLoadDll: pName=C:\Program Files\Oracle\VirtualBox\VBoxRT.dll (rcNtResolve=0xc0150008) *pfFlags=0x0 pwszSearchPath=0000000000734040:C:\Program Files\Oracle\VirtualBox;C:\Windows\system32;C:\Windows\system;C:\Windows;.;C:\Program Files (x86)\Pervasive Software\PSQL\bin\;C:\Windows\system32;C:\Windows;C:\Windows\System32\Wbem;C:\Windows\System32\WindowsPowerShell\v1.0\ [calling]
dc0.dbc: supR3HardenedScreenImage/NtCreateSection: cache hit (VINF_SUCCESS) on \Device\HarddiskVolume2\Program Files\Oracle\VirtualBox\VBoxRT.dll
dc0.dbc: supR3HardenedDllNotificationCallback: load   000007fef6d70000 LB 0x0060c000 C:\Program Files\Oracle\VirtualBox\VBoxRT.dll [fFlags=0x0]
dc0.dbc: supR3HardenedScreenImage/LdrLoadDll: cache hit (VINF_SUCCESS) on \Device\HarddiskVolume2\Program Files\Oracle\VirtualBox\VBoxRT.dll
dc0.dbc: supR3HardenedScreenImage/NtCreateSection: cache hit (Unknown Status 24202 (0x5e8a)) on \Device\HarddiskVolume2\Program Files\Oracle\VirtualBox\msvcr100.dll [avoiding WinVerifyTrust]
dc0.dbc: supR3HardenedDllNotificationCallback: load   000000006ed10000 LB 0x000d2000 C:\Program Files\Oracle\VirtualBox\MSVCR100.dll [fFlags=0x0]
dc0.dbc: supR3HardenedScreenImage/LdrLoadDll: cache hit (Unknown Status 24202 (0x5e8a)) on \Device\HarddiskVolume2\Program Files\Oracle\VirtualBox\msvcr100.dll [avoiding WinVerifyTrust]
dc0.dbc: supR3HardenedScreenImage/NtCreateSection: cache hit (VINF_SUCCESS) on \Device\HarddiskVolume2\Program Files\Oracle\VirtualBox\msvcp100.dll
dc0.dbc: supR3HardenedDllNotificationCallback: load   000000006ee30000 LB 0x00098000 C:\Program Files\Oracle\VirtualBox\MSVCP100.dll [fFlags=0x0]
dc0.dbc: supR3HardenedScreenImage/LdrLoadDll: cache hit (VINF_SUCCESS) on \Device\HarddiskVolume2\Program Files\Oracle\VirtualBox\msvcp100.dll
dc0.dbc: supR3HardenedDllNotificationCallback: load   000007feff2a0000 LB 0x0004d000 C:\Windows\system32\WS2_32.dll [fFlags=0x0]
dc0.dbc: supR3HardenedScreenImage/LdrLoadDll: cache hit (VINF_SUCCESS) on \Device\HarddiskVolume2\Windows\System32\ws2_32.dll
dc0.dbc: supR3HardenedDllNotificationCallback: load   000007fefe210000 LB 0x00008000 C:\Windows\system32\NSI.dll [fFlags=0x0]
dc0.dbc: supR3HardenedScreenImage/LdrLoadDll: cache hit (Unknown Status 22900 (0x5974)) on \Device\HarddiskVolume2\Windows\System32\nsi.dll [avoiding WinVerifyTrust]
dc0.dbc: Detected loader lock ownership: rc=Unknown Status 24202 (0x5e8a) '\Device\HarddiskVolume2\Program Files\Oracle\VirtualBox\msvcr100.dll'.
dc0.dbc: supR3HardenedWinVerifyCacheProcessWvtTodos: 24202 (was 24202) fWinVerifyTrust=0 for '\Device\HarddiskVolume2\Program Files\Oracle\VirtualBox\msvcr100.dll' [rescheduled]
dc0.dbc: Detected loader lock ownership: rc=Unknown Status 22900 (0x5974) '\Device\HarddiskVolume2\Windows\System32\nsi.dll'.
dc0.dbc: supR3HardenedWinVerifyCacheProcessWvtTodos: 22900 (was 22900) fWinVerifyTrust=0 for '\Device\HarddiskVolume2\Windows\System32\nsi.dll' [rescheduled]
dc0.dbc: supR3HardenedScreenImage/LdrLoadDll: cache hit (VINF_SUCCESS) on \Device\HarddiskVolume2\Program Files\Oracle\VirtualBox\VBoxRT.dll
dc0.dbc: supR3HardenedMonitor_LdrLoadDll: pName=C:\Program Files\Oracle\VirtualBox\VBoxRT.dll (rcNtResolve=0xc0150008) *pfFlags=0x0 pwszSearchPath=0000000000734040:C:\Program Files\Oracle\VirtualBox;C:\Windows\system32;C:\Windows\system;C:\Windows;.;C:\Program Files (x86)\Pervasive Software\PSQL\bin\;C:\Windows\system32;C:\Windows;C:\Windows\System32\Wbem;C:\Windows\System32\WindowsPowerShell\v1.0\ [calling]
dc0.dbc: supR3HardenedMonitor_LdrLoadDll: returns rcNt=0x0 hMod=000007fef6d70000 'C:\Program Files\Oracle\VirtualBox\VBoxRT.dll'
dc0.dbc: Detected loader lock ownership: rc=Unknown Status 24202 (0x5e8a) '\Device\HarddiskVolume2\Program Files\Oracle\VirtualBox\msvcr100.dll'.
dc0.dbc: supR3HardenedWinVerifyCacheProcessWvtTodos: 24202 (was 24202) fWinVerifyTrust=0 for '\Device\HarddiskVolume2\Program Files\Oracle\VirtualBox\msvcr100.dll' [rescheduled]
dc0.dbc: Detected loader lock ownership: rc=Unknown Status 22900 (0x5974) '\Device\HarddiskVolume2\Windows\System32\nsi.dll'.
dc0.dbc: supR3HardenedWinVerifyCacheProcessWvtTodos: 22900 (was 22900) fWinVerifyTrust=0 for '\Device\HarddiskVolume2\Windows\System32\nsi.dll' [rescheduled]
dc0.dbc: Detected loader lock ownership: rc=Unknown Status 24202 (0x5e8a) '\Device\HarddiskVolume2\Program Files\Oracle\VirtualBox\msvcr100.dll'.
dc0.dbc: supR3HardenedWinVerifyCacheProcessWvtTodos: 24202 (was 24202) fWinVerifyTrust=0 for '\Device\HarddiskVolume2\Program Files\Oracle\VirtualBox\msvcr100.dll' [rescheduled]
dc0.dbc: Detected loader lock ownership: rc=Unknown Status 22900 (0x5974) '\Device\HarddiskVolume2\Windows\System32\nsi.dll'.
dc0.dbc: supR3HardenedWinVerifyCacheProcessWvtTodos: 22900 (was 22900) fWinVerifyTrust=0 for '\Device\HarddiskVolume2\Windows\System32\nsi.dll' [rescheduled]
dc0.dbc: supR3HardenedScreenImage/LdrLoadDll: cache hit (VINF_SUCCESS) on \Device\HarddiskVolume2\Program Files\Oracle\VirtualBox\VBoxRT.dll
dc0.dbc: supR3HardenedMonitor_LdrLoadDll: pName=C:\Program Files\Oracle\VirtualBox\VBoxRT.dll (rcNtResolve=0xc0150008) *pfFlags=0x0 pwszSearchPath=0000000000734040:C:\Program Files\Oracle\VirtualBox;C:\Windows\system32;C:\Windows\system;C:\Windows;.;C:\Program Files (x86)\Pervasive Software\PSQL\bin\;C:\Windows\system32;C:\Windows;C:\Windows\System32\Wbem;C:\Windows\System32\WindowsPowerShell\v1.0\ [calling]
dc0.dbc: supR3HardenedMonitor_LdrLoadDll: returns rcNt=0x0 hMod=000007fef6d70000 'C:\Program Files\Oracle\VirtualBox\VBoxRT.dll'
dc0.dbc: Detected loader lock ownership: rc=Unknown Status 24202 (0x5e8a) '\Device\HarddiskVolume2\Program Files\Oracle\VirtualBox\msvcr100.dll'.
dc0.dbc: supR3HardenedWinVerifyCacheProcessWvtTodos: 24202 (was 24202) fWinVerifyTrust=0 for '\Device\HarddiskVolume2\Program Files\Oracle\VirtualBox\msvcr100.dll' [rescheduled]
dc0.dbc: Detected loader lock ownership: rc=Unknown Status 22900 (0x5974) '\Device\HarddiskVolume2\Windows\System32\nsi.dll'.
dc0.dbc: supR3HardenedWinVerifyCacheProcessWvtTodos: 22900 (was 22900) fWinVerifyTrust=0 for '\Device\HarddiskVolume2\Windows\System32\nsi.dll' [rescheduled]
dc0.dbc: Detected loader lock ownership: rc=Unknown Status 24202 (0x5e8a) '\Device\HarddiskVolume2\Program Files\Oracle\VirtualBox\msvcr100.dll'.
dc0.dbc: supR3HardenedWinVerifyCacheProcessWvtTodos: 24202 (was 24202) fWinVerifyTrust=0 for '\Device\HarddiskVolume2\Program Files\Oracle\VirtualBox\msvcr100.dll' [rescheduled]
dc0.dbc: Detected loader lock ownership: rc=Unknown Status 22900 (0x5974) '\Device\HarddiskVolume2\Windows\System32\nsi.dll'.
dc0.dbc: supR3HardenedWinVerifyCacheProcessWvtTodos: 22900 (was 22900) fWinVerifyTrust=0 for '\Device\HarddiskVolume2\Windows\System32\nsi.dll' [rescheduled]
dc0.dbc: supR3HardenedScreenImage/LdrLoadDll: cache hit (VINF_SUCCESS) on \Device\HarddiskVolume2\Program Files\Oracle\VirtualBox\VBoxRT.dll
dc0.dbc: supR3HardenedMonitor_LdrLoadDll: pName=C:\Program Files\Oracle\VirtualBox\VBoxRT.dll (rcNtResolve=0xc0150008) *pfFlags=0x0 pwszSearchPath=0000000000734040:C:\Program Files\Oracle\VirtualBox;C:\Windows\system32;C:\Windows\system;C:\Windows;.;C:\Program Files (x86)\Pervasive Software\PSQL\bin\;C:\Windows\system32;C:\Windows;C:\Windows\System32\Wbem;C:\Windows\System32\WindowsPowerShell\v1.0\ [calling]
dc0.dbc: supR3HardenedMonitor_LdrLoadDll: returns rcNt=0x0 hMod=000007fef6d70000 'C:\Program Files\Oracle\VirtualBox\VBoxRT.dll'
dc0.dbc: Detected loader lock ownership: rc=Unknown Status 24202 (0x5e8a) '\Device\HarddiskVolume2\Program Files\Oracle\VirtualBox\msvcr100.dll'.
dc0.dbc: supR3HardenedWinVerifyCacheProcessWvtTodos: 24202 (was 24202) fWinVerifyTrust=0 for '\Device\HarddiskVolume2\Program Files\Oracle\VirtualBox\msvcr100.dll' [rescheduled]
dc0.dbc: Detected loader lock ownership: rc=Unknown Status 22900 (0x5974) '\Device\HarddiskVolume2\Windows\System32\nsi.dll'.
dc0.dbc: supR3HardenedWinVerifyCacheProcessWvtTodos: 22900 (was 22900) fWinVerifyTrust=0 for '\Device\HarddiskVolume2\Windows\System32\nsi.dll' [rescheduled]
dc0.dbc: Detected loader lock ownership: rc=Unknown Status 24202 (0x5e8a) '\Device\HarddiskVolume2\Program Files\Oracle\VirtualBox\msvcr100.dll'.
dc0.dbc: supR3HardenedWinVerifyCacheProcessWvtTodos: 24202 (was 24202) fWinVerifyTrust=0 for '\Device\HarddiskVolume2\Program Files\Oracle\VirtualBox\msvcr100.dll' [rescheduled]
dc0.dbc: Detected loader lock ownership: rc=Unknown Status 22900 (0x5974) '\Device\HarddiskVolume2\Windows\System32\nsi.dll'.
dc0.dbc: supR3HardenedWinVerifyCacheProcessWvtTodos: 22900 (was 22900) fWinVerifyTrust=0 for '\Device\HarddiskVolume2\Windows\System32\nsi.dll' [rescheduled]
dc0.dbc: supR3HardenedScreenImage/LdrLoadDll: cache hit (VINF_SUCCESS) on \Device\HarddiskVolume2\Program Files\Oracle\VirtualBox\VBoxRT.dll
dc0.dbc: supR3HardenedMonitor_LdrLoadDll: pName=C:\Program Files\Oracle\VirtualBox\VBoxRT.dll (rcNtResolve=0xc0150008) *pfFlags=0x0 pwszSearchPath=0000000000734040:C:\Program Files\Oracle\VirtualBox;C:\Windows\system32;C:\Windows\system;C:\Windows;.;C:\Program Files (x86)\Pervasive Software\PSQL\bin\;C:\Windows\system32;C:\Windows;C:\Windows\System32\Wbem;C:\Windows\System32\WindowsPowerShell\v1.0\ [calling]
dc0.dbc: supR3HardenedMonitor_LdrLoadDll: returns rcNt=0x0 hMod=000007fef6d70000 'C:\Program Files\Oracle\VirtualBox\VBoxRT.dll'
dc0.dbc: Detected loader lock ownership: rc=Unknown Status 24202 (0x5e8a) '\Device\HarddiskVolume2\Program Files\Oracle\VirtualBox\msvcr100.dll'.
dc0.dbc: supR3HardenedWinVerifyCacheProcessWvtTodos: 24202 (was 24202) fWinVerifyTrust=0 for '\Device\HarddiskVolume2\Program Files\Oracle\VirtualBox\msvcr100.dll' [rescheduled]
dc0.dbc: Detected loader lock ownership: rc=Unknown Status 22900 (0x5974) '\Device\HarddiskVolume2\Windows\System32\nsi.dll'.
dc0.dbc: supR3HardenedWinVerifyCacheProcessWvtTodos: 22900 (was 22900) fWinVerifyTrust=0 for '\Device\HarddiskVolume2\Windows\System32\nsi.dll' [rescheduled]
dc0.dbc: Detected loader lock ownership: rc=Unknown Status 24202 (0x5e8a) '\Device\HarddiskVolume2\Program Files\Oracle\VirtualBox\msvcr100.dll'.
dc0.dbc: supR3HardenedWinVerifyCacheProcessWvtTodos: 24202 (was 24202) fWinVerifyTrust=0 for '\Device\HarddiskVolume2\Program Files\Oracle\VirtualBox\msvcr100.dll' [rescheduled]
dc0.dbc: Detected loader lock ownership: rc=Unknown Status 22900 (0x5974) '\Device\HarddiskVolume2\Windows\System32\nsi.dll'.
dc0.dbc: supR3HardenedWinVerifyCacheProcessWvtTodos: 22900 (was 22900) fWinVerifyTrust=0 for '\Device\HarddiskVolume2\Windows\System32\nsi.dll' [rescheduled]
dc0.dbc: supR3HardenedScreenImage/LdrLoadDll: cache hit (VINF_SUCCESS) on \Device\HarddiskVolume2\Program Files\Oracle\VirtualBox\VBoxRT.dll
dc0.dbc: supR3HardenedMonitor_LdrLoadDll: pName=C:\Program Files\Oracle\VirtualBox\VBoxRT.dll (rcNtResolve=0xc0150008) *pfFlags=0x0 pwszSearchPath=0000000000734040:C:\Program Files\Oracle\VirtualBox;C:\Windows\system32;C:\Windows\system;C:\Windows;.;C:\Program Files (x86)\Pervasive Software\PSQL\bin\;C:\Windows\system32;C:\Windows;C:\Windows\System32\Wbem;C:\Windows\System32\WindowsPowerShell\v1.0\ [calling]
dc0.dbc: supR3HardenedMonitor_LdrLoadDll: returns rcNt=0x0 hMod=000007fef6d70000 'C:\Program Files\Oracle\VirtualBox\VBoxRT.dll'
dc0.dbc: Detected loader lock ownership: rc=Unknown Status 24202 (0x5e8a) '\Device\HarddiskVolume2\Program Files\Oracle\VirtualBox\msvcr100.dll'.
dc0.dbc: supR3HardenedWinVerifyCacheProcessWvtTodos: 24202 (was 24202) fWinVerifyTrust=0 for '\Device\HarddiskVolume2\Program Files\Oracle\VirtualBox\msvcr100.dll' [rescheduled]
dc0.dbc: Detected loader lock ownership: rc=Unknown Status 22900 (0x5974) '\Device\HarddiskVolume2\Windows\System32\nsi.dll'.
dc0.dbc: supR3HardenedWinVerifyCacheProcessWvtTodos: 22900 (was 22900) fWinVerifyTrust=0 for '\Device\HarddiskVolume2\Windows\System32\nsi.dll' [rescheduled]
dc0.dbc: Detected loader lock ownership: rc=Unknown Status 24202 (0x5e8a) '\Device\HarddiskVolume2\Program Files\Oracle\VirtualBox\msvcr100.dll'.
dc0.dbc: supR3HardenedWinVerifyCacheProcessWvtTodos: 24202 (was 24202) fWinVerifyTrust=0 for '\Device\HarddiskVolume2\Program Files\Oracle\VirtualBox\msvcr100.dll' [rescheduled]
dc0.dbc: Detected loader lock ownership: rc=Unknown Status 22900 (0x5974) '\Device\HarddiskVolume2\Windows\System32\nsi.dll'.
dc0.dbc: supR3HardenedWinVerifyCacheProcessWvtTodos: 22900 (was 22900) fWinVerifyTrust=0 for '\Device\HarddiskVolume2\Windows\System32\nsi.dll' [rescheduled]
dc0.dbc: supR3HardenedScreenImage/LdrLoadDll: cache hit (VINF_SUCCESS) on \Device\HarddiskVolume2\Program Files\Oracle\VirtualBox\VBoxRT.dll
dc0.dbc: supR3HardenedMonitor_LdrLoadDll: pName=C:\Program Files\Oracle\VirtualBox\VBoxRT.dll (rcNtResolve=0xc0150008) *pfFlags=0x0 pwszSearchPath=0000000000734040:C:\Program Files\Oracle\VirtualBox;C:\Windows\system32;C:\Windows\system;C:\Windows;.;C:\Program Files (x86)\Pervasive Software\PSQL\bin\;C:\Windows\system32;C:\Windows;C:\Windows\System32\Wbem;C:\Windows\System32\WindowsPowerShell\v1.0\ [calling]
dc0.dbc: supR3HardenedMonitor_LdrLoadDll: returns rcNt=0x0 hMod=000007fef6d70000 'C:\Program Files\Oracle\VirtualBox\VBoxRT.dll'
dc0.dbc: Detected loader lock ownership: rc=Unknown Status 24202 (0x5e8a) '\Device\HarddiskVolume2\Program Files\Oracle\VirtualBox\msvcr100.dll'.
dc0.dbc: supR3HardenedWinVerifyCacheProcessWvtTodos: 24202 (was 24202) fWinVerifyTrust=0 for '\Device\HarddiskVolume2\Program Files\Oracle\VirtualBox\msvcr100.dll' [rescheduled]
dc0.dbc: Detected loader lock ownership: rc=Unknown Status 22900 (0x5974) '\Device\HarddiskVolume2\Windows\System32\nsi.dll'.
dc0.dbc: supR3HardenedWinVerifyCacheProcessWvtTodos: 22900 (was 22900) fWinVerifyTrust=0 for '\Device\HarddiskVolume2\Windows\System32\nsi.dll' [rescheduled]
dc0.dbc: Detected loader lock ownership: rc=Unknown Status 24202 (0x5e8a) '\Device\HarddiskVolume2\Program Files\Oracle\VirtualBox\msvcr100.dll'.
dc0.dbc: supR3HardenedWinVerifyCacheProcessWvtTodos: 24202 (was 24202) fWinVerifyTrust=0 for '\Device\HarddiskVolume2\Program Files\Oracle\VirtualBox\msvcr100.dll' [rescheduled]
dc0.dbc: Detected loader lock ownership: rc=Unknown Status 22900 (0x5974) '\Device\HarddiskVolume2\Windows\System32\nsi.dll'.
dc0.dbc: supR3HardenedWinVerifyCacheProcessWvtTodos: 22900 (was 22900) fWinVerifyTrust=0 for '\Device\HarddiskVolume2\Windows\System32\nsi.dll' [rescheduled]
dc0.dbc: supR3HardenedMonitor_LdrLoadDll: returns rcNt=0x0 hMod=000007fef6d70000 'C:\Program Files\Oracle\VirtualBox\VBoxRT.dll'
dc0.dbc: Detected loader lock ownership: rc=Unknown Status 24202 (0x5e8a) '\Device\HarddiskVolume2\Program Files\Oracle\VirtualBox\msvcr100.dll'.
dc0.dbc: supR3HardenedWinVerifyCacheProcessWvtTodos: 24202 (was 24202) fWinVerifyTrust=0 for '\Device\HarddiskVolume2\Program Files\Oracle\VirtualBox\msvcr100.dll' [rescheduled]
dc0.dbc: Detected loader lock ownership: rc=Unknown Status 22900 (0x5974) '\Device\HarddiskVolume2\Windows\System32\nsi.dll'.
dc0.dbc: supR3HardenedWinVerifyCacheProcessWvtTodos: 22900 (was 22900) fWinVerifyTrust=0 for '\Device\HarddiskVolume2\Windows\System32\nsi.dll' [rescheduled]
dc0.dbc: Detected loader lock ownership: rc=Unknown Status 24202 (0x5e8a) '\Device\HarddiskVolume2\Program Files\Oracle\VirtualBox\msvcr100.dll'.
dc0.dbc: supR3HardenedWinVerifyCacheProcessWvtTodos: 24202 (was 24202) fWinVerifyTrust=0 for '\Device\HarddiskVolume2\Program Files\Oracle\VirtualBox\msvcr100.dll' [rescheduled]
dc0.dbc: Detected loader lock ownership: rc=Unknown Status 22900 (0x5974) '\Device\HarddiskVolume2\Windows\System32\nsi.dll'.
dc0.dbc: supR3HardenedWinVerifyCacheProcessWvtTodos: 22900 (was 22900) fWinVerifyTrust=0 for '\Device\HarddiskVolume2\Windows\System32\nsi.dll' [rescheduled]
dc0.dbc: supR3HardenedMonitor_LdrLoadDll: returns rcNt=0x0 hMod=000007fef6d70000 'C:\Program Files\Oracle\VirtualBox\VBoxRT.dll'
dc0.dbc: Detected loader lock ownership: rc=Unknown Status 24202 (0x5e8a) '\Device\HarddiskVolume2\Program Files\Oracle\VirtualBox\msvcr100.dll'.
dc0.dbc: supR3HardenedWinVerifyCacheProcessWvtTodos: 24202 (was 24202) fWinVerifyTrust=0 for '\Device\HarddiskVolume2\Program Files\Oracle\VirtualBox\msvcr100.dll' [rescheduled]
dc0.dbc: Detected loader lock ownership: rc=Unknown Status 22900 (0x5974) '\Device\HarddiskVolume2\Windows\System32\nsi.dll'.
dc0.dbc: supR3HardenedWinVerifyCacheProcessWvtTodos: 22900 (was 22900) fWinVerifyTrust=0 for '\Device\HarddiskVolume2\Windows\System32\nsi.dll' [rescheduled]
dc0.dbc: Detected loader lock ownership: rc=Unknown Status 24202 (0x5e8a) '\Device\HarddiskVolume2\Program Files\Oracle\VirtualBox\msvcr100.dll'.
dc0.dbc: supR3HardenedWinVerifyCacheProcessWvtTodos: 24202 (was 24202) fWinVerifyTrust=0 for '\Device\HarddiskVolume2\Program Files\Oracle\VirtualBox\msvcr100.dll' [rescheduled]
dc0.dbc: Detected loader lock ownership: rc=Unknown Status 22900 (0x5974) '\Device\HarddiskVolume2\Windows\System32\nsi.dll'.
dc0.dbc: supR3HardenedWinVerifyCacheProcessWvtTodos: 22900 (was 22900) fWinVerifyTrust=0 for '\Device\HarddiskVolume2\Windows\System32\nsi.dll' [rescheduled]
dc0.dbc: supR3HardenedMonitor_LdrLoadDll: returns rcNt=0x0 hMod=000007fef6d70000 'C:\Program Files\Oracle\VirtualBox\VBoxRT.dll'
dc0.dbc: Detected loader lock ownership: rc=Unknown Status 24202 (0x5e8a) '\Device\HarddiskVolume2\Program Files\Oracle\VirtualBox\msvcr100.dll'.
dc0.dbc: supR3HardenedWinVerifyCacheProcessWvtTodos: 24202 (was 24202) fWinVerifyTrust=0 for '\Device\HarddiskVolume2\Program Files\Oracle\VirtualBox\msvcr100.dll' [rescheduled]
dc0.dbc: Detected loader lock ownership: rc=Unknown Status 22900 (0x5974) '\Device\HarddiskVolume2\Windows\System32\nsi.dll'.
dc0.dbc: supR3HardenedWinVerifyCacheProcessWvtTodos: 22900 (was 22900) fWinVerifyTrust=0 for '\Device\HarddiskVolume2\Windows\System32\nsi.dll' [rescheduled]
dc0.dbc: Detected loader lock ownership: rc=Unknown Status 24202 (0x5e8a) '\Device\HarddiskVolume2\Program Files\Oracle\VirtualBox\msvcr100.dll'.
dc0.dbc: supR3HardenedWinVerifyCacheProcessWvtTodos: 24202 (was 24202) fWinVerifyTrust=0 for '\Device\HarddiskVolume2\Program Files\Oracle\VirtualBox\msvcr100.dll' [rescheduled]
dc0.dbc: Detected loader lock ownership: rc=Unknown Status 22900 (0x5974) '\Device\HarddiskVolume2\Windows\System32\nsi.dll'.
dc0.dbc: supR3HardenedWinVerifyCacheProcessWvtTodos: 22900 (was 22900) fWinVerifyTrust=0 for '\Device\HarddiskVolume2\Windows\System32\nsi.dll' [rescheduled]
dc0.dbc: supR3HardenedMonitor_LdrLoadDll: returns rcNt=0x0 hMod=000007fef6d70000 'C:\Program Files\Oracle\VirtualBox\VBoxRT.dll'
dc0.dbc: Detected loader lock ownership: rc=Unknown Status 24202 (0x5e8a) '\Device\HarddiskVolume2\Program Files\Oracle\VirtualBox\msvcr100.dll'.
dc0.dbc: supR3HardenedWinVerifyCacheProcessWvtTodos: 24202 (was 24202) fWinVerifyTrust=0 for '\Device\HarddiskVolume2\Program Files\Oracle\VirtualBox\msvcr100.dll' [rescheduled]
dc0.dbc: Detected loader lock ownership: rc=Unknown Status 22900 (0x5974) '\Device\HarddiskVolume2\Windows\System32\nsi.dll'.
dc0.dbc: supR3HardenedWinVerifyCacheProcessWvtTodos: 22900 (was 22900) fWinVerifyTrust=0 for '\Device\HarddiskVolume2\Windows\System32\nsi.dll' [rescheduled]
dc0.dbc: Detected loader lock ownership: rc=Unknown Status 24202 (0x5e8a) '\Device\HarddiskVolume2\Program Files\Oracle\VirtualBox\msvcr100.dll'.
dc0.dbc: supR3HardenedWinVerifyCacheProcessWvtTodos: 24202 (was 24202) fWinVerifyTrust=0 for '\Device\HarddiskVolume2\Program Files\Oracle\VirtualBox\msvcr100.dll' [rescheduled]
dc0.dbc: Detected loader lock ownership: rc=Unknown Status 22900 (0x5974) '\Device\HarddiskVolume2\Windows\System32\nsi.dll'.
dc0.dbc: supR3HardenedWinVerifyCacheProcessWvtTodos: 22900 (was 22900) fWinVerifyTrust=0 for '\Device\HarddiskVolume2\Windows\System32\nsi.dll' [rescheduled]
dc0.dbc: supR3HardenedMonitor_LdrLoadDll: returns rcNt=0x0 hMod=000007fef6d70000 'C:\Program Files\Oracle\VirtualBox\VBoxRT.dll'
dc0.dbc: Detected loader lock ownership: rc=Unknown Status 24202 (0x5e8a) '\Device\HarddiskVolume2\Program Files\Oracle\VirtualBox\msvcr100.dll'.
dc0.dbc: supR3HardenedWinVerifyCacheProcessWvtTodos: 24202 (was 24202) fWinVerifyTrust=0 for '\Device\HarddiskVolume2\Program Files\Oracle\VirtualBox\msvcr100.dll' [rescheduled]
dc0.dbc: Detected loader lock ownership: rc=Unknown Status 22900 (0x5974) '\Device\HarddiskVolume2\Windows\System32\nsi.dll'.
dc0.dbc: supR3HardenedWinVerifyCacheProcessWvtTodos: 22900 (was 22900) fWinVerifyTrust=0 for '\Device\HarddiskVolume2\Windows\System32\nsi.dll' [rescheduled]
dc0.dbc: Detected loader lock ownership: rc=Unknown Status 24202 (0x5e8a) '\Device\HarddiskVolume2\Program Files\Oracle\VirtualBox\msvcr100.dll'.
dc0.dbc: supR3HardenedWinVerifyCacheProcessWvtTodos: 24202 (was 24202) fWinVerifyTrust=0 for '\Device\HarddiskVolume2\Program Files\Oracle\VirtualBox\msvcr100.dll' [rescheduled]
dc0.dbc: Detected loader lock ownership: rc=Unknown Status 22900 (0x5974) '\Device\HarddiskVolume2\Windows\System32\nsi.dll'.
dc0.dbc: supR3HardenedWinVerifyCacheProcessWvtTodos: 22900 (was 22900) fWinVerifyTrust=0 for '\Device\HarddiskVolume2\Windows\System32\nsi.dll' [rescheduled]
dc0.dbc: supR3HardenedMonitor_LdrLoadDll: returns rcNt=0x0 hMod=000007fef6d70000 'C:\Program Files\Oracle\VirtualBox\VBoxRT.dll'
dc0.dbc: Detected loader lock ownership: rc=Unknown Status 24202 (0x5e8a) '\Device\HarddiskVolume2\Program Files\Oracle\VirtualBox\msvcr100.dll'.
dc0.dbc: supR3HardenedWinVerifyCacheProcessWvtTodos: 24202 (was 24202) fWinVerifyTrust=0 for '\Device\HarddiskVolume2\Program Files\Oracle\VirtualBox\msvcr100.dll' [rescheduled]
dc0.dbc: Detected loader lock ownership: rc=Unknown Status 22900 (0x5974) '\Device\HarddiskVolume2\Windows\System32\nsi.dll'.
dc0.dbc: supR3HardenedWinVerifyCacheProcessWvtTodos: 22900 (was 22900) fWinVerifyTrust=0 for '\Device\HarddiskVolume2\Windows\System32\nsi.dll' [rescheduled]
dc0.dbc: Detected loader lock ownership: rc=Unknown Status 24202 (0x5e8a) '\Device\HarddiskVolume2\Program Files\Oracle\VirtualBox\msvcr100.dll'.
dc0.dbc: supR3HardenedWinVerifyCacheProcessWvtTodos: 24202 (was 24202) fWinVerifyTrust=0 for '\Device\HarddiskVolume2\Program Files\Oracle\VirtualBox\msvcr100.dll' [rescheduled]
dc0.dbc: Detected loader lock ownership: rc=Unknown Status 22900 (0x5974) '\Device\HarddiskVolume2\Windows\System32\nsi.dll'.
dc0.dbc: supR3HardenedWinVerifyCacheProcessWvtTodos: 22900 (was 22900) fWinVerifyTrust=0 for '\Device\HarddiskVolume2\Windows\System32\nsi.dll' [rescheduled]
dc0.dbc: supR3HardenedMonitor_LdrLoadDll: returns rcNt=0x0 hMod=000007fef6d70000 'C:\Program Files\Oracle\VirtualBox\VBoxRT.dll'
dc0.dbc: Detected loader lock ownership: rc=Unknown Status 24202 (0x5e8a) '\Device\HarddiskVolume2\Program Files\Oracle\VirtualBox\msvcr100.dll'.
dc0.dbc: supR3HardenedWinVerifyCacheProcessWvtTodos: 24202 (was 24202) fWinVerifyTrust=0 for '\Device\HarddiskVolume2\Program Files\Oracle\VirtualBox\msvcr100.dll' [rescheduled]
dc0.dbc: Detected loader lock ownership: rc=Unknown Status 22900 (0x5974) '\Device\HarddiskVolume2\Windows\System32\nsi.dll'.
dc0.dbc: supR3HardenedWinVerifyCacheProcessWvtTodos: 22900 (was 22900) fWinVerifyTrust=0 for '\Device\HarddiskVolume2\Windows\System32\nsi.dll' [rescheduled]
dc0.dbc: Detected loader lock ownership: rc=Unknown Status 24202 (0x5e8a) '\Device\HarddiskVolume2\Program Files\Oracle\VirtualBox\msvcr100.dll'.
dc0.dbc: supR3HardenedWinVerifyCacheProcessWvtTodos: 24202 (was 24202) fWinVerifyTrust=0 for '\Device\HarddiskVolume2\Program Files\Oracle\VirtualBox\msvcr100.dll' [rescheduled]
dc0.dbc: Detected loader lock ownership: rc=Unknown Status 22900 (0x5974) '\Device\HarddiskVolume2\Windows\System32\nsi.dll'.
dc0.dbc: supR3HardenedWinVerifyCacheProcessWvtTodos: 22900 (was 22900) fWinVerifyTrust=0 for '\Device\HarddiskVolume2\Windows\System32\nsi.dll' [rescheduled]
dc0.dbc: supR3HardenedScreenImage/LdrLoadDll: cache hit (VINF_SUCCESS) on \Device\HarddiskVolume2\Program Files\Oracle\VirtualBox\VBoxRT.dll
dc0.dbc: supR3HardenedMonitor_LdrLoadDll: pName=C:\Program Files\Oracle\VirtualBox\VBoxRT.dll (rcNtResolve=0xc0150008) *pfFlags=0x0 pwszSearchPath=0000000000734040:C:\Program Files\Oracle\VirtualBox;C:\Windows\system32;C:\Windows\system;C:\Windows;.;C:\Program Files (x86)\Pervasive Software\PSQL\bin\;C:\Windows\system32;C:\Windows;C:\Windows\System32\Wbem;C:\Windows\System32\WindowsPowerShell\v1.0\ [calling]
dc0.dbc: supR3HardenedMonitor_LdrLoadDll: returns rcNt=0x0 hMod=000007fef6d70000 'C:\Program Files\Oracle\VirtualBox\VBoxRT.dll'
dc0.dbc: Detected loader lock ownership: rc=Unknown Status 24202 (0x5e8a) '\Device\HarddiskVolume2\Program Files\Oracle\VirtualBox\msvcr100.dll'.
dc0.dbc: supR3HardenedWinVerifyCacheProcessWvtTodos: 24202 (was 24202) fWinVerifyTrust=0 for '\Device\HarddiskVolume2\Program Files\Oracle\VirtualBox\msvcr100.dll' [rescheduled]
dc0.dbc: Detected loader lock ownership: rc=Unknown Status 22900 (0x5974) '\Device\HarddiskVolume2\Windows\System32\nsi.dll'.
dc0.dbc: supR3HardenedWinVerifyCacheProcessWvtTodos: 22900 (was 22900) fWinVerifyTrust=0 for '\Device\HarddiskVolume2\Windows\System32\nsi.dll' [rescheduled]
dc0.dbc: Detected loader lock ownership: rc=Unknown Status 24202 (0x5e8a) '\Device\HarddiskVolume2\Program Files\Oracle\VirtualBox\msvcr100.dll'.
dc0.dbc: supR3HardenedWinVerifyCacheProcessWvtTodos: 24202 (was 24202) fWinVerifyTrust=0 for '\Device\HarddiskVolume2\Program Files\Oracle\VirtualBox\msvcr100.dll' [rescheduled]
dc0.dbc: Detected loader lock ownership: rc=Unknown Status 22900 (0x5974) '\Device\HarddiskVolume2\Windows\System32\nsi.dll'.
dc0.dbc: supR3HardenedWinVerifyCacheProcessWvtTodos: 22900 (was 22900) fWinVerifyTrust=0 for '\Device\HarddiskVolume2\Windows\System32\nsi.dll' [rescheduled]
dc0.dbc: supR3HardenedMonitor_LdrLoadDll: returns rcNt=0x0 hMod=000007fef6d70000 'C:\Program Files\Oracle\VirtualBox\VBoxRT.dll'
dc0.dbc: Detected loader lock ownership: rc=Unknown Status 24202 (0x5e8a) '\Device\HarddiskVolume2\Program Files\Oracle\VirtualBox\msvcr100.dll'.
dc0.dbc: supR3HardenedWinVerifyCacheProcessWvtTodos: 24202 (was 24202) fWinVerifyTrust=0 for '\Device\HarddiskVolume2\Program Files\Oracle\VirtualBox\msvcr100.dll' [rescheduled]
dc0.dbc: Detected loader lock ownership: rc=Unknown Status 22900 (0x5974) '\Device\HarddiskVolume2\Windows\System32\nsi.dll'.
dc0.dbc: supR3HardenedWinVerifyCacheProcessWvtTodos: 22900 (was 22900) fWinVerifyTrust=0 for '\Device\HarddiskVolume2\Windows\System32\nsi.dll' [rescheduled]
dc0.dbc: Detected loader lock ownership: rc=Unknown Status 24202 (0x5e8a) '\Device\HarddiskVolume2\Program Files\Oracle\VirtualBox\msvcr100.dll'.
dc0.dbc: supR3HardenedWinVerifyCacheProcessWvtTodos: 24202 (was 24202) fWinVerifyTrust=0 for '\Device\HarddiskVolume2\Program Files\Oracle\VirtualBox\msvcr100.dll' [rescheduled]
dc0.dbc: Detected loader lock ownership: rc=Unknown Status 22900 (0x5974) '\Device\HarddiskVolume2\Windows\System32\nsi.dll'.
dc0.dbc: supR3HardenedWinVerifyCacheProcessWvtTodos: 22900 (was 22900) fWinVerifyTrust=0 for '\Device\HarddiskVolume2\Windows\System32\nsi.dll' [rescheduled]
dc0.dbc: supR3HardenedMonitor_LdrLoadDll: returns rcNt=0x0 hMod=000007fef6d70000 'C:\Program Files\Oracle\VirtualBox\VBoxRT.dll'
dc0.dbc: Detected loader lock ownership: rc=Unknown Status 24202 (0x5e8a) '\Device\HarddiskVolume2\Program Files\Oracle\VirtualBox\msvcr100.dll'.
dc0.dbc: supR3HardenedWinVerifyCacheProcessWvtTodos: 24202 (was 24202) fWinVerifyTrust=0 for '\Device\HarddiskVolume2\Program Files\Oracle\VirtualBox\msvcr100.dll' [rescheduled]
dc0.dbc: Detected loader lock ownership: rc=Unknown Status 22900 (0x5974) '\Device\HarddiskVolume2\Windows\System32\nsi.dll'.
dc0.dbc: supR3HardenedWinVerifyCacheProcessWvtTodos: 22900 (was 22900) fWinVerifyTrust=0 for '\Device\HarddiskVolume2\Windows\System32\nsi.dll' [rescheduled]
dc0.dbc: Detected loader lock ownership: rc=Unknown Status 24202 (0x5e8a) '\Device\HarddiskVolume2\Program Files\Oracle\VirtualBox\msvcr100.dll'.
dc0.dbc: supR3HardenedWinVerifyCacheProcessWvtTodos: 24202 (was 24202) fWinVerifyTrust=0 for '\Device\HarddiskVolume2\Program Files\Oracle\VirtualBox\msvcr100.dll' [rescheduled]
dc0.dbc: Detected loader lock ownership: rc=Unknown Status 22900 (0x5974) '\Device\HarddiskVolume2\Windows\System32\nsi.dll'.
dc0.dbc: supR3HardenedWinVerifyCacheProcessWvtTodos: 22900 (was 22900) fWinVerifyTrust=0 for '\Device\HarddiskVolume2\Windows\System32\nsi.dll' [rescheduled]
dc0.dbc: supR3HardenedMonitor_LdrLoadDll: returns rcNt=0x0 hMod=000007fef6d70000 'C:\Program Files\Oracle\VirtualBox\VBoxRT.dll'
dc0.dbc: Detected loader lock ownership: rc=Unknown Status 24202 (0x5e8a) '\Device\HarddiskVolume2\Program Files\Oracle\VirtualBox\msvcr100.dll'.
dc0.dbc: supR3HardenedWinVerifyCacheProcessWvtTodos: 24202 (was 24202) fWinVerifyTrust=0 for '\Device\HarddiskVolume2\Program Files\Oracle\VirtualBox\msvcr100.dll' [rescheduled]
dc0.dbc: Detected loader lock ownership: rc=Unknown Status 22900 (0x5974) '\Device\HarddiskVolume2\Windows\System32\nsi.dll'.
dc0.dbc: supR3HardenedWinVerifyCacheProcessWvtTodos: 22900 (was 22900) fWinVerifyTrust=0 for '\Device\HarddiskVolume2\Windows\System32\nsi.dll' [rescheduled]
dc0.dbc: Detected loader lock ownership: rc=Unknown Status 24202 (0x5e8a) '\Device\HarddiskVolume2\Program Files\Oracle\VirtualBox\msvcr100.dll'.
dc0.dbc: supR3HardenedWinVerifyCacheProcessWvtTodos: 24202 (was 24202) fWinVerifyTrust=0 for '\Device\HarddiskVolume2\Program Files\Oracle\VirtualBox\msvcr100.dll' [rescheduled]
dc0.dbc: Detected loader lock ownership: rc=Unknown Status 22900 (0x5974) '\Device\HarddiskVolume2\Windows\System32\nsi.dll'.
dc0.dbc: supR3HardenedWinVerifyCacheProcessWvtTodos: 22900 (was 22900) fWinVerifyTrust=0 for '\Device\HarddiskVolume2\Windows\System32\nsi.dll' [rescheduled]
dc0.dbc: supR3HardenedMonitor_LdrLoadDll: returns rcNt=0x0 hMod=000007fef6d70000 'C:\Program Files\Oracle\VirtualBox\VBoxRT.dll'
dc0.dbc: Detected loader lock ownership: rc=Unknown Status 24202 (0x5e8a) '\Device\HarddiskVolume2\Program Files\Oracle\VirtualBox\msvcr100.dll'.
dc0.dbc: supR3HardenedWinVerifyCacheProcessWvtTodos: 24202 (was 24202) fWinVerifyTrust=0 for '\Device\HarddiskVolume2\Program Files\Oracle\VirtualBox\msvcr100.dll' [rescheduled]
dc0.dbc: Detected loader lock ownership: rc=Unknown Status 22900 (0x5974) '\Device\HarddiskVolume2\Windows\System32\nsi.dll'.
dc0.dbc: supR3HardenedWinVerifyCacheProcessWvtTodos: 22900 (was 22900) fWinVerifyTrust=0 for '\Device\HarddiskVolume2\Windows\System32\nsi.dll' [rescheduled]
dc0.dbc: Detected loader lock ownership: rc=Unknown Status 24202 (0x5e8a) '\Device\HarddiskVolume2\Program Files\Oracle\VirtualBox\msvcr100.dll'.
dc0.dbc: supR3HardenedWinVerifyCacheProcessWvtTodos: 24202 (was 24202) fWinVerifyTrust=0 for '\Device\HarddiskVolume2\Program Files\Oracle\VirtualBox\msvcr100.dll' [rescheduled]
dc0.dbc: Detected loader lock ownership: rc=Unknown Status 22900 (0x5974) '\Device\HarddiskVolume2\Windows\System32\nsi.dll'.
dc0.dbc: supR3HardenedWinVerifyCacheProcessWvtTodos: 22900 (was 22900) fWinVerifyTrust=0 for '\Device\HarddiskVolume2\Windows\System32\nsi.dll' [rescheduled]
dc0.dbc: supR3HardenedMonitor_LdrLoadDll: returns rcNt=0x0 hMod=000007fef6d70000 'C:\Program Files\Oracle\VirtualBox\VBoxRT.dll'
dc0.dbc: Detected loader lock ownership: rc=Unknown Status 24202 (0x5e8a) '\Device\HarddiskVolume2\Program Files\Oracle\VirtualBox\msvcr100.dll'.
dc0.dbc: supR3HardenedWinVerifyCacheProcessWvtTodos: 24202 (was 24202) fWinVerifyTrust=0 for '\Device\HarddiskVolume2\Program Files\Oracle\VirtualBox\msvcr100.dll' [rescheduled]
dc0.dbc: Detected loader lock ownership: rc=Unknown Status 22900 (0x5974) '\Device\HarddiskVolume2\Windows\System32\nsi.dll'.
dc0.dbc: supR3HardenedWinVerifyCacheProcessWvtTodos: 22900 (was 22900) fWinVerifyTrust=0 for '\Device\HarddiskVolume2\Windows\System32\nsi.dll' [rescheduled]
dc0.dbc: Detected loader lock ownership: rc=Unknown Status 24202 (0x5e8a) '\Device\HarddiskVolume2\Program Files\Oracle\VirtualBox\msvcr100.dll'.
dc0.dbc: supR3HardenedWinVerifyCacheProcessWvtTodos: 24202 (was 24202) fWinVerifyTrust=0 for '\Device\HarddiskVolume2\Program Files\Oracle\VirtualBox\msvcr100.dll' [rescheduled]
dc0.dbc: Detected loader lock ownership: rc=Unknown Status 22900 (0x5974) '\Device\HarddiskVolume2\Windows\System32\nsi.dll'.
dc0.dbc: supR3HardenedWinVerifyCacheProcessWvtTodos: 22900 (was 22900) fWinVerifyTrust=0 for '\Device\HarddiskVolume2\Windows\System32\nsi.dll' [rescheduled]
dc0.dbc: supR3HardenedMonitor_LdrLoadDll: returns rcNt=0x0 hMod=000007fef6d70000 'C:\Program Files\Oracle\VirtualBox\VBoxRT.dll'
dc0.dbc: Detected loader lock ownership: rc=Unknown Status 24202 (0x5e8a) '\Device\HarddiskVolume2\Program Files\Oracle\VirtualBox\msvcr100.dll'.
dc0.dbc: supR3HardenedWinVerifyCacheProcessWvtTodos: 24202 (was 24202) fWinVerifyTrust=0 for '\Device\HarddiskVolume2\Program Files\Oracle\VirtualBox\msvcr100.dll' [rescheduled]
dc0.dbc: Detected loader lock ownership: rc=Unknown Status 22900 (0x5974) '\Device\HarddiskVolume2\Windows\System32\nsi.dll'.
dc0.dbc: supR3HardenedWinVerifyCacheProcessWvtTodos: 22900 (was 22900) fWinVerifyTrust=0 for '\Device\HarddiskVolume2\Windows\System32\nsi.dll' [rescheduled]
dc0.dbc: Detected loader lock ownership: rc=Unknown Status 24202 (0x5e8a) '\Device\HarddiskVolume2\Program Files\Oracle\VirtualBox\msvcr100.dll'.
dc0.dbc: supR3HardenedWinVerifyCacheProcessWvtTodos: 24202 (was 24202) fWinVerifyTrust=0 for '\Device\HarddiskVolume2\Program Files\Oracle\VirtualBox\msvcr100.dll' [rescheduled]
dc0.dbc: Detected loader lock ownership: rc=Unknown Status 22900 (0x5974) '\Device\HarddiskVolume2\Windows\System32\nsi.dll'.
dc0.dbc: supR3HardenedWinVerifyCacheProcessWvtTodos: 22900 (was 22900) fWinVerifyTrust=0 for '\Device\HarddiskVolume2\Windows\System32\nsi.dll' [rescheduled]
dc0.dbc: supR3HardenedMonitor_LdrLoadDll: returns rcNt=0x0 hMod=000007fef6d70000 'C:\Program Files\Oracle\VirtualBox\VBoxRT.dll'
dc0.dbc: Detected loader lock ownership: rc=Unknown Status 24202 (0x5e8a) '\Device\HarddiskVolume2\Program Files\Oracle\VirtualBox\msvcr100.dll'.
dc0.dbc: supR3HardenedWinVerifyCacheProcessWvtTodos: 24202 (was 24202) fWinVerifyTrust=0 for '\Device\HarddiskVolume2\Program Files\Oracle\VirtualBox\msvcr100.dll' [rescheduled]
dc0.dbc: Detected loader lock ownership: rc=Unknown Status 22900 (0x5974) '\Device\HarddiskVolume2\Windows\System32\nsi.dll'.
dc0.dbc: supR3HardenedWinVerifyCacheProcessWvtTodos: 22900 (was 22900) fWinVerifyTrust=0 for '\Device\HarddiskVolume2\Windows\System32\nsi.dll' [rescheduled]
dc0.dbc: Detected loader lock ownership: rc=Unknown Status 24202 (0x5e8a) '\Device\HarddiskVolume2\Program Files\Oracle\VirtualBox\msvcr100.dll'.
dc0.dbc: supR3HardenedWinVerifyCacheProcessWvtTodos: 24202 (was 24202) fWinVerifyTrust=0 for '\Device\HarddiskVolume2\Program Files\Oracle\VirtualBox\msvcr100.dll' [rescheduled]
dc0.dbc: Detected loader lock ownership: rc=Unknown Status 22900 (0x5974) '\Device\HarddiskVolume2\Windows\System32\nsi.dll'.
dc0.dbc: supR3HardenedWinVerifyCacheProcessWvtTodos: 22900 (was 22900) fWinVerifyTrust=0 for '\Device\HarddiskVolume2\Windows\System32\nsi.dll' [rescheduled]
dc0.dbc: supR3HardenedMonitor_LdrLoadDll: returns rcNt=0x0 hMod=000007fef6d70000 'C:\Program Files\Oracle\VirtualBox\VBoxRT.dll'
dc0.dbc: Detected loader lock ownership: rc=Unknown Status 24202 (0x5e8a) '\Device\HarddiskVolume2\Program Files\Oracle\VirtualBox\msvcr100.dll'.
dc0.dbc: supR3HardenedWinVerifyCacheProcessWvtTodos: 24202 (was 24202) fWinVerifyTrust=0 for '\Device\HarddiskVolume2\Program Files\Oracle\VirtualBox\msvcr100.dll' [rescheduled]
dc0.dbc: Detected loader lock ownership: rc=Unknown Status 22900 (0x5974) '\Device\HarddiskVolume2\Windows\System32\nsi.dll'.
dc0.dbc: supR3HardenedWinVerifyCacheProcessWvtTodos: 22900 (was 22900) fWinVerifyTrust=0 for '\Device\HarddiskVolume2\Windows\System32\nsi.dll' [rescheduled]
dc0.dbc: Detected loader lock ownership: rc=Unknown Status 24202 (0x5e8a) '\Device\HarddiskVolume2\Program Files\Oracle\VirtualBox\msvcr100.dll'.
dc0.dbc: supR3HardenedWinVerifyCacheProcessWvtTodos: 24202 (was 24202) fWinVerifyTrust=0 for '\Device\HarddiskVolume2\Program Files\Oracle\VirtualBox\msvcr100.dll' [rescheduled]
dc0.dbc: Detected loader lock ownership: rc=Unknown Status 22900 (0x5974) '\Device\HarddiskVolume2\Windows\System32\nsi.dll'.
dc0.dbc: supR3HardenedWinVerifyCacheProcessWvtTodos: 22900 (was 22900) fWinVerifyTrust=0 for '\Device\HarddiskVolume2\Windows\System32\nsi.dll' [rescheduled]
dc0.dbc: supR3HardenedMonitor_LdrLoadDll: returns rcNt=0x0 hMod=000007fef6d70000 'C:\Program Files\Oracle\VirtualBox\VBoxRT.dll'
dc0.dbc: Detected loader lock ownership: rc=Unknown Status 24202 (0x5e8a) '\Device\HarddiskVolume2\Program Files\Oracle\VirtualBox\msvcr100.dll'.
dc0.dbc: supR3HardenedWinVerifyCacheProcessWvtTodos: 24202 (was 24202) fWinVerifyTrust=0 for '\Device\HarddiskVolume2\Program Files\Oracle\VirtualBox\msvcr100.dll' [rescheduled]
dc0.dbc: Detected loader lock ownership: rc=Unknown Status 22900 (0x5974) '\Device\HarddiskVolume2\Windows\System32\nsi.dll'.
dc0.dbc: supR3HardenedWinVerifyCacheProcessWvtTodos: 22900 (was 22900) fWinVerifyTrust=0 for '\Device\HarddiskVolume2\Windows\System32\nsi.dll' [rescheduled]
dc0.dbc: Detected loader lock ownership: rc=Unknown Status 24202 (0x5e8a) '\Device\HarddiskVolume2\Program Files\Oracle\VirtualBox\msvcr100.dll'.
dc0.dbc: supR3HardenedWinVerifyCacheProcessWvtTodos: 24202 (was 24202) fWinVerifyTrust=0 for '\Device\HarddiskVolume2\Program Files\Oracle\VirtualBox\msvcr100.dll' [rescheduled]
dc0.dbc: Detected loader lock ownership: rc=Unknown Status 22900 (0x5974) '\Device\HarddiskVolume2\Windows\System32\nsi.dll'.
dc0.dbc: supR3HardenedWinVerifyCacheProcessWvtTodos: 22900 (was 22900) fWinVerifyTrust=0 for '\Device\HarddiskVolume2\Windows\System32\nsi.dll' [rescheduled]
dc0.dbc: supR3HardenedMonitor_LdrLoadDll: returns rcNt=0x0 hMod=000007fef6d70000 'C:\Program Files\Oracle\VirtualBox\VBoxRT.dll'
dc0.dbc: Detected loader lock ownership: rc=Unknown Status 24202 (0x5e8a) '\Device\HarddiskVolume2\Program Files\Oracle\VirtualBox\msvcr100.dll'.
dc0.dbc: supR3HardenedWinVerifyCacheProcessWvtTodos: 24202 (was 24202) fWinVerifyTrust=0 for '\Device\HarddiskVolume2\Program Files\Oracle\VirtualBox\msvcr100.dll' [rescheduled]
dc0.dbc: Detected loader lock ownership: rc=Unknown Status 22900 (0x5974) '\Device\HarddiskVolume2\Windows\System32\nsi.dll'.
dc0.dbc: supR3HardenedWinVerifyCacheProcessWvtTodos: 22900 (was 22900) fWinVerifyTrust=0 for '\Device\HarddiskVolume2\Windows\System32\nsi.dll' [rescheduled]
dc0.dbc: Detected loader lock ownership: rc=Unknown Status 24202 (0x5e8a) '\Device\HarddiskVolume2\Program Files\Oracle\VirtualBox\msvcr100.dll'.
dc0.dbc: supR3HardenedWinVerifyCacheProcessWvtTodos: 24202 (was 24202) fWinVerifyTrust=0 for '\Device\HarddiskVolume2\Program Files\Oracle\VirtualBox\msvcr100.dll' [rescheduled]
dc0.dbc: Detected loader lock ownership: rc=Unknown Status 22900 (0x5974) '\Device\HarddiskVolume2\Windows\System32\nsi.dll'.
dc0.dbc: supR3HardenedWinVerifyCacheProcessWvtTodos: 22900 (was 22900) fWinVerifyTrust=0 for '\Device\HarddiskVolume2\Windows\System32\nsi.dll' [rescheduled]
dc0.dbc: supR3HardenedMonitor_LdrLoadDll: returns rcNt=0x0 hMod=000007fef6d70000 'C:\Program Files\Oracle\VirtualBox\VBoxRT.dll'
dc0.dbc: Detected loader lock ownership: rc=Unknown Status 24202 (0x5e8a) '\Device\HarddiskVolume2\Program Files\Oracle\VirtualBox\msvcr100.dll'.
dc0.dbc: supR3HardenedWinVerifyCacheProcessWvtTodos: 24202 (was 24202) fWinVerifyTrust=0 for '\Device\HarddiskVolume2\Program Files\Oracle\VirtualBox\msvcr100.dll' [rescheduled]
dc0.dbc: Detected loader lock ownership: rc=Unknown Status 22900 (0x5974) '\Device\HarddiskVolume2\Windows\System32\nsi.dll'.
dc0.dbc: supR3HardenedWinVerifyCacheProcessWvtTodos: 22900 (was 22900) fWinVerifyTrust=0 for '\Device\HarddiskVolume2\Windows\System32\nsi.dll' [rescheduled]
dc0.dbc: Detected loader lock ownership: rc=Unknown Status 24202 (0x5e8a) '\Device\HarddiskVolume2\Program Files\Oracle\VirtualBox\msvcr100.dll'.
dc0.dbc: supR3HardenedWinVerifyCacheProcessWvtTodos: 24202 (was 24202) fWinVerifyTrust=0 for '\Device\HarddiskVolume2\Program Files\Oracle\VirtualBox\msvcr100.dll' [rescheduled]
dc0.dbc: Detected loader lock ownership: rc=Unknown Status 22900 (0x5974) '\Device\HarddiskVolume2\Windows\System32\nsi.dll'.
dc0.dbc: supR3HardenedWinVerifyCacheProcessWvtTodos: 22900 (was 22900) fWinVerifyTrust=0 for '\Device\HarddiskVolume2\Windows\System32\nsi.dll' [rescheduled]
dc0.dbc: supR3HardenedMonitor_LdrLoadDll: returns rcNt=0x0 hMod=000007fef6d70000 'C:\Program Files\Oracle\VirtualBox\VBoxRT.dll'
dc0.dbc: Detected loader lock ownership: rc=Unknown Status 24202 (0x5e8a) '\Device\HarddiskVolume2\Program Files\Oracle\VirtualBox\msvcr100.dll'.
dc0.dbc: supR3HardenedWinVerifyCacheProcessWvtTodos: 24202 (was 24202) fWinVerifyTrust=0 for '\Device\HarddiskVolume2\Program Files\Oracle\VirtualBox\msvcr100.dll' [rescheduled]
dc0.dbc: Detected loader lock ownership: rc=Unknown Status 22900 (0x5974) '\Device\HarddiskVolume2\Windows\System32\nsi.dll'.
dc0.dbc: supR3HardenedWinVerifyCacheProcessWvtTodos: 22900 (was 22900) fWinVerifyTrust=0 for '\Device\HarddiskVolume2\Windows\System32\nsi.dll' [rescheduled]
dc0.dbc: Detected loader lock ownership: rc=Unknown Status 24202 (0x5e8a) '\Device\HarddiskVolume2\Program Files\Oracle\VirtualBox\msvcr100.dll'.
dc0.dbc: supR3HardenedWinVerifyCacheProcessWvtTodos: 24202 (was 24202) fWinVerifyTrust=0 for '\Device\HarddiskVolume2\Program Files\Oracle\VirtualBox\msvcr100.dll' [rescheduled]
dc0.dbc: Detected loader lock ownership: rc=Unknown Status 22900 (0x5974) '\Device\HarddiskVolume2\Windows\System32\nsi.dll'.
dc0.dbc: supR3HardenedWinVerifyCacheProcessWvtTodos: 22900 (was 22900) fWinVerifyTrust=0 for '\Device\HarddiskVolume2\Windows\System32\nsi.dll' [rescheduled]
dc0.dbc: supR3HardenedMonitor_LdrLoadDll: returns rcNt=0x0 hMod=000007fef6d70000 'C:\Program Files\Oracle\VirtualBox\VBoxRT.dll'
dc0.dbc: Detected loader lock ownership: rc=Unknown Status 24202 (0x5e8a) '\Device\HarddiskVolume2\Program Files\Oracle\VirtualBox\msvcr100.dll'.
dc0.dbc: supR3HardenedWinVerifyCacheProcessWvtTodos: 24202 (was 24202) fWinVerifyTrust=0 for '\Device\HarddiskVolume2\Program Files\Oracle\VirtualBox\msvcr100.dll' [rescheduled]
dc0.dbc: Detected loader lock ownership: rc=Unknown Status 22900 (0x5974) '\Device\HarddiskVolume2\Windows\System32\nsi.dll'.
dc0.dbc: supR3HardenedWinVerifyCacheProcessWvtTodos: 22900 (was 22900) fWinVerifyTrust=0 for '\Device\HarddiskVolume2\Windows\System32\nsi.dll' [rescheduled]
dc0.dbc: Detected loader lock ownership: rc=Unknown Status 24202 (0x5e8a) '\Device\HarddiskVolume2\Program Files\Oracle\VirtualBox\msvcr100.dll'.
dc0.dbc: supR3HardenedWinVerifyCacheProcessWvtTodos: 24202 (was 24202) fWinVerifyTrust=0 for '\Device\HarddiskVolume2\Program Files\Oracle\VirtualBox\msvcr100.dll' [rescheduled]
dc0.dbc: Detected loader lock ownership: rc=Unknown Status 22900 (0x5974) '\Device\HarddiskVolume2\Windows\System32\nsi.dll'.
dc0.dbc: supR3HardenedWinVerifyCacheProcessWvtTodos: 22900 (was 22900) fWinVerifyTrust=0 for '\Device\HarddiskVolume2\Windows\System32\nsi.dll' [rescheduled]
dc0.dbc: supR3HardenedMonitor_LdrLoadDll: returns rcNt=0x0 hMod=000007fef6d70000 'C:\Program Files\Oracle\VirtualBox\VBoxRT.dll'
dc0.dbc: Detected loader lock ownership: rc=Unknown Status 24202 (0x5e8a) '\Device\HarddiskVolume2\Program Files\Oracle\VirtualBox\msvcr100.dll'.
dc0.dbc: supR3HardenedWinVerifyCacheProcessWvtTodos: 24202 (was 24202) fWinVerifyTrust=0 for '\Device\HarddiskVolume2\Program Files\Oracle\VirtualBox\msvcr100.dll' [rescheduled]
dc0.dbc: Detected loader lock ownership: rc=Unknown Status 22900 (0x5974) '\Device\HarddiskVolume2\Windows\System32\nsi.dll'.
dc0.dbc: supR3HardenedWinVerifyCacheProcessWvtTodos: 22900 (was 22900) fWinVerifyTrust=0 for '\Device\HarddiskVolume2\Windows\System32\nsi.dll' [rescheduled]
dc0.dbc: Detected loader lock ownership: rc=Unknown Status 24202 (0x5e8a) '\Device\HarddiskVolume2\Program Files\Oracle\VirtualBox\msvcr100.dll'.
dc0.dbc: supR3HardenedWinVerifyCacheProcessWvtTodos: 24202 (was 24202) fWinVerifyTrust=0 for '\Device\HarddiskVolume2\Program Files\Oracle\VirtualBox\msvcr100.dll' [rescheduled]
dc0.dbc: Detected loader lock ownership: rc=Unknown Status 22900 (0x5974) '\Device\HarddiskVolume2\Windows\System32\nsi.dll'.
dc0.dbc: supR3HardenedWinVerifyCacheProcessWvtTodos: 22900 (was 22900) fWinVerifyTrust=0 for '\Device\HarddiskVolume2\Windows\System32\nsi.dll' [rescheduled]
dc0.dbc: supR3HardenedMonitor_LdrLoadDll: returns rcNt=0x0 hMod=000007fef6d70000 'C:\Program Files\Oracle\VirtualBox\VBoxRT.dll'
dc0.dbc: Detected loader lock ownership: rc=Unknown Status 24202 (0x5e8a) '\Device\HarddiskVolume2\Program Files\Oracle\VirtualBox\msvcr100.dll'.
dc0.dbc: supR3HardenedWinVerifyCacheProcessWvtTodos: 24202 (was 24202) fWinVerifyTrust=0 for '\Device\HarddiskVolume2\Program Files\Oracle\VirtualBox\msvcr100.dll' [rescheduled]
dc0.dbc: Detected loader lock ownership: rc=Unknown Status 22900 (0x5974) '\Device\HarddiskVolume2\Windows\System32\nsi.dll'.
dc0.dbc: supR3HardenedWinVerifyCacheProcessWvtTodos: 22900 (was 22900) fWinVerifyTrust=0 for '\Device\HarddiskVolume2\Windows\System32\nsi.dll' [rescheduled]
dc0.dbc: Detected loader lock ownership: rc=Unknown Status 24202 (0x5e8a) '\Device\HarddiskVolume2\Program Files\Oracle\VirtualBox\msvcr100.dll'.
dc0.dbc: supR3HardenedWinVerifyCacheProcessWvtTodos: 24202 (was 24202) fWinVerifyTrust=0 for '\Device\HarddiskVolume2\Program Files\Oracle\VirtualBox\msvcr100.dll' [rescheduled]
dc0.dbc: Detected loader lock ownership: rc=Unknown Status 22900 (0x5974) '\Device\HarddiskVolume2\Windows\System32\nsi.dll'.
dc0.dbc: supR3HardenedWinVerifyCacheProcessWvtTodos: 22900 (was 22900) fWinVerifyTrust=0 for '\Device\HarddiskVolume2\Windows\System32\nsi.dll' [rescheduled]
dc0.dbc: supR3HardenedScreenImage/LdrLoadDll: cache hit (VINF_SUCCESS) on \Device\HarddiskVolume2\Program Files\Oracle\VirtualBox\VBoxRT.dll
dc0.dbc: supR3HardenedMonitor_LdrLoadDll: pName=C:\Program Files\Oracle\VirtualBox\VBoxRT.dll (rcNtResolve=0xc0150008) *pfFlags=0x0 pwszSearchPath=0000000000734040:C:\Program Files\Oracle\VirtualBox;C:\Windows\system32;C:\Windows\system;C:\Windows;.;C:\Program Files (x86)\Pervasive Software\PSQL\bin\;C:\Windows\system32;C:\Windows;C:\Windows\System32\Wbem;C:\Windows\System32\WindowsPowerShell\v1.0\ [calling]
dc0.dbc: supR3HardenedMonitor_LdrLoadDll: returns rcNt=0x0 hMod=000007fef6d70000 'C:\Program Files\Oracle\VirtualBox\VBoxRT.dll'
dc0.dbc: Detected loader lock ownership: rc=Unknown Status 24202 (0x5e8a) '\Device\HarddiskVolume2\Program Files\Oracle\VirtualBox\msvcr100.dll'.
dc0.dbc: supR3HardenedWinVerifyCacheProcessWvtTodos: 24202 (was 24202) fWinVerifyTrust=0 for '\Device\HarddiskVolume2\Program Files\Oracle\VirtualBox\msvcr100.dll' [rescheduled]
dc0.dbc: Detected loader lock ownership: rc=Unknown Status 22900 (0x5974) '\Device\HarddiskVolume2\Windows\System32\nsi.dll'.
dc0.dbc: supR3HardenedWinVerifyCacheProcessWvtTodos: 22900 (was 22900) fWinVerifyTrust=0 for '\Device\HarddiskVolume2\Windows\System32\nsi.dll' [rescheduled]
dc0.dbc: Detected loader lock ownership: rc=Unknown Status 24202 (0x5e8a) '\Device\HarddiskVolume2\Program Files\Oracle\VirtualBox\msvcr100.dll'.
dc0.dbc: supR3HardenedWinVerifyCacheProcessWvtTodos: 24202 (was 24202) fWinVerifyTrust=0 for '\Device\HarddiskVolume2\Program Files\Oracle\VirtualBox\msvcr100.dll' [rescheduled]
dc0.dbc: Detected loader lock ownership: rc=Unknown Status 22900 (0x5974) '\Device\HarddiskVolume2\Windows\System32\nsi.dll'.
dc0.dbc: supR3HardenedWinVerifyCacheProcessWvtTodos: 22900 (was 22900) fWinVerifyTrust=0 for '\Device\HarddiskVolume2\Windows\System32\nsi.dll' [rescheduled]
dc0.dbc: supR3HardenedMonitor_LdrLoadDll: returns rcNt=0x0 hMod=000007fef6d70000 'C:\Program Files\Oracle\VirtualBox\VBoxRT.dll'
dc0.dbc: Detected loader lock ownership: rc=Unknown Status 24202 (0x5e8a) '\Device\HarddiskVolume2\Program Files\Oracle\VirtualBox\msvcr100.dll'.
dc0.dbc: supR3HardenedWinVerifyCacheProcessWvtTodos: 24202 (was 24202) fWinVerifyTrust=0 for '\Device\HarddiskVolume2\Program Files\Oracle\VirtualBox\msvcr100.dll' [rescheduled]
dc0.dbc: Detected loader lock ownership: rc=Unknown Status 22900 (0x5974) '\Device\HarddiskVolume2\Windows\System32\nsi.dll'.
dc0.dbc: supR3HardenedWinVerifyCacheProcessWvtTodos: 22900 (was 22900) fWinVerifyTrust=0 for '\Device\HarddiskVolume2\Windows\System32\nsi.dll' [rescheduled]
dc0.dbc: Detected loader lock ownership: rc=Unknown Status 24202 (0x5e8a) '\Device\HarddiskVolume2\Program Files\Oracle\VirtualBox\msvcr100.dll'.
dc0.dbc: supR3HardenedWinVerifyCacheProcessWvtTodos: 24202 (was 24202) fWinVerifyTrust=0 for '\Device\HarddiskVolume2\Program Files\Oracle\VirtualBox\msvcr100.dll' [rescheduled]
dc0.dbc: Detected loader lock ownership: rc=Unknown Status 22900 (0x5974) '\Device\HarddiskVolume2\Windows\System32\nsi.dll'.
dc0.dbc: supR3HardenedWinVerifyCacheProcessWvtTodos: 22900 (was 22900) fWinVerifyTrust=0 for '\Device\HarddiskVolume2\Windows\System32\nsi.dll' [rescheduled]
dc0.dbc: supR3HardenedMonitor_LdrLoadDll: returns rcNt=0x0 hMod=000007fef6d70000 'C:\Program Files\Oracle\VirtualBox\VBoxRT.dll'
dc0.dbc: Detected loader lock ownership: rc=Unknown Status 24202 (0x5e8a) '\Device\HarddiskVolume2\Program Files\Oracle\VirtualBox\msvcr100.dll'.
dc0.dbc: supR3HardenedWinVerifyCacheProcessWvtTodos: 24202 (was 24202) fWinVerifyTrust=0 for '\Device\HarddiskVolume2\Program Files\Oracle\VirtualBox\msvcr100.dll' [rescheduled]
dc0.dbc: Detected loader lock ownership: rc=Unknown Status 22900 (0x5974) '\Device\HarddiskVolume2\Windows\System32\nsi.dll'.
dc0.dbc: supR3HardenedWinVerifyCacheProcessWvtTodos: 22900 (was 22900) fWinVerifyTrust=0 for '\Device\HarddiskVolume2\Windows\System32\nsi.dll' [rescheduled]
dc0.dbc: supR3HardenedMonitor_LdrLoadDll: returns rcNt=0x0 hMod=000007fef6d70000 'C:\Program Files\Oracle\VirtualBox\VBoxRT.dll'
dc0.dbc: supR3HardenedScreenImage/NtCreateSection: cache hit (VINF_SUCCESS) on \Device\HarddiskVolume2\Windows\System32\setupapi.dll
dc0.dbc: supR3HardenedDllNotificationCallback: load   000007feff050000 LB 0x001d7000 C:\Windows\system32\setupapi.dll [fFlags=0x0]
dc0.dbc: supR3HardenedDllNotificationCallback: load   000007fefdbc0000 LB 0x00036000 C:\Windows\system32\CFGMGR32.dll [fFlags=0x0]
dc0.dbc: supR3HardenedScreenImage/LdrLoadDll: cache hit (VINF_SUCCESS) on \Device\HarddiskVolume2\Windows\System32\cfgmgr32.dll
dc0.dbc: supR3HardenedDllNotificationCallback: load   000007feff760000 LB 0x000d7000 C:\Windows\system32\OLEAUT32.dll [fFlags=0x0]
dc0.dbc: supR3HardenedScreenImage/LdrLoadDll: cache hit (VINF_SUCCESS) on \Device\HarddiskVolume2\Windows\System32\oleaut32.dll
dc0.dbc: supR3HardenedDllNotificationCallback: load   000007feff2f0000 LB 0x00203000 C:\Windows\system32\ole32.dll [fFlags=0x0]
dc0.dbc: supR3HardenedScreenImage/LdrLoadDll: cache hit (VINF_SUCCESS) on \Device\HarddiskVolume2\Windows\System32\ole32.dll
dc0.dbc: supR3HardenedDllNotificationCallback: load   000007fefda90000 LB 0x0001a000 C:\Windows\system32\DEVOBJ.dll [fFlags=0x0]
dc0.dbc: supR3HardenedScreenImage/LdrLoadDll: cache hit (VINF_SUCCESS) on \Device\HarddiskVolume2\Windows\System32\devobj.dll
dc0.dbc: supR3HardenedIsApiSetDll: '<NULL>' -> true
dc0.dbc: supR3HardenedMonitor_LdrLoadDll: pName=API-MS-Win-Core-LocalRegistry-L1-1-0.dll (rcNtResolve=0x0) *pfFlags=0x0 pwszSearchPath=0000000000734040:C:\Program Files\Oracle\VirtualBox;C:\Windows\system32;C:\Windows\system;C:\Windows;.;C:\Program Files (x86)\Pervasive Software\PSQL\bin\;C:\Windows\system32;C:\Windows;C:\Windows\System32\Wbem;C:\Windows\System32\WindowsPowerShell\v1.0\ [calling]
dc0.dbc: supR3HardenedMonitor_LdrLoadDll: returns rcNt=0x0 hMod=00000000776c0000 'API-MS-Win-Core-LocalRegistry-L1-1-0.dll'
dc0.dbc: supR3HardenedMonitor_LdrLoadDll: returns rcNt=0x0 hMod=000007feff050000 'C:\Windows\system32\setupapi.dll'
dc0.dbc: supR3HardenedScreenImage/LdrLoadDll: cache hit (VINF_SUCCESS) on \Device\HarddiskVolume2\Windows\System32\cabinet.dll
dc0.dbc: supR3HardenedMonitor_LdrLoadDll: pName=C:\Windows\system32\Cabinet.dll (Input=Cabinet.dll, rcNtResolve=0xc0150008) *pfFlags=0x0 pwszSearchPath=0000000000734040:C:\Program Files\Oracle\VirtualBox;C:\Windows\system32;C:\Windows\system;C:\Windows;.;C:\Program Files (x86)\Pervasive Software\PSQL\bin\;C:\Windows\system32;C:\Windows;C:\Windows\System32\Wbem;C:\Windows\System32\WindowsPowerShell\v1.0\ [calling]
dc0.dbc: supR3HardenedMonitor_LdrLoadDll: returns rcNt=0x0 hMod=000007fef8dd0000 'C:\Windows\system32\Cabinet.dll'
dc0.dbc: supR3HardenedScreenImage/LdrLoadDll: cache hit (VINF_SUCCESS) on \Device\HarddiskVolume2\Windows\System32\devrtl.dll
dc0.dbc: supR3HardenedMonitor_LdrLoadDll: pName=C:\Windows\system32\DEVRTL.dll (Input=DEVRTL.dll, rcNtResolve=0xc0150008) *pfFlags=0x0 pwszSearchPath=0000000000734040:C:\Program Files\Oracle\VirtualBox;C:\Windows\system32;C:\Windows\system;C:\Windows;.;C:\Program Files (x86)\Pervasive Software\PSQL\bin\;C:\Windows\system32;C:\Windows;C:\Windows\System32\Wbem;C:\Windows\System32\WindowsPowerShell\v1.0\ [calling]
dc0.dbc: supR3HardenedMonitor_LdrLoadDll: returns rcNt=0x0 hMod=000007fefcba0000 'C:\Windows\system32\DEVRTL.dll'
dc0.dbc: supR3HardenedDllNotificationCallback: Unload 000007feff050000 LB 0x001d7000 C:\Windows\system32\setupapi.dll [flags=0x0]
dc0.dbc: supR3HardenedDllNotificationCallback: Unload 000007fefda90000 LB 0x0001a000 C:\Windows\system32\DEVOBJ.dll [flags=0x0]
dc0.dbc: supR3HardenedDllNotificationCallback: Unload 000007feff760000 LB 0x000d7000 C:\Windows\system32\OLEAUT32.dll [flags=0x0]
dc0.dbc: supR3HardenedDllNotificationCallback: Unload 000007feff2f0000 LB 0x00203000 C:\Windows\system32\ole32.dll [flags=0x0]
dc0.dbc: supR3HardenedDllNotificationCallback: Unload 000007fefdbc0000 LB 0x00036000 C:\Windows\system32\CFGMGR32.dll [flags=0x0]
dc0.dbc: supR3HardenedWinVerifyCacheProcessWvtTodos: 0 (was 24202) fWinVerifyTrust=1 for '\Device\HarddiskVolume2\Program Files\Oracle\VirtualBox\msvcr100.dll'
dc0.dbc: supR3HardNtViCallWinVerifyTrustCatFile: hFile=00000000000003f0 pwszName=\Device\HarddiskVolume2\Windows\System32\nsi.dll
dc0.dbc: supR3HardNtViCallWinVerifyTrustCatFile: Cached context 00000000007d1ab0
dc0.dbc: supR3HardNtViCallWinVerifyTrustCatFile: hCatAdmin=00000000007d1ab0
dc0.dbc: supR3HardNtViCallWinVerifyTrustCatFile: cbHash=20 wszDigest=7AFD8538945F2D05BC1AF949B9B19B7D2D9FBBF8
dc0.dbc: supR3HardNtViCallWinVerifyTrustCatFile: WinVerifyTrust => 0x0; cat='C:\Windows\system32\CatRoot\{F750E6C3-38EE-11D1-85E5-00C04FC295EE}\ntpe.cat'; file='\Device\HarddiskVolume2\Windows\System32\nsi.dll'
dc0.dbc: supR3HardNtViCallWinVerifyTrustCatFile -> 0 (org 22900)
dc0.dbc: supR3HardenedWinVerifyCacheProcessWvtTodos: 0 (was 22900) fWinVerifyTrust=1 for '\Device\HarddiskVolume2\Windows\System32\nsi.dll'
dc0.dbc: supR3HardenedScreenImage/LdrLoadDll: cache hit (VINF_SUCCESS) on \Device\HarddiskVolume2\Windows\System32\wintrust.dll
dc0.dbc: supR3HardenedMonitor_LdrLoadDll: pName=C:\Windows\system32\Wintrust.dll (rcNtResolve=0xc0150008) *pfFlags=0x0 pwszSearchPath=0000000000734040:C:\Program Files\Oracle\VirtualBox;C:\Windows\system32;C:\Windows\system;C:\Windows;C:\Program Files (x86)\Pervasive Software\PSQL\bin\;C:\Windows\system32;C:\Windows;C:\Windows\System32\Wbem;C:\Windows\System32\WindowsPowerShell\v1.0\ [calling]
dc0.dbc: supR3HardenedMonitor_LdrLoadDll: returns rcNt=0x0 hMod=000007fefd8e0000 'C:\Windows\system32\Wintrust.dll'
dc0.dbc: supR3HardenedScreenImage/LdrLoadDll: cache hit (VINF_SUCCESS) on \Device\HarddiskVolume2\Windows\System32\crypt32.dll
dc0.dbc: supR3HardenedMonitor_LdrLoadDll: pName=C:\Windows\system32\crypt32.dll (rcNtResolve=0xc0150008) *pfFlags=0x0 pwszSearchPath=0000000000734040:C:\Program Files\Oracle\VirtualBox;C:\Windows\system32;C:\Windows\system;C:\Windows;C:\Program Files (x86)\Pervasive Software\PSQL\bin\;C:\Windows\system32;C:\Windows;C:\Windows\System32\Wbem;C:\Windows\System32\WindowsPowerShell\v1.0\ [calling]
dc0.dbc: supR3HardenedMonitor_LdrLoadDll: returns rcNt=0x0 hMod=000007fefd920000 'C:\Windows\system32\crypt32.dll'
dc0.dbc: SUPR3HardenedMain: Load TrustedMain...
dc0.dbc: \Device\HarddiskVolume2\Program Files\Oracle\VirtualBox\VirtualBoxVM.dll: Signature #1/2: info status: 24202
dc0.dbc: supR3HardenedDllNotificationCallback: load   000007feff050000 LB 0x001d7000 C:\Windows\system32\setupapi.dll [fFlags=0x0]
dc0.dbc: supR3HardenedDllNotificationCallback: load   000007fefdbc0000 LB 0x00036000 C:\Windows\system32\CFGMGR32.dll [fFlags=0x0]
dc0.dbc: supR3HardenedScreenImage/LdrLoadDll: cache hit (VINF_SUCCESS) on \Device\HarddiskVolume2\Windows\System32\cfgmgr32.dll
dc0.dbc: supR3HardenedDllNotificationCallback: load   000007feff760000 LB 0x000d7000 C:\Windows\system32\OLEAUT32.dll [fFlags=0x0]
dc0.dbc: supR3HardenedScreenImage/LdrLoadDll: cache hit (VINF_SUCCESS) on \Device\HarddiskVolume2\Windows\System32\oleaut32.dll
dc0.dbc: supR3HardenedDllNotificationCallback: load   000007feff2f0000 LB 0x00203000 C:\Windows\system32\ole32.dll [fFlags=0x0]
dc0.dbc: supR3HardenedScreenImage/LdrLoadDll: cache hit (VINF_SUCCESS) on \Device\HarddiskVolume2\Windows\System32\ole32.dll
dc0.dbc: supR3HardenedDllNotificationCallback: load   000007fefda90000 LB 0x0001a000 C:\Windows\system32\DEVOBJ.dll [fFlags=0x0]
dc0.dbc: supR3HardenedScreenImage/LdrLoadDll: cache hit (VINF_SUCCESS) on \Device\HarddiskVolume2\Windows\System32\devobj.dll
dc0.dbc: supR3HardenedIsApiSetDll: '<NULL>' -> true
dc0.dbc: supR3HardenedMonitor_LdrLoadDll: pName=API-MS-Win-Core-LocalRegistry-L1-1-0.dll (rcNtResolve=0x0) *pfFlags=0x0 pwszSearchPath=0000000000734040:C:\Program Files\Oracle\VirtualBox;C:\Windows\system32;C:\Windows\system;C:\Windows;C:\Program Files (x86)\Pervasive Software\PSQL\bin\;C:\Windows\system32;C:\Windows;C:\Windows\System32\Wbem;C:\Windows\System32\WindowsPowerShell\v1.0\ [calling]
dc0.dbc: supR3HardenedMonitor_LdrLoadDll: returns rcNt=0x0 hMod=00000000776c0000 'API-MS-Win-Core-LocalRegistry-L1-1-0.dll'
dc0.dbc: supR3HardenedMonitor_LdrLoadDll: returns rcNt=0x0 hMod=000007feff050000 'C:\Windows\system32\setupapi.dll'
dc0.dbc: supR3HardenedScreenImage/LdrLoadDll: cache hit (VINF_SUCCESS) on \Device\HarddiskVolume2\Windows\System32\cabinet.dll
dc0.dbc: supR3HardenedMonitor_LdrLoadDll: pName=C:\Windows\system32\Cabinet.dll (Input=Cabinet.dll, rcNtResolve=0xc0150008) *pfFlags=0x0 pwszSearchPath=0000000000734040:C:\Program Files\Oracle\VirtualBox;C:\Windows\system32;C:\Windows\system;C:\Windows;C:\Program Files (x86)\Pervasive Software\PSQL\bin\;C:\Windows\system32;C:\Windows;C:\Windows\System32\Wbem;C:\Windows\System32\WindowsPowerShell\v1.0\ [calling]
dc0.dbc: supR3HardenedMonitor_LdrLoadDll: returns rcNt=0x0 hMod=000007fef8dd0000 'C:\Windows\system32\Cabinet.dll'
dc0.dbc: supR3HardenedScreenImage/LdrLoadDll: cache hit (VINF_SUCCESS) on \Device\HarddiskVolume2\Windows\System32\devrtl.dll
dc0.dbc: supR3HardenedMonitor_LdrLoadDll: pName=C:\Windows\system32\DEVRTL.dll (Input=DEVRTL.dll, rcNtResolve=0xc0150008) *pfFlags=0x0 pwszSearchPath=0000000000734040:C:\Program Files\Oracle\VirtualBox;C:\Windows\system32;C:\Windows\system;C:\Windows;C:\Program Files (x86)\Pervasive Software\PSQL\bin\;C:\Windows\system32;C:\Windows;C:\Windows\System32\Wbem;C:\Windows\System32\WindowsPowerShell\v1.0\ [calling]
dc0.dbc: supR3HardenedMonitor_LdrLoadDll: returns rcNt=0x0 hMod=000007fefcba0000 'C:\Windows\system32\DEVRTL.dll'
dc0.dbc: supR3HardenedDllNotificationCallback: Unload 000007feff050000 LB 0x001d7000 C:\Windows\system32\setupapi.dll [flags=0x0]
dc0.dbc: supR3HardenedDllNotificationCallback: Unload 000007fefda90000 LB 0x0001a000 C:\Windows\system32\DEVOBJ.dll [flags=0x0]
dc0.dbc: supR3HardenedDllNotificationCallback: Unload 000007feff760000 LB 0x000d7000 C:\Windows\system32\OLEAUT32.dll [flags=0x0]
dc0.dbc: supR3HardenedDllNotificationCallback: Unload 000007feff2f0000 LB 0x00203000 C:\Windows\system32\ole32.dll [flags=0x0]
dc0.dbc: supR3HardenedDllNotificationCallback: Unload 000007fefdbc0000 LB 0x00036000 C:\Windows\system32\CFGMGR32.dll [flags=0x0]
dc0.dbc: supR3HardenedWinVerifyCacheScheduleImports: Import todo: #0 'opengl32.dll'.
dc0.dbc: supR3HardenedWinVerifyCacheScheduleImports: Import todo: #1 'uicommon.dll'.
dc0.dbc: supR3HardenedWinVerifyCacheScheduleImports: Import todo: #2 'vboxrt.dll'.
dc0.dbc: supR3HardenedWinVerifyCacheScheduleImports: Import todo: #3 'msvcp100.dll'.
dc0.dbc: supR3HardenedWinVerifyCacheScheduleImports: Import todo: #4 'msvcr100.dll'.
dc0.dbc: supR3HardenedWinVerifyCacheScheduleImports: Import todo: #5 'qt5corevbox.dll'.
dc0.dbc: supR3HardenedWinVerifyCacheScheduleImports: Import todo: #6 'qt5guivbox.dll'.
dc0.dbc: supR3HardenedWinVerifyCacheScheduleImports: Import todo: #7 'qt5widgetsvbox.dll'.
dc0.dbc: supR3HardenedWinVerifyCacheScheduleImports: Import todo: #8 'qt5openglvbox.dll'.
dc0.dbc: supR3HardenedWinVerifyCacheScheduleImports: Import todo: #10 'user32.dll'.
dc0.dbc: supR3HardenedWinVerifyCacheScheduleImports: Import todo: #11 'advapi32.dll'.
dc0.dbc: supR3HardenedWinVerifyCacheScheduleImports: Import todo: #12 'ole32.dll'.
dc0.dbc: supR3HardenedWinVerifyCacheScheduleImports: Import todo: #13 'oleaut32.dll'.
dc0.dbc: supR3HardenedWinVerifyCacheScheduleImports: Import todo: #14 'winmm.dll'.
dc0.dbc: supHardenedWinVerifyImageByHandle: -> 0 (\Device\HarddiskVolume2\Program Files\Oracle\VirtualBox\VirtualBoxVM.dll) WinVerifyTrust
dc0.dbc: supR3HardenedWinVerifyCacheInsert: \Device\HarddiskVolume2\Program Files\Oracle\VirtualBox\VirtualBoxVM.dll
dc0.dbc: supR3HardenedWinVerifyCacheProcessImportTodos: Processing 'winmm.dll'...
dc0.dbc: supR3HardenedWinVerifyCacheProcessImportTodos: 'winmm.dll' -> '\Device\HarddiskVolume2\Windows\System32\winmm.dll' [rcNtRedir=0xc0150008]
dc0.dbc: supR3HardNtViCallWinVerifyTrustCatFile: hFile=0000000000000428 pwszName=\Device\HarddiskVolume2\Windows\System32\winmm.dll
dc0.dbc: supR3HardNtViCallWinVerifyTrustCatFile: Cached context 00000000007d1ab0
dc0.dbc: supR3HardNtViCallWinVerifyTrustCatFile: hCatAdmin=00000000007d1ab0
dc0.dbc: supR3HardNtViCallWinVerifyTrustCatFile: cbHash=20 wszDigest=82E2B2A7826F88BEB98FFF0540C9BDB0A12F001A
dc0.dbc: supR3HardNtViCallWinVerifyTrustCatFile: WinVerifyTrust => 0x0; cat='C:\Windows\system32\CatRoot\{F750E6C3-38EE-11D1-85E5-00C04FC295EE}\ntpe.cat'; file='\Device\HarddiskVolume2\Windows\System32\winmm.dll'
dc0.dbc: supR3HardNtViCallWinVerifyTrustCatFile -> 0 (org 22900)
dc0.dbc: supR3HardenedWinVerifyCacheScheduleImports: Import todo: #1 'msvcrt.dll'.
dc0.dbc: supR3HardenedWinVerifyCacheScheduleImports: Import todo: #3 'user32.dll'.
dc0.dbc: supHardenedWinVerifyImageByHandle: -> 0 (\Device\HarddiskVolume2\Windows\System32\winmm.dll) WinVerifyTrust
dc0.dbc: supR3HardenedWinVerifyCacheInsert: \Device\HarddiskVolume2\Windows\System32\winmm.dll
dc0.dbc: supR3HardenedWinVerifyCacheProcessImportTodos: Processing 'oleaut32.dll'...
dc0.dbc: supR3HardenedWinVerifyCacheProcessImportTodos: 'oleaut32.dll' -> '\Device\HarddiskVolume2\Windows\System32\oleaut32.dll' [rcNtRedir=0xc0150008]
dc0.dbc: supR3HardenedScreenImage/Imports: cache hit (VINF_SUCCESS) on \Device\HarddiskVolume2\Windows\System32\oleaut32.dll
dc0.dbc: supR3HardenedWinVerifyCacheProcessImportTodos: Processing 'ole32.dll'...
dc0.dbc: supR3HardenedWinVerifyCacheProcessImportTodos: 'ole32.dll' -> '\Device\HarddiskVolume2\Windows\System32\ole32.dll' [rcNtRedir=0xc0150008]
dc0.dbc: supR3HardenedScreenImage/Imports: cache hit (VINF_SUCCESS) on \Device\HarddiskVolume2\Windows\System32\ole32.dll
dc0.dbc: supR3HardenedWinVerifyCacheProcessImportTodos: Processing 'advapi32.dll'...
dc0.dbc: supR3HardenedWinVerifyCacheProcessImportTodos: 'advapi32.dll' -> '\Device\HarddiskVolume2\Windows\System32\advapi32.dll' [rcNtRedir=0xc0150008]
dc0.dbc: supR3HardenedScreenImage/Imports: cache hit (VINF_SUCCESS) on \Device\HarddiskVolume2\Windows\System32\advapi32.dll
dc0.dbc: supR3HardenedWinVerifyCacheProcessImportTodos: Processing 'user32.dll'...
dc0.dbc: supR3HardenedWinVerifyCacheProcessImportTodos: 'user32.dll' -> '\Device\HarddiskVolume2\Windows\System32\user32.dll' [rcNtRedir=0xc0150008]
dc0.dbc: supR3HardenedWinVerifyCacheProcessImportTodos: Processing 'qt5openglvbox.dll'...
dc0.dbc: supR3HardenedWinVerifyCacheProcessImportTodos: 'qt5openglvbox.dll' -> '\Device\HarddiskVolume2\Program Files\Oracle\VirtualBox\qt5openglvbox.dll' [rcNtRedir=0xc0150008]
dc0.dbc: \Device\HarddiskVolume2\Program Files\Oracle\VirtualBox\Qt5OpenGLVBox.dll: Signature #1/2: info status: 24202
dc0.dbc: supR3HardenedWinVerifyCacheProcessImportTodos: Processing 'user32.dll'...
dc0.dbc: supR3HardenedWinVerifyCacheProcessImportTodos: 'user32.dll' -> '\Device\HarddiskVolume2\Windows\System32\user32.dll' [rcNtRedir=0xc0150008]
dc0.dbc: supR3HardenedWinVerifyCacheProcessImportTodos: Processing 'msvcrt.dll'...
dc0.dbc: supR3HardenedWinVerifyCacheProcessImportTodos: 'msvcrt.dll' -> '\Device\HarddiskVolume2\Windows\System32\msvcrt.dll' [rcNtRedir=0xc0150008]
dc0.dbc: supR3HardenedDllNotificationCallback: load   000007feff050000 LB 0x001d7000 C:\Windows\system32\setupapi.dll [fFlags=0x0]
dc0.dbc: supR3HardenedDllNotificationCallback: load   000007fefdbc0000 LB 0x00036000 C:\Windows\system32\CFGMGR32.dll [fFlags=0x0]
dc0.dbc: supR3HardenedDllNotificationCallback: load   000007feff760000 LB 0x000d7000 C:\Windows\system32\OLEAUT32.dll [fFlags=0x0]
dc0.dbc: supR3HardenedDllNotificationCallback: load   000007feff2f0000 LB 0x00203000 C:\Windows\system32\ole32.dll [fFlags=0x0]
dc0.dbc: supR3HardenedDllNotificationCallback: load   000007fefda90000 LB 0x0001a000 C:\Windows\system32\DEVOBJ.dll [fFlags=0x0]
dc0.dbc: supR3HardenedScreenImage/LdrLoadDll: cache hit (VINF_SUCCESS) on \Device\HarddiskVolume2\Windows\System32\devobj.dll
dc0.dbc: supR3HardenedIsApiSetDll: '<NULL>' -> true
dc0.dbc: supR3HardenedMonitor_LdrLoadDll: pName=API-MS-Win-Core-LocalRegistry-L1-1-0.dll (rcNtResolve=0x0) *pfFlags=0x0 pwszSearchPath=0000000000734040:C:\Program Files\Oracle\VirtualBox;C:\Windows\system32;C:\Windows\system;C:\Windows;C:\Program Files (x86)\Pervasive Software\PSQL\bin\;C:\Windows\system32;C:\Windows;C:\Windows\System32\Wbem;C:\Windows\System32\WindowsPowerShell\v1.0\ [calling]
dc0.dbc: supR3HardenedMonitor_LdrLoadDll: returns rcNt=0x0 hMod=00000000776c0000 'API-MS-Win-Core-LocalRegistry-L1-1-0.dll'
dc0.dbc: supR3HardenedMonitor_LdrLoadDll: returns rcNt=0x0 hMod=000007feff050000 'C:\Windows\system32\setupapi.dll'
dc0.dbc: supR3HardenedMonitor_LdrLoadDll: returns rcNt=0x0 hMod=000007fef8dd0000 'C:\Windows\system32\Cabinet.dll'
dc0.dbc: supR3HardenedMonitor_LdrLoadDll: returns rcNt=0x0 hMod=000007fefcba0000 'C:\Windows\system32\DEVRTL.dll'
dc0.dbc: supR3HardenedDllNotificationCallback: Unload 000007feff050000 LB 0x001d7000 C:\Windows\system32\setupapi.dll [flags=0x0]
dc0.dbc: supR3HardenedDllNotificationCallback: Unload 000007fefda90000 LB 0x0001a000 C:\Windows\system32\DEVOBJ.dll [flags=0x0]
dc0.dbc: supR3HardenedDllNotificationCallback: Unload 000007feff760000 LB 0x000d7000 C:\Windows\system32\OLEAUT32.dll [flags=0x0]
dc0.dbc: supR3HardenedDllNotificationCallback: Unload 000007feff2f0000 LB 0x00203000 C:\Windows\system32\ole32.dll [flags=0x0]
dc0.dbc: supR3HardenedDllNotificationCallback: Unload 000007fefdbc0000 LB 0x00036000 C:\Windows\system32\CFGMGR32.dll [flags=0x0]
dc0.dbc: supR3HardenedWinVerifyCacheScheduleImports: Import todo: #0 'qt5widgetsvbox.dll'.
dc0.dbc: supR3HardenedWinVerifyCacheScheduleImports: Import todo: #1 'qt5guivbox.dll'.
dc0.dbc: supR3HardenedWinVerifyCacheScheduleImports: Import todo: #2 'qt5corevbox.dll'.
dc0.dbc: supR3HardenedWinVerifyCacheScheduleImports: Import todo: #3 'msvcr100.dll'.
dc0.dbc: supHardenedWinVerifyImageByHandle: -> 0 (\Device\HarddiskVolume2\Program Files\Oracle\VirtualBox\Qt5OpenGLVBox.dll) WinVerifyTrust
dc0.dbc: supR3HardenedWinVerifyCacheInsert: \Device\HarddiskVolume2\Program Files\Oracle\VirtualBox\Qt5OpenGLVBox.dll
dc0.dbc: supR3HardenedWinVerifyCacheProcessImportTodos: Processing 'qt5widgetsvbox.dll'...
dc0.dbc: supR3HardenedWinVerifyCacheProcessImportTodos: 'qt5widgetsvbox.dll' -> '\Device\HarddiskVolume2\Program Files\Oracle\VirtualBox\qt5widgetsvbox.dll' [rcNtRedir=0xc0150008]
dc0.dbc: \Device\HarddiskVolume2\Program Files\Oracle\VirtualBox\Qt5WidgetsVBox.dll: Signature #1/2: info status: 24202
dc0.dbc: supR3HardenedWinVerifyCacheProcessImportTodos: Processing 'msvcr100.dll'...
dc0.dbc: supR3HardenedWinVerifyCacheProcessImportTodos: 'msvcr100.dll' -> '\Device\HarddiskVolume2\Program Files\Oracle\VirtualBox\msvcr100.dll' [rcNtRedir=0xc0150008]
dc0.dbc: supR3HardenedScreenImage/Imports: cache hit (VINF_SUCCESS) on \Device\HarddiskVolume2\Program Files\Oracle\VirtualBox\msvcr100.dll
dc0.dbc: supR3HardenedWinVerifyCacheProcessImportTodos: Processing 'qt5corevbox.dll'...
dc0.dbc: supR3HardenedWinVerifyCacheProcessImportTodos: 'qt5corevbox.dll' -> '\Device\HarddiskVolume2\Program Files\Oracle\VirtualBox\qt5corevbox.dll' [rcNtRedir=0xc0150008]
dc0.dbc: \Device\HarddiskVolume2\Program Files\Oracle\VirtualBox\Qt5CoreVBox.dll: Signature #1/2: info status: 24202
dc0.dbc: Detected WinVerifyTrust recursion: rc=Unknown Status 24202 (0x5e8a) '\Device\HarddiskVolume2\Program Files\Oracle\VirtualBox\Qt5CoreVBox.dll'.
dc0.dbc: supR3HardenedWinVerifyCacheScheduleImports: Import todo: #1 'user32.dll'.
dc0.dbc: supR3HardenedWinVerifyCacheScheduleImports: Import todo: #2 'shell32.dll'.
dc0.dbc: supR3HardenedWinVerifyCacheScheduleImports: Import todo: #3 'ole32.dll'.
dc0.dbc: supR3HardenedWinVerifyCacheScheduleImports: Import todo: #4 'advapi32.dll'.
dc0.dbc: supR3HardenedWinVerifyCacheScheduleImports: Import todo: #5 'ws2_32.dll'.
dc0.dbc: supR3HardenedWinVerifyCacheScheduleImports: Import todo: #6 'mpr.dll'.
dc0.dbc: supR3HardenedWinVerifyCacheScheduleImports: Import todo: #7 'msvcp100.dll'.
dc0.dbc: supR3HardenedWinVerifyCacheScheduleImports: Import todo: #8 'msvcr100.dll'.
dc0.dbc: supHardenedWinVerifyImageByHandle: -> 24202 (\Device\HarddiskVolume2\Program Files\Oracle\VirtualBox\Qt5CoreVBox.dll)
dc0.dbc: supR3HardenedWinVerifyCacheInsert: \Device\HarddiskVolume2\Program Files\Oracle\VirtualBox\Qt5CoreVBox.dll
dc0.dbc: supR3HardenedWinVerifyCacheProcessImportTodos: Processing 'qt5guivbox.dll'...
dc0.dbc: supR3HardenedWinVerifyCacheProcessImportTodos: 'qt5guivbox.dll' -> '\Device\HarddiskVolume2\Program Files\Oracle\VirtualBox\qt5guivbox.dll' [rcNtRedir=0xc0150008]
dc0.dbc: \Device\HarddiskVolume2\Program Files\Oracle\VirtualBox\Qt5GuiVBox.dll: Signature #1/2: info status: 24202
dc0.dbc: Detected WinVerifyTrust recursion: rc=Unknown Status 24202 (0x5e8a) '\Device\HarddiskVolume2\Program Files\Oracle\VirtualBox\Qt5GuiVBox.dll'.
dc0.dbc: supR3HardenedWinVerifyCacheScheduleImports: Import todo: #0 'ole32.dll'.
dc0.dbc: supR3HardenedWinVerifyCacheScheduleImports: Import todo: #1 'opengl32.dll'.
dc0.dbc: supR3HardenedWinVerifyCacheScheduleImports: Import todo: #2 'gdi32.dll'.
dc0.dbc: supR3HardenedWinVerifyCacheScheduleImports: Import todo: #3 'user32.dll'.
dc0.dbc: supR3HardenedWinVerifyCacheScheduleImports: Import todo: #4 'qt5corevbox.dll'.
dc0.dbc: supR3HardenedWinVerifyCacheScheduleImports: Import todo: #5 'msvcp100.dll'.
dc0.dbc: supR3HardenedWinVerifyCacheScheduleImports: Import todo: #6 'msvcr100.dll'.
dc0.dbc: supHardenedWinVerifyImageByHandle: -> 24202 (\Device\HarddiskVolume2\Program Files\Oracle\VirtualBox\Qt5GuiVBox.dll)
dc0.dbc: supR3HardenedWinVerifyCacheInsert: \Device\HarddiskVolume2\Program Files\Oracle\VirtualBox\Qt5GuiVBox.dll
dc0.dbc: supR3HardenedWinVerifyCacheProcessImportTodos: Processing 'qt5widgetsvbox.dll'...
dc0.dbc: supR3HardenedWinVerifyCacheProcessImportTodos: 'qt5widgetsvbox.dll' -> '\Device\HarddiskVolume2\Program Files\Oracle\VirtualBox\qt5widgetsvbox.dll' [rcNtRedir=0xc0150008]
dc0.dbc: \Device\HarddiskVolume2\Program Files\Oracle\VirtualBox\Qt5WidgetsVBox.dll: Signature #1/2: info status: 24202
dc0.dbc: Detected WinVerifyTrust recursion: rc=Unknown Status 24202 (0x5e8a) '\Device\HarddiskVolume2\Program Files\Oracle\VirtualBox\Qt5WidgetsVBox.dll'.
dc0.dbc: supR3HardenedWinVerifyCacheScheduleImports: Import todo: #0 'gdi32.dll'.
dc0.dbc: supR3HardenedWinVerifyCacheScheduleImports: Import todo: #1 'user32.dll'.
dc0.dbc: supR3HardenedWinVerifyCacheScheduleImports: Import todo: #2 'qt5guivbox.dll'.
dc0.dbc: supR3HardenedWinVerifyCacheScheduleImports: Import todo: #3 'qt5corevbox.dll'.
dc0.dbc: supR3HardenedWinVerifyCacheScheduleImports: Import todo: #4 'shell32.dll'.
dc0.dbc: supR3HardenedWinVerifyCacheScheduleImports: Import todo: #5 'msvcp100.dll'.
dc0.dbc: supR3HardenedWinVerifyCacheScheduleImports: Import todo: #6 'msvcr100.dll'.
dc0.dbc: supHardenedWinVerifyImageByHandle: -> 24202 (\Device\HarddiskVolume2\Program Files\Oracle\VirtualBox\Qt5WidgetsVBox.dll)
dc0.dbc: supR3HardenedWinVerifyCacheInsert: \Device\HarddiskVolume2\Program Files\Oracle\VirtualBox\Qt5WidgetsVBox.dll
dc0.dbc: supR3HardenedWinVerifyCacheProcessImportTodos: Processing 'msvcr100.dll'...
dc0.dbc: supR3HardenedWinVerifyCacheProcessImportTodos: 'msvcr100.dll' -> '\Device\HarddiskVolume2\Program Files\Oracle\VirtualBox\msvcr100.dll' [rcNtRedir=0xc0150008]
dc0.dbc: supR3HardenedScreenImage/Imports: cache hit (VINF_SUCCESS) on \Device\HarddiskVolume2\Program Files\Oracle\VirtualBox\msvcr100.dll
dc0.dbc: supR3HardenedWinVerifyCacheProcessImportTodos: Processing 'msvcp100.dll'...
dc0.dbc: supR3HardenedWinVerifyCacheProcessImportTodos: 'msvcp100.dll' -> '\Device\HarddiskVolume2\Program Files\Oracle\VirtualBox\msvcp100.dll' [rcNtRedir=0xc0150008]
dc0.dbc: supR3HardenedScreenImage/Imports: cache hit (VINF_SUCCESS) on \Device\HarddiskVolume2\Program Files\Oracle\VirtualBox\msvcp100.dll
dc0.dbc: supR3HardenedWinVerifyCacheProcessImportTodos: Processing 'shell32.dll'...
dc0.dbc: supR3HardenedWinVerifyCacheProcessImportTodos: 'shell32.dll' -> '\Device\HarddiskVolume2\Windows\System32\shell32.dll' [rcNtRedir=0xc0150008]
dc0.dbc: Detected WinVerifyTrust recursion: rc=Unknown Status 22900 (0x5974) '\Device\HarddiskVolume2\Windows\System32\shell32.dll'.
dc0.dbc: supR3HardenedWinVerifyCacheScheduleImports: Import todo: #0 'msvcrt.dll'.
dc0.dbc: supR3HardenedWinVerifyCacheScheduleImports: Import todo: #21 'shlwapi.dll'.
dc0.dbc: supR3HardenedWinVerifyCacheScheduleImports: Import todo: #23 'user32.dll'.
dc0.dbc: supR3HardenedWinVerifyCacheScheduleImports: Import todo: #24 'gdi32.dll'.
dc0.dbc: supHardenedWinVerifyImageByHandle: -> 22900 (\Device\HarddiskVolume2\Windows\System32\shell32.dll)
dc0.dbc: supR3HardenedWinVerifyCacheInsert: \Device\HarddiskVolume2\Windows\System32\shell32.dll
dc0.dbc: supR3HardenedWinVerifyCacheProcessImportTodos: Processing 'qt5corevbox.dll'...
dc0.dbc: supR3HardenedWinVerifyCacheProcessImportTodos: 'qt5corevbox.dll' -> '\Device\HarddiskVolume2\Program Files\Oracle\VirtualBox\qt5corevbox.dll' [rcNtRedir=0xc0150008]
dc0.dbc: supR3HardenedScreenImage/Imports: cache hit (Unknown Status 24202 (0x5e8a)) on \Device\HarddiskVolume2\Program Files\Oracle\VirtualBox\Qt5CoreVBox.dll [lacks WinVerifyTrust]
dc0.dbc: supR3HardenedWinVerifyCacheProcessImportTodos: Processing 'qt5guivbox.dll'...
dc0.dbc: supR3HardenedWinVerifyCacheProcessImportTodos: 'qt5guivbox.dll' -> '\Device\HarddiskVolume2\Program Files\Oracle\VirtualBox\qt5guivbox.dll' [rcNtRedir=0xc0150008]
dc0.dbc: supR3HardenedScreenImage/Imports: cache hit (Unknown Status 24202 (0x5e8a)) on \Device\HarddiskVolume2\Program Files\Oracle\VirtualBox\Qt5GuiVBox.dll [lacks WinVerifyTrust]
dc0.dbc: supR3HardenedWinVerifyCacheProcessImportTodos: Processing 'user32.dll'...
dc0.dbc: supR3HardenedWinVerifyCacheProcessImportTodos: 'user32.dll' -> '\Device\HarddiskVolume2\Windows\System32\user32.dll' [rcNtRedir=0xc0150008]
dc0.dbc: supR3HardenedWinVerifyCacheProcessImportTodos: Processing 'gdi32.dll'...
dc0.dbc: supR3HardenedWinVerifyCacheProcessImportTodos: 'gdi32.dll' -> '\Device\HarddiskVolume2\Windows\System32\gdi32.dll' [rcNtRedir=0xc0150008]
dc0.dbc: supR3HardenedWinVerifyCacheProcessImportTodos: Processing 'msvcr100.dll'...
dc0.dbc: supR3HardenedWinVerifyCacheProcessImportTodos: 'msvcr100.dll' -> '\Device\HarddiskVolume2\Program Files\Oracle\VirtualBox\msvcr100.dll' [rcNtRedir=0xc0150008]
dc0.dbc: supR3HardenedScreenImage/Imports: cache hit (VINF_SUCCESS) on \Device\HarddiskVolume2\Program Files\Oracle\VirtualBox\msvcr100.dll
dc0.dbc: supR3HardenedWinVerifyCacheProcessImportTodos: Processing 'msvcp100.dll'...
dc0.dbc: supR3HardenedWinVerifyCacheProcessImportTodos: 'msvcp100.dll' -> '\Device\HarddiskVolume2\Program Files\Oracle\VirtualBox\msvcp100.dll' [rcNtRedir=0xc0150008]
dc0.dbc: supR3HardenedScreenImage/Imports: cache hit (VINF_SUCCESS) on \Device\HarddiskVolume2\Program Files\Oracle\VirtualBox\msvcp100.dll
dc0.dbc: supR3HardenedWinVerifyCacheProcessImportTodos: Processing 'qt5corevbox.dll'...
dc0.dbc: supR3HardenedWinVerifyCacheProcessImportTodos: 'qt5corevbox.dll' -> '\Device\HarddiskVolume2\Program Files\Oracle\VirtualBox\qt5corevbox.dll' [rcNtRedir=0xc0150008]
dc0.dbc: supR3HardenedScreenImage/Imports: cache hit (Unknown Status 24202 (0x5e8a)) on \Device\HarddiskVolume2\Program Files\Oracle\VirtualBox\Qt5CoreVBox.dll [lacks WinVerifyTrust]
dc0.dbc: supR3HardenedWinVerifyCacheProcessImportTodos: Processing 'user32.dll'...
dc0.dbc: supR3HardenedWinVerifyCacheProcessImportTodos: 'user32.dll' -> '\Device\HarddiskVolume2\Windows\System32\user32.dll' [rcNtRedir=0xc0150008]
dc0.dbc: supR3HardenedWinVerifyCacheProcessImportTodos: Processing 'gdi32.dll'...
dc0.dbc: supR3HardenedWinVerifyCacheProcessImportTodos: 'gdi32.dll' -> '\Device\HarddiskVolume2\Windows\System32\gdi32.dll' [rcNtRedir=0xc0150008]
dc0.dbc: supR3HardenedWinVerifyCacheProcessImportTodos: Processing 'opengl32.dll'...
dc0.dbc: supR3HardenedWinVerifyCacheProcessImportTodos: 'opengl32.dll' -> '\Device\HarddiskVolume2\Windows\System32\opengl32.dll' [rcNtRedir=0xc0150008]
dc0.dbc: Detected WinVerifyTrust recursion: rc=Unknown Status 22900 (0x5974) '\Device\HarddiskVolume2\Windows\System32\opengl32.dll'.
dc0.dbc: supR3HardenedWinVerifyCacheScheduleImports: Import todo: #0 'msvcrt.dll'.
dc0.dbc: supR3HardenedWinVerifyCacheScheduleImports: Import todo: #3 'advapi32.dll'.
dc0.dbc: supR3HardenedWinVerifyCacheScheduleImports: Import todo: #4 'gdi32.dll'.
dc0.dbc: supR3HardenedWinVerifyCacheScheduleImports: Import todo: #5 'glu32.dll'.
dc0.dbc: supR3HardenedWinVerifyCacheScheduleImports: Import todo: #6 'ddraw.dll'.
dc0.dbc: supR3HardenedWinVerifyCacheScheduleImports: Import todo: #7 'user32.dll'.
dc0.dbc: supHardenedWinVerifyImageByHandle: -> 22900 (\Device\HarddiskVolume2\Windows\System32\opengl32.dll)
dc0.dbc: supR3HardenedWinVerifyCacheInsert: \Device\HarddiskVolume2\Windows\System32\opengl32.dll
dc0.dbc: supR3HardenedWinVerifyCacheProcessImportTodos: Processing 'ole32.dll'...
dc0.dbc: supR3HardenedWinVerifyCacheProcessImportTodos: 'ole32.dll' -> '\Device\HarddiskVolume2\Windows\System32\ole32.dll' [rcNtRedir=0xc0150008]
dc0.dbc: supR3HardenedWinVerifyCacheProcessImportTodos: Processing 'msvcr100.dll'...
dc0.dbc: supR3HardenedWinVerifyCacheProcessImportTodos: 'msvcr100.dll' -> '\Device\HarddiskVolume2\Program Files\Oracle\VirtualBox\msvcr100.dll' [rcNtRedir=0xc0150008]
dc0.dbc: supR3HardenedScreenImage/Imports: cache hit (VINF_SUCCESS) on \Device\HarddiskVolume2\Program Files\Oracle\VirtualBox\msvcr100.dll
dc0.dbc: supR3HardenedWinVerifyCacheProcessImportTodos: Processing 'msvcp100.dll'...
dc0.dbc: supR3HardenedWinVerifyCacheProcessImportTodos: 'msvcp100.dll' -> '\Device\HarddiskVolume2\Program Files\Oracle\VirtualBox\msvcp100.dll' [rcNtRedir=0xc0150008]
dc0.dbc: supR3HardenedScreenImage/Imports: cache hit (VINF_SUCCESS) on \Device\HarddiskVolume2\Program Files\Oracle\VirtualBox\msvcp100.dll
dc0.dbc: supR3HardenedWinVerifyCacheProcessImportTodos: Processing 'mpr.dll'...
dc0.dbc: supR3HardenedWinVerifyCacheProcessImportTodos: 'mpr.dll' -> '\Device\HarddiskVolume2\Windows\System32\mpr.dll' [rcNtRedir=0xc0150008]
dc0.dbc: Detected WinVerifyTrust recursion: rc=Unknown Status 22900 (0x5974) '\Device\HarddiskVolume2\Windows\System32\mpr.dll'.
dc0.dbc: supHardenedWinVerifyImageByHandle: -> 22900 (\Device\HarddiskVolume2\Windows\System32\mpr.dll)
dc0.dbc: supR3HardenedWinVerifyCacheInsert: \Device\HarddiskVolume2\Windows\System32\mpr.dll
dc0.dbc: supR3HardenedWinVerifyCacheProcessImportTodos: Processing 'ws2_32.dll'...
dc0.dbc: supR3HardenedWinVerifyCacheProcessImportTodos: 'ws2_32.dll' -> '\Device\HarddiskVolume2\Windows\System32\ws2_32.dll' [rcNtRedir=0xc0150008]
dc0.dbc: supR3HardenedScreenImage/Imports: cache hit (VINF_SUCCESS) on \Device\HarddiskVolume2\Windows\System32\ws2_32.dll
dc0.dbc: supR3HardenedWinVerifyCacheProcessImportTodos: Processing 'advapi32.dll'...
dc0.dbc: supR3HardenedWinVerifyCacheProcessImportTodos: 'advapi32.dll' -> '\Device\HarddiskVolume2\Windows\System32\advapi32.dll' [rcNtRedir=0xc0150008]
dc0.dbc: supR3HardenedScreenImage/Imports: cache hit (VINF_SUCCESS) on \Device\HarddiskVolume2\Windows\System32\advapi32.dll
dc0.dbc: supR3HardenedWinVerifyCacheProcessImportTodos: Processing 'ole32.dll'...
dc0.dbc: supR3HardenedWinVerifyCacheProcessImportTodos: 'ole32.dll' -> '\Device\HarddiskVolume2\Windows\System32\ole32.dll' [rcNtRedir=0xc0150008]
dc0.dbc: supR3HardenedWinVerifyCacheProcessImportTodos: Processing 'shell32.dll'...
dc0.dbc: supR3HardenedWinVerifyCacheProcessImportTodos: 'shell32.dll' -> '\Device\HarddiskVolume2\Windows\System32\shell32.dll' [rcNtRedir=0xc0150008]
dc0.dbc: supR3HardenedScreenImage/Imports: cache hit (Unknown Status 22900 (0x5974)) on \Device\HarddiskVolume2\Windows\System32\shell32.dll [lacks WinVerifyTrust]
dc0.dbc: supR3HardenedWinVerifyCacheProcessImportTodos: Processing 'user32.dll'...
dc0.dbc: supR3HardenedWinVerifyCacheProcessImportTodos: 'user32.dll' -> '\Device\HarddiskVolume2\Windows\System32\user32.dll' [rcNtRedir=0xc0150008]
dc0.dbc: supR3HardenedScreenImage/Imports: cache hit (Unknown Status -22900 (0xffffa68c)) on \Device\HarddiskVolume2\Windows\System32\user32.dll
dc0.dbc: Error (rc=0):
dc0.dbc: supR3HardenedScreenImage/Imports: cached rc=Unknown Status -22900 (0xffffa68c) fImage=1 fProtect=0x0 fAccess=0x0 cHits=16 \Device\HarddiskVolume2\Windows\System32\user32.dll
dc0.dbc: supR3HardenedWinVerifyCacheProcessImportTodos: Processing 'user32.dll'...
dc0.dbc: supR3HardenedWinVerifyCacheProcessImportTodos: 'user32.dll' -> '\Device\HarddiskVolume2\Windows\System32\user32.dll' [rcNtRedir=0xc0150008]
dc0.dbc: supR3HardenedWinVerifyCacheProcessImportTodos: Processing 'ddraw.dll'...
dc0.dbc: supR3HardenedWinVerifyCacheProcessImportTodos: 'ddraw.dll' -> '\Device\HarddiskVolume2\Windows\System32\ddraw.dll' [rcNtRedir=0xc0150008]
dc0.dbc: Detected WinVerifyTrust recursion: rc=Unknown Status 22900 (0x5974) '\Device\HarddiskVolume2\Windows\System32\ddraw.dll'.
dc0.dbc: supR3HardenedWinVerifyCacheScheduleImports: Import todo: #0 'msvcrt.dll'.
dc0.dbc: supR3HardenedWinVerifyCacheScheduleImports: Import todo: #3 'user32.dll'.
dc0.dbc: supR3HardenedWinVerifyCacheScheduleImports: Import todo: #4 'dciman32.dll'.
dc0.dbc: supR3HardenedWinVerifyCacheScheduleImports: Import todo: #5 'gdi32.dll'.
dc0.dbc: supR3HardenedWinVerifyCacheScheduleImports: Import todo: #7 'setupapi.dll'.
dc0.dbc: supR3HardenedWinVerifyCacheScheduleImports: Import todo: #8 'dwmapi.dll'.
dc0.dbc: supHardenedWinVerifyImageByHandle: -> 22900 (\Device\HarddiskVolume2\Windows\System32\ddraw.dll)
dc0.dbc: supR3HardenedWinVerifyCacheInsert: \Device\HarddiskVolume2\Windows\System32\ddraw.dll
dc0.dbc: supR3HardenedWinVerifyCacheProcessImportTodos: Processing 'glu32.dll'...
dc0.dbc: supR3HardenedWinVerifyCacheProcessImportTodos: 'glu32.dll' -> '\Device\HarddiskVolume2\Windows\System32\glu32.dll' [rcNtRedir=0xc0150008]
dc0.dbc: Detected WinVerifyTrust recursion: rc=Unknown Status 22900 (0x5974) '\Device\HarddiskVolume2\Windows\System32\glu32.dll'.
dc0.dbc: supR3HardenedWinVerifyCacheScheduleImports: Import todo: #0 'msvcrt.dll'.
dc0.dbc: supR3HardenedWinVerifyCacheScheduleImports: Import todo: #1 'opengl32.dll'.
dc0.dbc: supR3HardenedWinVerifyCacheScheduleImports: Import todo: #3 'user32.dll'.
dc0.dbc: supHardenedWinVerifyImageByHandle: -> 22900 (\Device\HarddiskVolume2\Windows\System32\glu32.dll)
dc0.dbc: supR3HardenedWinVerifyCacheInsert: \Device\HarddiskVolume2\Windows\System32\glu32.dll
dc0.dbc: supR3HardenedWinVerifyCacheProcessImportTodos: Processing 'gdi32.dll'...
dc0.dbc: supR3HardenedWinVerifyCacheProcessImportTodos: 'gdi32.dll' -> '\Device\HarddiskVolume2\Windows\System32\gdi32.dll' [rcNtRedir=0xc0150008]
dc0.dbc: supR3HardenedWinVerifyCacheProcessImportTodos: Processing 'advapi32.dll'...
dc0.dbc: supR3HardenedWinVerifyCacheProcessImportTodos: 'advapi32.dll' -> '\Device\HarddiskVolume2\Windows\System32\advapi32.dll' [rcNtRedir=0xc0150008]
dc0.dbc: supR3HardenedScreenImage/Imports: cache hit (VINF_SUCCESS) on \Device\HarddiskVolume2\Windows\System32\advapi32.dll
dc0.dbc: supR3HardenedWinVerifyCacheProcessImportTodos: Processing 'msvcrt.dll'...
dc0.dbc: supR3HardenedWinVerifyCacheProcessImportTodos: 'msvcrt.dll' -> '\Device\HarddiskVolume2\Windows\System32\msvcrt.dll' [rcNtRedir=0xc0150008]
dc0.dbc: supR3HardenedWinVerifyCacheProcessImportTodos: Processing 'gdi32.dll'...
dc0.dbc: supR3HardenedWinVerifyCacheProcessImportTodos: 'gdi32.dll' -> '\Device\HarddiskVolume2\Windows\System32\gdi32.dll' [rcNtRedir=0xc0150008]
dc0.dbc: supR3HardenedWinVerifyCacheProcessImportTodos: Processing 'user32.dll'...
dc0.dbc: supR3HardenedWinVerifyCacheProcessImportTodos: 'user32.dll' -> '\Device\HarddiskVolume2\Windows\System32\user32.dll' [rcNtRedir=0xc0150008]
dc0.dbc: supR3HardenedWinVerifyCacheProcessImportTodos: Processing 'shlwapi.dll'...
dc0.dbc: supR3HardenedWinVerifyCacheProcessImportTodos: 'shlwapi.dll' -> '\Device\HarddiskVolume2\Windows\System32\shlwapi.dll' [rcNtRedir=0xc0150008]
dc0.dbc: supR3HardenedScreenImage/Imports: cache hit (VINF_SUCCESS) on \Device\HarddiskVolume2\Windows\System32\shlwapi.dll
dc0.dbc: supR3HardenedWinVerifyCacheProcessImportTodos: Processing 'msvcrt.dll'...
dc0.dbc: supR3HardenedWinVerifyCacheProcessImportTodos: 'msvcrt.dll' -> '\Device\HarddiskVolume2\Windows\System32\msvcrt.dll' [rcNtRedir=0xc0150008]
dc0.dbc: supR3HardenedWinVerifyCacheProcessImportTodos: Processing 'user32.dll'...
dc0.dbc: supR3HardenedWinVerifyCacheProcessImportTodos: 'user32.dll' -> '\Device\HarddiskVolume2\Windows\System32\user32.dll' [rcNtRedir=0xc0150008]
dc0.dbc: supR3HardenedWinVerifyCacheProcessImportTodos: Processing 'opengl32.dll'...
dc0.dbc: supR3HardenedWinVerifyCacheProcessImportTodos: 'opengl32.dll' -> '\Device\HarddiskVolume2\Windows\System32\opengl32.dll' [rcNtRedir=0xc0150008]
dc0.dbc: supR3HardenedScreenImage/Imports: cache hit (Unknown Status 22900 (0x5974)) on \Device\HarddiskVolume2\Windows\System32\opengl32.dll [lacks WinVerifyTrust]
dc0.dbc: supR3HardenedWinVerifyCacheProcessImportTodos: Processing 'msvcrt.dll'...
dc0.dbc: supR3HardenedWinVerifyCacheProcessImportTodos: 'msvcrt.dll' -> '\Device\HarddiskVolume2\Windows\System32\msvcrt.dll' [rcNtRedir=0xc0150008]
dc0.dbc: supR3HardenedWinVerifyCacheProcessImportTodos: Processing 'dwmapi.dll'...
dc0.dbc: supR3HardenedWinVerifyCacheProcessImportTodos: 'dwmapi.dll' -> '\Device\HarddiskVolume2\Windows\System32\dwmapi.dll' [rcNtRedir=0xc0150008]
dc0.dbc: Detected WinVerifyTrust recursion: rc=Unknown Status 22900 (0x5974) '\Device\HarddiskVolume2\Windows\System32\dwmapi.dll'.
dc0.dbc: supR3HardenedWinVerifyCacheScheduleImports: Import todo: #0 'msvcrt.dll'.
dc0.dbc: supR3HardenedWinVerifyCacheScheduleImports: Import todo: #2 'gdi32.dll'.
dc0.dbc: supR3HardenedWinVerifyCacheScheduleImports: Import todo: #3 'user32.dll'.
dc0.dbc: supHardenedWinVerifyImageByHandle: -> 22900 (\Device\HarddiskVolume2\Windows\System32\dwmapi.dll)
dc0.dbc: supR3HardenedWinVerifyCacheInsert: \Device\HarddiskVolume2\Windows\System32\dwmapi.dll
dc0.dbc: supR3HardenedWinVerifyCacheProcessImportTodos: Processing 'setupapi.dll'...
dc0.dbc: supR3HardenedWinVerifyCacheProcessImportTodos: 'setupapi.dll' -> '\Device\HarddiskVolume2\Windows\System32\setupapi.dll' [rcNtRedir=0xc0150008]
dc0.dbc: supR3HardenedWinVerifyCacheProcessImportTodos: Processing 'gdi32.dll'...
dc0.dbc: supR3HardenedWinVerifyCacheProcessImportTodos: 'gdi32.dll' -> '\Device\HarddiskVolume2\Windows\System32\gdi32.dll' [rcNtRedir=0xc0150008]
dc0.dbc: supR3HardenedWinVerifyCacheProcessImportTodos: Processing 'dciman32.dll'...
dc0.dbc: supR3HardenedWinVerifyCacheProcessImportTodos: 'dciman32.dll' -> '\Device\HarddiskVolume2\Windows\System32\dciman32.dll' [rcNtRedir=0xc0150008]
dc0.dbc: Detected WinVerifyTrust recursion: rc=Unknown Status 22900 (0x5974) '\Device\HarddiskVolume2\Windows\System32\dciman32.dll'.
dc0.dbc: supR3HardenedWinVerifyCacheScheduleImports: Import todo: #0 'msvcrt.dll'.
dc0.dbc: supR3HardenedWinVerifyCacheScheduleImports: Import todo: #3 'gdi32.dll'.
dc0.dbc: supR3HardenedWinVerifyCacheScheduleImports: Import todo: #4 'user32.dll'.
dc0.dbc: supHardenedWinVerifyImageByHandle: -> 22900 (\Device\HarddiskVolume2\Windows\System32\dciman32.dll)
dc0.dbc: supR3HardenedWinVerifyCacheInsert: \Device\HarddiskVolume2\Windows\System32\dciman32.dll
dc0.dbc: supR3HardenedWinVerifyCacheProcessImportTodos: Processing 'user32.dll'...
dc0.dbc: supR3HardenedWinVerifyCacheProcessImportTodos: 'user32.dll' -> '\Device\HarddiskVolume2\Windows\System32\user32.dll' [rcNtRedir=0xc0150008]
dc0.dbc: supR3HardenedWinVerifyCacheProcessImportTodos: Processing 'msvcrt.dll'...
dc0.dbc: supR3HardenedWinVerifyCacheProcessImportTodos: 'msvcrt.dll' -> '\Device\HarddiskVolume2\Windows\System32\msvcrt.dll' [rcNtRedir=0xc0150008]
dc0.dbc: supR3HardenedWinVerifyCacheProcessImportTodos: Processing 'user32.dll'...
dc0.dbc: supR3HardenedWinVerifyCacheProcessImportTodos: 'user32.dll' -> '\Device\HarddiskVolume2\Windows\System32\user32.dll' [rcNtRedir=0xc0150008]
dc0.dbc: supR3HardenedWinVerifyCacheProcessImportTodos: Processing 'gdi32.dll'...
dc0.dbc: supR3HardenedWinVerifyCacheProcessImportTodos: 'gdi32.dll' -> '\Device\HarddiskVolume2\Windows\System32\gdi32.dll' [rcNtRedir=0xc0150008]
dc0.dbc: supR3HardenedScreenImage/Imports: cache hit (VINF_SUCCESS) on \Device\HarddiskVolume2\Windows\System32\gdi32.dll
dc0.dbc: supR3HardenedWinVerifyCacheProcessImportTodos: Processing 'msvcrt.dll'...
dc0.dbc: supR3HardenedWinVerifyCacheProcessImportTodos: 'msvcrt.dll' -> '\Device\HarddiskVolume2\Windows\System32\msvcrt.dll' [rcNtRedir=0xc0150008]
dc0.dbc: supR3HardenedWinVerifyCacheProcessImportTodos: Processing 'user32.dll'...
dc0.dbc: supR3HardenedWinVerifyCacheProcessImportTodos: 'user32.dll' -> '\Device\HarddiskVolume2\Windows\System32\user32.dll' [rcNtRedir=0xc0150008]
dc0.dbc: supR3HardenedWinVerifyCacheProcessImportTodos: Processing 'gdi32.dll'...
dc0.dbc: supR3HardenedWinVerifyCacheProcessImportTodos: 'gdi32.dll' -> '\Device\HarddiskVolume2\Windows\System32\gdi32.dll' [rcNtRedir=0xc0150008]
dc0.dbc: supR3HardenedWinVerifyCacheProcessImportTodos: Processing 'msvcrt.dll'...
dc0.dbc: supR3HardenedWinVerifyCacheProcessImportTodos: 'msvcrt.dll' -> '\Device\HarddiskVolume2\Windows\System32\msvcrt.dll' [rcNtRedir=0xc0150008]
dc0.dbc: supR3HardenedDllNotificationCallback: load   000007feff050000 LB 0x001d7000 C:\Windows\system32\setupapi.dll [fFlags=0x0]
dc0.dbc: supR3HardenedDllNotificationCallback: load   000007fefdbc0000 LB 0x00036000 C:\Windows\system32\CFGMGR32.dll [fFlags=0x0]
dc0.dbc: supR3HardenedDllNotificationCallback: load   000007feff760000 LB 0x000d7000 C:\Windows\system32\OLEAUT32.dll [fFlags=0x0]
dc0.dbc: supR3HardenedDllNotificationCallback: load   000007feff2f0000 LB 0x00203000 C:\Windows\system32\ole32.dll [fFlags=0x0]
dc0.dbc: supR3HardenedDllNotificationCallback: load   000007fefda90000 LB 0x0001a000 C:\Windows\system32\DEVOBJ.dll [fFlags=0x0]
dc0.dbc: supR3HardenedIsApiSetDll: '<NULL>' -> true
dc0.dbc: supR3HardenedMonitor_LdrLoadDll: pName=API-MS-Win-Core-LocalRegistry-L1-1-0.dll (rcNtResolve=0x0) *pfFlags=0x0 pwszSearchPath=0000000000734040:C:\Program Files\Oracle\VirtualBox;C:\Windows\system32;C:\Windows\system;C:\Windows;C:\Program Files (x86)\Pervasive Software\PSQL\bin\;C:\Windows\system32;C:\Windows;C:\Windows\System32\Wbem;C:\Windows\System32\WindowsPowerShell\v1.0\ [calling]
dc0.dbc: supR3HardenedMonitor_LdrLoadDll: returns rcNt=0x0 hMod=00000000776c0000 'API-MS-Win-Core-LocalRegistry-L1-1-0.dll'
dc0.dbc: supR3HardenedMonitor_LdrLoadDll: returns rcNt=0x0 hMod=000007feff050000 'C:\Windows\system32\setupapi.dll'
dc0.dbc: supR3HardenedMonitor_LdrLoadDll: returns rcNt=0x0 hMod=000007fef8dd0000 'C:\Windows\system32\Cabinet.dll'
dc0.dbc: supR3HardenedMonitor_LdrLoadDll: returns rcNt=0x0 hMod=000007fefcba0000 'C:\Windows\system32\DEVRTL.dll'
dc0.dbc: supR3HardenedDllNotificationCallback: Unload 000007feff050000 LB 0x001d7000 C:\Windows\system32\setupapi.dll [flags=0x0]
dc0.dbc: supR3HardenedDllNotificationCallback: Unload 000007fefda90000 LB 0x0001a000 C:\Windows\system32\DEVOBJ.dll [flags=0x0]
dc0.dbc: supR3HardenedDllNotificationCallback: Unload 000007feff760000 LB 0x000d7000 C:\Windows\system32\OLEAUT32.dll [flags=0x0]
dc0.dbc: supR3HardenedDllNotificationCallback: Unload 000007feff2f0000 LB 0x00203000 C:\Windows\system32\ole32.dll [flags=0x0]
dc0.dbc: supR3HardenedDllNotificationCallback: Unload 000007fefdbc0000 LB 0x00036000 C:\Windows\system32\CFGMGR32.dll [flags=0x0]
dc0.dbc: supR3HardenedWinVerifyCacheScheduleImports: Import todo: #0 'gdi32.dll'.
dc0.dbc: supR3HardenedWinVerifyCacheScheduleImports: Import todo: #1 'user32.dll'.
dc0.dbc: supR3HardenedWinVerifyCacheScheduleImports: Import todo: #2 'qt5guivbox.dll'.
dc0.dbc: supR3HardenedWinVerifyCacheScheduleImports: Import todo: #3 'qt5corevbox.dll'.
dc0.dbc: supR3HardenedWinVerifyCacheScheduleImports: Import todo: #4 'shell32.dll'.
dc0.dbc: supR3HardenedWinVerifyCacheScheduleImports: Import todo: #5 'msvcp100.dll'.
dc0.dbc: supR3HardenedWinVerifyCacheScheduleImports: Import todo: #6 'msvcr100.dll'.
dc0.dbc: supHardenedWinVerifyImageByHandle: -> 0 (\Device\HarddiskVolume2\Program Files\Oracle\VirtualBox\Qt5WidgetsVBox.dll) WinVerifyTrust
dc0.dbc: supR3HardenedWinVerifyCacheProcessImportTodos: Processing 'qt5guivbox.dll'...
dc0.dbc: supR3HardenedWinVerifyCacheProcessImportTodos: 'qt5guivbox.dll' -> '\Device\HarddiskVolume2\Program Files\Oracle\VirtualBox\qt5guivbox.dll' [rcNtRedir=0xc0150008]
dc0.dbc: supR3HardenedScreenImage/Imports: cache hit (Unknown Status 24202 (0x5e8a)) on \Device\HarddiskVolume2\Program Files\Oracle\VirtualBox\Qt5GuiVBox.dll [redoing WinVerifyTrust]
dc0.dbc: supR3HardenedWinVerifyCacheProcessImportTodos: Processing 'msvcr100.dll'...
dc0.dbc: supR3HardenedWinVerifyCacheProcessImportTodos: 'msvcr100.dll' -> '\Device\HarddiskVolume2\Program Files\Oracle\VirtualBox\msvcr100.dll' [rcNtRedir=0xc0150008]
dc0.dbc: supR3HardenedScreenImage/Imports: cache hit (VINF_SUCCESS) on \Device\HarddiskVolume2\Program Files\Oracle\VirtualBox\msvcr100.dll
dc0.dbc: supR3HardenedWinVerifyCacheProcessImportTodos: Processing 'msvcp100.dll'...
dc0.dbc: supR3HardenedWinVerifyCacheProcessImportTodos: 'msvcp100.dll' -> '\Device\HarddiskVolume2\Program Files\Oracle\VirtualBox\msvcp100.dll' [rcNtRedir=0xc0150008]
dc0.dbc: supR3HardenedScreenImage/Imports: cache hit (VINF_SUCCESS) on \Device\HarddiskVolume2\Program Files\Oracle\VirtualBox\msvcp100.dll
dc0.dbc: supR3HardenedWinVerifyCacheProcessImportTodos: Processing 'shell32.dll'...
dc0.dbc: supR3HardenedWinVerifyCacheProcessImportTodos: 'shell32.dll' -> '\Device\HarddiskVolume2\Windows\System32\shell32.dll' [rcNtRedir=0xc0150008]
dc0.dbc: supR3HardenedScreenImage/Imports: cache hit (Unknown Status 22900 (0x5974)) on \Device\HarddiskVolume2\Windows\System32\shell32.dll [lacks WinVerifyTrust]
dc0.dbc: supR3HardenedWinVerifyCacheProcessImportTodos: Processing 'qt5corevbox.dll'...
dc0.dbc: supR3HardenedWinVerifyCacheProcessImportTodos: 'qt5corevbox.dll' -> '\Device\HarddiskVolume2\Program Files\Oracle\VirtualBox\qt5corevbox.dll' [rcNtRedir=0xc0150008]
dc0.dbc: supR3HardenedScreenImage/Imports: cache hit (Unknown Status 24202 (0x5e8a)) on \Device\HarddiskVolume2\Program Files\Oracle\VirtualBox\Qt5CoreVBox.dll [lacks WinVerifyTrust]
dc0.dbc: supR3HardenedWinVerifyCacheProcessImportTodos: Processing 'qt5guivbox.dll'...
dc0.dbc: supR3HardenedWinVerifyCacheProcessImportTodos: 'qt5guivbox.dll' -> '\Device\HarddiskVolume2\Program Files\Oracle\VirtualBox\qt5guivbox.dll' [rcNtRedir=0xc0150008]
dc0.dbc: supR3HardenedScreenImage/Imports: cache hit (Unknown Status 24202 (0x5e8a)) on \Device\HarddiskVolume2\Program Files\Oracle\VirtualBox\Qt5GuiVBox.dll [lacks WinVerifyTrust]
dc0.dbc: supR3HardenedWinVerifyCacheProcessImportTodos: Processing 'user32.dll'...
dc0.dbc: supR3HardenedWinVerifyCacheProcessImportTodos: 'user32.dll' -> '\Device\HarddiskVolume2\Windows\System32\user32.dll' [rcNtRedir=0xc0150008]
dc0.dbc: supR3HardenedWinVerifyCacheProcessImportTodos: Processing 'gdi32.dll'...
dc0.dbc: supR3HardenedWinVerifyCacheProcessImportTodos: 'gdi32.dll' -> '\Device\HarddiskVolume2\Windows\System32\gdi32.dll' [rcNtRedir=0xc0150008]
dc0.dbc: supR3HardenedDllNotificationCallback: load   000007feff050000 LB 0x001d7000 C:\Windows\system32\setupapi.dll [fFlags=0x0]
dc0.dbc: supR3HardenedDllNotificationCallback: load   000007fefdbc0000 LB 0x00036000 C:\Windows\system32\CFGMGR32.dll [fFlags=0x0]
dc0.dbc: supR3HardenedDllNotificationCallback: load   000007feff760000 LB 0x000d7000 C:\Windows\system32\OLEAUT32.dll [fFlags=0x0]
dc0.dbc: supR3HardenedDllNotificationCallback: load   000007feff2f0000 LB 0x00203000 C:\Windows\system32\ole32.dll [fFlags=0x0]
dc0.dbc: supR3HardenedDllNotificationCallback: load   000007fefda90000 LB 0x0001a000 C:\Windows\system32\DEVOBJ.dll [fFlags=0x0]
dc0.dbc: supR3HardenedIsApiSetDll: '<NULL>' -> true
dc0.dbc: supR3HardenedMonitor_LdrLoadDll: pName=API-MS-Win-Core-LocalRegistry-L1-1-0.dll (rcNtResolve=0x0) *pfFlags=0x0 pwszSearchPath=0000000000734040:C:\Program Files\Oracle\VirtualBox;C:\Windows\system32;C:\Windows\system;C:\Windows;C:\Program Files (x86)\Pervasive Software\PSQL\bin\;C:\Windows\system32;C:\Windows;C:\Windows\System32\Wbem;C:\Windows\System32\WindowsPowerShell\v1.0\ [calling]
dc0.dbc: supR3HardenedMonitor_LdrLoadDll: returns rcNt=0x0 hMod=00000000776c0000 'API-MS-Win-Core-LocalRegistry-L1-1-0.dll'
dc0.dbc: supR3HardenedMonitor_LdrLoadDll: returns rcNt=0x0 hMod=000007feff050000 'C:\Windows\system32\setupapi.dll'
dc0.dbc: supR3HardenedMonitor_LdrLoadDll: returns rcNt=0x0 hMod=000007fef8dd0000 'C:\Windows\system32\Cabinet.dll'
dc0.dbc: supR3HardenedMonitor_LdrLoadDll: returns rcNt=0x0 hMod=000007fefcba0000 'C:\Windows\system32\DEVRTL.dll'
dc0.dbc: supR3HardenedDllNotificationCallback: Unload 000007feff050000 LB 0x001d7000 C:\Windows\system32\setupapi.dll [flags=0x0]
dc0.dbc: supR3HardenedDllNotificationCallback: Unload 000007fefda90000 LB 0x0001a000 C:\Windows\system32\DEVOBJ.dll [flags=0x0]
dc0.dbc: supR3HardenedDllNotificationCallback: Unload 000007feff760000 LB 0x000d7000 C:\Windows\system32\OLEAUT32.dll [flags=0x0]
dc0.dbc: supR3HardenedDllNotificationCallback: Unload 000007feff2f0000 LB 0x00203000 C:\Windows\system32\ole32.dll [flags=0x0]
dc0.dbc: supR3HardenedDllNotificationCallback: Unload 000007fefdbc0000 LB 0x00036000 C:\Windows\system32\CFGMGR32.dll [flags=0x0]
dc0.dbc: supR3HardenedScreenImage/Imports: 0 (was 24202) fWinVerifyTrust=1 for '\Device\HarddiskVolume2\Program Files\Oracle\VirtualBox\Qt5GuiVBox.dll'
dc0.dbc: supR3HardenedWinVerifyCacheProcessImportTodos: Processing 'qt5corevbox.dll'...
dc0.dbc: supR3HardenedWinVerifyCacheProcessImportTodos: 'qt5corevbox.dll' -> '\Device\HarddiskVolume2\Program Files\Oracle\VirtualBox\qt5corevbox.dll' [rcNtRedir=0xc0150008]
dc0.dbc: supR3HardenedScreenImage/Imports: cache hit (Unknown Status 24202 (0x5e8a)) on \Device\HarddiskVolume2\Program Files\Oracle\VirtualBox\Qt5CoreVBox.dll [redoing WinVerifyTrust]
dc0.dbc: supR3HardenedScreenImage/NtCreateSection: cache hit (VINF_SUCCESS) on \Device\HarddiskVolume2\Windows\System32\setupapi.dll
dc0.dbc: supR3HardenedDllNotificationCallback: load   000007feff050000 LB 0x001d7000 C:\Windows\system32\setupapi.dll [fFlags=0x0]
dc0.dbc: supR3HardenedDllNotificationCallback: load   000007fefdbc0000 LB 0x00036000 C:\Windows\system32\CFGMGR32.dll [fFlags=0x0]
dc0.dbc: supR3HardenedDllNotificationCallback: load   000007feff760000 LB 0x000d7000 C:\Windows\system32\OLEAUT32.dll [fFlags=0x0]
dc0.dbc: supR3HardenedDllNotificationCallback: load   000007feff2f0000 LB 0x00203000 C:\Windows\system32\ole32.dll [fFlags=0x0]
dc0.dbc: supR3HardenedDllNotificationCallback: load   000007fefda90000 LB 0x0001a000 C:\Windows\system32\DEVOBJ.dll [fFlags=0x0]
dc0.dbc: supR3HardenedIsApiSetDll: '<NULL>' -> true
dc0.dbc: supR3HardenedMonitor_LdrLoadDll: pName=API-MS-Win-Core-LocalRegistry-L1-1-0.dll (rcNtResolve=0x0) *pfFlags=0x0 pwszSearchPath=0000000000734040:C:\Program Files\Oracle\VirtualBox;C:\Windows\system32;C:\Windows\system;C:\Windows;C:\Program Files (x86)\Pervasive Software\PSQL\bin\;C:\Windows\system32;C:\Windows;C:\Windows\System32\Wbem;C:\Windows\System32\WindowsPowerShell\v1.0\ [calling]
dc0.dbc: supR3HardenedMonitor_LdrLoadDll: returns rcNt=0x0 hMod=00000000776c0000 'API-MS-Win-Core-LocalRegistry-L1-1-0.dll'
dc0.dbc: supR3HardenedMonitor_LdrLoadDll: returns rcNt=0x0 hMod=000007feff050000 'C:\Windows\system32\setupapi.dll'
dc0.dbc: supR3HardenedMonitor_LdrLoadDll: returns rcNt=0x0 hMod=000007fef8dd0000 'C:\Windows\system32\Cabinet.dll'
dc0.dbc: supR3HardenedMonitor_LdrLoadDll: returns rcNt=0x0 hMod=000007fefcba0000 'C:\Windows\system32\DEVRTL.dll'
dc0.dbc: supR3HardenedDllNotificationCallback: Unload 000007feff050000 LB 0x001d7000 C:\Windows\system32\setupapi.dll [flags=0x0]
dc0.dbc: supR3HardenedDllNotificationCallback: Unload 000007fefda90000 LB 0x0001a000 C:\Windows\system32\DEVOBJ.dll [flags=0x0]
dc0.dbc: supR3HardenedDllNotificationCallback: Unload 000007feff760000 LB 0x000d7000 C:\Windows\system32\OLEAUT32.dll [flags=0x0]
dc0.dbc: supR3HardenedDllNotificationCallback: Unload 000007feff2f0000 LB 0x00203000 C:\Windows\system32\ole32.dll [flags=0x0]
dc0.dbc: supR3HardenedDllNotificationCallback: Unload 000007fefdbc0000 LB 0x00036000 C:\Windows\system32\CFGMGR32.dll [flags=0x0]
dc0.dbc: supR3HardenedScreenImage/Imports: 0 (was 24202) fWinVerifyTrust=1 for '\Device\HarddiskVolume2\Program Files\Oracle\VirtualBox\Qt5CoreVBox.dll'
dc0.dbc: supR3HardenedWinVerifyCacheProcessImportTodos: Processing 'msvcr100.dll'...
dc0.dbc: supR3HardenedWinVerifyCacheProcessImportTodos: 'msvcr100.dll' -> '\Device\HarddiskVolume2\Program Files\Oracle\VirtualBox\msvcr100.dll' [rcNtRedir=0xc0150008]
dc0.dbc: supR3HardenedScreenImage/Imports: cache hit (VINF_SUCCESS) on \Device\HarddiskVolume2\Program Files\Oracle\VirtualBox\msvcr100.dll
dc0.dbc: supR3HardenedWinVerifyCacheProcessImportTodos: Processing 'msvcp100.dll'...
dc0.dbc: supR3HardenedWinVerifyCacheProcessImportTodos: 'msvcp100.dll' -> '\Device\HarddiskVolume2\Program Files\Oracle\VirtualBox\msvcp100.dll' [rcNtRedir=0xc0150008]
dc0.dbc: supR3HardenedScreenImage/Imports: cache hit (VINF_SUCCESS) on \Device\HarddiskVolume2\Program Files\Oracle\VirtualBox\msvcp100.dll
dc0.dbc: supR3HardenedWinVerifyCacheProcessImportTodos: Processing 'vboxrt.dll'...
dc0.dbc: supR3HardenedWinVerifyCacheProcessImportTodos: 'vboxrt.dll' -> '\Device\HarddiskVolume2\Program Files\Oracle\VirtualBox\vboxrt.dll' [rcNtRedir=0xc0150008]
dc0.dbc: supR3HardenedWinVerifyCacheProcessImportTodos: Processing 'uicommon.dll'...
dc0.dbc: supR3HardenedWinVerifyCacheProcessImportTodos: 'uicommon.dll' -> '\Device\HarddiskVolume2\Program Files\Oracle\VirtualBox\uicommon.dll' [rcNtRedir=0xc0150008]
dc0.dbc: \Device\HarddiskVolume2\Program Files\Oracle\VirtualBox\UICommon.dll: Signature #1/2: info status: 24202
dc0.dbc: supR3HardenedDllNotificationCallback: load   000007feff050000 LB 0x001d7000 C:\Windows\system32\setupapi.dll [fFlags=0x0]
dc0.dbc: supR3HardenedDllNotificationCallback: load   000007fefdbc0000 LB 0x00036000 C:\Windows\system32\CFGMGR32.dll [fFlags=0x0]
dc0.dbc: supR3HardenedDllNotificationCallback: load   000007feff760000 LB 0x000d7000 C:\Windows\system32\OLEAUT32.dll [fFlags=0x0]
dc0.dbc: supR3HardenedDllNotificationCallback: load   000007feff2f0000 LB 0x00203000 C:\Windows\system32\ole32.dll [fFlags=0x0]
dc0.dbc: supR3HardenedDllNotificationCallback: load   000007fefda90000 LB 0x0001a000 C:\Windows\system32\DEVOBJ.dll [fFlags=0x0]
dc0.dbc: supR3HardenedIsApiSetDll: '<NULL>' -> true
dc0.dbc: supR3HardenedMonitor_LdrLoadDll: pName=API-MS-Win-Core-LocalRegistry-L1-1-0.dll (rcNtResolve=0x0) *pfFlags=0x0 pwszSearchPath=0000000000734040:C:\Program Files\Oracle\VirtualBox;C:\Windows\system32;C:\Windows\system;C:\Windows;C:\Program Files (x86)\Pervasive Software\PSQL\bin\;C:\Windows\system32;C:\Windows;C:\Windows\System32\Wbem;C:\Windows\System32\WindowsPowerShell\v1.0\ [calling]
dc0.dbc: supR3HardenedMonitor_LdrLoadDll: returns rcNt=0x0 hMod=00000000776c0000 'API-MS-Win-Core-LocalRegistry-L1-1-0.dll'
dc0.dbc: supR3HardenedMonitor_LdrLoadDll: returns rcNt=0x0 hMod=000007feff050000 'C:\Windows\system32\setupapi.dll'
dc0.dbc: supR3HardenedMonitor_LdrLoadDll: returns rcNt=0x0 hMod=000007fef8dd0000 'C:\Windows\system32\Cabinet.dll'
dc0.dbc: supR3HardenedMonitor_LdrLoadDll: returns rcNt=0x0 hMod=000007fefcba0000 'C:\Windows\system32\DEVRTL.dll'
dc0.dbc: supR3HardenedDllNotificationCallback: Unload 000007feff050000 LB 0x001d7000 C:\Windows\system32\setupapi.dll [flags=0x0]
dc0.dbc: supR3HardenedDllNotificationCallback: Unload 000007fefda90000 LB 0x0001a000 C:\Windows\system32\DEVOBJ.dll [flags=0x0]
dc0.dbc: supR3HardenedDllNotificationCallback: Unload 000007feff760000 LB 0x000d7000 C:\Windows\system32\OLEAUT32.dll [flags=0x0]
dc0.dbc: supR3HardenedDllNotificationCallback: Unload 000007feff2f0000 LB 0x00203000 C:\Windows\system32\ole32.dll [flags=0x0]
dc0.dbc: supR3HardenedDllNotificationCallback: Unload 000007fefdbc0000 LB 0x00036000 C:\Windows\system32\CFGMGR32.dll [flags=0x0]
dc0.dbc: supR3HardenedWinVerifyCacheScheduleImports: Import todo: #0 'vboxrt.dll'.
dc0.dbc: supR3HardenedWinVerifyCacheScheduleImports: Import todo: #1 'msvcr100.dll'.
dc0.dbc: supR3HardenedWinVerifyCacheScheduleImports: Import todo: #2 'qt5corevbox.dll'.
dc0.dbc: supR3HardenedWinVerifyCacheScheduleImports: Import todo: #3 'qt5guivbox.dll'.
dc0.dbc: supR3HardenedWinVerifyCacheScheduleImports: Import todo: #4 'qt5widgetsvbox.dll'.
dc0.dbc: supR3HardenedWinVerifyCacheScheduleImports: Import todo: #6 'user32.dll'.
dc0.dbc: supR3HardenedWinVerifyCacheScheduleImports: Import todo: #7 'advapi32.dll'.
dc0.dbc: supR3HardenedWinVerifyCacheScheduleImports: Import todo: #8 'ole32.dll'.
dc0.dbc: supR3HardenedWinVerifyCacheScheduleImports: Import todo: #9 'oleaut32.dll'.
dc0.dbc: supR3HardenedWinVerifyCacheScheduleImports: Import todo: #10 'rpcrt4.dll'.
dc0.dbc: supHardenedWinVerifyImageByHandle: -> 0 (\Device\HarddiskVolume2\Program Files\Oracle\VirtualBox\UICommon.dll) WinVerifyTrust
dc0.dbc: supR3HardenedWinVerifyCacheInsert: \Device\HarddiskVolume2\Program Files\Oracle\VirtualBox\UICommon.dll
dc0.dbc: supR3HardenedWinVerifyCacheProcessImportTodos: Processing 'opengl32.dll'...
dc0.dbc: supR3HardenedWinVerifyCacheProcessImportTodos: 'opengl32.dll' -> '\Device\HarddiskVolume2\Windows\System32\opengl32.dll' [rcNtRedir=0xc0150008]
dc0.dbc: supR3HardenedScreenImage/Imports: cache hit (Unknown Status 22900 (0x5974)) on \Device\HarddiskVolume2\Windows\System32\opengl32.dll [redoing WinVerifyTrust]
dc0.dbc: supR3HardNtViCallWinVerifyTrustCatFile: hFile=0000000000000414 pwszName=\Device\HarddiskVolume2\Windows\System32\opengl32.dll
dc0.dbc: supR3HardNtViCallWinVerifyTrustCatFile: Cached context 00000000007d1ab0
dc0.dbc: supR3HardNtViCallWinVerifyTrustCatFile: hCatAdmin=00000000007d1ab0
dc0.dbc: supR3HardNtViCallWinVerifyTrustCatFile: cbHash=20 wszDigest=608AC397FCC42B9FBAE25CB8C25EAF4C19AA384D
dc0.dbc: supR3HardNtViCallWinVerifyTrustCatFile: WinVerifyTrust => 0x0; cat='C:\Windows\system32\CatRoot\{F750E6C3-38EE-11D1-85E5-00C04FC295EE}\nt5.cat'; file='\Device\HarddiskVolume2\Windows\System32\opengl32.dll'
dc0.dbc: supR3HardNtViCallWinVerifyTrustCatFile -> 0 (org 22900)
dc0.dbc: supR3HardenedScreenImage/Imports: 0 (was 22900) fWinVerifyTrust=1 for '\Device\HarddiskVolume2\Windows\System32\opengl32.dll'
dc0.dbc: supR3HardenedWinVerifyCacheProcessImportTodos: Processing 'rpcrt4.dll'...
dc0.dbc: supR3HardenedWinVerifyCacheProcessImportTodos: 'rpcrt4.dll' -> '\Device\HarddiskVolume2\Windows\System32\rpcrt4.dll' [rcNtRedir=0xc0150008]
dc0.dbc: supR3HardenedWinVerifyCacheProcessImportTodos: Processing 'oleaut32.dll'...
dc0.dbc: supR3HardenedWinVerifyCacheProcessImportTodos: 'oleaut32.dll' -> '\Device\HarddiskVolume2\Windows\System32\oleaut32.dll' [rcNtRedir=0xc0150008]
dc0.dbc: supR3HardenedWinVerifyCacheProcessImportTodos: Processing 'ole32.dll'...
dc0.dbc: supR3HardenedWinVerifyCacheProcessImportTodos: 'ole32.dll' -> '\Device\HarddiskVolume2\Windows\System32\ole32.dll' [rcNtRedir=0xc0150008]
dc0.dbc: supR3HardenedScreenImage/Imports: cache hit (VINF_SUCCESS) on \Device\HarddiskVolume2\Windows\System32\ole32.dll
dc0.dbc: supR3HardenedWinVerifyCacheProcessImportTodos: Processing 'advapi32.dll'...
dc0.dbc: supR3HardenedWinVerifyCacheProcessImportTodos: 'advapi32.dll' -> '\Device\HarddiskVolume2\Windows\System32\advapi32.dll' [rcNtRedir=0xc0150008]
dc0.dbc: supR3HardenedScreenImage/Imports: cache hit (VINF_SUCCESS) on \Device\HarddiskVolume2\Windows\System32\advapi32.dll
dc0.dbc: supR3HardenedWinVerifyCacheProcessImportTodos: Processing 'user32.dll'...
dc0.dbc: supR3HardenedWinVerifyCacheProcessImportTodos: 'user32.dll' -> '\Device\HarddiskVolume2\Windows\System32\user32.dll' [rcNtRedir=0xc0150008]
dc0.dbc: supR3HardenedWinVerifyCacheProcessImportTodos: Processing 'qt5widgetsvbox.dll'...
dc0.dbc: supR3HardenedWinVerifyCacheProcessImportTodos: 'qt5widgetsvbox.dll' -> '\Device\HarddiskVolume2\Program Files\Oracle\VirtualBox\qt5widgetsvbox.dll' [rcNtRedir=0xc0150008]
dc0.dbc: supR3HardenedScreenImage/Imports: cache hit (Unknown Status 24202 (0x5e8a)) on \Device\HarddiskVolume2\Program Files\Oracle\VirtualBox\Qt5WidgetsVBox.dll [redoing WinVerifyTrust]
dc0.dbc: supR3HardenedDllNotificationCallback: load   000007feff050000 LB 0x001d7000 C:\Windows\system32\setupapi.dll [fFlags=0x0]
dc0.dbc: supR3HardenedDllNotificationCallback: load   000007fefdbc0000 LB 0x00036000 C:\Windows\system32\CFGMGR32.dll [fFlags=0x0]
dc0.dbc: supR3HardenedDllNotificationCallback: load   000007feff760000 LB 0x000d7000 C:\Windows\system32\OLEAUT32.dll [fFlags=0x0]
dc0.dbc: supR3HardenedDllNotificationCallback: load   000007feff2f0000 LB 0x00203000 C:\Windows\system32\ole32.dll [fFlags=0x0]
dc0.dbc: supR3HardenedDllNotificationCallback: load   000007fefda90000 LB 0x0001a000 C:\Windows\system32\DEVOBJ.dll [fFlags=0x0]
dc0.dbc: supR3HardenedIsApiSetDll: '<NULL>' -> true
dc0.dbc: supR3HardenedMonitor_LdrLoadDll: pName=API-MS-Win-Core-LocalRegistry-L1-1-0.dll (rcNtResolve=0x0) *pfFlags=0x0 pwszSearchPath=0000000000734040:C:\Program Files\Oracle\VirtualBox;C:\Windows\system32;C:\Windows\system;C:\Windows;C:\Program Files (x86)\Pervasive Software\PSQL\bin\;C:\Windows\system32;C:\Windows;C:\Windows\System32\Wbem;C:\Windows\System32\WindowsPowerShell\v1.0\ [calling]
dc0.dbc: supR3HardenedMonitor_LdrLoadDll: returns rcNt=0x0 hMod=00000000776c0000 'API-MS-Win-Core-LocalRegistry-L1-1-0.dll'
dc0.dbc: supR3HardenedMonitor_LdrLoadDll: returns rcNt=0x0 hMod=000007feff050000 'C:\Windows\system32\setupapi.dll'
dc0.dbc: supR3HardenedMonitor_LdrLoadDll: returns rcNt=0x0 hMod=000007fef8dd0000 'C:\Windows\system32\Cabinet.dll'
dc0.dbc: supR3HardenedMonitor_LdrLoadDll: returns rcNt=0x0 hMod=000007fefcba0000 'C:\Windows\system32\DEVRTL.dll'
dc0.dbc: supR3HardenedDllNotificationCallback: Unload 000007feff050000 LB 0x001d7000 C:\Windows\system32\setupapi.dll [flags=0x0]
dc0.dbc: supR3HardenedDllNotificationCallback: Unload 000007fefda90000 LB 0x0001a000 C:\Windows\system32\DEVOBJ.dll [flags=0x0]
dc0.dbc: supR3HardenedDllNotificationCallback: Unload 000007feff760000 LB 0x000d7000 C:\Windows\system32\OLEAUT32.dll [flags=0x0]
dc0.dbc: supR3HardenedDllNotificationCallback: Unload 000007feff2f0000 LB 0x00203000 C:\Windows\system32\ole32.dll [flags=0x0]
dc0.dbc: supR3HardenedDllNotificationCallback: Unload 000007fefdbc0000 LB 0x00036000 C:\Windows\system32\CFGMGR32.dll [flags=0x0]
dc0.dbc: supR3HardenedScreenImage/Imports: 0 (was 24202) fWinVerifyTrust=1 for '\Device\HarddiskVolume2\Program Files\Oracle\VirtualBox\Qt5WidgetsVBox.dll'
dc0.dbc: supR3HardenedWinVerifyCacheProcessImportTodos: Processing 'qt5guivbox.dll'...
dc0.dbc: supR3HardenedWinVerifyCacheProcessImportTodos: 'qt5guivbox.dll' -> '\Device\HarddiskVolume2\Program Files\Oracle\VirtualBox\qt5guivbox.dll' [rcNtRedir=0xc0150008]
dc0.dbc: supR3HardenedScreenImage/Imports: cache hit (VINF_SUCCESS) on \Device\HarddiskVolume2\Program Files\Oracle\VirtualBox\Qt5GuiVBox.dll
dc0.dbc: supR3HardenedWinVerifyCacheProcessImportTodos: Processing 'qt5corevbox.dll'...
dc0.dbc: supR3HardenedWinVerifyCacheProcessImportTodos: 'qt5corevbox.dll' -> '\Device\HarddiskVolume2\Program Files\Oracle\VirtualBox\qt5corevbox.dll' [rcNtRedir=0xc0150008]
dc0.dbc: supR3HardenedScreenImage/Imports: cache hit (VINF_SUCCESS) on \Device\HarddiskVolume2\Program Files\Oracle\VirtualBox\Qt5CoreVBox.dll
dc0.dbc: supR3HardenedWinVerifyCacheProcessImportTodos: Processing 'msvcr100.dll'...
dc0.dbc: supR3HardenedWinVerifyCacheProcessImportTodos: 'msvcr100.dll' -> '\Device\HarddiskVolume2\Program Files\Oracle\VirtualBox\msvcr100.dll' [rcNtRedir=0xc0150008]
dc0.dbc: supR3HardenedWinVerifyCacheProcessImportTodos: Processing 'vboxrt.dll'...
dc0.dbc: supR3HardenedWinVerifyCacheProcessImportTodos: 'vboxrt.dll' -> '\Device\HarddiskVolume2\Program Files\Oracle\VirtualBox\vboxrt.dll' [rcNtRedir=0xc0150008]
dc0.dbc: supR3HardenedMonitor_LdrLoadDll: pName=C:\Program Files\Oracle\VirtualBox\VirtualBoxVM.dll (rcNtResolve=0xc0150008) *pfFlags=0x0 pwszSearchPath=0000000000734040:C:\Program Files\Oracle\VirtualBox;C:\Windows\system32;C:\Windows\system;C:\Windows;C:\Program Files (x86)\Pervasive Software\PSQL\bin\;C:\Windows\system32;C:\Windows;C:\Windows\System32\Wbem;C:\Windows\System32\WindowsPowerShell\v1.0\ [calling]
dc0.dbc: supR3HardenedScreenImage/NtCreateSection: cache hit (VINF_SUCCESS) on \Device\HarddiskVolume2\Program Files\Oracle\VirtualBox\VirtualBoxVM.dll
dc0.dbc: supR3HardenedDllNotificationCallback: load   000007fef49e0000 LB 0x001ca000 C:\Program Files\Oracle\VirtualBox\VirtualBoxVM.dll [fFlags=0x0]
dc0.dbc: supR3HardenedScreenImage/LdrLoadDll: cache hit (VINF_SUCCESS) on \Device\HarddiskVolume2\Program Files\Oracle\VirtualBox\VirtualBoxVM.dll
dc0.dbc: supR3HardenedScreenImage/NtCreateSection: cache hit (VINF_SUCCESS) on \Device\HarddiskVolume2\Windows\System32\opengl32.dll
dc0.dbc: supR3HardenedDllNotificationCallback: load   000007fef8ad0000 LB 0x0011d000 C:\Windows\system32\OPENGL32.dll [fFlags=0x0]
dc0.dbc: supR3HardenedScreenImage/LdrLoadDll: cache hit (VINF_SUCCESS) on \Device\HarddiskVolume2\Windows\System32\opengl32.dll
dc0.dbc: supR3HardenedScreenImage/NtCreateSection: cache hit (Unknown Status 22900 (0x5974)) on \Device\HarddiskVolume2\Windows\System32\glu32.dll [avoiding WinVerifyTrust]
dc0.dbc: supR3HardenedDllNotificationCallback: load   000007fef8580000 LB 0x0002d000 C:\Windows\system32\GLU32.dll [fFlags=0x0]
dc0.dbc: supR3HardenedScreenImage/LdrLoadDll: cache hit (Unknown Status 22900 (0x5974)) on \Device\HarddiskVolume2\Windows\System32\glu32.dll [avoiding WinVerifyTrust]
dc0.dbc: supR3HardenedScreenImage/NtCreateSection: cache hit (Unknown Status 22900 (0x5974)) on \Device\HarddiskVolume2\Windows\System32\ddraw.dll [avoiding WinVerifyTrust]
dc0.dbc: supR3HardenedDllNotificationCallback: load   000007fef6c70000 LB 0x000f1000 C:\Windows\system32\DDRAW.dll [fFlags=0x0]
dc0.dbc: supR3HardenedScreenImage/LdrLoadDll: cache hit (Unknown Status 22900 (0x5974)) on \Device\HarddiskVolume2\Windows\System32\ddraw.dll [avoiding WinVerifyTrust]
dc0.dbc: supR3HardenedScreenImage/NtCreateSection: cache hit (Unknown Status 22900 (0x5974)) on \Device\HarddiskVolume2\Windows\System32\dciman32.dll [avoiding WinVerifyTrust]
dc0.dbc: supR3HardenedDllNotificationCallback: load   000007fef8c90000 LB 0x00008000 C:\Windows\system32\DCIMAN32.dll [fFlags=0x0]
dc0.dbc: supR3HardenedScreenImage/LdrLoadDll: cache hit (Unknown Status 22900 (0x5974)) on \Device\HarddiskVolume2\Windows\System32\dciman32.dll [avoiding WinVerifyTrust]
dc0.dbc: supR3HardenedDllNotificationCallback: load   000007feff050000 LB 0x001d7000 C:\Windows\system32\SETUPAPI.dll [fFlags=0x0]
dc0.dbc: supR3HardenedDllNotificationCallback: load   000007fefdbc0000 LB 0x00036000 C:\Windows\system32\CFGMGR32.dll [fFlags=0x0]
dc0.dbc: supR3HardenedDllNotificationCallback: load   000007feff760000 LB 0x000d7000 C:\Windows\system32\OLEAUT32.dll [fFlags=0x0]
dc0.dbc: supR3HardenedScreenImage/LdrLoadDll: cache hit (VINF_SUCCESS) on \Device\HarddiskVolume2\Windows\System32\oleaut32.dll
dc0.dbc: supR3HardenedDllNotificationCallback: load   000007feff2f0000 LB 0x00203000 C:\Windows\system32\ole32.dll [fFlags=0x0]
dc0.dbc: supR3HardenedDllNotificationCallback: load   000007fefda90000 LB 0x0001a000 C:\Windows\system32\DEVOBJ.dll [fFlags=0x0]
dc0.dbc: supR3HardenedScreenImage/NtCreateSection: cache hit (Unknown Status 22900 (0x5974)) on \Device\HarddiskVolume2\Windows\System32\dwmapi.dll [avoiding WinVerifyTrust]
dc0.dbc: supR3HardenedDllNotificationCallback: load   000007fefbbc0000 LB 0x00018000 C:\Windows\system32\dwmapi.dll [fFlags=0x0]
dc0.dbc: supR3HardenedScreenImage/LdrLoadDll: cache hit (Unknown Status 22900 (0x5974)) on \Device\HarddiskVolume2\Windows\System32\dwmapi.dll [avoiding WinVerifyTrust]
dc0.dbc: supR3HardenedScreenImage/NtCreateSection: cache hit (VINF_SUCCESS) on \Device\HarddiskVolume2\Program Files\Oracle\VirtualBox\UICommon.dll
dc0.dbc: supR3HardenedDllNotificationCallback: load   000007feec2b0000 LB 0x02320000 C:\Program Files\Oracle\VirtualBox\UICommon.dll [fFlags=0x0]
dc0.dbc: supR3HardenedScreenImage/LdrLoadDll: cache hit (VINF_SUCCESS) on \Device\HarddiskVolume2\Program Files\Oracle\VirtualBox\UICommon.dll
dc0.dbc: supR3HardenedScreenImage/NtCreateSection: cache hit (VINF_SUCCESS) on \Device\HarddiskVolume2\Program Files\Oracle\VirtualBox\Qt5CoreVBox.dll
dc0.dbc: supR3HardenedDllNotificationCallback: load   000000006dad0000 LB 0x00565000 C:\Program Files\Oracle\VirtualBox\Qt5CoreVBox.dll [fFlags=0x0]
dc0.dbc: supR3HardenedScreenImage/LdrLoadDll: cache hit (VINF_SUCCESS) on \Device\HarddiskVolume2\Program Files\Oracle\VirtualBox\Qt5CoreVBox.dll
dc0.dbc: supR3HardenedDllNotificationCallback: load   000007fefe220000 LB 0x00d88000 C:\Windows\system32\SHELL32.dll [fFlags=0x0]
dc0.dbc: supR3HardenedScreenImage/LdrLoadDll: cache hit (Unknown Status 22900 (0x5974)) on \Device\HarddiskVolume2\Windows\System32\shell32.dll [avoiding WinVerifyTrust]
dc0.dbc: supR3HardenedScreenImage/NtCreateSection: cache hit (Unknown Status 22900 (0x5974)) on \Device\HarddiskVolume2\Windows\System32\mpr.dll [avoiding WinVerifyTrust]
dc0.dbc: supR3HardenedDllNotificationCallback: load   000007fefa290000 LB 0x00018000 C:\Windows\system32\MPR.dll [fFlags=0x0]
dc0.dbc: supR3HardenedScreenImage/LdrLoadDll: cache hit (Unknown Status 22900 (0x5974)) on \Device\HarddiskVolume2\Windows\System32\mpr.dll [avoiding WinVerifyTrust]
dc0.dbc: supR3HardenedScreenImage/NtCreateSection: cache hit (VINF_SUCCESS) on \Device\HarddiskVolume2\Program Files\Oracle\VirtualBox\Qt5GuiVBox.dll
dc0.dbc: supR3HardenedDllNotificationCallback: load   000007fef7390000 LB 0x005f7000 C:\Program Files\Oracle\VirtualBox\Qt5GuiVBox.dll [fFlags=0x0]
dc0.dbc: supR3HardenedScreenImage/LdrLoadDll: cache hit (VINF_SUCCESS) on \Device\HarddiskVolume2\Program Files\Oracle\VirtualBox\Qt5GuiVBox.dll
dc0.dbc: supR3HardenedScreenImage/NtCreateSection: cache hit (VINF_SUCCESS) on \Device\HarddiskVolume2\Program Files\Oracle\VirtualBox\Qt5WidgetsVBox.dll
dc0.dbc: supR3HardenedDllNotificationCallback: load   000000006e040000 LB 0x00561000 C:\Program Files\Oracle\VirtualBox\Qt5WidgetsVBox.dll [fFlags=0x0]
dc0.dbc: supR3HardenedScreenImage/LdrLoadDll: cache hit (VINF_SUCCESS) on \Device\HarddiskVolume2\Program Files\Oracle\VirtualBox\Qt5WidgetsVBox.dll
dc0.dbc: supR3HardenedScreenImage/NtCreateSection: cache hit (VINF_SUCCESS) on \Device\HarddiskVolume2\Program Files\Oracle\VirtualBox\Qt5OpenGLVBox.dll
dc0.dbc: supR3HardenedDllNotificationCallback: load   0000000072900000 LB 0x00054000 C:\Program Files\Oracle\VirtualBox\Qt5OpenGLVBox.dll [fFlags=0x0]
dc0.dbc: supR3HardenedScreenImage/LdrLoadDll: cache hit (VINF_SUCCESS) on \Device\HarddiskVolume2\Program Files\Oracle\VirtualBox\Qt5OpenGLVBox.dll
dc0.dbc: supR3HardenedScreenImage/NtCreateSection: cache hit (VINF_SUCCESS) on \Device\HarddiskVolume2\Windows\System32\winmm.dll
dc0.dbc: supR3HardenedDllNotificationCallback: load   000007fefb4a0000 LB 0x0003b000 C:\Windows\system32\WINMM.dll [fFlags=0x0]
dc0.dbc: supR3HardenedScreenImage/LdrLoadDll: cache hit (VINF_SUCCESS) on \Device\HarddiskVolume2\Windows\System32\winmm.dll
dc0.dbc: Detected loader lock ownership: rc=Unknown Status 22900 (0x5974) '\Device\HarddiskVolume2\Windows\System32\dciman32.dll'.
dc0.dbc: supR3HardenedWinVerifyCacheProcessWvtTodos: 22900 (was 22900) fWinVerifyTrust=0 for '\Device\HarddiskVolume2\Windows\System32\dciman32.dll' [rescheduled]
dc0.dbc: Detected loader lock ownership: rc=Unknown Status 22900 (0x5974) '\Device\HarddiskVolume2\Windows\System32\dwmapi.dll'.
dc0.dbc: supR3HardenedWinVerifyCacheProcessWvtTodos: 22900 (was 22900) fWinVerifyTrust=0 for '\Device\HarddiskVolume2\Windows\System32\dwmapi.dll' [rescheduled]
dc0.dbc: Detected loader lock ownership: rc=Unknown Status 22900 (0x5974) '\Device\HarddiskVolume2\Windows\System32\glu32.dll'.
dc0.dbc: supR3HardenedWinVerifyCacheProcessWvtTodos: 22900 (was 22900) fWinVerifyTrust=0 for '\Device\HarddiskVolume2\Windows\System32\glu32.dll' [rescheduled]
dc0.dbc: Detected loader lock ownership: rc=Unknown Status 22900 (0x5974) '\Device\HarddiskVolume2\Windows\System32\ddraw.dll'.
dc0.dbc: supR3HardenedWinVerifyCacheProcessWvtTodos: 22900 (was 22900) fWinVerifyTrust=0 for '\Device\HarddiskVolume2\Windows\System32\ddraw.dll' [rescheduled]
dc0.dbc: Detected loader lock ownership: rc=Unknown Status 22900 (0x5974) '\Device\HarddiskVolume2\Windows\System32\mpr.dll'.
dc0.dbc: supR3HardenedWinVerifyCacheProcessWvtTodos: 22900 (was 22900) fWinVerifyTrust=0 for '\Device\HarddiskVolume2\Windows\System32\mpr.dll' [rescheduled]
dc0.dbc: Detected loader lock ownership: rc=Unknown Status 22900 (0x5974) '\Device\HarddiskVolume2\Windows\System32\shell32.dll'.
dc0.dbc: supR3HardenedWinVerifyCacheProcessWvtTodos: 22900 (was 22900) fWinVerifyTrust=0 for '\Device\HarddiskVolume2\Windows\System32\shell32.dll' [rescheduled]
dc0.dbc: supR3HardenedIsApiSetDll: '<NULL>' -> true
dc0.dbc: supR3HardenedMonitor_LdrLoadDll: pName=API-MS-Win-Core-LocalRegistry-L1-1-0.dll (rcNtResolve=0x0) *pfFlags=0x0 pwszSearchPath=0000000000734040:C:\Program Files\Oracle\VirtualBox;C:\Windows\system32;C:\Windows\system;C:\Windows;C:\Program Files (x86)\Pervasive Software\PSQL\bin\;C:\Windows\system32;C:\Windows;C:\Windows\System32\Wbem;C:\Windows\System32\WindowsPowerShell\v1.0\ [calling]
dc0.dbc: supR3HardenedMonitor_LdrLoadDll: returns rcNt=0x0 hMod=00000000776c0000 'API-MS-Win-Core-LocalRegistry-L1-1-0.dll'
dc0.dbc: Detected loader lock ownership: rc=Unknown Status 22900 (0x5974) '\Device\HarddiskVolume2\Windows\System32\dciman32.dll'.
dc0.dbc: supR3HardenedWinVerifyCacheProcessWvtTodos: 22900 (was 22900) fWinVerifyTrust=0 for '\Device\HarddiskVolume2\Windows\System32\dciman32.dll' [rescheduled]
dc0.dbc: Detected loader lock ownership: rc=Unknown Status 22900 (0x5974) '\Device\HarddiskVolume2\Windows\System32\dwmapi.dll'.
dc0.dbc: supR3HardenedWinVerifyCacheProcessWvtTodos: 22900 (was 22900) fWinVerifyTrust=0 for '\Device\HarddiskVolume2\Windows\System32\dwmapi.dll' [rescheduled]
dc0.dbc: Detected loader lock ownership: rc=Unknown Status 22900 (0x5974) '\Device\HarddiskVolume2\Windows\System32\glu32.dll'.
dc0.dbc: supR3HardenedWinVerifyCacheProcessWvtTodos: 22900 (was 22900) fWinVerifyTrust=0 for '\Device\HarddiskVolume2\Windows\System32\glu32.dll' [rescheduled]
dc0.dbc: Detected loader lock ownership: rc=Unknown Status 22900 (0x5974) '\Device\HarddiskVolume2\Windows\System32\ddraw.dll'.
dc0.dbc: supR3HardenedWinVerifyCacheProcessWvtTodos: 22900 (was 22900) fWinVerifyTrust=0 for '\Device\HarddiskVolume2\Windows\System32\ddraw.dll' [rescheduled]
dc0.dbc: Detected loader lock ownership: rc=Unknown Status 22900 (0x5974) '\Device\HarddiskVolume2\Windows\System32\mpr.dll'.
dc0.dbc: supR3HardenedWinVerifyCacheProcessWvtTodos: 22900 (was 22900) fWinVerifyTrust=0 for '\Device\HarddiskVolume2\Windows\System32\mpr.dll' [rescheduled]
dc0.dbc: Detected loader lock ownership: rc=Unknown Status 22900 (0x5974) '\Device\HarddiskVolume2\Windows\System32\shell32.dll'.
dc0.dbc: supR3HardenedWinVerifyCacheProcessWvtTodos: 22900 (was 22900) fWinVerifyTrust=0 for '\Device\HarddiskVolume2\Windows\System32\shell32.dll' [rescheduled]
dc0.dbc: Detected loader lock ownership: rc=Unknown Status 22900 (0x5974) '\Device\HarddiskVolume2\Windows\System32\dciman32.dll'.
dc0.dbc: supR3HardenedWinVerifyCacheProcessWvtTodos: 22900 (was 22900) fWinVerifyTrust=0 for '\Device\HarddiskVolume2\Windows\System32\dciman32.dll' [rescheduled]
dc0.dbc: Detected loader lock ownership: rc=Unknown Status 22900 (0x5974) '\Device\HarddiskVolume2\Windows\System32\dwmapi.dll'.
dc0.dbc: supR3HardenedWinVerifyCacheProcessWvtTodos: 22900 (was 22900) fWinVerifyTrust=0 for '\Device\HarddiskVolume2\Windows\System32\dwmapi.dll' [rescheduled]
dc0.dbc: Detected loader lock ownership: rc=Unknown Status 22900 (0x5974) '\Device\HarddiskVolume2\Windows\System32\glu32.dll'.
dc0.dbc: supR3HardenedWinVerifyCacheProcessWvtTodos: 22900 (was 22900) fWinVerifyTrust=0 for '\Device\HarddiskVolume2\Windows\System32\glu32.dll' [rescheduled]
dc0.dbc: Detected loader lock ownership: rc=Unknown Status 22900 (0x5974) '\Device\HarddiskVolume2\Windows\System32\ddraw.dll'.
dc0.dbc: supR3HardenedWinVerifyCacheProcessWvtTodos: 22900 (was 22900) fWinVerifyTrust=0 for '\Device\HarddiskVolume2\Windows\System32\ddraw.dll' [rescheduled]
dc0.dbc: Detected loader lock ownership: rc=Unknown Status 22900 (0x5974) '\Device\HarddiskVolume2\Windows\System32\mpr.dll'.
dc0.dbc: supR3HardenedWinVerifyCacheProcessWvtTodos: 22900 (was 22900) fWinVerifyTrust=0 for '\Device\HarddiskVolume2\Windows\System32\mpr.dll' [rescheduled]
dc0.dbc: Detected loader lock ownership: rc=Unknown Status 22900 (0x5974) '\Device\HarddiskVolume2\Windows\System32\shell32.dll'.
dc0.dbc: supR3HardenedWinVerifyCacheProcessWvtTodos: 22900 (was 22900) fWinVerifyTrust=0 for '\Device\HarddiskVolume2\Windows\System32\shell32.dll' [rescheduled]
dc0.dbc: supR3HardenedMonitor_LdrLoadDll: returns rcNt=0x0 hMod=000007fefdc00000 'C:\Windows\system32\ADVAPI32.DLL'
dc0.dbc: Detected loader lock ownership: rc=Unknown Status 22900 (0x5974) '\Device\HarddiskVolume2\Windows\System32\dciman32.dll'.
dc0.dbc: supR3HardenedWinVerifyCacheProcessWvtTodos: 22900 (was 22900) fWinVerifyTrust=0 for '\Device\HarddiskVolume2\Windows\System32\dciman32.dll' [rescheduled]
dc0.dbc: Detected loader lock ownership: rc=Unknown Status 22900 (0x5974) '\Device\HarddiskVolume2\Windows\System32\dwmapi.dll'.
dc0.dbc: supR3HardenedWinVerifyCacheProcessWvtTodos: 22900 (was 22900) fWinVerifyTrust=0 for '\Device\HarddiskVolume2\Windows\System32\dwmapi.dll' [rescheduled]
dc0.dbc: Detected loader lock ownership: rc=Unknown Status 22900 (0x5974) '\Device\HarddiskVolume2\Windows\System32\glu32.dll'.
dc0.dbc: supR3HardenedWinVerifyCacheProcessWvtTodos: 22900 (was 22900) fWinVerifyTrust=0 for '\Device\HarddiskVolume2\Windows\System32\glu32.dll' [rescheduled]
dc0.dbc: Detected loader lock ownership: rc=Unknown Status 22900 (0x5974) '\Device\HarddiskVolume2\Windows\System32\ddraw.dll'.
dc0.dbc: supR3HardenedWinVerifyCacheProcessWvtTodos: 22900 (was 22900) fWinVerifyTrust=0 for '\Device\HarddiskVolume2\Windows\System32\ddraw.dll' [rescheduled]
dc0.dbc: Detected loader lock ownership: rc=Unknown Status 22900 (0x5974) '\Device\HarddiskVolume2\Windows\System32\mpr.dll'.
dc0.dbc: supR3HardenedWinVerifyCacheProcessWvtTodos: 22900 (was 22900) fWinVerifyTrust=0 for '\Device\HarddiskVolume2\Windows\System32\mpr.dll' [rescheduled]
dc0.dbc: Detected loader lock ownership: rc=Unknown Status 22900 (0x5974) '\Device\HarddiskVolume2\Windows\System32\shell32.dll'.
dc0.dbc: supR3HardenedWinVerifyCacheProcessWvtTodos: 22900 (was 22900) fWinVerifyTrust=0 for '\Device\HarddiskVolume2\Windows\System32\shell32.dll' [rescheduled]
dc0.dbc: Detected loader lock ownership: rc=Unknown Status 22900 (0x5974) '\Device\HarddiskVolume2\Windows\System32\dciman32.dll'.
dc0.dbc: supR3HardenedWinVerifyCacheProcessWvtTodos: 22900 (was 22900) fWinVerifyTrust=0 for '\Device\HarddiskVolume2\Windows\System32\dciman32.dll' [rescheduled]
dc0.dbc: Detected loader lock ownership: rc=Unknown Status 22900 (0x5974) '\Device\HarddiskVolume2\Windows\System32\dwmapi.dll'.
dc0.dbc: supR3HardenedWinVerifyCacheProcessWvtTodos: 22900 (was 22900) fWinVerifyTrust=0 for '\Device\HarddiskVolume2\Windows\System32\dwmapi.dll' [rescheduled]
dc0.dbc: Detected loader lock ownership: rc=Unknown Status 22900 (0x5974) '\Device\HarddiskVolume2\Windows\System32\glu32.dll'.
dc0.dbc: supR3HardenedWinVerifyCacheProcessWvtTodos: 22900 (was 22900) fWinVerifyTrust=0 for '\Device\HarddiskVolume2\Windows\System32\glu32.dll' [rescheduled]
dc0.dbc: Detected loader lock ownership: rc=Unknown Status 22900 (0x5974) '\Device\HarddiskVolume2\Windows\System32\ddraw.dll'.
dc0.dbc: supR3HardenedWinVerifyCacheProcessWvtTodos: 22900 (was 22900) fWinVerifyTrust=0 for '\Device\HarddiskVolume2\Windows\System32\ddraw.dll' [rescheduled]
dc0.dbc: Detected loader lock ownership: rc=Unknown Status 22900 (0x5974) '\Device\HarddiskVolume2\Windows\System32\mpr.dll'.
dc0.dbc: supR3HardenedWinVerifyCacheProcessWvtTodos: 22900 (was 22900) fWinVerifyTrust=0 for '\Device\HarddiskVolume2\Windows\System32\mpr.dll' [rescheduled]
dc0.dbc: Detected loader lock ownership: rc=Unknown Status 22900 (0x5974) '\Device\HarddiskVolume2\Windows\System32\shell32.dll'.
dc0.dbc: supR3HardenedWinVerifyCacheProcessWvtTodos: 22900 (was 22900) fWinVerifyTrust=0 for '\Device\HarddiskVolume2\Windows\System32\shell32.dll' [rescheduled]
dc0.dbc: supR3HardenedScreenImage/LdrLoadDll: cache hit (VINF_SUCCESS) on \Device\HarddiskVolume2\Windows\System32\cryptbase.dll
dc0.dbc: supR3HardenedMonitor_LdrLoadDll: pName=C:\Windows\system32\cryptbase.dll (Input=cryptbase.dll, rcNtResolve=0xc0150008) *pfFlags=0xffffffff pwszSearchPath=0000000000000000:<flags> [calling]
dc0.dbc: supR3HardenedMonitor_LdrLoadDll: returns rcNt=0x0 hMod=000007fefd720000 'C:\Windows\system32\cryptbase.dll'
dc0.dbc: Detected loader lock ownership: rc=Unknown Status 22900 (0x5974) '\Device\HarddiskVolume2\Windows\System32\dciman32.dll'.
dc0.dbc: supR3HardenedWinVerifyCacheProcessWvtTodos: 22900 (was 22900) fWinVerifyTrust=0 for '\Device\HarddiskVolume2\Windows\System32\dciman32.dll' [rescheduled]
dc0.dbc: Detected loader lock ownership: rc=Unknown Status 22900 (0x5974) '\Device\HarddiskVolume2\Windows\System32\dwmapi.dll'.
dc0.dbc: supR3HardenedWinVerifyCacheProcessWvtTodos: 22900 (was 22900) fWinVerifyTrust=0 for '\Device\HarddiskVolume2\Windows\System32\dwmapi.dll' [rescheduled]
dc0.dbc: Detected loader lock ownership: rc=Unknown Status 22900 (0x5974) '\Device\HarddiskVolume2\Windows\System32\glu32.dll'.
dc0.dbc: supR3HardenedWinVerifyCacheProcessWvtTodos: 22900 (was 22900) fWinVerifyTrust=0 for '\Device\HarddiskVolume2\Windows\System32\glu32.dll' [rescheduled]
dc0.dbc: Detected loader lock ownership: rc=Unknown Status 22900 (0x5974) '\Device\HarddiskVolume2\Windows\System32\ddraw.dll'.
dc0.dbc: supR3HardenedWinVerifyCacheProcessWvtTodos: 22900 (was 22900) fWinVerifyTrust=0 for '\Device\HarddiskVolume2\Windows\System32\ddraw.dll' [rescheduled]
dc0.dbc: Detected loader lock ownership: rc=Unknown Status 22900 (0x5974) '\Device\HarddiskVolume2\Windows\System32\mpr.dll'.
dc0.dbc: supR3HardenedWinVerifyCacheProcessWvtTodos: 22900 (was 22900) fWinVerifyTrust=0 for '\Device\HarddiskVolume2\Windows\System32\mpr.dll' [rescheduled]
dc0.dbc: Detected loader lock ownership: rc=Unknown Status 22900 (0x5974) '\Device\HarddiskVolume2\Windows\System32\shell32.dll'.
dc0.dbc: supR3HardenedWinVerifyCacheProcessWvtTodos: 22900 (was 22900) fWinVerifyTrust=0 for '\Device\HarddiskVolume2\Windows\System32\shell32.dll' [rescheduled]
dc0.dbc: supR3HardenedMonitor_LdrLoadDll: returns rcNt=0x0 hMod=000007fef49e0000 'C:\Program Files\Oracle\VirtualBox\VirtualBoxVM.dll'
dc0.dbc: supR3HardNtViCallWinVerifyTrustCatFile: hFile=0000000000000454 pwszName=\Device\HarddiskVolume2\Windows\System32\dciman32.dll
dc0.dbc: supR3HardNtViCallWinVerifyTrustCatFile: Cached context 00000000007d1ab0
dc0.dbc: supR3HardNtViCallWinVerifyTrustCatFile: hCatAdmin=00000000007d1ab0
dc0.dbc: supR3HardNtViCallWinVerifyTrustCatFile: cbHash=20 wszDigest=D3FEC714D729F7CAEB9B7A25E2012B6A6E9007F5
dc0.dbc: supR3HardNtViCallWinVerifyTrustCatFile: WinVerifyTrust => 0x0; cat='C:\Windows\system32\CatRoot\{F750E6C3-38EE-11D1-85E5-00C04FC295EE}\Microsoft-Windows-Foundation-Package~31bf3856ad364e35~amd64~~6.1.7601.17514.cat'; file='\Device\HarddiskVolume2\Windows\System32\dciman32.dll'
dc0.dbc: supR3HardNtViCallWinVerifyTrustCatFile -> 0 (org 22900)
dc0.dbc: supR3HardenedWinVerifyCacheProcessWvtTodos: 0 (was 22900) fWinVerifyTrust=1 for '\Device\HarddiskVolume2\Windows\System32\dciman32.dll'
dc0.dbc: supR3HardNtViCallWinVerifyTrustCatFile: hFile=0000000000000448 pwszName=\Device\HarddiskVolume2\Windows\System32\dwmapi.dll
dc0.dbc: supR3HardNtViCallWinVerifyTrustCatFile: Cached context 00000000007d1ab0
dc0.dbc: supR3HardNtViCallWinVerifyTrustCatFile: hCatAdmin=00000000007d1ab0
dc0.dbc: supR3HardNtViCallWinVerifyTrustCatFile: cbHash=20 wszDigest=B79EE7B5AD74EF51A849809202E043183A2C727E
dc0.dbc: supR3HardNtViCallWinVerifyTrustCatFile: WinVerifyTrust => 0x0; cat='C:\Windows\system32\CatRoot\{F750E6C3-38EE-11D1-85E5-00C04FC295EE}\Microsoft-Windows-Foundation-Package~31bf3856ad364e35~amd64~~6.1.7601.17514.cat'; file='\Device\HarddiskVolume2\Windows\System32\dwmapi.dll'
dc0.dbc: supR3HardNtViCallWinVerifyTrustCatFile -> 0 (org 22900)
dc0.dbc: supR3HardenedWinVerifyCacheProcessWvtTodos: 0 (was 22900) fWinVerifyTrust=1 for '\Device\HarddiskVolume2\Windows\System32\dwmapi.dll'
dc0.dbc: supR3HardNtViCallWinVerifyTrustCatFile: hFile=0000000000000444 pwszName=\Device\HarddiskVolume2\Windows\System32\glu32.dll
dc0.dbc: supR3HardNtViCallWinVerifyTrustCatFile: Cached context 00000000007d1ab0
dc0.dbc: supR3HardNtViCallWinVerifyTrustCatFile: hCatAdmin=00000000007d1ab0
dc0.dbc: supR3HardNtViCallWinVerifyTrustCatFile: cbHash=20 wszDigest=60E45AB914E06A11F44EA76C6EF750AF892F9EA2
dc0.dbc: supR3HardNtViCallWinVerifyTrustCatFile: WinVerifyTrust => 0x0; cat='C:\Windows\system32\CatRoot\{F750E6C3-38EE-11D1-85E5-00C04FC295EE}\nt5.cat'; file='\Device\HarddiskVolume2\Windows\System32\glu32.dll'
dc0.dbc: supR3HardNtViCallWinVerifyTrustCatFile -> 0 (org 22900)
dc0.dbc: supR3HardenedWinVerifyCacheProcessWvtTodos: 0 (was 22900) fWinVerifyTrust=1 for '\Device\HarddiskVolume2\Windows\System32\glu32.dll'
dc0.dbc: supR3HardNtViCallWinVerifyTrustCatFile: hFile=0000000000000450 pwszName=\Device\HarddiskVolume2\Windows\System32\ddraw.dll
dc0.dbc: supR3HardNtViCallWinVerifyTrustCatFile: Cached context 00000000007d1ab0
dc0.dbc: supR3HardNtViCallWinVerifyTrustCatFile: hCatAdmin=00000000007d1ab0
dc0.dbc: supR3HardNtViCallWinVerifyTrustCatFile: cbHash=20 wszDigest=24C763EA54CD792A0F1618411061DC356EE31FF6
dc0.dbc: supR3HardNtViCallWinVerifyTrustCatFile: WinVerifyTrust => 0x0; cat='C:\Windows\system32\CatRoot\{F750E6C3-38EE-11D1-85E5-00C04FC295EE}\nt5.cat'; file='\Device\HarddiskVolume2\Windows\System32\ddraw.dll'
dc0.dbc: supR3HardNtViCallWinVerifyTrustCatFile -> 0 (org 22900)
dc0.dbc: supR3HardenedWinVerifyCacheProcessWvtTodos: 0 (was 22900) fWinVerifyTrust=1 for '\Device\HarddiskVolume2\Windows\System32\ddraw.dll'
dc0.dbc: supR3HardNtViCallWinVerifyTrustCatFile: hFile=000000000000044c pwszName=\Device\HarddiskVolume2\Windows\System32\mpr.dll
dc0.dbc: supR3HardNtViCallWinVerifyTrustCatFile: Cached context 00000000007d1ab0
dc0.dbc: supR3HardNtViCallWinVerifyTrustCatFile: hCatAdmin=00000000007d1ab0
dc0.dbc: supR3HardNtViCallWinVerifyTrustCatFile: cbHash=20 wszDigest=F84FE9BA047B24E7694C9E0C349B48B9FD5F925B
dc0.dbc: supR3HardNtViCallWinVerifyTrustCatFile: WinVerifyTrust => 0x0; cat='C:\Windows\system32\CatRoot\{F750E6C3-38EE-11D1-85E5-00C04FC295EE}\ntpe.cat'; file='\Device\HarddiskVolume2\Windows\System32\mpr.dll'
dc0.dbc: supR3HardNtViCallWinVerifyTrustCatFile -> 0 (org 22900)
dc0.dbc: supR3HardenedWinVerifyCacheProcessWvtTodos: 0 (was 22900) fWinVerifyTrust=1 for '\Device\HarddiskVolume2\Windows\System32\mpr.dll'
dc0.dbc: supR3HardNtViCallWinVerifyTrustCatFile: hFile=0000000000000430 pwszName=\Device\HarddiskVolume2\Windows\System32\shell32.dll
dc0.dbc: supR3HardNtViCallWinVerifyTrustCatFile: Cached context 00000000007d1ab0
dc0.dbc: supR3HardNtViCallWinVerifyTrustCatFile: hCatAdmin=00000000007d1ab0
dc0.dbc: supR3HardNtViCallWinVerifyTrustCatFile: cbHash=20 wszDigest=FCF00DB9BBECF4126AB4076577BBA73C0F94BDF9
dc0.dbc: supR3HardNtViCallWinVerifyTrustCatFile: WinVerifyTrust => 0x0; cat='C:\Windows\system32\CatRoot\{F750E6C3-38EE-11D1-85E5-00C04FC295EE}\Microsoft-Windows-Foundation-Package~31bf3856ad364e35~amd64~~6.1.7601.17514.cat'; file='\Device\HarddiskVolume2\Windows\System32\shell32.dll'
dc0.dbc: supR3HardNtViCallWinVerifyTrustCatFile -> 0 (org 22900)
dc0.dbc: supR3HardenedWinVerifyCacheProcessWvtTodos: 0 (was 22900) fWinVerifyTrust=1 for '\Device\HarddiskVolume2\Windows\System32\shell32.dll'
dc0.dbc: SUPR3HardenedMain: Calling TrustedMain (000007fef49e16c0)...
dc0.dbc: supR3HardenedMonitor_LdrLoadDll: returns rcNt=0x0 hMod=000007feff2f0000 'C:\Windows\system32\ole32.dll'
dc0.dbc: supR3HardenedMonitor_LdrLoadDll: returns rcNt=0x0 hMod=000007fefdc00000 'C:\Windows\system32\ADVAPI32.dll'
dc0.dbc: supR3HardenedScreenImage/LdrLoadDll: cache hit (VINF_SUCCESS) on \Device\HarddiskVolume2\Windows\System32\profapi.dll
dc0.dbc: supR3HardenedMonitor_LdrLoadDll: pName=C:\Windows\system32\profapi.dll (Input=profapi.dll, rcNtResolve=0xc0150008) *pfFlags=0x0 pwszSearchPath=0000000000734040:C:\Program Files\Oracle\VirtualBox;C:\Windows\system32;C:\Windows\system;C:\Windows;C:\Program Files (x86)\Pervasive Software\PSQL\bin\;C:\Windows\system32;C:\Windows;C:\Windows\System32\Wbem;C:\Windows\System32\WindowsPowerShell\v1.0\ [calling]
dc0.dbc: supR3HardenedMonitor_LdrLoadDll: returns rcNt=0x0 hMod=000007fefd830000 'C:\Windows\system32\profapi.dll'
dc0.dbc: \Device\HarddiskVolume2\Program Files\Oracle\VirtualBox\platforms\qwindows.dll: Signature #1/2: info status: 24202
dc0.dbc: supR3HardenedMonitor_LdrLoadDll: returns rcNt=0x0 hMod=000007feff050000 'C:\Windows\system32\setupapi.dll'
dc0.dbc: supR3HardenedMonitor_LdrLoadDll: returns rcNt=0x0 hMod=000007fef8dd0000 'C:\Windows\system32\Cabinet.dll'
dc0.dbc: supR3HardenedMonitor_LdrLoadDll: returns rcNt=0x0 hMod=000007fefcba0000 'C:\Windows\system32\DEVRTL.dll'
dc0.dbc: supR3HardenedWinVerifyCacheScheduleImports: Import todo: #0 'gdi32.dll'.
dc0.dbc: supR3HardenedWinVerifyCacheScheduleImports: Import todo: #1 'ole32.dll'.
dc0.dbc: supR3HardenedWinVerifyCacheScheduleImports: Import todo: #2 'user32.dll'.
dc0.dbc: supR3HardenedWinVerifyCacheScheduleImports: Import todo: #3 'imm32.dll'.
dc0.dbc: supR3HardenedWinVerifyCacheScheduleImports: Import todo: #4 'winmm.dll'.
dc0.dbc: supR3HardenedWinVerifyCacheScheduleImports: Import todo: #5 'oleaut32.dll'.
dc0.dbc: supR3HardenedWinVerifyCacheScheduleImports: Import todo: #6 'shell32.dll'.
dc0.dbc: supR3HardenedWinVerifyCacheScheduleImports: Import todo: #7 'advapi32.dll'.
dc0.dbc: supR3HardenedWinVerifyCacheScheduleImports: Import todo: #8 'qt5guivbox.dll'.
dc0.dbc: supR3HardenedWinVerifyCacheScheduleImports: Import todo: #9 'qt5corevbox.dll'.
dc0.dbc: supR3HardenedWinVerifyCacheScheduleImports: Import todo: #10 'msvcr100.dll'.
dc0.dbc: supHardenedWinVerifyImageByHandle: -> 0 (\Device\HarddiskVolume2\Program Files\Oracle\VirtualBox\platforms\qwindows.dll) WinVerifyTrust
dc0.dbc: supR3HardenedWinVerifyCacheInsert: \Device\HarddiskVolume2\Program Files\Oracle\VirtualBox\platforms\qwindows.dll
dc0.dbc: supR3HardenedWinVerifyCacheProcessImportTodos: Processing 'msvcr100.dll'...
dc0.dbc: supR3HardenedWinVerifyCacheProcessImportTodos: 'msvcr100.dll' -> '\Device\HarddiskVolume2\Program Files\Oracle\VirtualBox\msvcr100.dll' [rcNtRedir=0xc0150008]
dc0.dbc: supR3HardenedWinVerifyCacheProcessImportTodos: Processing 'qt5corevbox.dll'...
dc0.dbc: supR3HardenedWinVerifyCacheProcessImportTodos: 'qt5corevbox.dll' -> '\Device\HarddiskVolume2\Program Files\Oracle\VirtualBox\qt5corevbox.dll' [rcNtRedir=0xc0150008]
dc0.dbc: supR3HardenedScreenImage/Imports: cache hit (VINF_SUCCESS) on \Device\HarddiskVolume2\Program Files\Oracle\VirtualBox\Qt5CoreVBox.dll
dc0.dbc: supR3HardenedWinVerifyCacheProcessImportTodos: Processing 'qt5guivbox.dll'...
dc0.dbc: supR3HardenedWinVerifyCacheProcessImportTodos: 'qt5guivbox.dll' -> '\Device\HarddiskVolume2\Program Files\Oracle\VirtualBox\qt5guivbox.dll' [rcNtRedir=0xc0150008]
dc0.dbc: supR3HardenedScreenImage/Imports: cache hit (VINF_SUCCESS) on \Device\HarddiskVolume2\Program Files\Oracle\VirtualBox\Qt5GuiVBox.dll
dc0.dbc: supR3HardenedWinVerifyCacheProcessImportTodos: Processing 'advapi32.dll'...
dc0.dbc: supR3HardenedWinVerifyCacheProcessImportTodos: 'advapi32.dll' -> '\Device\HarddiskVolume2\Windows\System32\advapi32.dll' [rcNtRedir=0xc0150008]
dc0.dbc: supR3HardenedWinVerifyCacheProcessImportTodos: Processing 'shell32.dll'...
dc0.dbc: supR3HardenedWinVerifyCacheProcessImportTodos: 'shell32.dll' -> '\Device\HarddiskVolume2\Windows\System32\shell32.dll' [rcNtRedir=0xc0150008]
dc0.dbc: supR3HardenedScreenImage/Imports: cache hit (VINF_SUCCESS) on \Device\HarddiskVolume2\Windows\System32\shell32.dll
dc0.dbc: supR3HardenedWinVerifyCacheProcessImportTodos: Processing 'oleaut32.dll'...
dc0.dbc: supR3HardenedWinVerifyCacheProcessImportTodos: 'oleaut32.dll' -> '\Device\HarddiskVolume2\Windows\System32\oleaut32.dll' [rcNtRedir=0xc0150008]
dc0.dbc: supR3HardenedWinVerifyCacheProcessImportTodos: Processing 'winmm.dll'...
dc0.dbc: supR3HardenedWinVerifyCacheProcessImportTodos: 'winmm.dll' -> '\Device\HarddiskVolume2\Windows\System32\winmm.dll' [rcNtRedir=0xc0150008]
dc0.dbc: supR3HardenedScreenImage/Imports: cache hit (VINF_SUCCESS) on \Device\HarddiskVolume2\Windows\System32\winmm.dll
dc0.dbc: supR3HardenedWinVerifyCacheProcessImportTodos: Processing 'imm32.dll'...
dc0.dbc: supR3HardenedWinVerifyCacheProcessImportTodos: 'imm32.dll' -> '\Device\HarddiskVolume2\Windows\System32\imm32.dll' [rcNtRedir=0xc0150008]
dc0.dbc: supR3HardenedScreenImage/Imports: cache hit (VINF_SUCCESS) on \Device\HarddiskVolume2\Windows\System32\imm32.dll
dc0.dbc: supR3HardenedWinVerifyCacheProcessImportTodos: Processing 'user32.dll'...
dc0.dbc: supR3HardenedWinVerifyCacheProcessImportTodos: 'user32.dll' -> '\Device\HarddiskVolume2\Windows\System32\user32.dll' [rcNtRedir=0xc0150008]
dc0.dbc: supR3HardenedWinVerifyCacheProcessImportTodos: Processing 'ole32.dll'...
dc0.dbc: supR3HardenedWinVerifyCacheProcessImportTodos: 'ole32.dll' -> '\Device\HarddiskVolume2\Windows\System32\ole32.dll' [rcNtRedir=0xc0150008]
dc0.dbc: supR3HardenedWinVerifyCacheProcessImportTodos: Processing 'gdi32.dll'...
dc0.dbc: supR3HardenedWinVerifyCacheProcessImportTodos: 'gdi32.dll' -> '\Device\HarddiskVolume2\Windows\System32\gdi32.dll' [rcNtRedir=0xc0150008]
dc0.dbc: supR3HardenedMonitor_LdrLoadDll: pName=C:\Program Files\Oracle\VirtualBox\platforms\qwindows.dll (rcNtResolve=0xc0150008) *pfFlags=0x0 pwszSearchPath=0000000000734040:C:\Program Files\Oracle\VirtualBox;C:\Windows\system32;C:\Windows\system;C:\Windows;C:\Program Files (x86)\Pervasive Software\PSQL\bin\;C:\Windows\system32;C:\Windows;C:\Windows\System32\Wbem;C:\Windows\System32\WindowsPowerShell\v1.0\ [calling]
dc0.dbc: supR3HardenedScreenImage/NtCreateSection: cache hit (VINF_SUCCESS) on \Device\HarddiskVolume2\Program Files\Oracle\VirtualBox\platforms\qwindows.dll
dc0.dbc: supR3HardenedDllNotificationCallback: load   000007fef5f20000 LB 0x0012e000 C:\Program Files\Oracle\VirtualBox\platforms\qwindows.dll [fFlags=0x0]
dc0.dbc: supR3HardenedScreenImage/LdrLoadDll: cache hit (VINF_SUCCESS) on \Device\HarddiskVolume2\Program Files\Oracle\VirtualBox\platforms\qwindows.dll
dc0.dbc: supR3HardenedMonitor_LdrLoadDll: returns rcNt=0x0 hMod=000007fef5f20000 'C:\Program Files\Oracle\VirtualBox\platforms\qwindows.dll'
dc0.dbc: supR3HardenedScreenImage/LdrLoadDll: cache hit (VINF_SUCCESS) on \Device\HarddiskVolume2\Windows\System32\cryptbase.dll
dc0.dbc: supR3HardenedMonitor_LdrLoadDll: pName=C:\Windows\system32\CRYPTBASE.dll (Input=CRYPTBASE.dll, rcNtResolve=0xc0150008) *pfFlags=0x0 pwszSearchPath=0000000000734040:C:\Program Files\Oracle\VirtualBox;C:\Windows\system32;C:\Windows\system;C:\Windows;C:\Program Files (x86)\Pervasive Software\PSQL\bin\;C:\Windows\system32;C:\Windows;C:\Windows\System32\Wbem;C:\Windows\System32\WindowsPowerShell\v1.0\ [calling]
dc0.dbc: supR3HardenedMonitor_LdrLoadDll: returns rcNt=0x0 hMod=000007fefd720000 'C:\Windows\system32\CRYPTBASE.dll'
dc0.dbc: supR3HardNtViCallWinVerifyTrustCatFile: hFile=00000000000004e4 pwszName=\Device\HarddiskVolume2\Windows\System32\uxtheme.dll
dc0.dbc: supR3HardNtViCallWinVerifyTrustCatFile: Cached context 00000000007d1ab0
dc0.dbc: supR3HardNtViCallWinVerifyTrustCatFile: hCatAdmin=00000000007d1ab0
dc0.dbc: supR3HardNtViCallWinVerifyTrustCatFile: cbHash=20 wszDigest=936D45CC7026757A151F62882B557DD75D5FCB21
dc0.dbc: supR3HardNtViCallWinVerifyTrustCatFile: WinVerifyTrust => 0x0; cat='C:\Windows\system32\CatRoot\{F750E6C3-38EE-11D1-85E5-00C04FC295EE}\ntpe.cat'; file='\Device\HarddiskVolume2\Windows\System32\uxtheme.dll'
dc0.dbc: supR3HardNtViCallWinVerifyTrustCatFile -> 0 (org 22900)
dc0.dbc: supR3HardenedWinVerifyCacheScheduleImports: Import todo: #0 'msvcrt.dll'.
dc0.dbc: supR3HardenedWinVerifyCacheScheduleImports: Import todo: #6 'user32.dll'.
dc0.dbc: supR3HardenedWinVerifyCacheScheduleImports: Import todo: #7 'gdi32.dll'.
dc0.dbc: supHardenedWinVerifyImageByHandle: -> 0 (\Device\HarddiskVolume2\Windows\System32\uxtheme.dll) WinVerifyTrust
dc0.dbc: supR3HardenedWinVerifyCacheInsert: \Device\HarddiskVolume2\Windows\System32\uxtheme.dll
dc0.dbc: supR3HardenedWinVerifyCacheProcessImportTodos: Processing 'gdi32.dll'...
dc0.dbc: supR3HardenedWinVerifyCacheProcessImportTodos: 'gdi32.dll' -> '\Device\HarddiskVolume2\Windows\System32\gdi32.dll' [rcNtRedir=0xc0150008]
dc0.dbc: supR3HardenedWinVerifyCacheProcessImportTodos: Processing 'user32.dll'...
dc0.dbc: supR3HardenedWinVerifyCacheProcessImportTodos: 'user32.dll' -> '\Device\HarddiskVolume2\Windows\System32\user32.dll' [rcNtRedir=0xc0150008]
dc0.dbc: supR3HardenedWinVerifyCacheProcessImportTodos: Processing 'msvcrt.dll'...
dc0.dbc: supR3HardenedWinVerifyCacheProcessImportTodos: 'msvcrt.dll' -> '\Device\HarddiskVolume2\Windows\System32\msvcrt.dll' [rcNtRedir=0xc0150008]
dc0.dbc: supR3HardenedScreenImage/Imports: cache hit (VINF_SUCCESS) on \Device\HarddiskVolume2\Windows\System32\msvcrt.dll
dc0.dbc: supR3HardenedMonitor_LdrLoadDll: pName=C:\Windows\system32\uxtheme.dll (rcNtResolve=0xc0150008) *pfFlags=0x0 pwszSearchPath=0000000000a32eb0:C:\Windows\system32;;C:\Windows\system32;C:\Windows\system;C:\Windows;C:\Program Files (x86)\Pervasive Software\PSQL\bin\;C:\Windows\system32;C:\Windows;C:\Windows\System32\Wbem;C:\Windows\System32\WindowsPowerShell\v1.0\ [calling]
dc0.dbc: supR3HardenedScreenImage/NtCreateSection: cache hit (VINF_SUCCESS) on \Device\HarddiskVolume2\Windows\System32\uxtheme.dll
dc0.dbc: supR3HardenedDllNotificationCallback: load   000007fefc0f0000 LB 0x00056000 C:\Windows\system32\uxtheme.dll [fFlags=0x0]
dc0.dbc: supR3HardenedScreenImage/LdrLoadDll: cache hit (VINF_SUCCESS) on \Device\HarddiskVolume2\Windows\System32\uxtheme.dll
dc0.dbc: supR3HardenedMonitor_LdrLoadDll: returns rcNt=0x0 hMod=000007fefc0f0000 'C:\Windows\system32\uxtheme.dll'
dc0.dbc: supR3HardenedScreenImage/LdrLoadDll: cache hit (VINF_SUCCESS) on \Device\HarddiskVolume2\Windows\System32\uxtheme.dll
dc0.dbc: supR3HardenedMonitor_LdrLoadDll: pName=C:\Windows\system32\uxtheme.dll (rcNtResolve=0xc0150008) *pfFlags=0x0 pwszSearchPath=0000000000a32eb0:C:\Windows\system32;;C:\Windows\system32;C:\Windows\system;C:\Windows;C:\Program Files (x86)\Pervasive Software\PSQL\bin\;C:\Windows\system32;C:\Windows;C:\Windows\System32\Wbem;C:\Windows\System32\WindowsPowerShell\v1.0\ [calling]
dc0.dbc: supR3HardenedMonitor_LdrLoadDll: returns rcNt=0x0 hMod=000007fefc0f0000 'C:\Windows\system32\uxtheme.dll'
dc0.dbc: supR3HardenedScreenImage/LdrLoadDll: cache hit (VINF_SUCCESS) on \Device\HarddiskVolume2\Windows\System32\uxtheme.dll
dc0.dbc: supR3HardenedMonitor_LdrLoadDll: pName=C:\Windows\system32\uxtheme.dll (rcNtResolve=0xc0150008) *pfFlags=0x0 pwszSearchPath=0000000000a32eb0:C:\Windows\system32;;C:\Windows\system32;C:\Windows\system;C:\Windows;C:\Program Files (x86)\Pervasive Software\PSQL\bin\;C:\Windows\system32;C:\Windows;C:\Windows\System32\Wbem;C:\Windows\System32\WindowsPowerShell\v1.0\ [calling]
dc0.dbc: supR3HardenedMonitor_LdrLoadDll: returns rcNt=0x0 hMod=000007fefc0f0000 'C:\Windows\system32\uxtheme.dll'
dc0.dbc: supR3HardenedScreenImage/LdrLoadDll: cache hit (VINF_SUCCESS) on \Device\HarddiskVolume2\Windows\System32\uxtheme.dll
dc0.dbc: supR3HardenedMonitor_LdrLoadDll: pName=C:\Windows\system32\uxtheme.dll (rcNtResolve=0xc0150008) *pfFlags=0x0 pwszSearchPath=0000000000a32eb0:C:\Windows\system32;;C:\Windows\system32;C:\Windows\system;C:\Windows;C:\Program Files (x86)\Pervasive Software\PSQL\bin\;C:\Windows\system32;C:\Windows;C:\Windows\System32\Wbem;C:\Windows\System32\WindowsPowerShell\v1.0\ [calling]
dc0.dbc: supR3HardenedMonitor_LdrLoadDll: returns rcNt=0x0 hMod=000007fefc0f0000 'C:\Windows\system32\uxtheme.dll'
dac.db0: supR3HardNtChildWaitFor[2]: Quitting: ExitCode=0x1 (rcNtWait=0x0, rcNt1=0x0, rcNt2=0x103, rcNt3=0x103, 3610 ms, the end);
944.da8: supR3HardNtChildWaitFor[1]: Quitting: ExitCode=0x1 (rcNtWait=0x0, rcNt1=0x0, rcNt2=0x103, rcNt3=0x103, 4003 ms, the end);
