Customer ID,Customer Name,Prospect,Inactive,Bill to Contact First Name,Bill to Contact Last Name,Bill to Address-Line One,Bill to Address-Line Two,Bill to City,Bill to State,Bill to Zip,Bill to Country,Bill to Sales Tax ID,Ship to Address 1-Line One,Ship to Address 1-Line Two,Ship to City 1,Ship to State 1,Ship to Zipcode 1,Ship to Country 1,Ship to Sales Tax ID 1,Customer Type,Telephone 1,Telephone 2,Fax Number,Customer E-mail,Sales Representative ID,Account #,G/L Sales Account,Open Purchase Order Number,Ship Via,Resale Number,Pricing Level,Use Standard Terms,C.O.D. Terms,Prepaid Terms,Terms Type,Due Days,Discount Days,Discount Percent,Credit Limit,Credit Status,Charge Finance Charges,Due Month End Terms,Cardholder's Name,Credit Card Address Line 1,Credit Card Address Line 2,Credit Card City,Credit Card State,Credit Card Zip Code,Credit Card Country,Credit Card Stored Reference,Merchant ID,Last Known CC Number,Last Known CC Expiration Date,Use Receipt Settings,Customer Payment Method,Customer Cash Account,Second Contact,Reference,Mailing List?,Multiple Sites?,Customer Since Date,Last Statement Date,Customer Web Site,ID Replacement
-,,FALSE,FALSE,,,,,,,,,,,,,,,,,,,,,,,,40000,,2,,0,FALSE,FALSE,FALSE,FALSE,30,0,0.00000,2500.00,1,FALSE,FALSE,,,,,,,,{00000000-0000-0000-0000-000000000000},,,,TRUE,,,,,,,11/1/24,,,0
3 Dee Pharmacy,3 Dee Pharmacy(Pharm mrs Akpulu),FALSE,FALSE,,,"No 51, Alagbole road AKUTE",,Alagbole,,,,,,,,,,,,,8037414614,,,,,,11000,,0,,0,FALSE,TRUE,FALSE,FALSE,30,0,0.00000,10000000.00,1,FALSE,FALSE,,,,,,,,{00000000-0000-0000-0000-000000000000},,,,TRUE,,,,,,,1/1/19,,,0
360 Degree Pharmacy,360 Degree Pharmacy,FALSE,FALSE,Imade,,"39, Abowale Street Ojodu",08034980104,Ojodu,,,,,,,,,,,,,,,,,,,11000,,0,,0,FALSE,TRUE,FALSE,FALSE,30,0,0.00000,2500.00,1,FALSE,FALSE,,,,,,,,{00000000-0000-0000-0000-000000000000},,,,TRUE,,,,,,,9/1/21,,,0
6,International Organisation,FALSE,FALSE,,,"for Migration.1,Isaac John Str",GRA Ikeja,,,,NIGERIA,,,,,,,,,,,,,,,,40000,,0,,0,FALSE,FALSE,FALSE,FALSE,30,0,0.00000,10000000.00,1,FALSE,FALSE,,,,,,,,{00000000-0000-0000-0000-000000000000},,,,TRUE,,,,,,,4/7/26,,,0
A-Ilupeju Health& We,A-Ilupeju Health& Wellness Clinic,FALSE,FALSE,,,"20, Ilaka Str off coker Rd",,"ILUPEJU, LAGOS",,,NIGERIA,,,,,,,,,,8169217564,9091988723,,,,,11000,,0,,0,FALSE,TRUE,FALSE,FALSE,30,0,0.00000,10000000.00,1,FALSE,FALSE,,,,,,,,{00000000-0000-0000-0000-000000000000},,,,TRUE,,,,,,,1/1/19,,,0
AB 10 Hospital,AB 10 Hospital,FALSE,FALSE,,,"Karaole Estate, Ogba off","College Road, Ifako Ijaye",Lagos,,,,,,,,,,,,,8023164065,,,,,,11000,,0,,0,FALSE,TRUE,FALSE,FALSE,30,0,0.00000,10000000.00,1,FALSE,FALSE,,,,,,,,{00000000-0000-0000-0000-000000000000},,,,TRUE,,,,,,,1/1/19,,,0
ABBEY'S PAEDIATIC,ABBEY'S PAEDIATIC,FALSE,FALSE,,,3 Redemption Drive Omole,Pharse 2 Begger,Lagos,,,,,,,,,,,,,8152800750,,,,,,11000,,0,,0,FALSE,TRUE,FALSE,FALSE,30,0,0.00000,10000000.00,1,FALSE,FALSE,,,,,,,,{00000000-0000-0000-0000-000000000000},,,,TRUE,,,,,,,1/1/19,,,0
Abegunde Damilola.,Abegunde DAmilola,FALSE,FALSE,,,"16, ivenagbor street, beggar.",,,,,,,,,,,,,,,,,,,,,11000,,3,,0,FALSE,TRUE,FALSE,FALSE,30,0,0.00000,2500.00,1,FALSE,FALSE,,,,,,,,{00000000-0000-0000-0000-000000000000},,,,TRUE,,,,,,,5/28/20,,,0
Abike Pharmacy,Abike Pharmacy,FALSE,FALSE,,,,,,,,,,,,,,,,,,,,,,,,11000,,2,,0,FALSE,TRUE,FALSE,FALSE,30,0,0.00000,2500.00,1,FALSE,FALSE,,,,,,,,{00000000-0000-0000-0000-000000000000},,,,TRUE,,,,,,,1/8/21,,,0
Abinash Paras Med,Abinash Paras Medicare,FALSE,FALSE,,,"11, Dan Fodio Street Off",Oduduwa Road,Apapa,,,,,,,,,,,,,,,,,,,11000,,0,,0,FALSE,TRUE,FALSE,FALSE,30,0,0.00000,10000000.00,1,FALSE,FALSE,,,,,,,,{00000000-0000-0000-0000-000000000000},,,,TRUE,,,,,,,1/1/19,,,0
Abuad Pharmacy,Abuad Pharmacy,FALSE,FALSE,,,Ado Ekiti. 08039524453.,,,,,,,,,,,,,,,,,,,,,11000,,2,,0,FALSE,TRUE,FALSE,FALSE,30,0,0.00000,2500.00,1,FALSE,FALSE,,,,,,,,{00000000-0000-0000-0000-000000000000},,,,TRUE,,,,,,,2/15/21,,,0
Abundant Life Hosp,Abundant Life Hospital,FALSE,FALSE,,,C.A.C Street,Ikorodu,,,,,,,,,,,,,,8023537448,,,,,,11000,,0,,0,FALSE,TRUE,FALSE,FALSE,30,0,0.00000,10000000.00,1,FALSE,FALSE,,,,,,,,{00000000-0000-0000-0000-000000000000},,,,TRUE,,,,,,,1/1/19,,,0
ACCA,ACCA,FALSE,FALSE,,,"Plot 259, Etim Inyang str",Victoria Island,Victoria Island,,,NIGERIA,,,,,,,,,,,,,,,,11000,,0,,0,FALSE,TRUE,FALSE,FALSE,30,0,0.00000,10000000.00,1,FALSE,FALSE,,,,,,,,{00000000-0000-0000-0000-000000000000},,,,TRUE,,,,,,,1/1/19,,,0
Access Medical Centr,Access Medical Centre c/o Imoh,FALSE,FALSE,,,Lukosi Abiola way,Abeokuta,Abeokuta,,,NIGERIA,,,,,,,,,,,,,,,,11000,,0,,0,FALSE,TRUE,FALSE,FALSE,30,0,0.00000,10000000.00,1,FALSE,FALSE,,,,,,,,{00000000-0000-0000-0000-000000000000},,,,TRUE,,,,,,,1/1/19,,,0
Ace Medicare,Ace Medicare,FALSE,FALSE,,,Idiroko Road,,Ota,,,,,,,,,,,,,8108976209,,,,,,11000,,0,,0,FALSE,TRUE,FALSE,FALSE,30,0,0.00000,10000000.00,1,FALSE,FALSE,,,,,,,,{00000000-0000-0000-0000-000000000000},,,,TRUE,,,,,,,1/1/19,,,0
Adedeji Hospital,Adedeji Hospital,FALSE,FALSE,,,"22, Dipo Abbey Street, Ojodu.",,,,,,,,,,,,,,,,,,,,,11000,,2,,0,FALSE,TRUE,FALSE,FALSE,30,0,0.00000,2500.00,1,FALSE,FALSE,,,,,,,,{00000000-0000-0000-0000-000000000000},,,,TRUE,,,,,,,2/23/21,,,0
Adedoyin Hospital,Adedoyin Hospital,FALSE,FALSE,,,08026945632/ 07037207039,"1, Ogunseye Street, Akute",Akute,,,,,,,,,,,,,,,,,,,11000,,0,,0,FALSE,TRUE,FALSE,FALSE,30,0,0.00000,10000000.00,1,FALSE,FALSE,,,,,,,,{00000000-0000-0000-0000-000000000000},,,,TRUE,,,,,,,1/1/19,,,0
Adefemi Hospital,Adefemi Hospital,FALSE,FALSE,,,"49, Seriki Aro Avenue",,IKEJA,,,,,,,,,,,,,,,,,,,11000,,0,,0,FALSE,TRUE,FALSE,FALSE,30,0,0.00000,10000000.00,1,FALSE,FALSE,,,,,,,,{00000000-0000-0000-0000-000000000000},,,,TRUE,,,,,,,1/1/19,,,0
Adeola Akinjomo,Adeola Akinjomo,FALSE,FALSE,,,P/H,,,,,,,,,,,,,,,,,,,,,11000,,0,,0,FALSE,TRUE,FALSE,FALSE,30,0,0.00000,10000000.00,1,FALSE,FALSE,,,,,,,,{00000000-0000-0000-0000-000000000000},,,,TRUE,,,,,,,1/1/19,,,0
Adeola Matomi,Adeola Matomi,FALSE,FALSE,,,aina street ojodu,08087719547,,,,,,,,,,,,,,,,,,,,11000,,2,,0,FALSE,TRUE,FALSE,FALSE,30,0,0.00000,2500.00,1,FALSE,FALSE,,,,,,,,{00000000-0000-0000-0000-000000000000},,,,TRUE,,,,,,,7/24/24,,,0
Adepeju Health Centr,Adepeju Health Centre,FALSE,FALSE,,,"iyana ipaja, mangoro bustop",adepeju strt,08056353547,,,,,,,,,,,,,,,,,,,11000,,2,,0,FALSE,TRUE,FALSE,FALSE,30,0,0.00000,2500.00,1,FALSE,FALSE,,,,,,,,{00000000-0000-0000-0000-000000000000},,,,TRUE,,,,,,,11/11/22,,,0
ADESOLA HOSPITAL,ADESOLA HOSPITAL,FALSE,FALSE,,,"No 1, adesola popoola busstop",ladilak,Bariga,,,,,,,,,,,,,8066865881,,,,,,11000,,0,,0,FALSE,TRUE,FALSE,FALSE,30,0,0.00000,10000000.00,1,FALSE,FALSE,,,,,,,,{00000000-0000-0000-0000-000000000000},,,,TRUE,,,,,,,1/1/19,,,0
Adesoye College,Adesoye College,FALSE,FALSE,,,Adesoye College Road,Offa,Offa,,,,,,,,,,,,,8163135698,,,,,,11000,,0,,0,FALSE,TRUE,FALSE,FALSE,30,0,0.00000,10000000.00,1,FALSE,FALSE,,,,,,,,{00000000-0000-0000-0000-000000000000},,,,TRUE,,,,,,,1/1/19,,,0
Adesuwa Odigie Novo,Adesuwa Odigie Novo,FALSE,FALSE,,,Festac,,,,,,,,,,,,,,,,,,,,,11000,,0,,0,FALSE,TRUE,FALSE,FALSE,30,0,0.00000,10000000.00,1,FALSE,FALSE,,,,,,,,{00000000-0000-0000-0000-000000000000},,,,TRUE,,,,,,,1/1/19,,,0
Adewale Olufunmilayo,Adewale Olufunmilayo,FALSE,FALSE,,,"18, Damilola Moronfolu Strt,","off sunshine avenue,Orisumbare",LAGOS,,,,,,,,,,,,,,,,,,,11000,,2,,0,FALSE,TRUE,FALSE,FALSE,30,0,0.00000,2500.00,1,FALSE,FALSE,,,,,,,,{00000000-0000-0000-0000-000000000000},,,,TRUE,,,,,,,9/1/20,,,0
Adeyemi Medical Serv,Adeyemi Medical Services,FALSE,FALSE,,,"8,Muriabiola str,off Yidi","Busstop,off Agbado Okearo road",Alagbado,,,NIGERIA,,,,,,,,,,,8148701305,,,,,11000,,0,,0,FALSE,TRUE,FALSE,FALSE,30,0,0.00000,10000000.00,1,FALSE,FALSE,,,,,,,,{00000000-0000-0000-0000-000000000000},,,,TRUE,,,,,,,1/1/19,,,0
Adorn Life Pharmacy,Adorn Life Pharmacy,FALSE,FALSE,,,22nd Road Opp D Close,Festac Town,FESTAC,,,,,,,,,,,,,80231125693,,,,,,11000,,0,,0,FALSE,TRUE,FALSE,FALSE,30,0,0.00000,10000000.00,1,FALSE,FALSE,,,,,,,,{00000000-0000-0000-0000-000000000000},,,,TRUE,,,,,,,1/1/19,,,0
Aero Clinic.,Aero Clinic.,FALSE,FALSE,,,Orile,,,,,,,,,,,,,,,,,,,,,11000,,2,,0,FALSE,TRUE,FALSE,FALSE,30,0,0.00000,2500.00,1,FALSE,FALSE,,,,,,,,{00000000-0000-0000-0000-000000000000},,,,TRUE,,,,,,,10/5/20,,,0
Afonja Hospital,Afonja Hospital,FALSE,FALSE,,,"5, Olu Odususi street Ologunfe",B/stop igando road ikotun,LAGOS,,,,,,,,,,,,,,,,,,,11000,,0,,0,FALSE,TRUE,FALSE,FALSE,30,0,0.00000,10000000.00,1,FALSE,FALSE,,,,,,,,{00000000-0000-0000-0000-000000000000},,,,TRUE,,,,,,,1/1/19,,,0
Afriglobal Medicare,Afriglobal Medicare Limited.,FALSE,FALSE,,,"8, mobolaji bank anthony way.",ikeja,,,,,,,,,,,,,,,,,,,,11000,,2,,0,FALSE,TRUE,FALSE,FALSE,30,0,0.00000,2500.00,1,FALSE,FALSE,,,,,,,,{00000000-0000-0000-0000-000000000000},,,,TRUE,,,,,,,3/16/20,,,0
Afrimed Hospital,Afrimed Hospital,FALSE,FALSE,,,"2, Williams Street",Gbagada,Gbagada,,,,,,,,,,,,,,,,,,,11000,,0,,0,FALSE,TRUE,FALSE,FALSE,30,0,0.00000,10000000.00,1,FALSE,FALSE,,,,,,,,{00000000-0000-0000-0000-000000000000},,,,TRUE,,,,,,,1/1/19,,,0
Agape Care Lab Ser,Agape Care Laboratory Service,FALSE,FALSE,Calistus,Mark,"52, Ago Palace way Okota",By Popoola B/stop,,,,,,,,,,,,,,7083595022,,,,,,11000,,0,,0,FALSE,TRUE,FALSE,FALSE,30,0,0.00000,10000000.00,1,FALSE,FALSE,,,,,,,,{00000000-0000-0000-0000-000000000000},,,,TRUE,,,,,,,1/1/19,,,0
Agege Local Govt,Agege Local Govt,FALSE,FALSE,,,"3/5 Balogub Strt, Pencinema",,,,,,,,,,,,,,,,,,,,,11000,,2,,0,FALSE,TRUE,FALSE,FALSE,30,0,0.00000,2500.00,1,FALSE,FALSE,,,,,,,,{00000000-0000-0000-0000-000000000000},,,,TRUE,,,,,,,9/1/20,,,0
Agnosys Technology,Agnosys Technology,FALSE,FALSE,,,"2a, Deji Odunuga Street,","Anthony Village, Lagos",08181579000,,,09091273293,,,,,,,,,,,,,,,07060750984,11000,,2,,0,FALSE,TRUE,FALSE,FALSE,30,0,0.00000,2500.00,1,FALSE,FALSE,,,,,,,,{00000000-0000-0000-0000-000000000000},,,,TRUE,,,,,,,9/8/20,,,0
Aguda Hospital,Aguda Hospital,FALSE,FALSE,,,"30, Enitan Street, Adetola",Junction,Ijesha-Tedo,,,,,,,,,,,,,9097561052,,,,,,11000,,0,,0,FALSE,TRUE,FALSE,FALSE,30,0,0.00000,10000000.00,1,FALSE,FALSE,,,,,,,,{00000000-0000-0000-0000-000000000000},,,,TRUE,,,,,,,1/1/19,,,0
Ahmadiya Hospital,Ahmadiya Hospital,FALSE,FALSE,,,Ahmadiya B/stop,,Ahmadiya,,,,,,,,,,,,,,,,,,,11000,,0,,0,FALSE,TRUE,FALSE,FALSE,30,0,0.00000,10000000.00,1,FALSE,FALSE,,,,,,,,{00000000-0000-0000-0000-000000000000},,,,TRUE,,,,,,,1/1/19,,,0
Aiico MultiShield HM,Aiico MultiShield HMO,FALSE,FALSE,,,"322,Ikorodu Road, Anthony",B/stop,Anthony,,,,,,,,,,,,,17737598,,,,,,11000,,0,,0,FALSE,TRUE,FALSE,FALSE,30,0,0.00000,10000000.00,1,FALSE,FALSE,,,,,,,,{00000000-0000-0000-0000-000000000000},,,,TRUE,,,,,,,1/1/19,,,0
Air Force Base Benin,Air Force Base Benin City,FALSE,FALSE,,,,,Benin,,,,,,,,,,,,,7034260070,8034856532,,,,,11000,,0,,0,FALSE,TRUE,FALSE,FALSE,30,0,0.00000,10000000.00,1,FALSE,FALSE,,,,,,,,{00000000-0000-0000-0000-000000000000},,,,TRUE,,,,,,,1/1/19,,,0
Air Force Base Hosp,Air Force Base Hospital,FALSE,FALSE,,,"445, NAF Hospital",PWD Shogunle. 08035889300,IKEJA,,,,,,,,,,,,,08035889300,,,,,,11000,,0,,0,FALSE,TRUE,FALSE,FALSE,30,0,0.00000,10000000.00,1,FALSE,FALSE,,,,,,,,{00000000-0000-0000-0000-000000000000},,,,TRUE,,,,,,,1/1/19,,,0
Airforce Onikan,Airforce Onikan,FALSE,FALSE,,,,,,,,,,,,,,,,,,,,,,,,11000,,2,,0,FALSE,TRUE,FALSE,FALSE,30,0,0.00000,2500.00,1,FALSE,FALSE,,,,,,,,{00000000-0000-0000-0000-000000000000},,,,TRUE,,,,,,,9/30/20,,,0
Ajao Samud Pharmacy,Ajao Samud Pharmacy,FALSE,FALSE,,,"7, Fetuga Street",Ladylad B/stop Shomolu,Bariga,,,,,,,,,,,,,8166762607,,,,,,11000,,0,,0,FALSE,TRUE,FALSE,FALSE,30,0,0.00000,10000000.00,1,FALSE,FALSE,,,,,,,,{00000000-0000-0000-0000-000000000000},,,,TRUE,,,,,,,1/1/19,,,0
Ajayi Hospital,Ajayi Hospital,FALSE,FALSE,,,,,Ikorodu,,,,,,,,,,,,,,,,,,,11000,,0,,0,FALSE,TRUE,FALSE,FALSE,30,0,0.00000,10000000.00,1,FALSE,FALSE,,,,,,,,{00000000-0000-0000-0000-000000000000},,,,TRUE,,,,,,,1/1/19,,,0
Ajayi Medical Centre,Ajayi Medical Centre,FALSE,FALSE,,,"50, Eluku Street",,Ikorodu,,,,,,,,,,,,,8034610407,8134151468,,,,,11000,,0,,0,FALSE,TRUE,FALSE,FALSE,30,0,0.00000,10000000.00,1,FALSE,FALSE,,,,,,,,{00000000-0000-0000-0000-000000000000},,,,TRUE,,,,,,,1/1/19,,,0
Al-Sadiq Hospital,Al-Sadiq Hospital,FALSE,FALSE,,,"1, Maidan Street, Mile 12",,,,,,,,,,,,,,,8137517078,,,,,,11000,,0,,0,FALSE,TRUE,FALSE,FALSE,30,0,0.00000,10000000.00,1,FALSE,FALSE,,,,,,,,{00000000-0000-0000-0000-000000000000},,,,TRUE,,,,,,,1/1/19,,,0
Alaere Eguaikhe.,Alaere Eguaikhe.,FALSE,FALSE,,,"83,Tafawa Balewa Crescent Off",Adeniran Ogunsanya Street,Surulere,,,NIGERIA,,,,,,,,,,8023022328,,,,,,11000,,0,,0,FALSE,TRUE,FALSE,FALSE,30,0,0.00000,10000000.00,1,FALSE,FALSE,,,,,,,,{00000000-0000-0000-0000-000000000000},,,,TRUE,,,,,,,1/1/19,,,0
Alalade Memorial  Hx,Alalade Memorial Hospital,FALSE,FALSE,,,"67 Abeokuta Expy, Dopemu,Lagos",08089917627.,,,,,,,,,,,,,,,,,,,,11000,,2,,0,FALSE,TRUE,FALSE,FALSE,30,0,0.00000,2500.00,1,FALSE,FALSE,,,,,,,,{00000000-0000-0000-0000-000000000000},,,,TRUE,,,,,,,4/2/26,,,0
ALECSA / Natbam px,ALECSA / Nathbam px.,FALSE,FALSE,,,"154, Isolo Road, Mushin",papa ajao. 08053949105,,,,,,,,,,,,,,,,,,,,11000,,2,,0,FALSE,TRUE,FALSE,FALSE,30,0,0.00000,2500.00,1,FALSE,FALSE,,,,,,,,{00000000-0000-0000-0000-000000000000},,,,TRUE,,,,,,,12/7/20,,,0
Alhaji Azeez,Alhaji Azeez,FALSE,FALSE,,,"Plot 928, Mobolaji Giwa Omole",Pharse II  08075038540,Omole,,,,,,,,,,,,,,,,,,,11000,,0,,0,FALSE,TRUE,FALSE,FALSE,30,0,0.00000,2500.00,1,FALSE,FALSE,,,,,,,,{00000000-0000-0000-0000-000000000000},,,,TRUE,,,,,,,12/11/20,,,0
Alimaan Hospital,Alimaan Hospital,FALSE,FALSE,,,"20, Surulere Street,",Oniwaya Road,Dopemu,,,,,,,,,,,,,8037134653,,,,,,11000,,0,,0,FALSE,TRUE,FALSE,FALSE,30,0,0.00000,10000000.00,1,FALSE,FALSE,,,,,,,,{00000000-0000-0000-0000-000000000000},,,,TRUE,,,,,,,1/1/19,,,0
Alkaly Pharmacy,Alkaly Pharmacy,FALSE,FALSE,,,,,Agbara,,,,,,,,,,,,,,,,,,,11000,,0,,0,FALSE,TRUE,FALSE,FALSE,30,0,0.00000,10000000.00,1,FALSE,FALSE,,,,,,,,{00000000-0000-0000-0000-000000000000},,,,TRUE,,,,,,,1/1/19,,,0
All Drugs Pharmacy,All Drugs Pharmacy,FALSE,FALSE,,,"34, Daiye Rd Ikeja  Underbridg",Opp Concil Ifako Agege,IKEJA,,,,,,,,,,,,,,,,,,,11000,,0,,0,FALSE,TRUE,FALSE,FALSE,30,0,0.00000,10000000.00,1,FALSE,FALSE,,,,,,,,{00000000-0000-0000-0000-000000000000},,,,TRUE,,,,,,,1/1/19,,,0
All Gate Pharmacy,All Gate Pharmacy,FALSE,FALSE,,,"116,Mushin Isolo Rd opp Total",Filling Station b/4 GH Isolo,Isolo,,,,,,,,,,,,,,,,,,,11000,,0,,0,FALSE,TRUE,FALSE,FALSE,30,0,0.00000,2500.00,1,FALSE,FALSE,,,,,,,,{00000000-0000-0000-0000-000000000000},,,,TRUE,,,,,,,1/1/07,,,0
All in One Pharmacy,All in One Pharmacy,FALSE,FALSE,,,Igando,,,,,,,,,,,,,,,,,,,,,11000,,0,,0,FALSE,TRUE,FALSE,FALSE,30,0,0.00000,10000000.00,1,FALSE,FALSE,,,,,,,,{00000000-0000-0000-0000-000000000000},,,,TRUE,,,,,,,1/1/19,,,0
Alpha Beta Hospital,Alpha Beta Hospital,FALSE,FALSE,,,Ibadan Challenge,08068347335,,,,,,,,,,,,,,,,,,,,11000,,0,,0,FALSE,TRUE,FALSE,FALSE,30,0,0.00000,2500.00,1,FALSE,FALSE,,,,,,,,{00000000-0000-0000-0000-000000000000},,,,TRUE,,,,,,,12/2/20,,,0
ALPHA PHAMARCY LEKKI,ALPHA PHARMACY LEKKI,FALSE,FALSE,,,,,,,,,,,,,,,,,,8065436984,,,,,,11000,,0,,0,FALSE,TRUE,FALSE,FALSE,30,0,0.00000,10000000.00,1,FALSE,FALSE,,,,,,,,{00000000-0000-0000-0000-000000000000},,,,TRUE,,,,,,,1/1/19,,,0
Alpha Pharmacy,Alpha Pharmacy,FALSE,FALSE,,,"2B, Alabi Str, off Toyin Str",Opebi,IKEJA,,,,,,,,,,,,,8134041020,,,,,,11000,,0,,0,FALSE,TRUE,FALSE,FALSE,30,0,0.00000,10000000.00,1,FALSE,FALSE,,,,,,,,{00000000-0000-0000-0000-000000000000},,,,TRUE,,,,,,,1/1/19,,,0
Alpha PX Airforce,Alpha Px Airforce Base,FALSE,FALSE,,,Nig Airforce Hx Company,Sam Etiyam Airforce Base,,,,,,,,,,,,,,,,,,,,11000,,0,,0,FALSE,TRUE,FALSE,FALSE,30,0,0.00000,10000000.00,1,FALSE,FALSE,,,,,,,,{00000000-0000-0000-0000-000000000000},,,,TRUE,,,,,,,1/1/19,,,0
Alphabetics hospital,Alphabetics Hospital,FALSE,FALSE,,,Ibadan,,,,,,,,,,,,,,,,,,,,,11000,,0,,0,FALSE,TRUE,FALSE,FALSE,30,0,0.00000,10000000.00,1,FALSE,FALSE,,,,,,,,{00000000-0000-0000-0000-000000000000},,,,TRUE,,,,,,,1/1/19,,,0
Alphamedis,Alphamedis,FALSE,FALSE,Agboola,,Ibadan,,,,,,,,,,,,,,,,,,,,,11000,,0,,0,FALSE,TRUE,FALSE,FALSE,30,0,0.00000,10000000.00,1,FALSE,FALSE,,,,,,,,{00000000-0000-0000-0000-000000000000},,,,TRUE,,,,,,,1/1/19,,,0
ALPINE INTEGRATED,ALPINE INTEGRATED HEALTH,FALSE,FALSE,,,"15, AJE ROAD, SABO. YABA",,,,,,,,,,,,,,,8060985585,,,,,,11000,,0,,0,FALSE,TRUE,FALSE,FALSE,30,0,0.00000,10000000.00,1,FALSE,FALSE,,,,,,,,{00000000-0000-0000-0000-000000000000},,,,TRUE,,,,,,,1/1/19,,,0
Amazing   Grace Hx,Amazing Grace Hx,FALSE,FALSE,,,House 3 Ae,Federal low cost estate,"Ikorodu,Lagos",,,,,,,,,,,,,,,,,,,11000,,0,,0,FALSE,TRUE,FALSE,FALSE,30,0,0.00000,10000000.00,1,FALSE,FALSE,,,,,,,,{00000000-0000-0000-0000-000000000000},,,,TRUE,,,,,,,8/29/25,,,0
Amazing Hospital,Amazing Hospital,FALSE,FALSE,,,House 3 Ae,Federal low cost estate,"Ikorodu,Lagos",,,,,,,,,,,,,,,,,,,11000,,0,,0,FALSE,TRUE,FALSE,FALSE,30,0,0.00000,10000000.00,1,FALSE,FALSE,,,,,,,,{00000000-0000-0000-0000-000000000000},,,,TRUE,,,,,,,1/1/19,,,0
Ameso HX Ojota,AMESO HOSPITAL,FALSE,FALSE,,,"7, Jumat Olukoya Street",,Ojota,,,,,,,,,,,,,9097365200,,,,,,11000,,0,,0,FALSE,TRUE,FALSE,FALSE,30,0,0.00000,10000000.00,1,FALSE,FALSE,,,,,,,,{00000000-0000-0000-0000-000000000000},,,,TRUE,,,,,,,1/1/19,,,0
Amosun Olusola,Amosun Olusola,FALSE,FALSE,,,,,,,,,,,,,,,,,,,,,,,,11000,,0,,0,FALSE,TRUE,FALSE,FALSE,30,0,0.00000,10000000.00,1,FALSE,FALSE,,,,,,,,{00000000-0000-0000-0000-000000000000},,,,TRUE,,,,,,,1/1/19,,,0
Anchor University HC,Anchor University Health Centre,FALSE,FALSE,,,"Ayobo, Ipaja",,LAGOS,,,,,,,,,,,,,7033633643,9061223042,,,,,11000,,0,,0,FALSE,TRUE,FALSE,FALSE,30,0,0.00000,10000000.00,1,FALSE,FALSE,,,,,,,,{00000000-0000-0000-0000-000000000000},,,,TRUE,,,,,,,1/1/19,,,0
Anchorlink Pharmacy,Anchorlink Pharmacy,FALSE,FALSE,,,"37, Ojodu Abiodun Road",Ojodu,Lagos,,,,,,,,,,,,,8033022987,,,,,,11000,,0,,0,FALSE,TRUE,FALSE,FALSE,30,0,0.00000,10000000.00,1,FALSE,FALSE,,,,,,,,{00000000-0000-0000-0000-000000000000},,,,TRUE,,,,,,,1/1/19,,,0
Ancillia Hospital,Ancillia Hospital,FALSE,FALSE,,,"1,Odumosu Close, off Iju Road","Agege, Ojokoro",,,,,,,,,,,,,,8038633519,8122363816,,,,,11000,,0,,0,FALSE,TRUE,FALSE,FALSE,30,0,0.00000,10000000.00,1,FALSE,FALSE,,,,,,,,{00000000-0000-0000-0000-000000000000},,,,TRUE,,,,,,,1/1/19,,,0
Anglican Church of A,Anglican Church of Ascension,FALSE,FALSE,,,Opebi,,IKEJA,,,,,,,,,,,,,8037264198,,,,,,11000,,0,,0,FALSE,TRUE,FALSE,FALSE,30,0,0.00000,10000000.00,1,FALSE,FALSE,,,,,,,,{00000000-0000-0000-0000-000000000000},,,,TRUE,,,,,,,1/1/19,,,0
Aniyun Hospital,Aniyun Hospital,FALSE,FALSE,,,"3, Femi Aderigbe Close",Ifako,Gbagada,,,,,,,,,,,,,7061981491,,,,,,40000,,0,,0,FALSE,TRUE,FALSE,FALSE,30,0,0.00000,10000000.00,1,FALSE,FALSE,,,,,,,,{00000000-0000-0000-0000-000000000000},,,,TRUE,,,,,,,1/1/19,,,0
ANNOX NIG. LTD,ANNOX NIG.LTD,FALSE,FALSE,,,"1B, UNTH Road, Enugu",7031243571.... 08033166858,Enugu,,,,,,,,,,,,,,,,,,,11000,,0,,0,FALSE,FALSE,FALSE,FALSE,30,0,0.00000,10000000.00,1,FALSE,FALSE,,,,,,,,{00000000-0000-0000-0000-000000000000},,,,TRUE,,,,,,,1/1/19,,,0
Anoken Pharmacy,Anoken Pharmacy,FALSE,FALSE,,,"58,Eleku Street",Itakpate,Ikorodu,,,,,,,,,,,,,,,,,,,11000,,0,,0,FALSE,FALSE,FALSE,FALSE,30,0,0.00000,10000000.00,1,FALSE,FALSE,,,,,,,,{00000000-0000-0000-0000-000000000000},,,,TRUE,,,,,,,1/1/19,,,0
Anthonio Cardina Med,Anthonio Cardina Med,FALSE,FALSE,,,"Abateur, Oko-Oba",,,,,,,,,,,,,,,,,,,,,40000,,0,,0,FALSE,FALSE,FALSE,FALSE,30,0,0.00000,10000000.00,1,FALSE,FALSE,,,,,,,,{00000000-0000-0000-0000-000000000000},,,,TRUE,,,,,,,1/1/19,,,0
Apex Pharma Lab,Apex Pharma Lab,FALSE,FALSE,,,"19, Ojodu Abiodun, Along Bermi","Road, Ereke Avenue, Berger",08169980259,,,,,,,,,,,,,,,,,,,11000,,2,,0,FALSE,TRUE,FALSE,FALSE,30,0,0.00000,2500.00,1,FALSE,FALSE,,,,,,,,{00000000-0000-0000-0000-000000000000},,,,TRUE,,,,,,,2/24/26,,,0
ApexCare Hospital,ApexCare Hospital,FALSE,FALSE,,,"42/44 Kujore Street, Ojota",Lagos.. 08092358111,,,,,,,,,,,,,,,,,,,,11000,,2,,0,FALSE,TRUE,FALSE,FALSE,30,0,0.00000,2500.00,1,FALSE,FALSE,,,,,,,,{00000000-0000-0000-0000-000000000000},,,,TRUE,,,,,,,10/26/21,,,0
Aramokeye PHARMACY,ARAMOKEYE  PHARMACY,FALSE,FALSE,,,"Opposite A-Division,",Olorunloseyi Shopping Plaza.,ILORIN.,,,,,,,,,,,,,8038195896,,,,,,11000,,0,,0,FALSE,FALSE,FALSE,FALSE,30,0,0.00000,10000000.00,1,FALSE,FALSE,,,,,,,,{00000000-0000-0000-0000-000000000000},,,,TRUE,,,,,,,1/1/19,,,0
Arch Angel Clinic,Arch Angel Clinic,FALSE,FALSE,,,"1, Mission Street",Satelite Town,Satellite Town,,,,,,,,,,,,,,,,,,,11000,,0,,0,FALSE,TRUE,FALSE,FALSE,30,0,0.00000,10000000.00,1,FALSE,FALSE,,,,,,,,{00000000-0000-0000-0000-000000000000},,,,TRUE,,,,,,,1/1/19,,,0
Archbishop Vinning,Archbishop Vinning Clinic,FALSE,FALSE,,,Beside LASUTH,Ikeja,,,,,,,,,,,,,,,,,,,,11000,,0,,0,FALSE,FALSE,FALSE,FALSE,30,0,0.00000,10000000.00,1,FALSE,FALSE,,,,,,,,{00000000-0000-0000-0000-000000000000},,,,TRUE,,,,,,,1/1/19,,,0
Aregbesola Health,Aregbesola Health Centre,FALSE,FALSE,,,"Egbeda, Lagos",,,,,,,,,,,,,,,,,,,,,11000,,2,,0,FALSE,TRUE,FALSE,FALSE,30,0,0.00000,2500.00,1,FALSE,FALSE,,,,,,,,{00000000-0000-0000-0000-000000000000},,,,TRUE,,,,,,,6/10/22,,,0
ARENA HEALTH CENTRE,ARENA HEALTH CENTRE,FALSE,FALSE,,,BOLADE OSHODI,,,,,,,,,,,,,,,,,,,,,11000,,2,,0,FALSE,TRUE,FALSE,FALSE,30,0,0.00000,2500.00,1,FALSE,FALSE,,,,,,,,{00000000-0000-0000-0000-000000000000},,,,TRUE,,,,,,,3/13/20,,,0
Arthrimed Specialist,Arthrimed Specialist Clinic,FALSE,FALSE,,,"Rev OGunbiyi Street, ikeja",G.R.A,,,,,,,,,,,,,,,,,,,,11000,,2,,0,FALSE,TRUE,FALSE,FALSE,30,0,0.00000,2500.00,1,FALSE,FALSE,,,,,,,,{00000000-0000-0000-0000-000000000000},,,,TRUE,,,,,,,8/6/20,,,0
Arubah Specialist Hx,Arubah Specialist Hospital,FALSE,FALSE,,,"23, Nsefik eyo Close, Off","Marian Road, Calabar",08032398409,,,Dr Ukwelu,,,,,,,,,,,,,,,,11000,,2,,0,FALSE,TRUE,FALSE,FALSE,30,0,0.00000,2500.00,1,FALSE,FALSE,,,,,,,,{00000000-0000-0000-0000-000000000000},,,,TRUE,,,,,,,11/10/22,,,0
ARUKAH PHARMACY,ARUKAH PHARMACY,FALSE,FALSE,,,"1, Omolara Street, Yakoyo",Alagbole..,Pharm Titi,,,08024341167,,,,,,,,,,,,,,,,11000,,2,,0,FALSE,TRUE,FALSE,FALSE,30,0,0.00000,2500.00,1,FALSE,FALSE,,,,,,,,{00000000-0000-0000-0000-000000000000},,,,TRUE,,,,,,,11/4/22,,,0
Aruna Ogun,Aruna Ogun,FALSE,FALSE,,,"2/4 Bamimosu st,Ipakodo,",IKORODU,,,,,,,,,,,,,,8029023458,8023841155,,,,,40000,,0,,0,FALSE,FALSE,FALSE,FALSE,30,0,0.00000,10000000.00,1,FALSE,FALSE,,,,,,,,{00000000-0000-0000-0000-000000000000},,,,TRUE,,,,,,,1/1/19,,,0
Assumption Px& Store,Assumption Pharmacy& Stores,FALSE,FALSE,,,K/M 2 Old Oba/Nnewi Road Nnewi,08063434288,Anambra,,,,,,,,,,,,,08063434288,,,assumptionpharmacy@gmail.com,,,11000,,0,,0,FALSE,TRUE,FALSE,FALSE,30,0,0.00000,2500.00,1,FALSE,FALSE,,,,,,,,{00000000-0000-0000-0000-000000000000},,,,TRUE,,,,,,,8/24/21,,,0
Ausjon Pharmacy,Auston Pharmacy,FALSE,FALSE,,,,"118 Rumola Street,",Port Harcourt,,,Nigeria,,,,,,,,,,,,,,,,11000,,0,,0,FALSE,FALSE,FALSE,FALSE,30,0,0.00000,10000000.00,1,FALSE,FALSE,,,,,,,,{00000000-0000-0000-0000-000000000000},,,,TRUE,,,,,,,1/1/19,,,0
Ave Maria Hospital,Ave Maria Hospital.,FALSE,FALSE,,,"No 7, Oba Idowu Abiodun","Oniru Road, V.I Lagos",,,,07012068498,,,,,,,,,,,,,,,,11000,,2,,0,FALSE,TRUE,FALSE,FALSE,30,0,0.00000,2500.00,1,FALSE,FALSE,,,,,,,,{00000000-0000-0000-0000-000000000000},,,,TRUE,,,,,,,2/5/26,,,0
Aviation Medical,Aviation Medical Clinic.,FALSE,FALSE,,,"Opposite NCAA Building, Behind","Forte oil, Local Airport",Lagos,,,08064463886,,,,,,,,,,8023164065,,,,,,11000,,2,,0,FALSE,TRUE,FALSE,FALSE,30,0,0.00000,10000000.00,1,FALSE,FALSE,,,,,,,,{00000000-0000-0000-0000-000000000000},,,,TRUE,,,,,,,3/3/23,,,0
AVLSC Nig Ltd,AVLSC Nig Ltd,FALSE,FALSE,,,"22, Daniyan Nautaillia str",Lekki Phase one lagos,,,,,,,,,,,,,,8168285829,,,,,,11000,,0,,0,FALSE,FALSE,FALSE,FALSE,30,0,0.00000,10000000.00,1,FALSE,FALSE,,,,,,,,{00000000-0000-0000-0000-000000000000},,,,TRUE,,,,,,,1/1/19,,,0
AVMCC Clinic,AVMCC Clinic,FALSE,FALSE,,,"Oba Akinjobi Way, IKEJA",Archbishop Vinning,IKEJA,,,,,,,,,,,,,8163227773,,,,,,11000,,0,,0,FALSE,FALSE,FALSE,FALSE,30,0,0.00000,10000000.00,1,FALSE,FALSE,,,,,,,,{00000000-0000-0000-0000-000000000000},,,,TRUE,,,,,,,1/1/19,,,0
Avon Medical Service,Avon Medical Services,FALSE,FALSE,,,"8, Adedamola Ojomo Off","Bode Thomas, Surulere",LAGOS,,,,,,,,,,,,,7083824075,,,,,,11000,,0,,0,FALSE,FALSE,FALSE,FALSE,30,0,0.00000,10000000.00,1,FALSE,FALSE,,,,,,,,{00000000-0000-0000-0000-000000000000},,,,TRUE,,,,,,,1/1/19,,,0
AXA MANSARD,AXA MANSARD,FALSE,FALSE,,,"177, IKORODU ROAD, ONIPANU",,LAGOS,,,NIGERIA,,,,,,,,,,,,,,,,11000,,0,,0,FALSE,FALSE,FALSE,FALSE,30,0,0.00000,10000000.00,1,FALSE,FALSE,,,,,,,,{00000000-0000-0000-0000-000000000000},,,,TRUE,,,,,,,1/1/19,,,0
Axa Mansard One Heal,Axa Mansard One Health Hospital,FALSE,FALSE,,,"25, Mobolaji Bank Anthony Way",Ikeja. 07063913330,Pharm Ijeoma,,,,,,,,,,,,,,,,,,,11000,,2,,0,FALSE,TRUE,FALSE,FALSE,30,0,0.00000,2500.00,1,FALSE,FALSE,,,,,,,,{00000000-0000-0000-0000-000000000000},,,,TRUE,,,,,,,10/12/23,,,0
Ayinke (LASUTH),Ayinke (LASUTH),FALSE,FALSE,,,Ayinke House,,,,,,,,,,,,,,,,,,,,,11000,,0,,0,FALSE,FALSE,FALSE,FALSE,30,0,0.00000,10000000.00,1,FALSE,FALSE,,,,,,,,{00000000-0000-0000-0000-000000000000},,,,TRUE,,,,,,,1/1/19,,,0
Ayis Hospital,AYIS HOSPITAL,FALSE,FALSE,,,"3, Alhaji Sodiq close, off",Onilewura street liasu road,IKOTUN EGBE,,,,,,,,,,,,,8033026411,,,,,,11000,,0,,0,FALSE,FALSE,FALSE,FALSE,30,0,0.00000,10000000.00,1,FALSE,FALSE,,,,,,,,{00000000-0000-0000-0000-000000000000},,,,TRUE,,,,,,,1/1/19,,,0
Ayodeji Hospital.,Ayodeji Hospital,FALSE,FALSE,,,"No 22, Dipo Abe Street, Ojodu",Lagos.,,,,Nigeria,,,,,,,,,,,,,,,,11000,,0,,0,FALSE,FALSE,FALSE,FALSE,30,0,0.00000,10000000.00,1,FALSE,FALSE,,,,,,,,{00000000-0000-0000-0000-000000000000},,,,TRUE,,,,,,,1/1/19,,,0
Ayodele Hospital,Ayodele Hospital,FALSE,FALSE,,,"Ayodele Close,Off Johnathan","Coker Road,Ijaiye LAGOS",Fagba,,,Fagba,,,,,,,,,,8028022010,,,,,,11000,,0,,0,FALSE,FALSE,FALSE,FALSE,30,0,0.00000,10000000.00,1,FALSE,FALSE,,,,,,,,{00000000-0000-0000-0000-000000000000},,,,TRUE,,,,,,,1/1/19,,,0
Ayokunmi Ogunyemi,Ayokunmi Ogunyemi,FALSE,FALSE,,,Ikeja,,,,,,,,,,,,,,,,,,,,,40000,,0,,0,FALSE,FALSE,FALSE,FALSE,30,0,0.00000,10000000.00,1,FALSE,FALSE,,,,,,,,{00000000-0000-0000-0000-000000000000},,,,TRUE,,,,,,,1/1/19,,,0
Azygus Hospital,Azygus Hospital,FALSE,FALSE,,,"12, Adekunle Adebayo Avenue",off Daramola B/Stop Ijoko Rd,Agbado Station,,,NIGERIA,,,,,,,,,,8101580388,,,,,,11000,,0,,0,FALSE,FALSE,FALSE,FALSE,30,0,0.00000,10000000.00,1,FALSE,FALSE,,,,,,,,{00000000-0000-0000-0000-000000000000},,,,TRUE,,,,,,,1/1/19,,,0
B.J Pharmacy,B.J Pharmacy,FALSE,FALSE,,,8157074742,Costain Bustop,Costain,,,,,,,,,,,,,,,,,,,11000,,0,,0,FALSE,FALSE,FALSE,FALSE,30,0,0.00000,10000000.00,1,FALSE,FALSE,,,,,,,,{00000000-0000-0000-0000-000000000000},,,,TRUE,,,,,,,1/1/19,,,0
Babcock University,Babcock University,FALSE,FALSE,,,Ishan-Remo.   Ogun State,7035556536,,,,,,,,,,,,,,,,,,,,11000,,0,,0,FALSE,FALSE,FALSE,FALSE,30,0,0.00000,10000000.00,1,FALSE,FALSE,,,,,,,,{00000000-0000-0000-0000-000000000000},,,,TRUE,,,,,,,1/1/19,,,0
Balm Medical Centre,Balm Medical Centre,FALSE,FALSE,,,"43,Olufemi Peters Street",Ire-Akari Estate,Isolo,,,,,,,,,,,,,,,,,,,11000,,0,,0,FALSE,FALSE,FALSE,FALSE,30,0,0.00000,10000000.00,1,FALSE,FALSE,,,,,,,,{00000000-0000-0000-0000-000000000000},,,,TRUE,,,,,,,1/1/19,,,0
Balm of Gilead Hosp.,Balm of Gilead Hosp,FALSE,FALSE,,,Collins Gsk,Victoria Island,,,,,,,,,,,,,,,,,,,,11000,,0,,0,FALSE,FALSE,FALSE,FALSE,30,0,0.00000,10000000.00,1,FALSE,FALSE,,,,,,,,{00000000-0000-0000-0000-000000000000},,,,TRUE,,,,,,,1/1/19,,,0
Balogun Oyindamola,Balogun Oyindamola,FALSE,FALSE,,,,,,,,,,,,,,,,,,,,,,,,40000,,0,,0,FALSE,FALSE,FALSE,FALSE,30,0,0.00000,10000000.00,1,FALSE,FALSE,,,,,,,,{00000000-0000-0000-0000-000000000000},,,,TRUE,,,,,,,1/1/19,,,0
Bamm Clinic,Bamm Clinic,FALSE,FALSE,,,Okota,,,,,,,,,,,,,,,,,,,,,11000,,0,,0,FALSE,FALSE,FALSE,FALSE,30,0,0.00000,10000000.00,1,FALSE,FALSE,,,,,,,,{00000000-0000-0000-0000-000000000000},,,,TRUE,,,,,,,1/1/19,,,0
Barata Pharmacy,Barata Pharmacy,FALSE,FALSE,,,"416, Ikwerre Road, Rumuchita",PORTHARCOURT,,,,,,,,,,,,,,8185324239,,,,,,11000,,0,,0,FALSE,FALSE,FALSE,FALSE,30,0,0.00000,10000000.00,1,FALSE,FALSE,,,,,,,,{00000000-0000-0000-0000-000000000000},,,,TRUE,,,,,,,1/1/19,,,0
BayPharm,BayPharm,FALSE,FALSE,,,Gbagada,,,,,,,,,,,,,,,,,,,,,11000,,0,,0,FALSE,FALSE,FALSE,FALSE,30,0,0.00000,10000000.00,1,FALSE,FALSE,,,,,,,,{00000000-0000-0000-0000-000000000000},,,,TRUE,,,,,,,1/1/19,,,0
Bayston Pharmacy,Bayston Pharmacy,FALSE,FALSE,,,"32, Apesin Street, idiroko,",Behinde LUTH.. LAGOS,Idiaraba,,,,,,,,,,,,,8033284040,,,,,,11000,,0,,0,FALSE,FALSE,FALSE,FALSE,30,0,0.00000,10000000.00,1,FALSE,FALSE,,,,,,,,{00000000-0000-0000-0000-000000000000},,,,TRUE,,,,,,,1/1/19,,,0
Bbtto  Body Affairs,Bbtto Body Affairs Diagnostics,FALSE,FALSE,,,ABUJA..,09087054731,C/O Doctor Ibrahim,,,,,,,,,,,,,,,,,,,11000,,2,,0,FALSE,TRUE,FALSE,FALSE,30,0,0.00000,2500.00,1,FALSE,FALSE,,,,,,,,{00000000-0000-0000-0000-000000000000},,,,TRUE,,,,,,,3/16/22,,,0
Beachland Specialist,Beachland Specialist Hospital,FALSE,FALSE,,,"Plot 16,Alfirdaus Estate,Arepo",Ogun State,,,,,,,,,,,,,,8033000346,,,,,,11000,,0,,0,FALSE,FALSE,FALSE,FALSE,30,0,0.00000,10000000.00,1,FALSE,FALSE,,,,,,,,{00000000-0000-0000-0000-000000000000},,,,TRUE,,,,,,,1/1/19,,,0
Beat Pharmacy,Beat Pharmacy,FALSE,FALSE,,,"9,Alhaji Street",Opp Ladoke Junction,Ikorodu,,Lagos,NIGERIA,,,,,,,,,,8036240702,,,,,,11000,,0,,0,FALSE,FALSE,FALSE,FALSE,30,0,0.00000,10000000.00,1,FALSE,FALSE,,,,,,,,{00000000-0000-0000-0000-000000000000},,,,TRUE,,,,,,,1/1/19,,,0
Bemonik Interbiz,Bemonik Interbiz.,FALSE,FALSE,,,"33, Alaba Okiri Street,Off","Comunity Road, Satelite Town,",Abulado Lagos.,,,09021296050,,,,,,,,,,,,,,,,11000,,2,,0,FALSE,TRUE,FALSE,FALSE,30,0,0.00000,2500.00,1,FALSE,FALSE,,,,,,,,{00000000-0000-0000-0000-000000000000},,,,TRUE,,,,,,,2/10/21,,,0
Ben Grace Johnson,Ben Grace Johnson,FALSE,FALSE,,,8038575885,,Satellite Town,,,,,,,,,,,,,,,,,,,11000,,0,,0,FALSE,FALSE,FALSE,FALSE,30,0,0.00000,10000000.00,1,FALSE,FALSE,,,,,,,,{00000000-0000-0000-0000-000000000000},,,,TRUE,,,,,,,1/1/19,,,0
Bengoz Maternity,Bengoz Maternity Home,FALSE,FALSE,,,"23, Adeoshodi, Behind Ijegun",Market.. 08033708356,,,,,,,,,,,,,,,,,,,,11000,,2,,0,FALSE,TRUE,FALSE,FALSE,30,0,0.00000,2500.00,1,FALSE,FALSE,,,,,,,,{00000000-0000-0000-0000-000000000000},,,,TRUE,,,,,,,10/14/20,,,0
Bennod Pharmacy,Bennod Pharmacy,FALSE,FALSE,,,"27,Idimu Road opp govt;","Motor Park,Ikotun",LAGOS,,,,,,,,,,,,,,,,,,,11000,,0,,0,FALSE,FALSE,FALSE,FALSE,30,0,0.00000,10000000.00,1,FALSE,FALSE,,,,,,,,{00000000-0000-0000-0000-000000000000},,,,TRUE,,,,,,,1/1/19,,,0
Benow Pharmacy,BENOW PHARMACY,FALSE,FALSE,,,"8,  Isheri Magodo road",,,,,,,,,,,,,,,8033733627,,,,,,11000,,0,,0,FALSE,FALSE,FALSE,FALSE,30,0,0.00000,10000000.00,1,FALSE,FALSE,,,,,,,,{00000000-0000-0000-0000-000000000000},,,,TRUE,,,,,,,1/1/19,,,0
Benson Health Centre,Benson Health Centre,FALSE,FALSE,,,07066531226,,SURULERE,,,,,,,,,,,,,,,,,,,11000,,0,,0,FALSE,TRUE,FALSE,FALSE,30,0,0.00000,2500.00,1,FALSE,FALSE,,,,,,,,{00000000-0000-0000-0000-000000000000},,,,TRUE,,,,,,,1/1/07,,,0
Berald Diagnostic,Berald Diagnostic Centre,FALSE,FALSE,,,Ibadan. 07033640686.,,,,,,,,,,,,,,,,,,,,,11000,,2,,0,FALSE,TRUE,FALSE,FALSE,30,0,0.00000,2500.00,1,FALSE,FALSE,,,,,,,,{00000000-0000-0000-0000-000000000000},,,,TRUE,,,,,,,5/8/26,,,0
Bernados Pharmacy,Bernados Pharmacy,FALSE,FALSE,,,"Funsho Williams Avenue,Suruler","Ojuelegbe, LAGOS",Surulere,,,NIGERIA,,,,,,,,,,7043571578,,,,,,11000,,0,,0,FALSE,FALSE,FALSE,FALSE,30,0,0.00000,10000000.00,1,FALSE,FALSE,,,,,,,,{00000000-0000-0000-0000-000000000000},,,,TRUE,,,,,,,1/1/19,,,0
Bernice Hospital,Bernice Hospital,FALSE,FALSE,,,"5, Fadare street, Ketu Mile 12",08060401188. Mr Hakeem,,,,,,,,,,,,,,,,,,,,11000,,3,,0,FALSE,TRUE,FALSE,FALSE,30,0,0.00000,2500.00,1,FALSE,FALSE,,,,,,,,{00000000-0000-0000-0000-000000000000},,,,TRUE,,,,,,,11/15/22,,,0
Best Care Hospital,Best Care Hospital,FALSE,FALSE,,,"2A, Keffi St, By Toyon Street","Southwest Ikoyi, Lagos",LAGOS,,,,,,,,,,,,,8090822770,,,,,,11000,,0,,0,FALSE,FALSE,FALSE,FALSE,30,0,0.00000,10000000.00,1,FALSE,FALSE,,,,,,,,{00000000-0000-0000-0000-000000000000},,,,TRUE,,,,,,,1/1/19,,,0
Best Samaria Royal H,Best Samaria Royal Hospital,FALSE,FALSE,,,"19,Modupeola Str off Kudaki",road hostel bus stp Mobil fuel,,,,NIGERIA,,,,,,,,,,,,,,,,40000,,0,,0,FALSE,FALSE,FALSE,FALSE,30,0,0.00000,10000000.00,1,FALSE,FALSE,,,,,,,,{00000000-0000-0000-0000-000000000000},,,,TRUE,,,,,,,1/1/19,,,0
Beth Gloria pharmacy,Beth Gloria Pharmacy,FALSE,FALSE,,,"No 16, Owulade Strt,","Ibadan Junctrion,Irawo Ikorodu","Road, Lagos",,,,,,,,,,,,,,,,,,,11000,,2,,0,FALSE,TRUE,FALSE,FALSE,30,0,0.00000,2500.00,1,FALSE,FALSE,,,,,,,,{00000000-0000-0000-0000-000000000000},,,,TRUE,,,,,,,12/30/20,,,0
Bey Clinic,Bey Clinic,FALSE,FALSE,,,1b Adebola Ojomo Street,Ayetoro B/stop Aguda,Surulere,,,,,,,,,,,,,,,,,,,11000,,0,,0,FALSE,FALSE,FALSE,FALSE,30,0,0.00000,10000000.00,1,FALSE,FALSE,,,,,,,,{00000000-0000-0000-0000-000000000000},,,,TRUE,,,,,,,1/1/19,,,0
Bibilomo Jubril.,Bibilomo Jubril.,FALSE,FALSE,,,sanofi,09087740272,,,,,,,,,,,,,,,,,,,,11000,,2,,0,FALSE,TRUE,FALSE,FALSE,30,0,0.00000,2500.00,1,FALSE,FALSE,,,,,,,,{00000000-0000-0000-0000-000000000000},,,,TRUE,,,,,,,11/20/20,,,0
Biesante Hospital,Biesante Hospital,FALSE,FALSE,,,"9, Alaka Street, Off Bameke","Road, Shasha Akowonjo.",09155171407,,,,,,,,,,,,,,,,,,,11000,,2,,0,FALSE,TRUE,FALSE,FALSE,30,0,0.00000,2500.00,1,FALSE,FALSE,,,,,,,,{00000000-0000-0000-0000-000000000000},,,,TRUE,,,,,,,12/17/25,,,0
Big Cross Pharmacy,Big Cross Pharmacy,FALSE,FALSE,,,Ajao Estate Road,,Ajao Estate,,,,,,,,,,,,,,,,,,,11000,,0,,0,FALSE,FALSE,FALSE,FALSE,30,0,0.00000,10000000.00,1,FALSE,FALSE,,,,,,,,{00000000-0000-0000-0000-000000000000},,,,TRUE,,,,,,,1/1/19,,,0
Bimbola Novo Nordisk,Bimbola Novo Nordisk,FALSE,FALSE,,,Novo Nordisk,,,,,,,,,,,,,,,,,,,,,11000,,0,,0,FALSE,FALSE,FALSE,FALSE,30,0,0.00000,10000000.00,1,FALSE,FALSE,,,,,,,,{00000000-0000-0000-0000-000000000000},,,,TRUE,,,,,,,1/1/19,,,0
Biosafe Pharmacy,Biosafe Pharmacy,FALSE,FALSE,,,"5, Seriki Aro Street",Ikeja Lagos,,,,,,,,,,,,,,,,,,,,11000,,2,,0,FALSE,TRUE,FALSE,FALSE,30,0,0.00000,2500.00,1,FALSE,FALSE,,,,,,,,{00000000-0000-0000-0000-000000000000},,,,TRUE,,,,,,,12/15/21,,,0
Biosis Pharmacy,Biosis Pharrmacy,FALSE,FALSE,,,"5, Seriki Aro Street, Ikeja",,,,,,,,,,,,,,,,,,,,,11000,,3,,0,FALSE,TRUE,FALSE,FALSE,30,0,0.00000,2500.00,1,FALSE,FALSE,,,,,,,,{00000000-0000-0000-0000-000000000000},,,,TRUE,,,,,,,7/27/22,,,0
Birch Clinic,Birch Clinic,FALSE,FALSE,Beatrice,,"4B, Layi-Ajayi Bembe Str",Parkview Estate (07061083593),Ikoyi Lagos,,,,,,,,,,,,,07061083593,,,,,,11000,,0,,0,FALSE,TRUE,FALSE,FALSE,30,0,0.00000,2500.00,1,FALSE,FALSE,,,,,,,,{00000000-0000-0000-0000-000000000000},,,,TRUE,,,,,,,6/30/21,,,0
BK'Zeem Pharmacy,BK'Zeem Pharmacy,FALSE,FALSE,,,"34, Chief Ademeyin Street",,Isheri,,,,,,,,,,,,,,,,,,,11000,,0,,0,FALSE,FALSE,FALSE,FALSE,30,0,0.00000,10000000.00,1,FALSE,FALSE,,,,,,,,{00000000-0000-0000-0000-000000000000},,,,TRUE,,,,,,,1/1/19,,,0
Blessed E Hospital,Blessed E. Hospital,FALSE,FALSE,,,Igondo,,,,,NIGERIA,,,,,,,,,,,,,,,,40000,,0,,0,FALSE,FALSE,FALSE,FALSE,30,0,0.00000,10000000.00,1,FALSE,FALSE,,,,,,,,{00000000-0000-0000-0000-000000000000},,,,TRUE,,,,,,,1/1/19,,,0
Blessed E. Hospital,Blessed E. Hospital,TRUE,FALSE,,,,,,,,,,,,,,,,,,,,,,,,40000,,0,,0,FALSE,FALSE,FALSE,FALSE,30,0,0.00000,10000000.00,1,FALSE,FALSE,,,,,,,,{00000000-0000-0000-0000-000000000000},,,,TRUE,,,,,,,1/1/19,,,0
Bliss Pharmacy,Bliss Pharmacy,FALSE,FALSE,,,"1, Tajudeen Ogunseye Strt","Millitary Zone,Idimu Road,",Ejigbo,,,07032950613,,,,,,,,,,,,,,,,11000,,2,,0,FALSE,TRUE,FALSE,FALSE,30,0,0.00000,2500.00,1,FALSE,FALSE,,,,,,,,{00000000-0000-0000-0000-000000000000},,,,TRUE,,,,,,,12/10/20,,,0
Bloom Boom Paediatri,Bloom Boom Paediatric Centre,FALSE,FALSE,,,"11A, Samuel Ajayi Str, off","Oluwole Akinsho Str, Phase II",Magodo,,,09055550375,,,,,,,,,,8033041915,,,,,,11000,,0,,0,FALSE,FALSE,FALSE,FALSE,30,0,0.00000,10000000.00,1,FALSE,FALSE,,,,,,,,{00000000-0000-0000-0000-000000000000},,,,TRUE,,,,,,,1/1/19,,,0
Blooming Care Hospit,Blooming Care Hospital,FALSE,FALSE,,,Ifako Ijaiye Ojokoro,,Alakuko,,,,,,,,,,,,,7041379308,,,,,,11000,,0,,0,FALSE,FALSE,FALSE,FALSE,30,0,0.00000,10000000.00,1,FALSE,FALSE,,,,,,,,{00000000-0000-0000-0000-000000000000},,,,TRUE,,,,,,,1/1/19,,,0
Blossom Family Healt,Blossom Family Healthcare,FALSE,FALSE,,,"Dugbe Ibadan, Oyo State",07037599184,,,,,,,,,,,,,,,,,,,,11000,,2,,0,FALSE,TRUE,FALSE,FALSE,30,0,0.00000,2500.00,1,FALSE,FALSE,,,,,,,,{00000000-0000-0000-0000-000000000000},,,,TRUE,,,,,,,9/27/22,,,0
Blue Cross Hospital,Blue Cross Hospital,FALSE,FALSE,,,"48, Ijaiye Road, ogba ikeja",Ogba,,,,Nigeria,,,,,,,,,,8191857812,,,,,,11000,,0,,0,FALSE,FALSE,FALSE,FALSE,30,0,0.00000,10000000.00,1,FALSE,FALSE,,,,,,,,{00000000-0000-0000-0000-000000000000},,,,TRUE,,,,,,,1/1/19,,,0
Blue Gate Hospital,Blue Gate Hospital,FALSE,FALSE,,,,,,,,,,,,,,,,,,,,,,,,11000,,0,,0,FALSE,FALSE,FALSE,FALSE,30,0,0.00000,10000000.00,1,FALSE,FALSE,,,,,,,,{00000000-0000-0000-0000-000000000000},,,,TRUE,,,,,,,1/1/19,,,0
Blue Gate Pharmacy,Blue Gate Pharmacy,FALSE,FALSE,,,7035682637,4th Avenue Junction,FESTAC,,,,,,,,,,,,,,,,,,,11000,,0,,0,FALSE,FALSE,FALSE,FALSE,30,0,0.00000,10000000.00,1,FALSE,FALSE,,,,,,,,{00000000-0000-0000-0000-000000000000},,,,TRUE,,,,,,,1/1/19,,,0
Blueseal Pharmarcy,Blueseal Pharmacy,FALSE,FALSE,,,"Festac Access road, Amuwo","Odofin Estate, Lagos 102102",,,,,,,,,,,,,,,,,,,,11000,,2,,0,FALSE,TRUE,FALSE,FALSE,30,0,0.00000,2500.00,1,FALSE,FALSE,,,,,,,,{00000000-0000-0000-0000-000000000000},,,,TRUE,,,,,,,1/24/25,,,0
Boardland Hospital,Boardland Hospital,FALSE,FALSE,,,Magboro,,,,,,,,,,,,,,,,,,,,,11000,,0,,0,FALSE,FALSE,FALSE,FALSE,30,0,0.00000,10000000.00,1,FALSE,FALSE,,,,,,,,{00000000-0000-0000-0000-000000000000},,,,TRUE,,,,,,,1/1/19,,,0
Boaz Hospital,Boaz Hospital,FALSE,FALSE,,,Ilupeju,Lagos,,,,,,,,,,,,,,,,,,,,11000,,0,,0,FALSE,FALSE,FALSE,FALSE,30,0,0.00000,10000000.00,1,FALSE,FALSE,,,,,,,,{00000000-0000-0000-0000-000000000000},,,,TRUE,,,,,,,1/1/19,,,0
Bob Specialist,Bob Specialist,FALSE,FALSE,,,"22,Olugbede Street,Off Orelope","str, Egbeda Lagos",Akowonjo,,,,,,,,,,,,,9024913244,,,,,,11000,,0,,0,FALSE,FALSE,FALSE,FALSE,30,0,0.00000,10000000.00,1,FALSE,FALSE,,,,,,,,{00000000-0000-0000-0000-000000000000},,,,TRUE,,,,,,,1/1/19,,,0
Bofap Hospital,Bofap Hospital,FALSE,FALSE,,,"10, wale Osoba close, Martins",Akute.. 08033061928,,,,,,,,,,,,,,,,,,,,11000,,3,,0,FALSE,TRUE,FALSE,FALSE,30,0,0.00000,2500.00,1,FALSE,FALSE,,,,,,,,{00000000-0000-0000-0000-000000000000},,,,TRUE,,,,,,,5/31/22,,,0
Bola Chemist,BolaChemist,FALSE,FALSE,,,Lagos Island,,,,,,,,,,,,,,,,,,,,,11000,,0,,0,FALSE,FALSE,FALSE,FALSE,30,0,0.00000,10000000.00,1,FALSE,FALSE,,,,,,,,{00000000-0000-0000-0000-000000000000},,,,TRUE,,,,,,,1/1/19,,,0
Bolasad Hospital,Bolasad Hospital,FALSE,FALSE,,,"26, Dopemu Road, Papa Ashafa",IKEJA,,,,,,,,,,,,,,,,,,,,40000,,0,,0,FALSE,FALSE,FALSE,FALSE,30,0,0.00000,10000000.00,1,FALSE,FALSE,,,,,,,,{00000000-0000-0000-0000-000000000000},,,,TRUE,,,,,,,1/1/19,,,0
Bold Hospital,Bold Hospital,FALSE,FALSE,,,Ilupeju,,Ilupeju,,,,,,,,,,,,,,,,,,,11000,,0,,0,FALSE,FALSE,FALSE,FALSE,30,0,0.00000,10000000.00,1,FALSE,FALSE,,,,,,,,{00000000-0000-0000-0000-000000000000},,,,TRUE,,,,,,,1/1/19,,,0
Boluke Pharmacy,Boluke Pharmacy,FALSE,FALSE,,,"Oshodi, Agege Motor Rd, BOLADE",IKEJA,Agege,,,,,,,,,,,,,,,,,,,11000,,0,,0,FALSE,FALSE,FALSE,FALSE,30,0,0.00000,10000000.00,1,FALSE,FALSE,,,,,,,,{00000000-0000-0000-0000-000000000000},,,,TRUE,,,,,,,1/1/19,,,0
Boluwatife Hospital,Boluwatife Hospital,FALSE,FALSE,,,"Eweje Street, Mafoluku, Oshodi",LAGOS,,,,,,,,,,,,,,,,,,,,11000,,0,,0,FALSE,FALSE,FALSE,FALSE,30,0,0.00000,10000000.00,1,FALSE,FALSE,,,,,,,,{00000000-0000-0000-0000-000000000000},,,,TRUE,,,,,,,1/1/19,,,0
Bona Hospital,Bona Hospital,FALSE,FALSE,,,Lagos,,,,,,,,,,,,,,,,,,,,,40000,,0,,0,FALSE,FALSE,FALSE,FALSE,30,0,0.00000,10000000.00,1,FALSE,FALSE,,,,,,,,{00000000-0000-0000-0000-000000000000},,,,TRUE,,,,,,,1/1/19,,,0
Bonne Santee,Bonne Santee,FALSE,FALSE,,,"321 C Close, House 8",Festac,LAGOS,,,,,,,,,,,,,,,,,,,11000,,0,,0,FALSE,FALSE,FALSE,FALSE,30,0,0.00000,10000000.00,1,FALSE,FALSE,,,,,,,,{00000000-0000-0000-0000-000000000000},,,,TRUE,,,,,,,1/1/19,,,0
Brafus Specialist Ho,Brafus Specialist Hospital,FALSE,FALSE,,,"5, Olayiwola street, Ogba",ikeja,OGBA,,,,,,,,,,,,,8174599975,,,,,,11000,,0,,0,FALSE,FALSE,FALSE,FALSE,30,0,0.00000,10000000.00,1,FALSE,FALSE,,,,,,,,{00000000-0000-0000-0000-000000000000},,,,TRUE,,,,,,,1/1/19,,,0
Breast Without Spot,Breast Without Spot NGO,FALSE,FALSE,,,,,Ipaja,,,,,,,,,,,,,,,,,,,11000,,0,,0,FALSE,FALSE,FALSE,FALSE,30,0,0.00000,10000000.00,1,FALSE,FALSE,,,,,,,,{00000000-0000-0000-0000-000000000000},,,,TRUE,,,,,,,1/1/19,,,0
BRIDGET NAPOLEON,BRIDGET NAPOLEON,FALSE,FALSE,,,"1, Muri  Okunola St,VI",7041314717,,,,,,,,,,,,,,,,,,,,11000,,0,,0,FALSE,FALSE,FALSE,FALSE,30,0,0.00000,10000000.00,1,FALSE,FALSE,,,,,,,,{00000000-0000-0000-0000-000000000000},,,,TRUE,,,,,,,1/1/19,,,0
Bright Future Hospit,Bright Future Hospital,FALSE,FALSE,,,"No 16, Aina street, Idi Osan","Bustop, Oke Aro Road",08034032546,,,,,,,,,,,,,,,,,,,11000,,2,,0,FALSE,TRUE,FALSE,FALSE,30,0,0.00000,2500.00,1,FALSE,FALSE,,,,,,,,{00000000-0000-0000-0000-000000000000},,,,TRUE,,,,,,,3/4/24,,,0
Bright hope hospita,Bright hope hospital,FALSE,FALSE,,,"No 530, Beside Domino Pizza,","Lateef Jakande Rd, Agidingbi,",IKEJA,,Lagos,,,,,,,,,,,7026038005,,,,,,11000,,0,,0,FALSE,FALSE,FALSE,FALSE,30,0,0.00000,10000000.00,1,FALSE,FALSE,,,,,,,,{00000000-0000-0000-0000-000000000000},,,,TRUE,,,,,,,1/1/19,,,0
Bright Hospital,Bright Hospital,FALSE,FALSE,,,Ilupeju,,Lagos,,,NIGERIA,,,,,,,,,,7034045300,,,,,,11000,,0,,0,FALSE,FALSE,FALSE,FALSE,30,0,0.00000,10000000.00,1,FALSE,FALSE,,,,,,,,{00000000-0000-0000-0000-000000000000},,,,TRUE,,,,,,,1/1/19,,,0
Brightmex Pharmacy,Brightmex Pharmacy,FALSE,FALSE,,,"Alhaji Mukandasi Street,",Mafoluku Oshodi,Oshodi,,,,,,,,,,,,,,,,,,,11000,,0,,0,FALSE,FALSE,FALSE,FALSE,30,0,0.00000,10000000.00,1,FALSE,FALSE,,,,,,,,{00000000-0000-0000-0000-000000000000},,,,TRUE,,,,,,,1/1/19,,,0
Broadland Hospital,Broadland Hospital,FALSE,FALSE,,,Magboro,,Ibafo,,,,,,,,,,,,,,,,,,,11000,,0,,0,FALSE,FALSE,FALSE,FALSE,30,0,0.00000,10000000.00,1,FALSE,FALSE,,,,,,,,{00000000-0000-0000-0000-000000000000},,,,TRUE,,,,,,,1/1/19,,,0
Broadlife Medical,Broadlife Medical,FALSE,FALSE,,,Olowotedo bustop Orimerunmu,Mowe,Ibafo,,,,,,,,,,,,,8165467679,8100565869,,,,,11000,,0,,0,FALSE,FALSE,FALSE,FALSE,30,0,0.00000,10000000.00,1,FALSE,FALSE,,,,,,,,{00000000-0000-0000-0000-000000000000},,,,TRUE,,,,,,,1/1/19,,,0
Bronila Med. Centre,Bronila Medical Centre,FALSE,FALSE,,,Dr Nkasi- 08035802519,After Elepe B/stop Oshota Ijed,Ikorodu,,,,,,,,,,,,,,,,,,,11000,,0,,0,FALSE,FALSE,FALSE,FALSE,30,0,0.00000,10000000.00,1,FALSE,FALSE,,,,,,,,{00000000-0000-0000-0000-000000000000},,,,TRUE,,,,,,,1/1/19,,,0
Bronk Premier Hospit,Bronk Premier Hospital,FALSE,FALSE,,,"Osota Bustop, Ijede Road",the hospital by the road,07018150070,,,,,,,,,,,,,,,,,,,11000,,2,,0,FALSE,TRUE,FALSE,FALSE,30,0,0.00000,2500.00,1,FALSE,FALSE,,,,,,,,{00000000-0000-0000-0000-000000000000},,,,TRUE,,,,,,,9/15/22,,,0
Bukky Novo Nordisk,Bukky Novo Nordisk,FALSE,FALSE,,,Matori,Matori,,,,,,,,,,,,,,,,,,,,11000,,0,,0,FALSE,FALSE,FALSE,FALSE,30,0,0.00000,10000000.00,1,FALSE,FALSE,,,,,,,,{00000000-0000-0000-0000-000000000000},,,,TRUE,,,,,,,1/1/19,,,0
Bunmi Pharmasymbiosi,Bunmi Pharmasymbiosis,FALSE,FALSE,,,09062449969,,,,,,,,,,,,,,,,,,,,,11000,,2,,0,FALSE,TRUE,FALSE,FALSE,30,0,0.00000,2500.00,1,FALSE,FALSE,,,,,,,,{00000000-0000-0000-0000-000000000000},,,,TRUE,,,,,,,5/9/25,,,0
Busola Pharmasymbios,Busola Pharmasymbiosis,FALSE,FALSE,,,09062449955,,Lagos,,,,,,,,,,,,,,,,,,,11000,,0,,0,TRUE,FALSE,FALSE,FALSE,30,0,0.00000,2500.00,1,FALSE,FALSE,,,,,,,,{00000000-0000-0000-0000-000000000000},,,,TRUE,,,,,,,5/12/25,,,0
C H O P,c h o p,FALSE,FALSE,,,,,,,,,,,,,,,,,,,,,,,,11000,,0,,0,FALSE,FALSE,FALSE,FALSE,30,0,0.00000,10000000.00,1,FALSE,FALSE,,,,,,,,{00000000-0000-0000-0000-000000000000},,,,TRUE,,,,,,,1/1/19,,,0
C J M Pharmaceutical,C J M Pharmaceutical,FALSE,FALSE,,,Accra Ghana,,,,,,,,,,,,,,,,,,,,,40000,,0,,0,FALSE,FALSE,FALSE,FALSE,30,0,0.00000,10000000.00,1,FALSE,FALSE,,,,,,,,{00000000-0000-0000-0000-000000000000},,,,TRUE,,,,,,,1/1/19,,,0
C. Matron Royan Hosp,C. Matron Royan Hosp,FALSE,FALSE,,,"72, Aina str, Ojodu",08055847894,,,,,,,,,,,,,,,,,,,,11000,,0,,0,FALSE,TRUE,FALSE,FALSE,30,0,0.00000,2500.00,1,FALSE,FALSE,,,,,,,,{00000000-0000-0000-0000-000000000000},,,,TRUE,,,,,,,7/31/23,,,0
C.C.U LASUTH,C.C.U LASUTH,FALSE,FALSE,,,"1/5, Oba Akinjobi Road, IKEJA",,IKEJA,,,,,,,,,,,,,,,,,,,11000,,0,,0,FALSE,FALSE,FALSE,FALSE,30,0,0.00000,10000000.00,1,FALSE,FALSE,,,,,,,,{00000000-0000-0000-0000-000000000000},,,,TRUE,,,,,,,1/1/19,,,0
Cadbury Nig Ltd,Cadbury Nig Ltd,FALSE,FALSE,,,Ikeja,,,,,,,,,,,,,,,,,,,,,11000,,0,,0,FALSE,FALSE,FALSE,FALSE,30,0,0.00000,10000000.00,1,FALSE,FALSE,,,,,,,,{00000000-0000-0000-0000-000000000000},,,,TRUE,,,,,,,1/1/19,,,0
Calvary  Cancer Foun,Calvary  Cancer Foundation,FALSE,FALSE,,,7037118328,,Offa,,,,,,,,,,,,,,,,,,,11000,,0,,0,FALSE,FALSE,FALSE,FALSE,30,0,0.00000,10000000.00,1,FALSE,FALSE,,,,,,,,{00000000-0000-0000-0000-000000000000},,,,TRUE,,,,,,,1/1/19,,,0
Canvas Hospital,Canvas Hospital,FALSE,FALSE,,,Ogba,,,,,,,,,,,,,,,,,,,,,11000,,0,,0,FALSE,FALSE,FALSE,FALSE,30,0,0.00000,10000000.00,1,FALSE,FALSE,,,,,,,,{00000000-0000-0000-0000-000000000000},,,,TRUE,,,,,,,1/1/19,,,0
CAP PLC,CAP PLC,FALSE,FALSE,,,,,,,,,,,,,,,,,,,,,,,,11000,,0,,0,FALSE,FALSE,FALSE,FALSE,30,0,0.00000,10000000.00,1,FALSE,FALSE,,,,,,,,{00000000-0000-0000-0000-000000000000},,,,TRUE,,,,,,,1/1/19,,,0
Cap Stone Specialist,Cap Stone Specialist Hospital,FALSE,FALSE,,,"2,Ilamoye Street by Adeshina","Street,Ijesha Tedo",,,,,,,,,,,,,,,,,,,,11000,,0,,0,FALSE,FALSE,FALSE,FALSE,30,0,0.00000,10000000.00,1,FALSE,FALSE,,,,,,,,{00000000-0000-0000-0000-000000000000},,,,TRUE,,,,,,,1/1/19,,,0
Capital Hill,Capital Hill,FALSE,FALSE,,,Warri,,,,,,,,,,,,,,,,,,,,,11000,,0,,0,FALSE,FALSE,FALSE,FALSE,30,0,0.00000,10000000.00,1,FALSE,FALSE,,,,,,,,{00000000-0000-0000-0000-000000000000},,,,TRUE,,,,,,,1/1/19,,,0
Cardiac & Renal Cent,Cardiac & Renal Centre,FALSE,FALSE,Aikpokpo,,General Hospital,Gbagada,Gbagada,,,,,,,,,,,,,,,,,,8026230606,11000,,0,,0,FALSE,FALSE,FALSE,FALSE,30,0,0.00000,10000000.00,1,FALSE,FALSE,,,,,,,,{00000000-0000-0000-0000-000000000000},,,,TRUE,,,,,,,1/1/19,,,0
Care 1st Hospital,Care 1st Hospital,FALSE,FALSE,,,Yinka Olaolopin-07061550421,"8, Aduwo Street Odogunyan",Ikorodu,,,,,,,,,,,,,7061550421,,,,,,11000,,0,,0,FALSE,FALSE,FALSE,FALSE,30,0,0.00000,10000000.00,1,FALSE,FALSE,,,,,,,,{00000000-0000-0000-0000-000000000000},,,,TRUE,,,,,,,1/1/19,,,0
Care Givers Hospital,Care Givers Hospital,FALSE,FALSE,,,Torikoh Badagry by Winners Bus,8032351153,,,,,,,,,,,,,,,,,,,,11000,,0,,0,FALSE,FALSE,FALSE,FALSE,30,0,0.00000,10000000.00,1,FALSE,FALSE,,,,,,,,{00000000-0000-0000-0000-000000000000},,,,TRUE,,,,,,,1/1/19,,,0
Care Med Clinic,Care Med Clinic,FALSE,FALSE,,,"4, Adeyemi Akapo Street Omole",07025008513,Omole Phase 1,,,,,,,,,,,,,,,,,,,11000,,0,,0,FALSE,TRUE,FALSE,FALSE,30,0,0.00000,2500.00,1,FALSE,FALSE,,,,,,,,{00000000-0000-0000-0000-000000000000},,,,TRUE,,,,,,,3/3/22,,,0
CARE POINT HOSPITAL,CARE POINT HOSPITAL,FALSE,FALSE,,,"7,Ogunlana Street,Off Akowonjo","Road, Egbeda Lagos.",,,,,,,,,,,,,,,,,,,,11000,,2,,0,FALSE,TRUE,FALSE,FALSE,30,0,0.00000,2500.00,1,FALSE,FALSE,,,,,,,,{00000000-0000-0000-0000-000000000000},,,,TRUE,,,,,,,6/21/22,,,0
Care Value Health,Care Value Health,FALSE,FALSE,,,"24, Olusesan Adetula Street","Kilo Surulere,  Lagos",07036330762,,,,,,,,,,,,,,,,,,,11000,,2,,0,FALSE,TRUE,FALSE,FALSE,30,0,0.00000,2500.00,1,FALSE,FALSE,,,,,,,,{00000000-0000-0000-0000-000000000000},,,,TRUE,,,,,,,6/3/25,,,0
Carecore Pharma Ltd,Carecore Pharmacy Ltd,FALSE,FALSE,Tobi Zolon,,"21, Arikewuyo Str, Off",Majolate 07042280460,Onipanu,,,,,,,,,,,,,07042280460,,,,,,11000,,0,,0,FALSE,TRUE,FALSE,FALSE,30,0,0.00000,2500.00,1,FALSE,FALSE,,,,,,,,{00000000-0000-0000-0000-000000000000},,,,TRUE,,,,,,,11/11/24,,,0
Carecore Pharmacy Lt,Carecore Pharmacy Ltd,FALSE,FALSE,,,,,,,,,,,,,,,,,,,,,,,,40000,,0,,0,TRUE,FALSE,FALSE,FALSE,30,0,0.00000,2500.00,1,FALSE,FALSE,,,,,,,,{00000000-0000-0000-0000-000000000000},,,,TRUE,,,,,,,11/11/24,,,0
Carlisle Pharmacy,Carlisle Pharmacy,FALSE,FALSE,,,"158,Awolowo Road, Ikoyi",LAGOS,,,,,,,,,,,,,,8033021010,,,,,,11000,,0,,0,FALSE,FALSE,FALSE,FALSE,30,0,0.00000,10000000.00,1,FALSE,FALSE,,,,,,,,{00000000-0000-0000-0000-000000000000},,,,TRUE,,,,,,,1/1/19,,,0
Carnamed Pharmacy,Carnamed Pharmacy.,FALSE,FALSE,,,"Ogudu Mall, 2nd Floor.",08189418533,,,,,,,,,,,,,,,,,,,,11000,,2,,0,FALSE,TRUE,FALSE,FALSE,30,0,0.00000,2500.00,1,FALSE,FALSE,,,,,,,,{00000000-0000-0000-0000-000000000000},,,,TRUE,,,,,,,7/26/21,,,0
Cash And Carry Pharm,Cash And Carry Pharmacy Unit 2,FALSE,FALSE,,,Pharmacy Department U.C.H,Ibadan,,,,,,,,,,,,,,,,,,,,11000,,2,,0,FALSE,TRUE,FALSE,FALSE,30,0,0.00000,2500.00,1,FALSE,FALSE,,,,,,,,{00000000-0000-0000-0000-000000000000},,,,TRUE,,,,,,,11/23/21,,,0
Caves Bury C/O Dipo,Caves Bury C/O Dipo,FALSE,FALSE,,,Off AIT Road,,Alagbado,,,NIGERIA,,,,,,,,,,,,,,,,40000,,0,,0,FALSE,FALSE,FALSE,FALSE,30,0,0.00000,10000000.00,1,FALSE,FALSE,,,,,,,,{00000000-0000-0000-0000-000000000000},,,,TRUE,,,,,,,1/1/19,,,0
CBN,CBN,FALSE,FALSE,,,,,Victoria Island,,,,,,,,,,,,,,,,,,,11000,,0,,0,FALSE,FALSE,FALSE,FALSE,30,0,0.00000,10000000.00,1,FALSE,FALSE,,,,,,,,{00000000-0000-0000-0000-000000000000},,,,TRUE,,,,,,,1/1/19,,,0
CBPI Foundation,Community Based Participatory Immunizat,FALSE,FALSE,Emmanuel,Egbroko,"23, Acem Road",Ogba,IKEJA,,,,,,,,,,,,,7066458578,,,,,,40000,,0,,0,FALSE,FALSE,FALSE,FALSE,30,0,0.00000,10000000.00,1,FALSE,FALSE,,,,,,,,{00000000-0000-0000-0000-000000000000},,,,TRUE,,,,,,,1/1/19,,,0
Cedar Clinic,Cedar Clinic,FALSE,FALSE,,,"208, Road, Opposite D Close,","Festac Town, Lagos.",,,,,,,,,,,,,,8053970198,,,,,,11000,,0,,0,FALSE,FALSE,FALSE,FALSE,30,0,0.00000,10000000.00,1,FALSE,FALSE,,,,,,,,{00000000-0000-0000-0000-000000000000},,,,TRUE,,,,,,,1/1/19,,,0
Cement Primary Healt,Cement Primary Health Centre,FALSE,FALSE,,,Ariyibi Close Cement Centre,8082889167,,,,,,,,,,,,,,,,,,,,11000,,0,,0,FALSE,FALSE,FALSE,FALSE,30,0,0.00000,10000000.00,1,FALSE,FALSE,,,,,,,,{00000000-0000-0000-0000-000000000000},,,,TRUE,,,,,,,1/1/19,,,0
Central Specialist,Central Specialist Hospital,FALSE,FALSE,,,"133, Idiroko Road, Oju Ore.Ota",,Otta,,,,,,,,,,,,,,,,,,,40000,,0,,0,FALSE,FALSE,FALSE,FALSE,30,0,0.00000,10000000.00,1,FALSE,FALSE,,,,,,,,{00000000-0000-0000-0000-000000000000},,,,TRUE,,,,,,,1/1/19,,,0
Central Specialist H,Central Specialist Hospital,FALSE,FALSE,,,,,,,,,,,,,,,,,,,,,,,,40000,,0,,0,FALSE,FALSE,FALSE,FALSE,30,0,0.00000,10000000.00,1,FALSE,FALSE,,,,,,,,{00000000-0000-0000-0000-000000000000},,,,TRUE,,,,,,,1/1/19,,,0
CentrePoint Medical,CentrePoint Medical Service,FALSE,FALSE,,,"24, Adeola Raji Street,","Atunrase Estate, Gbagada",08034381449,,,,,,,,,,,,,,,,,,,11000,,2,,0,FALSE,TRUE,FALSE,FALSE,30,0,0.00000,2500.00,1,FALSE,FALSE,,,,,,,,{00000000-0000-0000-0000-000000000000},,,,TRUE,,,,,,,7/26/22,,,0
Chard Pharmacy,Chard Pharmacy,FALSE,FALSE,,,"11, Adebowale street, Mende",IKEJA,,,,,,,,,,,,,,,,,,,,11000,,0,,0,FALSE,FALSE,FALSE,FALSE,30,0,0.00000,10000000.00,1,FALSE,FALSE,,,,,,,,{00000000-0000-0000-0000-000000000000},,,,TRUE,,,,,,,1/1/19,,,0
Charistan HealthCare,Charistan Health Care,FALSE,FALSE,,,"14, Obokun Av Ojodu",09167208518,,,,Lagos,,,,,,,,,,,,,,,,11000,,0,,0,FALSE,TRUE,FALSE,FALSE,30,0,0.00000,2500.00,1,FALSE,FALSE,,,,,,,,{00000000-0000-0000-0000-000000000000},,,,TRUE,,,,,,,12/31/25,,,0
Charther Pharmacy Lt,Charther Pharmacy Ltd,FALSE,FALSE,,,"205, Akowonjo Rd, Opp Oando",Filling Station Cele B/Stop,Akowonjo,,,,,,,,,,,,,,,,,,,11000,,0,,0,FALSE,FALSE,FALSE,FALSE,30,0,0.00000,10000000.00,1,FALSE,FALSE,,,,,,,,{00000000-0000-0000-0000-000000000000},,,,TRUE,,,,,,,1/1/19,,,0
Chasel Hospital,Chasel Hospital,FALSE,FALSE,,,"15,Isa Kaita Road",Kaduna North,Kaduna,,,,,,,,,,,,,,,,,,,11000,,0,,0,FALSE,FALSE,FALSE,FALSE,30,0,0.00000,10000000.00,1,FALSE,FALSE,,,,,,,,{00000000-0000-0000-0000-000000000000},,,,TRUE,,,,,,,1/1/19,,,0
Chemart Pharmacy,Chemart Pharmacy,FALSE,FALSE,,,"14,Allen Avenue",,IKEJA,,,,,,,,,,,,,,,,,,,11000,,0,,0,FALSE,FALSE,FALSE,FALSE,30,0,0.00000,10000000.00,1,FALSE,FALSE,,,,,,,,{00000000-0000-0000-0000-000000000000},,,,TRUE,,,,,,,1/1/19,,,0
Cherith Hospital,Cherith Hospital,FALSE,FALSE,,,Festac,,,,,,,,,,,,,,,,,,,,,11000,,0,,0,FALSE,FALSE,FALSE,FALSE,30,0,0.00000,10000000.00,1,FALSE,FALSE,,,,,,,,{00000000-0000-0000-0000-000000000000},,,,TRUE,,,,,,,1/1/19,,,0
Chest Clinic,Chest Clinic,FALSE,FALSE,,,45B Sabo Aribiodu Str. GRA,Opp Police Mess. Ikeja,,,,NIGERIA,,,,,,,,,,14531388,,,,,,40000,,0,,0,FALSE,FALSE,FALSE,FALSE,30,0,0.00000,10000000.00,1,FALSE,FALSE,,,,,,,,{00000000-0000-0000-0000-000000000000},,,,TRUE,,,,,,,1/1/19,,,0
Child care,Child care Peadiatric centre,FALSE,FALSE,,,"Oluwakayode, jacobs Crescent","Lekki Phase 1, LAGOS",,,,,,,,,,,,,,,,,,,,11000,,0,,0,FALSE,FALSE,FALSE,FALSE,30,0,0.00000,10000000.00,1,FALSE,FALSE,,,,,,,,{00000000-0000-0000-0000-000000000000},,,,TRUE,,,,,,,1/1/19,,,0
CHILD SURVIVAL UNIT,CHILD SURVIVAL UNIT,FALSE,FALSE,,,SURULERE,,,,,,,,,,,,,,,,,,,,,40000,,0,,0,FALSE,FALSE,FALSE,FALSE,30,0,0.00000,10000000.00,1,FALSE,FALSE,,,,,,,,{00000000-0000-0000-0000-000000000000},,,,TRUE,,,,,,,1/1/19,,,0
Childkid Children Hx,Childkid Children Hx,FALSE,FALSE,,,"5, Ramat Crescent, by Alhaja",Bustop,Ogudu,,Lagos,,,,,,,,,,,,,,,,,11000,,0,,0,FALSE,FALSE,FALSE,FALSE,30,0,0.00000,10000000.00,1,FALSE,FALSE,,,,,,,,{00000000-0000-0000-0000-000000000000},,,,TRUE,,,,,,,1/1/19,,,0
Children Specialist,Children Specialist Hospital,FALSE,FALSE,,,Off Adeniyi Jones. Avenue,09082581434,Doctor Salisu,,,,,,,,,,,,,,,,,,"59a,Aba Johnson Crescent,",11000,,2,,0,FALSE,TRUE,FALSE,FALSE,30,0,0.00000,2500.00,1,FALSE,FALSE,,,,,,,,{00000000-0000-0000-0000-000000000000},,,,TRUE,,,,,,,10/8/21,,,0
Children's Practice,Children's Practice,FALSE,FALSE,,,"NO 21, Raymond Njoku street",IKOYI,,,,,,,,,,,,,,,,,,,,11000,,0,,0,FALSE,FALSE,FALSE,FALSE,30,0,0.00000,10000000.00,1,FALSE,FALSE,,,,,,,,{00000000-0000-0000-0000-000000000000},,,,TRUE,,,,,,,1/1/19,,,0
Childrens Practice,Children's Practice,FALSE,FALSE,,,,,,,,,,,,,,,,,,,,,,,,40000,,0,,0,FALSE,FALSE,FALSE,FALSE,30,0,0.00000,10000000.00,1,FALSE,FALSE,,,,,,,,{00000000-0000-0000-0000-000000000000},,,,TRUE,,,,,,,1/1/19,,,0
Chilpharm Pharmacy,Chilpharm Pharmacy,FALSE,FALSE,,,"11,Lateef Jakande Rd Adjacent","Zenith,not far from Mega Chick",,,,Agidingbi,,,,,,,,,,09091989664,,,,,,11000,,0,,0,FALSE,TRUE,FALSE,FALSE,30,0,0.00000,2500.00,1,FALSE,FALSE,,,,,,,,{00000000-0000-0000-0000-000000000000},,,,TRUE,,,,,,,1/1/07,,,0
Chioma Clinks Diagn,Chioma Clinks Diagnostic Centre,FALSE,FALSE,,,"123, Isawo Road by Gbagi B/sto",Agric Ikorodu 08068298552,Ikorodu,,,,,,,,,,,,,,,,,,,11000,,0,,0,FALSE,TRUE,FALSE,FALSE,30,0,0.00000,2500.00,1,FALSE,FALSE,,,,,,,,{00000000-0000-0000-0000-000000000000},,,,TRUE,,,,,,,9/17/20,,,0
Chioma Clinks Diagno,Chioma Clinks Diagnostic Centre,FALSE,FALSE,,,"123, Isawo Road by Gbagi B/sto",Agric Ikorodu 08068298552,Ikorodu,,,,,,,,,,,,,,,,,,,11000,,0,,0,FALSE,TRUE,FALSE,FALSE,30,0,0.00000,2500.00,1,FALSE,FALSE,,,,,,,,{00000000-0000-0000-0000-000000000000},,,,TRUE,,,,,,,9/17/20,,,0
Chion Family & Medic,Chion Family & Medical Centre,FALSE,FALSE,,,"3, OKI Lane, Mende. Maryland",lagos,,,,NIGERIA,,,,,,,,,,8170529474,,,,,,40000,,0,,0,FALSE,FALSE,FALSE,FALSE,30,0,0.00000,10000000.00,1,FALSE,FALSE,,,,,,,,{00000000-0000-0000-0000-000000000000},,,,TRUE,,,,,,,1/1/19,,,0
Chironna Medical Cen,Chironna Medical Centre,FALSE,FALSE,,,"21, Adebola Street off",adeniran ogunsanya,Surulere,,,,,,,,,,,,,,,,,,,11000,,0,,0,FALSE,FALSE,FALSE,FALSE,30,0,0.00000,10000000.00,1,FALSE,FALSE,,,,,,,,{00000000-0000-0000-0000-000000000000},,,,TRUE,,,,,,,1/1/19,,,0
Chosen Vessel,Chosen Vessel,FALSE,FALSE,,,,,agidingbi,,,,,,,,,,,,,,,,,,,11000,,0,,0,FALSE,FALSE,FALSE,FALSE,30,0,0.00000,10000000.00,1,FALSE,FALSE,,,,,,,,{00000000-0000-0000-0000-000000000000},,,,TRUE,,,,,,,1/1/19,,,0
Chris Ejik Pharmacy,Chris Ejik Pharmacy,FALSE,FALSE,,,"3, Oje-Imianvan Str,Julie",Estate 08168481311,Oregun,,,,,,,,,,,,,,,,,,,11000,,0,,0,FALSE,FALSE,FALSE,FALSE,30,0,0.00000,10000000.00,1,FALSE,FALSE,,,,,,,,{00000000-0000-0000-0000-000000000000},,,,TRUE,,,,,,,1/1/19,,,0
Chris health PX,Chris Health Pharmacy,FALSE,FALSE,,,"5, Ogunsolu str, Onilekere by",Cement bus stop,,,,,,,,,,,,,,8037745418,,,,,,11000,,0,,0,FALSE,FALSE,FALSE,FALSE,30,0,0.00000,10000000.00,1,FALSE,FALSE,,,,,,,,{00000000-0000-0000-0000-000000000000},,,,TRUE,,,,,,,1/1/19,,,0
Christian Broadcasti,Christian Broadcasting Network,FALSE,FALSE,,,ABUJA,,,,,,,,,,,,,,,,,,,,,11000,,2,,0,FALSE,TRUE,FALSE,FALSE,30,0,0.00000,2500.00,1,FALSE,FALSE,,,,,,,,{00000000-0000-0000-0000-000000000000},,,,TRUE,,,,,,,5/16/25,,,0
Chriysolite Pharmacy,Chriysolite Pharmacy,FALSE,FALSE,,,Peace Estate Road Command,Ipaja. 08034706450,,,,,,,,,,,,,,08034706450,,,,,,11000,,0,,0,FALSE,TRUE,FALSE,FALSE,30,0,0.00000,2500.00,1,FALSE,FALSE,,,,,,,,{00000000-0000-0000-0000-000000000000},,,,TRUE,,,,,,,5/25/20,,,0
Chronicare Diabetes,Chronicare Diabetes Centre,FALSE,FALSE,,,"143, Gbagada Express Way New",Castle B/stop 07067071097,Gbagada,,,,,,,,,,,,,,,,,,,11000,,0,,0,FALSE,TRUE,FALSE,FALSE,30,0,0.00000,2500.00,1,FALSE,FALSE,,,,,,,,{00000000-0000-0000-0000-000000000000},,,,TRUE,,,,,,,4/12/23,,,0
Citimax Pharmacy,Citimax Pharmacy,FALSE,FALSE,,,2 Jimoh Balogun,Ketu CMD Road,Ketu,,,,,,,,,,,,,,,,,,,11000,,0,,0,FALSE,FALSE,FALSE,FALSE,30,0,0.00000,10000000.00,1,FALSE,FALSE,,,,,,,,{00000000-0000-0000-0000-000000000000},,,,TRUE,,,,,,,1/1/19,,,0
Citizen Medical Cent,Citizen Medical Centre,FALSE,FALSE,,,68 Norman Williams,Ikoyi,,,,,,,,,,,,,,,,,,,,40000,,0,,0,FALSE,FALSE,FALSE,FALSE,30,0,0.00000,10000000.00,1,FALSE,FALSE,,,,,,,,{00000000-0000-0000-0000-000000000000},,,,TRUE,,,,,,,1/1/19,,,0
Cityscape Specialist,Cityscape Specialist Hospital,FALSE,FALSE,,,"12b, Macdonald Akano Close",Omole Phase 1. Dr Tope Odetayo,08035603242,,,,,,,,,,,,,,,,,,,11000,,2,,0,FALSE,TRUE,FALSE,FALSE,30,0,0.00000,2500.00,1,FALSE,FALSE,,,,,,,,{00000000-0000-0000-0000-000000000000},,,,TRUE,,,,,,,7/21/24,,,0
Civic Pharmacy,Civic Pharmacy,FALSE,FALSE,,,"iyana ipaja, 176 Abeokuta expr","express,magbon, LAGOS.",,,,,,,,,,,,,,,,,,,,11000,,0,,0,FALSE,FALSE,FALSE,FALSE,30,0,0.00000,10000000.00,1,FALSE,FALSE,,,,,,,,{00000000-0000-0000-0000-000000000000},,,,TRUE,,,,,,,1/1/19,,,0
Clap Healthcare,Clap Healthcare,FALSE,FALSE,,,,,,,,,,,,,,,,,,,,,,,,11000,,2,,0,FALSE,TRUE,FALSE,FALSE,30,0,0.00000,2500.00,1,FALSE,FALSE,,,,,,,,{00000000-0000-0000-0000-000000000000},,,,TRUE,,,,,,,8/3/21,,,0
Clear line Internati,Clear Line International,FALSE,FALSE,,,Obanikoro & Abuja,,,,,,,,,,,,,,,,,,,,,11000,,0,,0,FALSE,FALSE,FALSE,FALSE,30,0,0.00000,10000000.00,1,FALSE,FALSE,,,,,,,,{00000000-0000-0000-0000-000000000000},,,,TRUE,,,,,,,1/1/19,,,0
Clinic On The Hill,Clinic On The Hill,FALSE,FALSE,,,IKOLABA ESTATE ROAD. IBADAN,Dr Oni 08035509675,,,,,,,,,,,,,,,,,,,,11000,,0,,0,FALSE,FALSE,FALSE,FALSE,30,0,0.00000,10000000.00,1,FALSE,FALSE,,,,,,,,{00000000-0000-0000-0000-000000000000},,,,TRUE,,,,,,,1/1/19,,,0
Clinique De Mercy,Clinique De Mercy Hospital,FALSE,FALSE,,,,,,,,,,,,,,,,,,,,,,,,11000,,0,,0,FALSE,FALSE,FALSE,FALSE,30,0,0.00000,10000000.00,1,FALSE,FALSE,,,,,,,,{00000000-0000-0000-0000-000000000000},,,,TRUE,,,,,,,1/1/19,,,0
CLINIQUE MEDIK PHARM,CLINIQUE MEDIK PHARMACY AND STORE LTD,FALSE,FALSE,,,"Plot 2, Razaki Ayinde Street,","Off Ebute Road, Ibafo Ogun",state.,,,08066312234,,,,,,,,,,,,,,,,11000,,2,,0,FALSE,TRUE,FALSE,FALSE,30,0,0.00000,2500.00,1,FALSE,FALSE,,,,,,,,{00000000-0000-0000-0000-000000000000},,,,TRUE,,,,,,,7/4/22,,,0
Colposcopy LUTH,Colposcopy LUTH,FALSE,FALSE,,,,,LUTH,,,,,,,,,,,,,,,,,,,11000,,0,,0,FALSE,FALSE,FALSE,FALSE,30,0,0.00000,10000000.00,1,FALSE,FALSE,,,,,,,,{00000000-0000-0000-0000-000000000000},,,,TRUE,,,,,,,1/1/19,,,0
Come Alive Pharmacy,Come Alive Pharmacy Limited,FALSE,FALSE,,,"17, Akerele Annex, Soluyi","Gbagada,Opp Deeper Life Car",park. Along general,,hospital,08030732692,,,,,,,,,,,,,,,,11000,,2,,0,FALSE,TRUE,FALSE,FALSE,30,0,0.00000,2500.00,1,FALSE,FALSE,,,,,,,,{00000000-0000-0000-0000-000000000000},,,,TRUE,,,,,,,10/30/20,,,0
Comfort Hospital,Comfort Hospital,FALSE,FALSE,,,Ibadan,,,,,,,,,,,,,,,,,,,,,11000,,0,,0,FALSE,FALSE,FALSE,FALSE,30,0,0.00000,10000000.00,1,FALSE,FALSE,,,,,,,,{00000000-0000-0000-0000-000000000000},,,,TRUE,,,,,,,1/1/19,,,0
Community Health Cen,Community Health Centre OAUTHC,FALSE,FALSE,,,Eleyele,,Ile Ife,,,,,,,,,,,,,,,,,,,11000,,0,,0,FALSE,FALSE,FALSE,FALSE,30,0,0.00000,10000000.00,1,FALSE,FALSE,,,,,,,,{00000000-0000-0000-0000-000000000000},,,,TRUE,,,,,,,1/1/19,,,0
Community&Pry Health,Comm & Pry Health Pharmacy  LASUTH,FALSE,FALSE,,,,,Ikeja,,,,,,,,,,,,,,,,,,,11000,,2,,0,FALSE,TRUE,FALSE,FALSE,30,0,0.00000,2500.00,1,FALSE,FALSE,,,,,,,,{00000000-0000-0000-0000-000000000000},,,,TRUE,,,,,,,4/3/23,,,0
Consultance,Consultance,FALSE,FALSE,,,,,,,,,,,,,,,,,,,,,,,,40000,,0,,0,FALSE,FALSE,FALSE,FALSE,30,0,0.00000,10000000.00,1,FALSE,FALSE,,,,,,,,{00000000-0000-0000-0000-000000000000},,,,TRUE,,,,,,,1/1/19,,,0
Consultant Practice,Consultant Practice,FALSE,FALSE,,,"No 21, Raymond Njoku Street",IKOYI,,,,,,,,,,,,,,,,,,,,11000,,0,,0,FALSE,FALSE,FALSE,FALSE,30,0,0.00000,10000000.00,1,FALSE,FALSE,,,,,,,,{00000000-0000-0000-0000-000000000000},,,,TRUE,,,,,,,1/1/19,,,0
Cornel Health,Cornel Health,FALSE,FALSE,,,"14, FRED ANYIAM STREET,","ANIMASHAUN, LAGOS",LAGOS,,,,,,,,,,,,,,,,,,8182992780,11000,,0,,0,FALSE,FALSE,FALSE,FALSE,30,0,0.00000,10000000.00,1,FALSE,FALSE,,,,,,,,{00000000-0000-0000-0000-000000000000},,,,TRUE,,,,,,,1/1/19,,,0
CornerStone Hospital,CornerStone Hospital,FALSE,FALSE,,,"28, Ijoko Road, Osaro Junction",Opp Lagacy B Motel & Resort,Akute,,,,,,,,,,,,,,,,,,,11000,,0,,0,FALSE,FALSE,FALSE,FALSE,30,0,0.00000,10000000.00,1,FALSE,FALSE,,,,,,,,{00000000-0000-0000-0000-000000000000},,,,TRUE,,,,,,,1/1/19,,,0
Cosbi Pharmacy,Cosbi Pharmacy,FALSE,FALSE,,,Pharm Zoba,08162035584,Okota,,,,,,,,,,,,,,,,,,,11000,,0,,0,FALSE,TRUE,FALSE,FALSE,30,0,0.00000,2500.00,1,FALSE,FALSE,,,,,,,,{00000000-0000-0000-0000-000000000000},,,,TRUE,,,,,,,3/28/23,,,0
Coscare Hospital,Coscare Hospital,FALSE,FALSE,,,"81, Pipeline Road,Opc Junction",Idimu Alimosho Lagos,08037972285,,,,,,,,,,,,,,,,,,,11000,,2,,0,FALSE,TRUE,FALSE,FALSE,30,0,0.00000,2500.00,1,FALSE,FALSE,,,,,,,,{00000000-0000-0000-0000-000000000000},,,,TRUE,,,,,,,8/26/20,,,0
COSMODEM MEDICAL CEN,COSMODEM MEDICAL CENTRE,FALSE,FALSE,,,"202, AWOLOWO ROAD, FALOMO",IKOYI LAGOS,,,,,,,,,,,,,,,,,,,,11000,,2,,0,FALSE,TRUE,FALSE,FALSE,30,0,0.00000,2500.00,1,FALSE,FALSE,,,,,,,,{00000000-0000-0000-0000-000000000000},,,,TRUE,,,,,,,2/19/20,,,0
Cossy Clinic,Cossy Clinic,FALSE,FALSE,,,Isolo,,,,,,,,,,,,,,,,,,,,,11000,,0,,0,FALSE,FALSE,FALSE,FALSE,30,0,0.00000,10000000.00,1,FALSE,FALSE,,,,,,,,{00000000-0000-0000-0000-000000000000},,,,TRUE,,,,,,,1/1/19,,,0
County Hospital,County Hospital,FALSE,FALSE,,,43/45 Isheri Road,Ogba,OGBA,,,,,,,,,,,,,,,,,,,11000,,0,,0,FALSE,FALSE,FALSE,FALSE,30,0,0.00000,10000000.00,1,FALSE,FALSE,,,,,,,,{00000000-0000-0000-0000-000000000000},,,,TRUE,,,,,,,1/1/19,,,0
Covenant Medical Cen,Covenant Medical Centre,FALSE,FALSE,,,Ota,,,,,,,,,,,,,,,,,,,,,11000,,0,,0,FALSE,FALSE,FALSE,FALSE,30,0,0.00000,10000000.00,1,FALSE,FALSE,,,,,,,,{00000000-0000-0000-0000-000000000000},,,,TRUE,,,,,,,1/1/19,,,0
Coxwell Hospital,Coxwell Hospital,FALSE,FALSE,,,Behind sherfex gas station,"Leme, Abeokuta. 08183070462",09077668457,,,,,,,,,,,,,,,,,,,11000,,2,,0,FALSE,TRUE,FALSE,FALSE,30,0,0.00000,2500.00,1,FALSE,FALSE,,,,,,,,{00000000-0000-0000-0000-000000000000},,,,TRUE,,,,,,,1/23/25,,,0
Crest Hospital,Crest Hospital,FALSE,FALSE,,,"159-160, Isuti Road Oremeji","B/stop Egan, Igando",Igando,,,,,,,,,,,,,,,,,,,11000,,0,,0,FALSE,FALSE,FALSE,FALSE,30,0,0.00000,10000000.00,1,FALSE,FALSE,,,,,,,,{00000000-0000-0000-0000-000000000000},,,,TRUE,,,,,,,1/1/19,,,0
Crestmed Pharmacy,Crestmed Pharmacy,FALSE,FALSE,,,Alagbole Ajuwon Road,,Alagbole,,,,,,,,,,,,,,,,,,,11000,,0,,0,FALSE,FALSE,FALSE,FALSE,30,0,0.00000,10000000.00,1,FALSE,FALSE,,,,,,,,{00000000-0000-0000-0000-000000000000},,,,TRUE,,,,,,,1/1/19,,,0
Critical Rescue Resp,critical Rescue Response,FALSE,FALSE,,,Oba-Arkan Avenue,,IKEJA,,,,,,,,,,,,,,,,,,,11000,,0,,0,FALSE,FALSE,FALSE,FALSE,30,0,0.00000,10000000.00,1,FALSE,FALSE,,,,,,,,{00000000-0000-0000-0000-000000000000},,,,TRUE,,,,,,,1/1/19,,,0
Critical Rescure,Critical Rescure International,FALSE,FALSE,,,"26, Talabi Street Off",Adeniyi Jones Ikeja.,IKEJA,,,,,,,,,,,,,9037085520,,,,,,11000,,0,,0,FALSE,FALSE,FALSE,FALSE,30,0,0.00000,10000000.00,1,FALSE,FALSE,,,,,,,,{00000000-0000-0000-0000-000000000000},,,,TRUE,,,,,,,1/1/19,,,0
Croabay Medical Cent,Croabay Medical Centre,FALSE,FALSE,,,"115,Ikotun Idimu Road",Foursquare B/stop,Idimu,,,,,,,,,,,,,8035024686,,,,,,11000,,0,,0,FALSE,FALSE,FALSE,FALSE,30,0,0.00000,10000000.00,1,FALSE,FALSE,,,,,,,,{00000000-0000-0000-0000-000000000000},,,,TRUE,,,,,,,1/1/19,,,0
Crusaints Hospital,Crusaints Hospitalc/o Dr Oyedele Jibayo,FALSE,FALSE,,,"54, Adeshiyan st Ilupeju/palm",beside 1st bank ilueju bypass,ILUPEJU,,,lagos,,,,,,,,,,8133660070,,,,,,11000,,0,,0,FALSE,FALSE,FALSE,FALSE,30,0,0.00000,10000000.00,1,FALSE,FALSE,,,,,,,,{00000000-0000-0000-0000-000000000000},,,,TRUE,,,,,,,1/1/19,,,0
Crystal Hospital,Crystal Hospital,FALSE,FALSE,,,"148/150, Akowonjo ROAD,","ALIMOSHO, LAGOS",,,,,,,,,,,,,,7056595596,,,,,,11000,,0,,0,FALSE,FALSE,FALSE,FALSE,30,0,0.00000,10000000.00,1,FALSE,FALSE,,,,,,,,{00000000-0000-0000-0000-000000000000},,,,TRUE,,,,,,,1/1/19,,,0
Curry Investment,Curry Investment,FALSE,FALSE,,,Ishagamu,,Ijebu,,,,,,,,,,,,,,,,,,,11000,,0,,0,FALSE,FALSE,FALSE,FALSE,30,0,0.00000,10000000.00,1,FALSE,FALSE,,,,,,,,{00000000-0000-0000-0000-000000000000},,,,TRUE,,,,,,,1/1/19,,,0
Cynthia Iroegbulem,Cynthia iroegbulem,FALSE,FALSE,,,"07035497336. 38, Fatuga Strt",Ladylak Bariga Opp Toriola str,,,,,,,,,,,,,,,,,,,,11000,,2,,0,FALSE,TRUE,FALSE,FALSE,30,0,0.00000,2500.00,1,FALSE,FALSE,,,,,,,,{00000000-0000-0000-0000-000000000000},,,,TRUE,,,,,,,1/17/24,,,0
Cypress Hill Hospita,Cypress Hill Hosptial Oregun,FALSE,FALSE,,,"14, Olanrewaju street oregun",8069139189,LAGOS,,,NIGERIA,,,,,,,,,,,,,,,,11000,,0,,0,FALSE,FALSE,FALSE,FALSE,30,0,0.00000,10000000.00,1,FALSE,FALSE,,,,,,,,{00000000-0000-0000-0000-000000000000},,,,TRUE,,,,,,,1/1/19,,,0
D & M  PHARMACY,D & M  PHARMACY,FALSE,FALSE,,,"Norbex Bustop, Gb Plaza Idimu","Mrs Juliana Okafor,09123811525",,,,,,,,,,,,,,,,,,,,11000,,2,,0,FALSE,TRUE,FALSE,FALSE,30,0,0.00000,2500.00,1,FALSE,FALSE,,,,,,,,{00000000-0000-0000-0000-000000000000},,,,TRUE,,,,,,,7/26/23,,,0
D L Y,D L Y,FALSE,FALSE,,,FAGBA,,,,,,,,,,,,,,,,,,,,,11000,,0,,0,FALSE,FALSE,FALSE,FALSE,30,0,0.00000,10000000.00,1,FALSE,FALSE,,,,,,,,{00000000-0000-0000-0000-000000000000},,,,TRUE,,,,,,,1/1/19,,,0
D-Lite  Pharmacy,D-Lite pharmacy,FALSE,FALSE,,,OGBA.. Pharm Mrs Babalola,08032016790,,,,,,,,,,,,,,,,,,,,11000,,2,,0,FALSE,TRUE,FALSE,FALSE,30,0,0.00000,2500.00,1,FALSE,FALSE,,,,,,,,{00000000-0000-0000-0000-000000000000},,,,TRUE,,,,,,,1/25/23,,,0
D.HUB PHAR,D.Hub Pharmacy,FALSE,FALSE,D,,"19, JOEL OGUNAIKE STREET,IKEJA",IKEJA G.R.A,LAGOS,,,NIGERIA,,,,,,,,,,,,,,,,11000,,0,,0,FALSE,FALSE,FALSE,FALSE,30,0,0.00000,10000000.00,1,FALSE,FALSE,,,,,,,,{00000000-0000-0000-0000-000000000000},,,,TRUE,,,,,,,1/1/19,,,0
D2 Pharmacy Satellit,D2 Pharmacy Satellite Town,FALSE,FALSE,,,"Satellite Town Mrs Odija,",8023050812,,,,NIGERIA,,,,,,,,,,,,,,,,40000,,0,,0,FALSE,FALSE,FALSE,FALSE,30,0,0.00000,10000000.00,1,FALSE,FALSE,,,,,,,,{00000000-0000-0000-0000-000000000000},,,,TRUE,,,,,,,1/1/19,,,0
Daal Pharmacy,Daal Pharmacy,FALSE,FALSE,,,Gbagada,,,,,,,,,,,,,,,,,,,,,11000,,0,,0,FALSE,FALSE,FALSE,FALSE,30,0,0.00000,10000000.00,1,FALSE,FALSE,,,,,,,,{00000000-0000-0000-0000-000000000000},,,,TRUE,,,,,,,1/1/19,,,0
Dabak Pharmacy,Dabak Pharmacy,FALSE,FALSE,,,"162, AKARIGBO ROAD,SAGAMU",SAGAMU,Abeokuta,,,NIGERIA,,,,,,,,,,8033379112,,,,,,11000,,0,,0,FALSE,FALSE,FALSE,FALSE,30,0,0.00000,10000000.00,1,FALSE,FALSE,,,,,,,,{00000000-0000-0000-0000-000000000000},,,,TRUE,,,,,,,1/1/19,,,0
Dafe Medical Centre,Dafe Medical Centre,FALSE,FALSE,,,"34, dairo street, ikosi ketu.",08035271276,,,,,,,,,,,,,,,,,,,,11000,,2,,0,FALSE,TRUE,FALSE,FALSE,30,0,0.00000,2500.00,1,FALSE,FALSE,,,,,,,,{00000000-0000-0000-0000-000000000000},,,,TRUE,,,,,,,8/25/20,,,0
Damikay Hosp Ikeja,Damikay Hospital Ikeja,FALSE,FALSE,,,Ikeja,,,,,,,,,,,,,,,,,,,,,11000,,2,,0,FALSE,TRUE,FALSE,FALSE,30,0,0.00000,2500.00,1,FALSE,FALSE,,,,,,,,{00000000-0000-0000-0000-000000000000},,,,TRUE,,,,,,,11/25/21,,,0
DAMIKAY HOSPITAL,DAMIKAY HOSPITAL,FALSE,FALSE,,,ILUPEJU,,,,,,,,,,,,,,,,,,,,,40000,,0,,0,FALSE,FALSE,FALSE,FALSE,30,0,0.00000,10000000.00,1,FALSE,FALSE,,,,,,,,{00000000-0000-0000-0000-000000000000},,,,TRUE,,,,,,,1/1/19,,,0
Damilola - Olu Pharm,Damilola - Olu Pharmacy,FALSE,FALSE,,,"5, OLD AKUTE ROAD, IJU ISHAGA","FAGBA, LAGOS",,,,NIGERIA,,,,,,,,,,8142199371,,,,,,11000,,0,,0,FALSE,FALSE,FALSE,FALSE,30,0,0.00000,10000000.00,1,FALSE,FALSE,,,,,,,,{00000000-0000-0000-0000-000000000000},,,,TRUE,,,,,,,1/1/19,,,0
DAMILOLA PHARMACY,DAMILOLA PHARMACYi,FALSE,FALSE,,,C/O Bunmi Pharmasymbiosis,09062449969,,,,,,,,,,,,,,,,,,,,11000,,2,,0,FALSE,TRUE,FALSE,FALSE,30,0,0.00000,2500.00,1,FALSE,FALSE,,,,,,,,{00000000-0000-0000-0000-000000000000},,,,TRUE,,,,,,,11/8/24,,,0
Danax Pharmacy,Danax Pharmacy,FALSE,FALSE,,,OYO ROAD. Ibadan,,IBADAN,,,Nigeria,,,,,,,,,,,,,,,,11000,,0,,0,FALSE,FALSE,FALSE,FALSE,30,0,0.00000,10000000.00,1,FALSE,FALSE,,,,,,,,{00000000-0000-0000-0000-000000000000},,,,TRUE,,,,,,,1/1/19,,,0
Daniel Hospital,Daniel Hospital,FALSE,FALSE,,,Iyana Oworo,,Lagos,,,Nigeria,,,,,,,,,,12911512,,,,,,11000,,0,,0,FALSE,FALSE,FALSE,FALSE,30,0,0.00000,10000000.00,1,FALSE,FALSE,,,,,,,,{00000000-0000-0000-0000-000000000000},,,,TRUE,,,,,,,1/1/19,,,0
DANOUR PHARMACY,DANOUR PHARMACY,FALSE,FALSE,,,"34, IJU ROAD,",LAGOS.,,,,,,,,,,,,,,,,,,,,11000,,0,,0,FALSE,FALSE,FALSE,FALSE,30,0,0.00000,10000000.00,1,FALSE,FALSE,,,,,,,,{00000000-0000-0000-0000-000000000000},,,,TRUE,,,,,,,1/1/19,,,0
Dansol School,Dansol School,TRUE,FALSE,,,"13/15, OFF ACME ROAD,AGIDINGBI",IKEJA,,,,,,,,,,,,,,18181555,,,,,,40000,,0,,0,FALSE,FALSE,FALSE,FALSE,30,0,0.00000,10000000.00,1,FALSE,FALSE,,,,,,,,{00000000-0000-0000-0000-000000000000},,,,TRUE,,,,,,,1/1/19,,,0
Daplar Pharmacy,Daplar Pharmacy,FALSE,FALSE,,,opp LASUTH 1st gate conoil,,IKEJA,,,NIGERIA,,,,,,,,,,,,,,,,11000,,0,,0,FALSE,FALSE,FALSE,FALSE,30,0,0.00000,10000000.00,1,FALSE,FALSE,,,,,,,,{00000000-0000-0000-0000-000000000000},,,,TRUE,,,,,,,1/1/19,,,0
Dasochris Hospital,Dasochris Hospital,FALSE,FALSE,,,2nd Avenue Poboyejo Estate,along odonla road odongunyan,Ikorodu,,09078799223,,,,,,,,,,,8033638549,,,,,,11000,,0,,0,FALSE,FALSE,FALSE,FALSE,30,0,0.00000,10000000.00,1,FALSE,FALSE,,,,,,,,{00000000-0000-0000-0000-000000000000},,,,TRUE,,,,,,,1/1/19,,,0
David Pharmacy,David Pharmacy,FALSE,FALSE,,,07032946611,Ebeano Supermarket,Ikeja GRA,,,,,,,,,,,,,,,,,,,11000,,0,,0,FALSE,TRUE,FALSE,FALSE,30,0,0.00000,2500.00,1,FALSE,FALSE,,,,,,,,{00000000-0000-0000-0000-000000000000},,,,TRUE,,,,,,,8/10/20,,,0
Day Spring Hospital,Day Spring Hospital,FALSE,FALSE,,,"1, Popoola Oladunni Street",Ikotun,Ikotun,,,,,,,,,,,,,,,,,,,11000,,0,,0,FALSE,FALSE,FALSE,FALSE,30,0,0.00000,10000000.00,1,FALSE,FALSE,,,,,,,,{00000000-0000-0000-0000-000000000000},,,,TRUE,,,,,,,1/1/19,,,0
De Mediatrix Hospita,De Mediatrix Hospital,FALSE,FALSE,,,"66,Tokura Street behind",Drugrite,,,,NIGERIA,,,,,,,,,,,,,,,,40000,,0,,0,FALSE,FALSE,FALSE,FALSE,30,0,0.00000,10000000.00,1,FALSE,FALSE,,,,,,,,{00000000-0000-0000-0000-000000000000},,,,TRUE,,,,,,,1/1/19,,,0
De Yula Specialist,De Yula Specialist Hospital,FALSE,FALSE,,,"Akinlade Avenue,Babalati","Busstop Off Alaji Road,Ayobo",,,,,,,,,,,,,,,,,,,,11000,,0,,0,FALSE,FALSE,FALSE,FALSE,30,0,0.00000,10000000.00,1,FALSE,FALSE,,,,,,,,{00000000-0000-0000-0000-000000000000},,,,TRUE,,,,,,,1/1/19,,,0
De- Word Medical Cen,De- Word Medical Centre,FALSE,FALSE,,,96 Ibidun street,Ojuelegba,Lagos,,,,,,,,,,,,,,,,,,,11000,,0,,0,FALSE,FALSE,FALSE,FALSE,30,0,0.00000,10000000.00,1,FALSE,FALSE,,,,,,,,{00000000-0000-0000-0000-000000000000},,,,TRUE,,,,,,,1/1/19,,,0
DE-Eilz Women and Ch,De-Eliz Women and Childern HX,FALSE,FALSE,,,"68, Godwinomonua Iraakari",Estate 08030531926,,,,,,,,,,,,,,,,,,,,11000,,0,,0,FALSE,FALSE,FALSE,FALSE,30,0,0.00000,10000000.00,1,FALSE,FALSE,,,,,,,,{00000000-0000-0000-0000-000000000000},,,,TRUE,,,,,,,1/1/19,,,0
De-Marvel Hospital,De-Marvel Hospital,FALSE,FALSE,,,"FESTAC TOWN,TRADE FAIR COMPLE",X.,,,,NIGERIA,,,,,,,,,,,,,,,,11000,,0,,0,FALSE,FALSE,FALSE,FALSE,30,0,0.00000,10000000.00,1,FALSE,FALSE,,,,,,,,{00000000-0000-0000-0000-000000000000},,,,TRUE,,,,,,,1/1/19,,,0
De-New Aiyetoro Hosp,De-New Aiyetoro Hospital,FALSE,FALSE,,,Agbara,,,,,,,,,,,,,,,,,,,,,11000,,0,,0,FALSE,FALSE,FALSE,FALSE,30,0,0.00000,10000000.00,1,FALSE,FALSE,,,,,,,,{00000000-0000-0000-0000-000000000000},,,,TRUE,,,,,,,1/1/19,,,0
DE-Right Source Hosp,De- Right Source Hospital,FALSE,FALSE,,,7A Abigi close,Ogba,Lagos,,,,,,,,,,,,,,,,,,,11000,,0,,0,FALSE,FALSE,FALSE,FALSE,30,0,0.00000,10000000.00,1,FALSE,FALSE,,,,,,,,{00000000-0000-0000-0000-000000000000},,,,TRUE,,,,,,,1/1/19,,,0
De-Unique Internatn,De-Unique International School,FALSE,FALSE,,,Abesan Ipaja,,Abesan-Ipaja,,,,,,,,,,,,,,,,,,,11000,,0,,0,FALSE,FALSE,FALSE,FALSE,30,0,0.00000,10000000.00,1,FALSE,FALSE,,,,,,,,{00000000-0000-0000-0000-000000000000},,,,TRUE,,,,,,,1/1/19,,,0
Deeper Care Pharmacy,Deeper Care Pharmacy,FALSE,FALSE,,,Ogudu,,,,,,,,,,,,,,,,,,,,,11000,,0,,0,FALSE,FALSE,FALSE,FALSE,30,0,0.00000,10000000.00,1,FALSE,FALSE,,,,,,,,{00000000-0000-0000-0000-000000000000},,,,TRUE,,,,,,,1/1/19,,,0
Dejumo Hospital,Dejumo Hospital,FALSE,FALSE,,,"15, ADENUGA STREET, IFAKO",,LAGOS,,,,,,,,,,,,,,,,,,,11000,,0,,0,FALSE,FALSE,FALSE,FALSE,30,0,0.00000,10000000.00,1,FALSE,FALSE,,,,,,,,{00000000-0000-0000-0000-000000000000},,,,TRUE,,,,,,,1/1/19,,,0
Delmar Medipros fee,Delmar Medipros fee paying Hospital,FALSE,FALSE,,,,,,,,,,,,,,,,,,,,,,,,40000,,0,,0,FALSE,FALSE,FALSE,FALSE,30,0,0.00000,10000000.00,1,FALSE,FALSE,,,,,,,,{00000000-0000-0000-0000-000000000000},,,,TRUE,,,,,,,1/1/19,,,0
Deright Source Hosp,Deright Source Hospital,FALSE,FALSE,,,,08139347608,,,,,,,,,,,,,,,,,,,"No 14 odozi street, ojodu",11000,,2,,0,FALSE,TRUE,FALSE,FALSE,30,0,0.00000,2500.00,1,FALSE,FALSE,,,,,,,,{00000000-0000-0000-0000-000000000000},,,,TRUE,,,,,,,9/16/25,,,0
Derry Clinic,Derry Clinic,FALSE,FALSE,Egonu,Surulere,"2A,NURU ONIWO STREET,",Surulere,,,,NIGERIA,,,,,,,,,,8023070854,,,,,,11000,,0,,0,FALSE,FALSE,FALSE,FALSE,30,0,0.00000,10000000.00,1,FALSE,FALSE,,,,,,,,{00000000-0000-0000-0000-000000000000},,,,TRUE,,,,,,,1/1/19,,,0
Deseret Hospital,Deseret Hospital,FALSE,FALSE,,,GRA Ikeja,,,,,,,,,,,,,,,,,,,,,11000,,0,,0,FALSE,FALSE,FALSE,FALSE,30,0,0.00000,10000000.00,1,FALSE,FALSE,,,,,,,,{00000000-0000-0000-0000-000000000000},,,,TRUE,,,,,,,1/1/19,,,0
Destella Pharmacy,Destella Pharmacy,FALSE,FALSE,,,"15,Fahse Str Olowora behind",Omole Phase IIGate 07045332500,Olowora,,,,,,,,,,,,,,,,,,,11000,,0,,0,FALSE,TRUE,FALSE,FALSE,30,0,0.00000,2500.00,1,FALSE,FALSE,,,,,,,,{00000000-0000-0000-0000-000000000000},,,,TRUE,,,,,,,7/6/21,,,0
Dew lane Pharmacy,Dew lane Pharmnacy c/o Biodun Sanofi Re,FALSE,FALSE,,,"21, COLLEGE ROAD, IFAKO IJAIYE",AGEGE,,,,,,,,,,,,,,8174600371,,,,,,11000,,0,,0,FALSE,FALSE,FALSE,FALSE,30,0,0.00000,10000000.00,1,FALSE,FALSE,,,,,,,,{00000000-0000-0000-0000-000000000000},,,,TRUE,,,,,,,1/1/19,,,0
Dexta Health Phamacy,Dexta Health Pharmacy,FALSE,FALSE,,,"29C, Itire Road Surulere",08063792806..Pharm Uchechi,,,,,,,,,,,,,,,,,,,,11000,,2,,0,FALSE,TRUE,FALSE,FALSE,30,0,0.00000,2500.00,1,FALSE,FALSE,,,,,,,,{00000000-0000-0000-0000-000000000000},,,,TRUE,,,,,,,9/12/23,,,0
Dialyzer Medical Cen,DIALYZER MEDICAL CENTRE,FALSE,FALSE,,,"60, arowojobe street Oshodi","Isolo 07033386075,08039118415",,,,,,,,,,,,,,,,,,,,11000,,0,,0,FALSE,FALSE,FALSE,FALSE,30,0,0.00000,10000000.00,1,FALSE,FALSE,,,,,,,,{00000000-0000-0000-0000-000000000000},,,,TRUE,,,,,,,1/1/19,,,0
Diamond Grace Pharma,Diamond Grace Pharmacy & Supermarket,FALSE,FALSE,,,"No, 32 Rafiu Babatunde Street","By Tinubu Road, apple Junction","Amuwo odofin, festac",,07072355229,"09031188127,",,,,,,,,,,,,,,,,11000,,2,,0,FALSE,TRUE,FALSE,FALSE,30,0,0.00000,2500.00,1,FALSE,FALSE,,,,,,,,{00000000-0000-0000-0000-000000000000},,,,TRUE,,,,,,,3/13/25,,,0
Diatician Ace Medica,Diatician Ace Medicare,FALSE,FALSE,,,,,,,,NIGERIA,,,,,,,,,,8033194217,8033194217,,,,,40000,,0,,0,FALSE,FALSE,FALSE,FALSE,30,0,0.00000,10000000.00,1,FALSE,FALSE,,,,,,,,{00000000-0000-0000-0000-000000000000},,,,TRUE,,,,,,,1/1/19,,,0
Dioceseof Lagos West,DLW,FALSE,FALSE,,,"SHIABA STREET, IJAIYE AGEGE",LAGOS,,,,NIGERIA,,,,,,,,,,8030400532,,,,,,40000,,0,,0,FALSE,FALSE,FALSE,FALSE,30,0,0.00000,10000000.00,1,FALSE,FALSE,,,,,,,,{00000000-0000-0000-0000-000000000000},,,,TRUE,,,,,,,1/1/19,,,0
Divine Grace Med Cen,Divine Grace Med Centre,FALSE,FALSE,,,"3,Sobogun Rofa Str Opp Eweje",Str Avation Estate Gate,Mafolukun,,,,,,,,,,,,,,,,,,,11000,,0,,0,FALSE,FALSE,FALSE,FALSE,30,0,0.00000,10000000.00,1,FALSE,FALSE,,,,,,,,{00000000-0000-0000-0000-000000000000},,,,TRUE,,,,,,,1/1/19,,,0
DIVINE SPEC. CLINIC,DIVINE SPECIALIST CLINIC LTD,FALSE,FALSE,,,ANTHONY,,,,,,,,,,,,,,,,,,,,,40000,,0,,0,FALSE,FALSE,FALSE,FALSE,30,0,0.00000,10000000.00,1,FALSE,FALSE,,,,,,,,{00000000-0000-0000-0000-000000000000},,,,TRUE,,,,,,,1/1/19,,,0
DNA Matron Medin Hx,DNA Matron Medin Hx,FALSE,FALSE,,,Ogudu,,,,,,,,,,,,,,,,,,,,,11000,,0,,0,FALSE,FALSE,FALSE,FALSE,30,0,0.00000,10000000.00,1,FALSE,FALSE,,,,,,,,{00000000-0000-0000-0000-000000000000},,,,TRUE,,,,,,,1/1/19,,,0
Doren HX,Doren HX Ajah,FALSE,FALSE,,,Ajah Lagos,7062054043,,,,,,,,,,,,,,,,,,,,11000,,0,,0,FALSE,FALSE,FALSE,FALSE,30,0,0.00000,10000000.00,1,FALSE,FALSE,,,,,,,,{00000000-0000-0000-0000-000000000000},,,,TRUE,,,,,,,1/1/19,,,0
Dozie & Dozie Pharm,Dozie & Dozie Pharm Nig Ltd,FALSE,FALSE,,,"Suite2,Hiltop Plaza No 13 Gwan","Str,Wuse Zone 4, F.C.T",Abuja,,,,,,,,,,,,,,,,,,,11000,,0,,0,FALSE,TRUE,FALSE,FALSE,30,0,0.00000,2500.00,1,FALSE,FALSE,,,,,,,,{00000000-0000-0000-0000-000000000000},,,,TRUE,,,,,,,3/24/23,,,0
Dr (Mrs) Bamigboje,Dr (Mrs) Bamigboje,FALSE,FALSE,,,Awolowo Road,,IKEJA,,,,,,,,,,,,,,,,,,,11000,,0,,0,FALSE,FALSE,FALSE,FALSE,30,0,0.00000,10000000.00,1,FALSE,FALSE,,,,,,,,{00000000-0000-0000-0000-000000000000},,,,TRUE,,,,,,,1/1/19,,,0
Dr Abara,Dr Abara,FALSE,FALSE,,,14 Babtunde Soyele Close,Abule Ojo,Alagbole,,,,,,,,,,,,,,,,,,,11000,,0,,0,FALSE,FALSE,FALSE,FALSE,30,0,0.00000,10000000.00,1,FALSE,FALSE,,,,,,,,{00000000-0000-0000-0000-000000000000},,,,TRUE,,,,,,,1/1/19,,,0
Dr Abdulsalam,Dr Abdulsalam,FALSE,FALSE,,,"93, Allen Avenue c/o Joseph",Novo,IKEJA,,,NIGERIA,,,,,,,,,,,,,,,,40000,,0,,0,FALSE,FALSE,FALSE,FALSE,30,0,0.00000,10000000.00,1,FALSE,FALSE,,,,,,,,{00000000-0000-0000-0000-000000000000},,,,TRUE,,,,,,,1/1/19,,,0
Dr Abisola Adebayo,Dr Abisola Adebayo,FALSE,FALSE,,,LASUTH Immunisation Clinic,07037500733,,,,,,,,,,,,,,,,,,,,11000,,0,,0,FALSE,TRUE,FALSE,FALSE,30,0,0.00000,2500.00,1,FALSE,FALSE,,,,,,,,{00000000-0000-0000-0000-000000000000},,,,TRUE,,,,,,,6/24/26,,,0
Dr Adedeji,Dr Adedeji LASUTH,FALSE,FALSE,,,Ikeja,,,,,,,,,,,,,,,,,,,,,11000,,0,,0,FALSE,FALSE,FALSE,FALSE,30,0,0.00000,10000000.00,1,FALSE,FALSE,,,,,,,,{00000000-0000-0000-0000-000000000000},,,,TRUE,,,,,,,1/1/19,,,0
Dr Adelekan Oluseyi,Dr Adelekan Oluseyi,FALSE,FALSE,,,Consultant Obstetrician & Gyne,Gbagada General Hospital,08066275937,,,,,,,,,,,,,,,,,,,11000,,2,,0,FALSE,TRUE,FALSE,FALSE,30,0,0.00000,2500.00,1,FALSE,FALSE,,,,,,,,{00000000-0000-0000-0000-000000000000},,,,TRUE,,,,,,,5/8/24,,,0
Dr Adeoye,Dr Adeoye CMAC,FALSE,FALSE,,,"UCH Ibadan, c/o Mr Ochuko Sano",,,,,,,,,,,,,,,08056564360,,,,,,11000,,2,,0,FALSE,TRUE,FALSE,FALSE,30,0,0.00000,2500.00,1,FALSE,FALSE,,,,,,,,{00000000-0000-0000-0000-000000000000},,,,TRUE,,,,,,,8/4/23,,,0
Dr Adetayo,Dr Adetayo,FALSE,FALSE,LEKAN,ALABI,,,,,,,,,,,,,,,,,,,,,,11000,,0,,0,FALSE,FALSE,FALSE,FALSE,30,0,0.00000,10000000.00,1,FALSE,FALSE,,,,,,,,{00000000-0000-0000-0000-000000000000},,,,TRUE,,,,,,,1/1/19,,,0
Dr Agobe,Ufuoma Specialist Hospital,FALSE,FALSE,,,,,,,,,,,,,,,,,,,,,,,,11000,,0,,0,FALSE,FALSE,FALSE,FALSE,30,0,0.00000,10000000.00,1,FALSE,FALSE,,,,,,,,{00000000-0000-0000-0000-000000000000},,,,TRUE,,,,,,,1/1/19,,,0
Dr Aikpokpo,Dr Aikpokpo,FALSE,FALSE,,,Gbagada General Hospital,,Gbagada,,,,,,,,,,,,,,,,,,,11000,,0,,0,FALSE,FALSE,FALSE,FALSE,30,0,0.00000,10000000.00,1,FALSE,FALSE,,,,,,,,{00000000-0000-0000-0000-000000000000},,,,TRUE,,,,,,,1/1/19,,,0
DR AIYEDUN,DR AIYEDUN,FALSE,FALSE,,,ILUPEJU,,,,,,,,,,,,,,,,,,,,,40000,,0,,0,FALSE,FALSE,FALSE,FALSE,30,0,0.00000,10000000.00,1,FALSE,FALSE,,,,,,,,{00000000-0000-0000-0000-000000000000},,,,TRUE,,,,,,,1/1/19,,,0
Dr Akande Aderonke c,Dr Akande Aderonke,FALSE,FALSE,,,In care of Dansol School,,,,,,,,,,,,,,,8036006850,,,,,,40000,,0,,0,FALSE,FALSE,FALSE,FALSE,30,0,0.00000,10000000.00,1,FALSE,FALSE,,,,,,,,{00000000-0000-0000-0000-000000000000},,,,TRUE,,,,,,,1/1/19,,,0
Dr Akeredolu Ibadan,Dr Akeredolu Ibadan,FALSE,FALSE,,,08106211858......,,,,,,,,,,,,,,,,,,,,,11000,,2,,0,FALSE,TRUE,FALSE,FALSE,30,0,0.00000,2500.00,1,FALSE,FALSE,,,,,,,,{00000000-0000-0000-0000-000000000000},,,,TRUE,,,,,,,6/3/22,,,0
Dr Akinlade,Dr Akinlade,FALSE,FALSE,,,,,Orile Agege,,,,,,,,,,,,,,,,,,,11000,,0,,0,FALSE,FALSE,FALSE,FALSE,30,0,0.00000,10000000.00,1,FALSE,FALSE,,,,,,,,{00000000-0000-0000-0000-000000000000},,,,TRUE,,,,,,,1/1/19,,,0
Dr Akinlade GH VI,Dr Akinlade GH VI,FALSE,FALSE,,,General Hospital Marina,Lagos,,,,,,,,,,,,,,,,,,,,11000,,0,,0,FALSE,FALSE,FALSE,FALSE,30,0,0.00000,10000000.00,1,FALSE,FALSE,,,,,,,,{00000000-0000-0000-0000-000000000000},,,,TRUE,,,,,,,1/1/19,,,0
Dr Akinsete C/O Abim,Dr Akinsete C/O Abimbola,FALSE,FALSE,,,,,,,,,,,,,,,,,,,,,,,,11000,,0,,0,FALSE,FALSE,FALSE,FALSE,30,0,0.00000,10000000.00,1,FALSE,FALSE,,,,,,,,{00000000-0000-0000-0000-000000000000},,,,TRUE,,,,,,,1/1/19,,,0
Dr Ali,Dr Ali,FALSE,FALSE,,,,,,,,,,,,,,,,,,,,,,,,40000,,0,,0,FALSE,FALSE,FALSE,FALSE,30,0,0.00000,10000000.00,1,FALSE,FALSE,,,,,,,,{00000000-0000-0000-0000-000000000000},,,,TRUE,,,,,,,1/1/19,,,0
Dr Anosho,Dr Anosho,FALSE,FALSE,,,Lagos,,,,,,,,,,,,,,,,,,,,,40000,,0,,0,FALSE,FALSE,FALSE,FALSE,30,0,0.00000,10000000.00,1,FALSE,FALSE,,,,,,,,{00000000-0000-0000-0000-000000000000},,,,TRUE,,,,,,,1/1/19,,,0
Dr Ayodeji Akinola,Dr Ayodeji Akinola,FALSE,FALSE,,,Child Welfare Immunisation,Clinic.08034635171,,,,,,,,,,,,,,,,,,,,11000,,2,,0,FALSE,TRUE,FALSE,FALSE,30,0,0.00000,2500.00,1,FALSE,FALSE,,,,,,,,{00000000-0000-0000-0000-000000000000},,,,TRUE,,,,,,,2/8/21,,,0
Dr Babalola,Dr Babalola,FALSE,FALSE,,,,,,,,,,,,,,,,,,,,,,,,11000,,0,,0,FALSE,FALSE,FALSE,FALSE,30,0,0.00000,10000000.00,1,FALSE,FALSE,,,,,,,,{00000000-0000-0000-0000-000000000000},,,,TRUE,,,,,,,1/1/19,,,0
Dr Babatunde,Dr Babatunde,FALSE,FALSE,,,Ogba,,,,,,,,,,,,,,,,,,,,,40000,,0,,0,FALSE,FALSE,FALSE,FALSE,30,0,0.00000,10000000.00,1,FALSE,FALSE,,,,,,,,{00000000-0000-0000-0000-000000000000},,,,TRUE,,,,,,,1/1/19,,,0
Dr Bae,Dr Bae,FALSE,FALSE,,,"4b,Layi Ajayi Bembe Street",Park VEIW Estate,,,,,,,,,,,,,,,,,,,,11000,,2,,0,FALSE,TRUE,FALSE,FALSE,30,0,0.00000,2500.00,1,FALSE,FALSE,,,,,,,,{00000000-0000-0000-0000-000000000000},,,,TRUE,,,,,,,5/20/22,,,0
Dr Bansal,Dr Bansal,FALSE,FALSE,,,V/I,Lagos,,,,,,,,,,,,,,,,,,,,11000,,0,,0,FALSE,FALSE,FALSE,FALSE,30,0,0.00000,10000000.00,1,FALSE,FALSE,,,,,,,,{00000000-0000-0000-0000-000000000000},,,,TRUE,,,,,,,1/1/19,,,0
Dr Chima,Dr Chima,FALSE,FALSE,,,,,,,,,,,,,,,,,,,,,,,,11000,,0,,0,FALSE,FALSE,FALSE,FALSE,30,0,0.00000,10000000.00,1,FALSE,FALSE,,,,,,,,{00000000-0000-0000-0000-000000000000},,,,TRUE,,,,,,,1/1/19,,,0
Dr Dauda Adekunle,Dr Dauda Adekunle,FALSE,FALSE,,,08033255448,,,,,,,,,,,,,,,,,,,,,11000,,0,,0,FALSE,TRUE,FALSE,FALSE,30,0,0.00000,2500.00,1,FALSE,FALSE,,,,,,,,{00000000-0000-0000-0000-000000000000},,,,TRUE,,,,,,,1/19/24,,,0
Dr Disu,Dr Disu,FALSE,FALSE,,,,,,,,,,,,,,,,,,,,,,,,11000,,0,,0,FALSE,FALSE,FALSE,FALSE,30,0,0.00000,10000000.00,1,FALSE,FALSE,,,,,,,,{00000000-0000-0000-0000-000000000000},,,,TRUE,,,,,,,1/1/19,,,0
Dr Diya,Dr Diya,FALSE,FALSE,,,Ave Maria Oniru. 08188410010,,,,,NIGERIA,,,,,,,,,,,,,,,,40000,,0,,0,FALSE,FALSE,FALSE,FALSE,30,0,0.00000,10000000.00,1,FALSE,FALSE,,,,,,,,{00000000-0000-0000-0000-000000000000},,,,TRUE,,,,,,,1/1/19,,,0
Dr Doherty,Dr Doherty,FALSE,FALSE,,,Ikeja,,,,,,,,,,,,,,,,,,,,,40000,,0,,0,FALSE,FALSE,FALSE,FALSE,30,0,0.00000,10000000.00,1,FALSE,FALSE,,,,,,,,{00000000-0000-0000-0000-000000000000},,,,TRUE,,,,,,,1/1/19,,,0
Dr Ejeye U.I,Dr Ejeye U.I,FALSE,FALSE,,,Plot p block 1c sparklight,Estate Isheri Opic Busstop,,,,,,,,,,,,,,08037275725,,,,,,11000,,0,,0,FALSE,FALSE,FALSE,FALSE,30,0,0.00000,2500.00,1,FALSE,FALSE,,,,,,,,{00000000-0000-0000-0000-000000000000},,,,TRUE,,,,,,,6/25/20,,,0
Dr Erinossho GH,Dr Erinosho GH,FALSE,FALSE,,,,,,,,,,,,,,,,,,,,,,,,11000,,0,,0,FALSE,FALSE,FALSE,FALSE,30,0,0.00000,10000000.00,1,FALSE,FALSE,,,,,,,,{00000000-0000-0000-0000-000000000000},,,,TRUE,,,,,,,1/1/19,,,0
Dr Esele Ekuaze,Dr Esele Ekuaze,FALSE,FALSE,,,Irruah Specialist Teaching Hos,Edo State.. 08032184994,,,,,,,,,,,,,,,,,,,,11000,,2,,0,FALSE,TRUE,FALSE,FALSE,30,0,0.00000,2500.00,1,FALSE,FALSE,,,,,,,,{00000000-0000-0000-0000-000000000000},,,,TRUE,,,,,,,9/19/22,,,0
Dr Fajimi,Dr Fajimi,FALSE,FALSE,,,Ikeja,,,,,,,,,,,,,,,,,,,,,11000,,0,,0,FALSE,FALSE,FALSE,FALSE,30,0,0.00000,10000000.00,1,FALSE,FALSE,,,,,,,,{00000000-0000-0000-0000-000000000000},,,,TRUE,,,,,,,1/1/19,,,0
Dr Fasimade Luth,Dr Fasimade c/o Serenity Hx,FALSE,FALSE,,,08091119598,"45,Lawson Road Surulere",,,,,,,,,,,,,,,,,,,,11000,,0,,0,FALSE,TRUE,FALSE,FALSE,30,0,0.00000,2500.00,1,FALSE,FALSE,,,,,,,,{00000000-0000-0000-0000-000000000000},,,,TRUE,,,,,,,4/28/23,,,0
Dr Femi Oyekan,Dr Femi Oyekan,FALSE,FALSE,,,"08039094707, 08023899221.",,,,,,,,,,,,,,,,,,,,,11000,,2,,0,FALSE,TRUE,FALSE,FALSE,30,0,0.00000,2500.00,1,FALSE,FALSE,,,,,,,,{00000000-0000-0000-0000-000000000000},,,,TRUE,,,,,,,7/26/21,,,0
Dr Fernandes,Dr Fernandes,FALSE,FALSE,,,"4,Liverpool Road",Apapa,Apapa,,,,,,,,,,,,,,,,,,,11000,,0,,0,FALSE,FALSE,FALSE,FALSE,30,0,0.00000,10000000.00,1,FALSE,FALSE,,,,,,,,{00000000-0000-0000-0000-000000000000},,,,TRUE,,,,,,,1/1/19,,,0
Dr Hassan,Dr Hassan,FALSE,FALSE,,,Omole Phase 1,,IKEJA,,,,,,,,,,,,,,,,,,,11000,,0,,0,FALSE,FALSE,FALSE,FALSE,30,0,0.00000,10000000.00,1,FALSE,FALSE,,,,,,,,{00000000-0000-0000-0000-000000000000},,,,TRUE,,,,,,,1/1/19,,,0
Dr Hellen Chima,Dr Hellen Chima,FALSE,FALSE,,,Costain,,,,,,,,,,,,,,,,,,,,,40000,,0,,0,FALSE,FALSE,FALSE,FALSE,30,0,0.00000,10000000.00,1,FALSE,FALSE,,,,,,,,{00000000-0000-0000-0000-000000000000},,,,TRUE,,,,,,,1/1/19,,,0
Dr Jerome,Dr Jerome,FALSE,FALSE,,,,,,,,,,,,,,,,,,,,,,,,11000,,0,,0,FALSE,FALSE,FALSE,FALSE,30,0,0.00000,10000000.00,1,FALSE,FALSE,,,,,,,,{00000000-0000-0000-0000-000000000000},,,,TRUE,,,,,,,1/1/19,,,0
DR JOKOH.,DR JOKOH,FALSE,FALSE,,,,,,,,,,,,,,,,,,8066038341,,,,,,11000,,0,,0,FALSE,FALSE,FALSE,FALSE,30,0,0.00000,10000000.00,1,FALSE,FALSE,,,,,,,,{00000000-0000-0000-0000-000000000000},,,,TRUE,,,,,,,1/1/19,,,0
DR KAYODE ADEGBOYEGA,DR KAYODE ADEGBOYEGA,FALSE,FALSE,,,,,,,,,,,,,,,,,,,,,,,,11000,,0,,0,FALSE,FALSE,FALSE,FALSE,30,0,0.00000,10000000.00,1,FALSE,FALSE,,,,,,,,{00000000-0000-0000-0000-000000000000},,,,TRUE,,,,,,,1/1/19,,,0
Dr Kolawole,Dr Kolawole,FALSE,FALSE,,,,,,,,,,,,,,,,,,,,,,,,11000,,0,,0,FALSE,FALSE,FALSE,FALSE,30,0,0.00000,10000000.00,1,FALSE,FALSE,,,,,,,,{00000000-0000-0000-0000-000000000000},,,,TRUE,,,,,,,1/1/19,,,0
Dr Martins Obiorah,Dr Martins Obiorah,FALSE,FALSE,,,C/O St Mary Hx..07037488836.,,,,,,,,,,,,,,,,,,,,,11000,,2,,0,FALSE,TRUE,FALSE,FALSE,30,0,0.00000,2500.00,1,FALSE,FALSE,,,,,,,,{00000000-0000-0000-0000-000000000000},,,,TRUE,,,,,,,3/19/21,,,0
Dr Mustapha,Dr Mustapha,FALSE,FALSE,,,Hemathology Unit Lasuth,,,,,,,,,,,,,,,8025535490,,,,,,40000,,0,,0,FALSE,FALSE,FALSE,FALSE,30,0,0.00000,10000000.00,1,FALSE,FALSE,,,,,,,,{00000000-0000-0000-0000-000000000000},,,,TRUE,,,,,,,1/1/19,,,0
Dr Muyiwa Odelowo,Dr Muyiwa Odelowo,FALSE,FALSE,,,City of David's Cilinic,v/island 08159211184,,,,,,,,,,,,,,,,,,,,11000,,0,,0,FALSE,FALSE,FALSE,FALSE,30,0,0.00000,10000000.00,1,FALSE,FALSE,,,,,,,,{00000000-0000-0000-0000-000000000000},,,,TRUE,,,,,,,1/1/19,,,0
Dr Nebe Festac,Dr Nebe Festac,FALSE,FALSE,,,,,FESTAC,,,,,,,,,,,,,,,,,,,11000,,0,,0,FALSE,FALSE,FALSE,FALSE,30,0,0.00000,10000000.00,1,FALSE,FALSE,,,,,,,,{00000000-0000-0000-0000-000000000000},,,,TRUE,,,,,,,1/1/19,,,0
DR NI,,FALSE,FALSE,,,,,,,,,,,,,,,,,,,,,,,,40000,,0,,0,FALSE,FALSE,FALSE,FALSE,30,0,0.00000,10000000.00,1,FALSE,FALSE,,,,,,,,{00000000-0000-0000-0000-000000000000},,,,TRUE,,,,,,,1/1/19,,,0
Dr Nnaso c/o Itua,Dr Nnaso c/o Itua,FALSE,FALSE,,,,,,,,,,,,,,,,,,,,,,,,11000,,0,,0,FALSE,FALSE,FALSE,FALSE,30,0,0.00000,10000000.00,1,FALSE,FALSE,,,,,,,,{00000000-0000-0000-0000-000000000000},,,,TRUE,,,,,,,1/1/19,,,0
Dr Nnebocha,Dr Nnebocha,FALSE,FALSE,,,Okota,,,,,,,,,,,,,,,,,,,,,11000,,0,,0,FALSE,FALSE,FALSE,FALSE,30,0,0.00000,10000000.00,1,FALSE,FALSE,,,,,,,,{00000000-0000-0000-0000-000000000000},,,,TRUE,,,,,,,1/1/19,,,0
Dr Nonso c/o Itua,Dr Nonso (Multi-Shield),FALSE,FALSE,,,,,IKEJA,,,,,,,,,,,,,,,,,,,11000,,0,,0,FALSE,FALSE,FALSE,FALSE,30,0,0.00000,10000000.00,1,FALSE,FALSE,,,,,,,,{00000000-0000-0000-0000-000000000000},,,,TRUE,,,,,,,1/1/19,,,0
Dr Nwaneni,Dr Nwaneni,FALSE,FALSE,,,,,,,,,,,,,,,,,,,,,,,,11000,,0,,0,FALSE,FALSE,FALSE,FALSE,30,0,0.00000,10000000.00,1,FALSE,FALSE,,,,,,,,{00000000-0000-0000-0000-000000000000},,,,TRUE,,,,,,,1/1/19,,,0
Dr Obi Princewill,Dr Obi Princewill,FALSE,FALSE,,,Ab 10 Eye Clinic,"3, Ola Street Karaole Estate",College Road,,,,,,,,,,,,,,,,,,,11000,,0,,0,FALSE,TRUE,FALSE,FALSE,30,0,0.00000,2500.00,1,FALSE,FALSE,,,,,,,,{00000000-0000-0000-0000-000000000000},,,,TRUE,,,,,,,1/20/22,,,0
Dr Odunuga GSK,Dr Odunuga GSK,FALSE,FALSE,,,,,,,,,,,,,,,,,,,,,,,,11000,,0,,0,FALSE,FALSE,FALSE,FALSE,30,0,0.00000,10000000.00,1,FALSE,FALSE,,,,,,,,{00000000-0000-0000-0000-000000000000},,,,TRUE,,,,,,,1/1/19,,,0
Dr Ogbolu,Dr Ogbolu,FALSE,FALSE,,,Nestle Nig. Plc,,,,,,,,,,,,,,,,,,,,,11000,,0,,0,FALSE,FALSE,FALSE,FALSE,30,0,0.00000,10000000.00,1,FALSE,FALSE,,,,,,,,{00000000-0000-0000-0000-000000000000},,,,TRUE,,,,,,,1/1/19,,,0
Dr Ogbolu(Nestle),Dr Ogbolu(Nestle),FALSE,FALSE,,,Nestle Nig. Plc,,,,,,,,,,,,,,,,,,,,,11000,,0,,0,FALSE,FALSE,FALSE,FALSE,30,0,0.00000,10000000.00,1,FALSE,FALSE,,,,,,,,{00000000-0000-0000-0000-000000000000},,,,TRUE,,,,,,,1/1/19,,,0
DR OHAZURIKE,DR OHAZURIKE,FALSE,FALSE,,,OGBA,,,,,,,,,,,,,,,,,,,,,40000,,0,,0,FALSE,FALSE,FALSE,FALSE,30,0,0.00000,10000000.00,1,FALSE,FALSE,,,,,,,,{00000000-0000-0000-0000-000000000000},,,,TRUE,,,,,,,1/1/19,,,0
Dr Oki,Dr Oki c/o Isaac,FALSE,FALSE,,,8022015490,,,,,,,,,,,,,,,,,,,,,11000,,0,,0,FALSE,FALSE,FALSE,FALSE,30,0,0.00000,10000000.00,1,FALSE,FALSE,,,,,,,,{00000000-0000-0000-0000-000000000000},,,,TRUE,,,,,,,1/1/19,,,0
Dr Okonkwo,Dr Okonkwo,FALSE,FALSE,,,Festac,,,,,,,,,,,,,,,,,,,,,40000,,0,,0,FALSE,FALSE,FALSE,FALSE,30,0,0.00000,10000000.00,1,FALSE,FALSE,,,,,,,,{00000000-0000-0000-0000-000000000000},,,,TRUE,,,,,,,1/1/19,,,0
Dr Okoro,Dr Okoro,FALSE,FALSE,,,,,Palm grove,,,Nigeria,,,,,,,,,,,,,,,,11000,,0,,0,FALSE,FALSE,FALSE,FALSE,30,0,0.00000,10000000.00,1,FALSE,FALSE,,,,,,,,{00000000-0000-0000-0000-000000000000},,,,TRUE,,,,,,,1/1/19,,,0
DR OLADOSU,DR OLADOSU,FALSE,FALSE,,,AKOWONJO,,,,,,,,,,,,,,,,,,,,,40000,,0,,0,FALSE,FALSE,FALSE,FALSE,30,0,0.00000,10000000.00,1,FALSE,FALSE,,,,,,,,{00000000-0000-0000-0000-000000000000},,,,TRUE,,,,,,,1/1/19,,,0
Dr Olanrewaju,Dr Olanrewaju,FALSE,FALSE,,,Ilorin,,,,,,,,,,,,,,,,,,,,,11000,,0,,0,FALSE,FALSE,FALSE,FALSE,30,0,0.00000,10000000.00,1,FALSE,FALSE,,,,,,,,{00000000-0000-0000-0000-000000000000},,,,TRUE,,,,,,,1/1/19,,,0
Dr Olasupo P&G Hosp,Dr Olasupo P&G Hospital,FALSE,FALSE,,,8034340305,P&G Hospital Abule Egba,Abule Egba,,,,,,,,,,,,,,,,,,,11000,,0,,0,FALSE,FALSE,FALSE,FALSE,30,0,0.00000,10000000.00,1,FALSE,FALSE,,,,,,,,{00000000-0000-0000-0000-000000000000},,,,TRUE,,,,,,,1/1/19,,,0
Dr Omikunle,Dr Omikunle Igbobi HX,FALSE,FALSE,,,Mokoro Road 09021847382,,,,,,,,,,,,,,,,,,,,,11000,,0,,0,FALSE,FALSE,FALSE,FALSE,30,0,0.00000,10000000.00,1,FALSE,FALSE,,,,,,,,{00000000-0000-0000-0000-000000000000},,,,TRUE,,,,,,,1/1/19,,,0
Dr Oni,Dr Oni,FALSE,FALSE,,,IBADAN,,,,,,,,,,,,,,,,,,,,,11000,,0,,0,FALSE,FALSE,FALSE,FALSE,30,0,0.00000,10000000.00,1,FALSE,FALSE,,,,,,,,{00000000-0000-0000-0000-000000000000},,,,TRUE,,,,,,,1/1/19,,,0
Dr Oshinmokun NAAF,Dr Oshinmokun NAAF,FALSE,FALSE,,,PWD Ikeja,08035612955,Ikeja,,,,,,,,,,,,,,,,,,,11000,,0,,0,FALSE,TRUE,FALSE,FALSE,30,0,0.00000,2500.00,1,FALSE,FALSE,,,,,,,,{00000000-0000-0000-0000-000000000000},,,,TRUE,,,,,,,7/17/23,,,0
Dr Osho,Dr Osho,FALSE,FALSE,,,,,Victoria Island,,,,,,,,,,,,,,,,,,,11000,,0,,0,FALSE,FALSE,FALSE,FALSE,30,0,0.00000,10000000.00,1,FALSE,FALSE,,,,,,,,{00000000-0000-0000-0000-000000000000},,,,TRUE,,,,,,,1/1/19,,,0
Dr Oshoba Babatunde,Dr Oshoba Babatunde,FALSE,FALSE,,,"Abule Nla PHC,Progresive Estat","Desalu Street, Off Abule Nla","Road, Off Apapa Road",,08035387653,Ebutte Metta,,,,,,,,,,,,,,,,11000,,2,,0,FALSE,TRUE,FALSE,FALSE,30,0,0.00000,2500.00,1,FALSE,FALSE,,,,,,,,{00000000-0000-0000-0000-000000000000},,,,TRUE,,,,,,,2/8/22,,,0
Dr Oyekan % Lagoon,Dr Oyekan,FALSE,FALSE,,,,,,,,,,,,,,,,,,,,,,,,40000,,0,,0,FALSE,FALSE,FALSE,FALSE,30,0,0.00000,10000000.00,1,FALSE,FALSE,,,,,,,,{00000000-0000-0000-0000-000000000000},,,,TRUE,,,,,,,1/1/19,,,0
Dr Popoola LASUTH,Dr Popoola LASUTH,FALSE,FALSE,,,,,,,,,,,,,,,,,,,,,,,,40000,,0,,0,FALSE,FALSE,FALSE,FALSE,30,0,0.00000,10000000.00,1,FALSE,FALSE,,,,,,,,{00000000-0000-0000-0000-000000000000},,,,TRUE,,,,,,,1/1/19,,,0
Dr Prosper Aguh,Dr Prosper Aguh,FALSE,FALSE,,,"6, Gbite Close Bamako Estate",Ojodu,,,,,,,,,,,,,,07063767002,,,,,,11000,,0,,0,FALSE,TRUE,FALSE,FALSE,30,0,0.00000,2500.00,1,FALSE,FALSE,,,,,,,,{00000000-0000-0000-0000-000000000000},,,,TRUE,,,,,,,7/2/20,,,0
Dr Rahman,Dr Rahman,FALSE,FALSE,,,,,,,,,,,,,,,,,,,,,,,,11000,,0,,0,FALSE,FALSE,FALSE,FALSE,30,0,0.00000,10000000.00,1,FALSE,FALSE,,,,,,,,{00000000-0000-0000-0000-000000000000},,,,TRUE,,,,,,,1/1/19,,,0
Dr Raliat Usman,Dr Raliat Usman,FALSE,FALSE,,,Majekodunmi Street,Ikeja,,,,,,,,,,,,,,,,,,,,11000,,0,,0,FALSE,FALSE,FALSE,FALSE,30,0,0.00000,10000000.00,1,FALSE,FALSE,,,,,,,,{00000000-0000-0000-0000-000000000000},,,,TRUE,,,,,,,1/1/19,,,0
Dr Saheed,Dr Saheed,FALSE,FALSE,,,Ikorodu,,,,,,,,,,,,,,,,,,,,,11000,,0,,0,FALSE,FALSE,FALSE,FALSE,30,0,0.00000,10000000.00,1,FALSE,FALSE,,,,,,,,{00000000-0000-0000-0000-000000000000},,,,TRUE,,,,,,,1/1/19,,,0
DR SAMSON,,FALSE,FALSE,,,,,,,,,,,,,,,,,,,,,,,,40000,,0,,0,FALSE,FALSE,FALSE,FALSE,30,0,0.00000,2500.00,1,FALSE,FALSE,,,,,,,,{00000000-0000-0000-0000-000000000000},,,,TRUE,,,,,,,2/23/23,,,0
Dr Seun Akinola,Dr Seun Akinola,FALSE,FALSE,,,,,,,,,,,,,,,,,,,,,,,,11000,,2,,0,FALSE,TRUE,FALSE,FALSE,30,0,0.00000,2500.00,1,FALSE,FALSE,,,,,,,,{00000000-0000-0000-0000-000000000000},,,,TRUE,,,,,,,12/11/24,,,0
Dr Shodipo,Dr Shodipo,FALSE,FALSE,,,Ibadan,,,,,,,,,,,,,,,,,,,,,11000,,0,,0,FALSE,FALSE,FALSE,FALSE,30,0,0.00000,10000000.00,1,FALSE,FALSE,,,,,,,,{00000000-0000-0000-0000-000000000000},,,,TRUE,,,,,,,1/1/19,,,0
Dr Smith,Dr Smith,FALSE,FALSE,,,"8 Afric Rd, off Funsho William","Avenue, Iponri. Surulere",,,,,,,,,,,,,,,,,,,,11000,,0,,0,FALSE,FALSE,FALSE,FALSE,30,0,0.00000,10000000.00,1,FALSE,FALSE,,,,,,,,{00000000-0000-0000-0000-000000000000},,,,TRUE,,,,,,,1/1/19,,,0
Dr Taiwo Ojo,Dr Taiwo Ojo,FALSE,FALSE,,,"No, 1  Stephen Onyama Close",Gbagada. 08028395333,,,,,,,,,,,,,,,,,,,,11000,,2,,0,FALSE,TRUE,FALSE,FALSE,30,0,0.00000,2500.00,1,FALSE,FALSE,,,,,,,,{00000000-0000-0000-0000-000000000000},,,,TRUE,,,,,,,3/3/25,,,0
Dr Tewogbola,Dr Tewogbola,FALSE,FALSE,,,25 oremeji srt,off coker,,,,,,,,,,,,,,,,,,,,11000,,0,,0,FALSE,FALSE,FALSE,FALSE,30,0,0.00000,10000000.00,1,FALSE,FALSE,,,,,,,,{00000000-0000-0000-0000-000000000000},,,,TRUE,,,,,,,1/1/19,,,0
Dr Thompson,Dr Thompson,FALSE,FALSE,,,Surulere,,,,,,,,,,,,,,,,,,,,,11000,,0,,0,FALSE,FALSE,FALSE,FALSE,30,0,0.00000,10000000.00,1,FALSE,FALSE,,,,,,,,{00000000-0000-0000-0000-000000000000},,,,TRUE,,,,,,,1/1/19,,,0
Dr Toogun Tunde,Dr Toogun Tunde,FALSE,FALSE,,,Covenant Medical Centre,Oota,,,,,,,,,,,,,,,,,,,,11000,,0,,0,FALSE,FALSE,FALSE,FALSE,30,0,0.00000,10000000.00,1,FALSE,FALSE,,,,,,,,{00000000-0000-0000-0000-000000000000},,,,TRUE,,,,,,,1/1/19,,,0
Dr Ufo c/o Military,Dr Ufo c/o Military Ref. Hx,FALSE,FALSE,,,,,Yaba,,,,,,,,,,,,,,,,,,,11000,,0,,0,FALSE,FALSE,FALSE,FALSE,30,0,0.00000,10000000.00,1,FALSE,FALSE,,,,,,,,{00000000-0000-0000-0000-000000000000},,,,TRUE,,,,,,,1/1/19,,,0
Dr Victor c/o Havana,Dr Victor c/o Havana,FALSE,FALSE,,,,,,,,,,,,,,,,,,,,,,,,11000,,0,,0,FALSE,FALSE,FALSE,FALSE,30,0,0.00000,10000000.00,1,FALSE,FALSE,,,,,,,,{00000000-0000-0000-0000-000000000000},,,,TRUE,,,,,,,1/1/19,,,0
Dr Winifred,Dr Winifred,FALSE,FALSE,,,Isolo,,,,,,,,,,,,,,,,,,,,,40000,,0,,0,FALSE,FALSE,FALSE,FALSE,30,0,0.00000,10000000.00,1,FALSE,FALSE,,,,,,,,{00000000-0000-0000-0000-000000000000},,,,TRUE,,,,,,,1/1/19,,,0
Dr. Adejumo,Dr. Adejumo,FALSE,FALSE,,,,,,,,,,,,,,,,,,,,,,,,11000,,0,,0,FALSE,FALSE,FALSE,FALSE,30,0,0.00000,10000000.00,1,FALSE,FALSE,,,,,,,,{00000000-0000-0000-0000-000000000000},,,,TRUE,,,,,,,1/1/19,,,0
Dr. Doherty,Dr. Doherty,FALSE,FALSE,,,,,,,,,,,,,,,,,,,,,,,,11000,,0,,0,FALSE,FALSE,FALSE,FALSE,30,0,0.00000,10000000.00,1,FALSE,FALSE,,,,,,,,{00000000-0000-0000-0000-000000000000},,,,TRUE,,,,,,,1/1/19,,,0
Dr. Iroha -Luth,Dr Iroha-Luth,FALSE,FALSE,,,,,,,,,,,,,,,,,,,,,,,,11000,,0,,0,FALSE,FALSE,FALSE,FALSE,30,0,0.00000,10000000.00,1,FALSE,FALSE,,,,,,,,{00000000-0000-0000-0000-000000000000},,,,TRUE,,,,,,,1/1/19,,,0
Dr. Odugbesan,Dr. Odugbesan,FALSE,FALSE,,,Jum Hospital,Imalefalafia-Ibadan,,,,,,,,,,,,,,,,,,,,11000,,0,,0,FALSE,FALSE,FALSE,FALSE,30,0,0.00000,10000000.00,1,FALSE,FALSE,,,,,,,,{00000000-0000-0000-0000-000000000000},,,,TRUE,,,,,,,1/1/19,,,0
Dr.Kalejaye,Dr. Kalejaye,FALSE,FALSE,,,"197,LAGOS ROAD",IKORODU,,,,,,,,,,,,,,,,,,,,11000,,0,,0,FALSE,FALSE,FALSE,FALSE,30,0,0.00000,10000000.00,1,FALSE,FALSE,,,,,,,,{00000000-0000-0000-0000-000000000000},,,,TRUE,,,,,,,1/1/19,,,0
Dr.Ojo,Dr. Ojo,FALSE,FALSE,,,9092504328,,,,,,,,,,,,,,,,,,,,,11000,,0,,0,FALSE,FALSE,FALSE,FALSE,30,0,0.00000,10000000.00,1,FALSE,FALSE,,,,,,,,{00000000-0000-0000-0000-000000000000},,,,TRUE,,,,,,,1/1/19,,,0
Drug Cafe Pharmacy,Drug Cafe Pharmacy,FALSE,FALSE,,,"62, Finbarss Road Akoka,opposi",Addide Supermarket Road leadin,from Unilag to Akoko,,,lagos,,,,,,,,,,,,,,,,11000,,0,,0,FALSE,FALSE,FALSE,FALSE,30,0,0.00000,10000000.00,1,FALSE,FALSE,,,,,,,,{00000000-0000-0000-0000-000000000000},,,,TRUE,,,,,,,1/1/19,,,0
Drug consult Pharmac,Drug consult Pharmacy,FALSE,FALSE,,,"52 Shipeolu Street, Palmgroove",Btw Mr Biggs and Tantalizer,Palm grove,,,,,,,,,,,,,8023162832,,,,,,40000,,0,,0,FALSE,FALSE,FALSE,FALSE,30,0,0.00000,10000000.00,1,FALSE,FALSE,,,,,,,,{00000000-0000-0000-0000-000000000000},,,,TRUE,,,,,,,1/1/19,,,0
Drug Lane Pharmacy,Drug Lane Pharmacy,FALSE,FALSE,,,ABUJA,,,,,,,,,,,,,,,,,,,,,11000,,2,,0,FALSE,TRUE,FALSE,FALSE,30,0,0.00000,2500.00,1,FALSE,FALSE,,,,,,,,{00000000-0000-0000-0000-000000000000},,,,TRUE,,,,,,,3/25/20,,,0
DRUG MASTER PX,Drug master pharmacy,FALSE,FALSE,,,Ekoro Road,,,,,,,,,,,,,,,,,,,,,11000,,0,,0,FALSE,FALSE,FALSE,FALSE,30,0,0.00000,10000000.00,1,FALSE,FALSE,,,,,,,,{00000000-0000-0000-0000-000000000000},,,,TRUE,,,,,,,1/1/19,,,0
Drug Well Pharmacy,Drug Well Pharmacy,FALSE,FALSE,,,MerosbPlaza off Isheri Road,Omole Phase II Lane,,,,,,,,,,,,,,,,,,,,11000,,0,,0,FALSE,FALSE,FALSE,FALSE,30,0,0.00000,10000000.00,1,FALSE,FALSE,,,,,,,,{00000000-0000-0000-0000-000000000000},,,,TRUE,,,,,,,1/1/19,,,0
DrugStoc Pharmacy,DrugStoc Pharmacy,FALSE,FALSE,,,"29, Taiwo Street, China Town","Ojota,  Lagos 09036724423",08030875163,,,,,,,,,,,,,,,,,,,11000,,0,,0,FALSE,TRUE,FALSE,FALSE,30,0,0.00000,2500.00,1,FALSE,FALSE,,,,,,,,{00000000-0000-0000-0000-000000000000},,,,TRUE,,,,,,,8/7/20,,,0
Duchess Hospital,Duchess Hospital,FALSE,FALSE,,,"22A, Joel Ogunaike Street",Ikeja G.R.A,,,,,,,,,,,,,,,,,,,,11000,,2,,0,FALSE,TRUE,FALSE,FALSE,30,0,0.00000,2500.00,1,FALSE,FALSE,,,,,,,,{00000000-0000-0000-0000-000000000000},,,,TRUE,,,,,,,11/15/21,,,0
Duro Sholeye,Duro Sholeye,FALSE,FALSE,,,"34 Allen Ave, Ikeja",,,,,,,,,,,,,,,,,,,,,11000,,0,,0,FALSE,FALSE,FALSE,FALSE,30,0,0.00000,10000000.00,1,FALSE,FALSE,,,,,,,,{00000000-0000-0000-0000-000000000000},,,,TRUE,,,,,,,1/1/19,,,0
E.H.A Clinic,E.H.A Clinic,FALSE,FALSE,,,Apapa,,,,,,,,,,,,,,,,,,,,,11000,,0,,0,FALSE,FALSE,FALSE,FALSE,30,0,0.00000,10000000.00,1,FALSE,FALSE,,,,,,,,{00000000-0000-0000-0000-000000000000},,,,TRUE,,,,,,,1/1/19,,,0
Eagle Pharmacy,Eagle Pharmacy,FALSE,FALSE,,,"43,Shasha Road, Akowonjo",,,,,,,,,,,,,,,,,,,,,11000,,0,,0,FALSE,FALSE,FALSE,FALSE,30,0,0.00000,10000000.00,1,FALSE,FALSE,,,,,,,,{00000000-0000-0000-0000-000000000000},,,,TRUE,,,,,,,1/1/19,,,0
Ebenezery Height HX,Ebenezery Height Hospital,FALSE,FALSE,,,Chevron Drive Ajah,c/o Dr Olaguju 08126280867,,,,,,,,,,,,,,,,,,,,40000,,0,,0,FALSE,FALSE,FALSE,FALSE,30,0,0.00000,10000000.00,1,FALSE,FALSE,,,,,,,,{00000000-0000-0000-0000-000000000000},,,,TRUE,,,,,,,1/1/19,,,0
Eboa Hospital,Eboa Hospital,FALSE,FALSE,,,"48,Yakubu str",ketu Ikosi,LAGOS,,,,,,,,,,,,,,,,,,,11000,,0,,0,FALSE,FALSE,FALSE,FALSE,30,0,0.00000,10000000.00,1,FALSE,FALSE,,,,,,,,{00000000-0000-0000-0000-000000000000},,,,TRUE,,,,,,,1/1/19,,,0
Edchart Pharmacy,Edchart Pharmacy,FALSE,FALSE,,,8026488463,"54, Olorunlogbon Street",Anthony Village,,,,,,,,,,,,,,,,,,,11000,,0,,0,FALSE,FALSE,FALSE,FALSE,30,0,0.00000,10000000.00,1,FALSE,FALSE,,,,,,,,{00000000-0000-0000-0000-000000000000},,,,TRUE,,,,,,,1/1/19,,,0
Edna Specialist Hosp,Edna Specialist Hospital,FALSE,FALSE,,,"No 40, Ishaga road, beside","Clinalacent Lab, Atunrase bstp",SURULERE,,,,,,,,,,,,,,,,,,,11000,,2,,0,FALSE,TRUE,FALSE,FALSE,30,0,0.00000,2500.00,1,FALSE,FALSE,,,,,,,,{00000000-0000-0000-0000-000000000000},,,,TRUE,,,,,,,9/28/20,,,0
Effortswill School,Effortswill School,FALSE,FALSE,,,2-6 Jumoke Eyitayo Str off,Egbe-Isolo Rd Beside Forte oil,Isolo,,,,,,,,,,,,,,,,,,,11000,,0,,0,FALSE,FALSE,FALSE,FALSE,30,0,0.00000,10000000.00,1,FALSE,FALSE,,,,,,,,{00000000-0000-0000-0000-000000000000},,,,TRUE,,,,,,,1/1/19,,,0
Egbeda Pharmacy,Egbeda Pharmacy,FALSE,FALSE,,,Close to Lola Pharmacy,,Egbeda,,,,,,,,,,,,,,,,,,,11000,,0,,0,FALSE,FALSE,FALSE,FALSE,30,0,0.00000,10000000.00,1,FALSE,FALSE,,,,,,,,{00000000-0000-0000-0000-000000000000},,,,TRUE,,,,,,,1/1/19,,,0
Eko Hosp Cervical,Eko Hospital Cervical Project,FALSE,FALSE,,,"31, Mobolaji Bank Anthony Way,",Opebi Lagos.,,,,,,,,,,,,,,,,,,,,11000,,2,,0,FALSE,TRUE,FALSE,FALSE,30,0,0.00000,2500.00,1,FALSE,FALSE,,,,,,,,{00000000-0000-0000-0000-000000000000},,,,TRUE,,,,,,,2/28/20,,,0
Eko Hospital,Eko Hospital,FALSE,FALSE,,,"31, MOBOLAJI BANK ANTHONY WAY","OPEBI, LAGOS",,,,,,,,,,,,,,8140553912,,,,,,11000,,0,,0,FALSE,FALSE,FALSE,FALSE,30,0,0.00000,10000000.00,1,FALSE,FALSE,,,,,,,,{00000000-0000-0000-0000-000000000000},,,,TRUE,,,,,,,1/1/19,,,0
El-Amen Health Centr,El-Amen Health Centre,FALSE,FALSE,,,"1,Dr Victor Olaiya Str, Off",Iyanu Odo Rd after NYSC Camp,LAGOS,,,,,,,,,,,,,,,,,,,11000,,0,,0,FALSE,FALSE,FALSE,FALSE,30,0,0.00000,10000000.00,1,FALSE,FALSE,,,,,,,,{00000000-0000-0000-0000-000000000000},,,,TRUE,,,,,,,1/1/19,,,0
El-Beth Pharmacy,El-Beth Pharmacy,FALSE,FALSE,,,"28, Celestial Road Ishasi",After Okok Ojo LGA,,,,,,,,,,,,,,,,,,,,11000,,0,,0,FALSE,FALSE,FALSE,FALSE,30,0,0.00000,10000000.00,1,FALSE,FALSE,,,,,,,,{00000000-0000-0000-0000-000000000000},,,,TRUE,,,,,,,1/1/19,,,0
El-Bethel Hospital,El-Bethel Hospital,FALSE,FALSE,,,"Oluti 323, Old Ojo Road,Oluti",,,,,,,,,,,,,,,08100998945,,,,,,11000,,2,,0,FALSE,TRUE,FALSE,FALSE,30,0,0.00000,2500.00,1,FALSE,FALSE,,,,,,,,{00000000-0000-0000-0000-000000000000},,,,TRUE,,,,,,,3/4/20,,,0
El-Lab ltd,El- Lab ltd,FALSE,FALSE,,,3rd Avenue,Festac,,,,,,,,,,,,,,,,,,,,11000,,0,,0,FALSE,FALSE,FALSE,FALSE,30,0,0.00000,10000000.00,1,FALSE,FALSE,,,,,,,,{00000000-0000-0000-0000-000000000000},,,,TRUE,,,,,,,1/1/19,,,0
EL-RUFAI,EL-RUFAI,FALSE,FALSE,,,,,,,,,,,,,,,,,,,,,,,,40000,,0,,0,FALSE,FALSE,FALSE,FALSE,30,0,0.00000,10000000.00,1,FALSE,FALSE,,,,,,,,{00000000-0000-0000-0000-000000000000},,,,TRUE,,,,,,,1/1/19,,,0
Elan& Bloom Pharmacy,Elan & Bloom Pharmacy,FALSE,FALSE,,,"10, Fatima Bintu Solebo Strt,","Solebo Estate, Ikorodu",,,,,,,,,,,,,,08034802458,,,,,,11000,,2,,0,FALSE,TRUE,FALSE,FALSE,30,0,0.00000,2500.00,1,FALSE,FALSE,,,,,,,,{00000000-0000-0000-0000-000000000000},,,,TRUE,,,,,,,2/28/20,,,0
Elbeth Pharmacy,Elbeth Pharmacy,FALSE,FALSE,,,"28, Cele Road, Isashi","Ile iwe B/stop, Lasu Road",,,,,,,,,,,,,,,,,,,,11000,,0,,0,FALSE,FALSE,FALSE,FALSE,30,0,0.00000,10000000.00,1,FALSE,FALSE,,,,,,,,{00000000-0000-0000-0000-000000000000},,,,TRUE,,,,,,,1/1/19,,,0
Elizabeth Godson,Elizabeth Godson,FALSE,FALSE,,,"08073593880,","29, oshin str. Alauasa b/stop",IKEJA,,,,,,,,,,,,,,,,,,,11000,,0,,0,FALSE,FALSE,FALSE,FALSE,30,0,0.00000,10000000.00,1,FALSE,FALSE,,,,,,,,{00000000-0000-0000-0000-000000000000},,,,TRUE,,,,,,,1/1/19,,,0
Elizabeth Ugwueze,Elizabeth Ugwueze,FALSE,FALSE,,,Progressive Estate,,,,,,,,,,,,,,,,,,,,,40000,,3,,0,FALSE,FALSE,FALSE,FALSE,30,0,0.00000,2500.00,1,FALSE,FALSE,,,,,,,,{00000000-0000-0000-0000-000000000000},,,,TRUE,,,,,,,5/2/23,,,0
Elmed Pharmacy,Elmed Pharmacy,FALSE,FALSE,,,"17, Badore Road, SOVs Plaza",Ajah Lagos...08103232928.,,,,,,,,,,,,,,,,,,,,11000,,2,,0,FALSE,TRUE,FALSE,FALSE,30,0,0.00000,2500.00,1,FALSE,FALSE,,,,,,,,{00000000-0000-0000-0000-000000000000},,,,TRUE,,,,,,,6/20/23,,,0
Emel Hospital,Emel Hospital,FALSE,FALSE,,,"21, ROAD, 2 CLOSE, 2ND AVENUE",FESTAC TOWN,,,,,,,,,,,,,,8125512758,,,,,,11000,,0,,0,FALSE,FALSE,FALSE,FALSE,30,0,0.00000,10000000.00,1,FALSE,FALSE,,,,,,,,{00000000-0000-0000-0000-000000000000},,,,TRUE,,,,,,,1/1/19,,,0
Emirate Hospital,Emirate Hospital,FALSE,FALSE,,,"08029330160  3A, Oremeji  Str",Onipetesi Estate Mangoro B/sto,Mangoro,,,,,,,,,,,,,,,,,,,11000,,0,,0,FALSE,FALSE,FALSE,FALSE,30,0,0.00000,10000000.00,1,FALSE,FALSE,,,,,,,,{00000000-0000-0000-0000-000000000000},,,,TRUE,,,,,,,1/1/19,,,0
Emis Hospital,Emis Hospital,FALSE,FALSE,,,"33, Banjo Street",off Liasu Road,Egbe,,,,,,,,,,,,,7086594788,,,,,,11000,,0,,0,FALSE,FALSE,FALSE,FALSE,30,0,0.00000,10000000.00,1,FALSE,FALSE,,,,,,,,{00000000-0000-0000-0000-000000000000},,,,TRUE,,,,,,,1/1/19,,,0
Emmanuel Ogejuma,Emmanuel Ogejuma,FALSE,FALSE,,,,,,,,,,,,,,,,,,,,,,,,11000,,0,,0,FALSE,FALSE,FALSE,FALSE,30,0,0.00000,10000000.00,1,FALSE,FALSE,,,,,,,,{00000000-0000-0000-0000-000000000000},,,,TRUE,,,,,,,1/1/19,,,0
ENSACOM PHARMACY,ENSACOM PHARMACY,FALSE,FALSE,,,"7,Adekunle Taraba Str Irekaari",estate isolo 08075552000,,,,,,,,,,,,,,,,,,,,11000,,0,,0,FALSE,FALSE,FALSE,FALSE,30,0,0.00000,10000000.00,1,FALSE,FALSE,,,,,,,,{00000000-0000-0000-0000-000000000000},,,,TRUE,,,,,,,1/1/19,,,0
Erijof Pharmacy,Erijof Pharmacy,FALSE,FALSE,,,"5,Olabisi Onabanjo way off",Elite junction Ida Aba,Abeokuta,,,,,,,,,,,,,,,,,,,11000,,0,,0,FALSE,FALSE,FALSE,FALSE,30,0,0.00000,10000000.00,1,FALSE,FALSE,,,,,,,,{00000000-0000-0000-0000-000000000000},,,,TRUE,,,,,,,1/1/19,,,0
Essyontop Pharmacy,Essyontop Pharmacy,FALSE,FALSE,,,12 Oguntana st,Ajala b/s,Agbado-Ijaye,,,,,,,,,,,,,,,,,,,11000,,0,,0,FALSE,FALSE,FALSE,FALSE,30,0,0.00000,10000000.00,1,FALSE,FALSE,,,,,,,,{00000000-0000-0000-0000-000000000000},,,,TRUE,,,,,,,1/1/19,,,0
Eternal life hospita,Eternal Life Hospital,FALSE,FALSE,,,Sani Orile Iganmu Bustop,Police Station Side,,,,,,,,,,,,,,,,,,,,11000,,2,,0,FALSE,TRUE,FALSE,FALSE,30,0,0.00000,2500.00,1,FALSE,FALSE,,,,,,,,{00000000-0000-0000-0000-000000000000},,,,TRUE,,,,,,,7/21/20,,,0
Euro Medical Centre,Euro Medical Centre.,FALSE,FALSE,,,Orile.,,,,,,,,,,,,,,,,,,,,,11000,,2,,0,FALSE,TRUE,FALSE,FALSE,30,0,0.00000,2500.00,1,FALSE,FALSE,,,,,,,,{00000000-0000-0000-0000-000000000000},,,,TRUE,,,,,,,11/3/20,,,0
Evans Clinic,Evans Clinic,FALSE,FALSE,,,"64,Olusi street",Lagos Island,,,,,,,,,,,,,,,,,,,,11000,,0,,0,FALSE,FALSE,FALSE,FALSE,30,0,0.00000,10000000.00,1,FALSE,FALSE,,,,,,,,{00000000-0000-0000-0000-000000000000},,,,TRUE,,,,,,,1/1/19,,,0
Evanson Medical Cent,Evanson Medical Centre,FALSE,FALSE,,,08062494974,"2A,Iyalode Close",Oke- Ira,,,,,,,,,,,,,,,,,,,11000,,0,,0,FALSE,TRUE,FALSE,FALSE,30,0,0.00000,2500.00,1,FALSE,FALSE,,,,,,,,{00000000-0000-0000-0000-000000000000},,,,TRUE,,,,,,,9/8/23,,,0
Evason Medical Centr,Evason Medical Center.,FALSE,FALSE,,,"29, Iyalode Close, Off Ajayi","Road, Oke-Ira, Ogba",,,,,,,,,,,,,,,,,,,,11000,,2,,0,FALSE,TRUE,FALSE,FALSE,30,0,0.00000,2500.00,1,FALSE,FALSE,,,,,,,,{00000000-0000-0000-0000-000000000000},,,,TRUE,,,,,,,8/13/20,,,0
EverCare Hospital,EverCare Hospital,FALSE,FALSE,,,"Plot 1,Admiralty way Durosinmi",Etti-Drive Lekki Phase 1,Lagos,,,,,,,,,,,,,09168105254,,,,,,11000,,0,,0,FALSE,TRUE,FALSE,FALSE,30,0,0.00000,2500.00,1,FALSE,FALSE,,,,,,,,{00000000-0000-0000-0000-000000000000},,,,TRUE,,,,,,,10/11/23,,,0
Evergreen c/o Ituah,Evergreen c/o Ituah,FALSE,FALSE,,,"3, DIJU STREET AMJE B/STOP","ALAKUKO, ALAGBADO, LAGOS",Ijebu- Ode,,,,,,,,,,,,,7037924908,,,,,,11000,,0,,0,FALSE,FALSE,FALSE,FALSE,30,0,0.00000,10000000.00,1,FALSE,FALSE,,,,,,,,{00000000-0000-0000-0000-000000000000},,,,TRUE,,,,,,,1/1/19,,,0
EXC Pharmarcy,EXC Pharmarcy,FALSE,FALSE,,,"3, dan okehi street,","off okpanam road, asaba.",08039613648,,,,,,,,,,,,,,,,,,,11000,,2,,0,FALSE,TRUE,FALSE,FALSE,30,0,0.00000,2500.00,1,FALSE,FALSE,,,,,,,,{00000000-0000-0000-0000-000000000000},,,,TRUE,,,,,,,8/27/20,,,0
Excel Hospital,Excel Hospital,FALSE,FALSE,,,8161336164,Owoeba Adesan,Mowe,,,,,,,,,,,,,,,,,,,11000,,0,,0,FALSE,FALSE,FALSE,FALSE,30,0,0.00000,10000000.00,1,FALSE,FALSE,,,,,,,,{00000000-0000-0000-0000-000000000000},,,,TRUE,,,,,,,1/1/19,,,0
Express Pharm,Express Pharm,FALSE,FALSE,,,"172, Arerele road shiitta",Surulere,,,,,,,,,,,,,,,,,,,,11000,,0,,0,FALSE,FALSE,FALSE,FALSE,30,0,0.00000,10000000.00,1,FALSE,FALSE,,,,,,,,{00000000-0000-0000-0000-000000000000},,,,TRUE,,,,,,,1/1/19,,,0
Extra Pharmacy,Extra Pharmacy,FALSE,FALSE,,,SOMIDE ODUJINRIN AVENUE,OLOWORA,LAGOS,,,,,,,,,,,,,,,,,,,11000,,0,,0,FALSE,FALSE,FALSE,FALSE,30,0,0.00000,10000000.00,1,FALSE,FALSE,,,,,,,,{00000000-0000-0000-0000-000000000000},,,,TRUE,,,,,,,1/1/19,,,0
F.A.A.N,First Ultren Pharmacy Ltd,FALSE,FALSE,,,"Airport, Ikeja. Lagos",,,,,,,,,,,,,,,,,,,,,40000,,0,,0,FALSE,FALSE,FALSE,FALSE,30,0,0.00000,10000000.00,1,FALSE,FALSE,,,,,,,,{00000000-0000-0000-0000-000000000000},,,,TRUE,,,,,,,1/1/19,,,0
F.Adeyemi Med. Centr,F.Adeyemi Med. Centre,FALSE,FALSE,,,"8, Muri Abiola Str Off Agbado","Okearo,Yidi B/stop(08148701305",Agbado Station,,,,,,,,,,,,,,,,,,,11000,,0,,0,FALSE,FALSE,FALSE,FALSE,30,0,0.00000,10000000.00,1,FALSE,FALSE,,,,,,,,{00000000-0000-0000-0000-000000000000},,,,TRUE,,,,,,,1/1/19,,,0
Faculty of vetenary,Faculty of vetenary medicine UCH,FALSE,FALSE,,,Dr ESAN O.O,"08069217610, 07033397274",IBADAN,,,,,,,,,,,,,,,,,,,11000,,0,,0,FALSE,FALSE,FALSE,FALSE,30,0,0.00000,10000000.00,1,FALSE,FALSE,,,,,,,,{00000000-0000-0000-0000-000000000000},,,,TRUE,,,,,,,1/1/19,,,0
Fad Specialist Hospi,Fad Specialist Hospital,FALSE,FALSE,,,"plot 7, Al-Firduas Estate",Arepo Ogun state,Arepo,,,,,,,,,,,,,,,,,,,11000,,0,,0,FALSE,FALSE,FALSE,FALSE,30,0,0.00000,10000000.00,1,FALSE,FALSE,,,,,,,,{00000000-0000-0000-0000-000000000000},,,,TRUE,,,,,,,1/1/19,,,0
Faith  City Hospital,Faith City Hospital,FALSE,FALSE,,,"16, ASA-AFARIOGUN STREET",ISOLO.. 08082252996,,,,NIGERIA,,,,,,,,,,01-8945424,8066398168,,,,,11000,,0,,0,FALSE,FALSE,FALSE,FALSE,30,0,0.00000,10000000.00,1,FALSE,FALSE,,,,,,,,{00000000-0000-0000-0000-000000000000},,,,TRUE,,,,,,,1/1/19,,,0
FAITH CITY HX VI,FAITH CITY HX VI,FALSE,FALSE,,,"29A,OJO OLODUN CLOSE OFF BISHO",P OLUWOLE STR BAR BEACH TOWER,,,,NIGERIA,,,,,,,,,,,,,,,,40000,,0,,0,FALSE,FALSE,FALSE,FALSE,30,0,0.00000,10000000.00,1,FALSE,FALSE,,,,,,,,{00000000-0000-0000-0000-000000000000},,,,TRUE,,,,,,,1/1/19,,,0
Faith Hills Hospital,Faith Hills Specialist Hospital,FALSE,FALSE,,,"87, Alimosho Road, Opposite",Alaguntan nepa office,iyana ipaja,,,,,,,,,,,,,,,,,,,11000,,2,,0,FALSE,TRUE,FALSE,FALSE,30,0,0.00000,2500.00,1,FALSE,FALSE,,,,,,,,{00000000-0000-0000-0000-000000000000},,,,TRUE,,,,,,,11/4/22,,,0
Faith Hospital,Faith Hospital,FALSE,FALSE,,,,,Benin,,,,,,,,,,,,,,,,,,,40000,,0,,0,FALSE,FALSE,FALSE,FALSE,30,0,0.00000,10000000.00,1,FALSE,FALSE,,,,,,,,{00000000-0000-0000-0000-000000000000},,,,TRUE,,,,,,,1/1/19,,,0
FAITH MEDICAL CENTRE,FAITH MEDICAL CENTRE,FALSE,FALSE,,,"5, KARIMU STRT,BALE STRT,","BY COKE BRIDGE, ORILE IGANMU",,,,,,,,,,,,,,8033749496,,,,,,11000,,0,,0,FALSE,FALSE,FALSE,FALSE,30,0,0.00000,10000000.00,1,FALSE,FALSE,,,,,,,,{00000000-0000-0000-0000-000000000000},,,,TRUE,,,,,,,1/1/19,,,0
Faith-Hills Spec. Hx,Faith-Hills Specialist Hospital,FALSE,FALSE,,,"87, Alimosho road, opposite",Alagutan busstop. Nepa office.,LAGOS,,,NIGERIA,,,,,,,,,,,,,,,,11000,,0,,0,FALSE,FALSE,FALSE,FALSE,30,0,0.00000,10000000.00,1,FALSE,FALSE,,,,,,,,{00000000-0000-0000-0000-000000000000},,,,TRUE,,,,,,,1/1/19,,,0
Faith-ill Specialist,Faith-ill Specialist Hospital,FALSE,FALSE,,,"87, Alimosho road, opposite",Alagutan busstop. Nepa office.,LAGOS,,,NIGERIA,,,,,,,,,,,,,,,,11000,,0,,0,FALSE,FALSE,FALSE,FALSE,30,0,0.00000,10000000.00,1,FALSE,FALSE,,,,,,,,{00000000-0000-0000-0000-000000000000},,,,TRUE,,,,,,,1/1/19,,,0
Faleti Medical Centr,Faleti Medical Centre,FALSE,FALSE,,,"98, BAALE STREET, APAPA",LAGOS,Apapa,,,,,,,,,,,,,12911911,,,,,,11000,,0,,0,FALSE,FALSE,FALSE,FALSE,30,0,0.00000,10000000.00,1,FALSE,FALSE,,,,,,,,{00000000-0000-0000-0000-000000000000},,,,TRUE,,,,,,,1/1/19,,,0
Famacare Hospital,Famacare Hospital,FALSE,FALSE,,,Valcanizer B/stop,09070040303,Egbeda,,,,,,,,,,,,,,,,,,"108, Akowonjo Road,",11000,,0,,0,FALSE,TRUE,FALSE,FALSE,30,0,0.00000,2500.00,1,FALSE,FALSE,,,,,,,,{00000000-0000-0000-0000-000000000000},,,,TRUE,,,,,,,12/17/21,,,0
Famasi Africa,Famasi Africa,FALSE,FALSE,,,"8a,Ibukunoluwa Awosika Str,","Chevy View Estate, Off Chevron",Lekki,,,,,"8a,Ibukunoluwa Awosika Str,",Che,,,,,,,09155791549,09155791493,,,,,11000,,0,,0,FALSE,TRUE,FALSE,FALSE,30,0,0.00000,2500.00,1,FALSE,FALSE,,,,,,,,{00000000-0000-0000-0000-000000000000},,,,TRUE,,,,,,,3/29/23,,,0
Family & Friends Hos,Family & Friends Hopsital,FALSE,FALSE,,,"18, Ajayi Aina Street",Near Deeper Life Church,Ifako-Gbagada,,,Lagos,,,,,,,,,,7045464748,,,,,,11000,,0,,0,FALSE,FALSE,FALSE,FALSE,30,0,0.00000,10000000.00,1,FALSE,FALSE,,,,,,,,{00000000-0000-0000-0000-000000000000},,,,TRUE,,,,,,,1/1/19,,,0
Family Clinic,Family Clinic,FALSE,FALSE,,,"25, Ijesha Road, Otun Oba",Surulere,,,,,,,,,,,,,,,,,,,,11000,,2,,0,FALSE,TRUE,FALSE,FALSE,30,0,0.00000,2500.00,1,FALSE,FALSE,,,,,,,,{00000000-0000-0000-0000-000000000000},,,,TRUE,,,,,,,8/13/20,,,0
Fanimed Hospital,Fanimed Hospital,FALSE,FALSE,,,LSDPC HOUSING ESTATE,,OGBA,,,,,,,,,,,,,8077818441,,,,,,11000,,0,,0,FALSE,FALSE,FALSE,FALSE,30,0,0.00000,10000000.00,1,FALSE,FALSE,,,,,,,,{00000000-0000-0000-0000-000000000000},,,,TRUE,,,,,,,1/1/19,,,0
FARAMED HOSPITAL,Faramed HX,FALSE,FALSE,,,IYANA JOJU ROAD.. OTA,7066907480,,,,,,,,,,,,,,,,,,,,11000,,0,,0,FALSE,FALSE,FALSE,FALSE,30,0,0.00000,10000000.00,1,FALSE,FALSE,,,,,,,,{00000000-0000-0000-0000-000000000000},,,,TRUE,,,,,,,1/1/19,,,0
Fasid Pharmacy,Fasid Pharmacy,FALSE,FALSE,,,"2,Ogunusi Road byTraffic Light",08127593072,Omole B/Stop,,,,,,,,,,,,,,,,,,,11000,,0,,0,FALSE,TRUE,FALSE,FALSE,30,0,0.00000,2500.00,1,FALSE,FALSE,,,,,,,,{00000000-0000-0000-0000-000000000000},,,,TRUE,,,,,,,9/16/20,,,0
Federal Medical Cent,Federal Medical Centre,FALSE,FALSE,,,Abeokuta,,,,,,,,,,,,,,,,,,,,,11000,,0,,0,FALSE,FALSE,FALSE,FALSE,30,0,0.00000,10000000.00,1,FALSE,FALSE,,,,,,,,{00000000-0000-0000-0000-000000000000},,,,TRUE,,,,,,,1/1/19,,,0
Fee Paying Pharmacy,Fee Paying Pharmacy Gbagada,FALSE,FALSE,,,,,Gbagada,,,,,,,,,,,,,,,,,,,11000,,0,,0,FALSE,FALSE,FALSE,FALSE,30,0,0.00000,10000000.00,1,FALSE,FALSE,,,,,,,,{00000000-0000-0000-0000-000000000000},,,,TRUE,,,,,,,1/1/19,,,0
Fegan- Ganof Pharma,Fegan - Ganof Pharmacy Ltd,FALSE,FALSE,,,"18b, Fadeyi Street",,IKEJA,,,,,,,,,,,,,,,,,,,11000,,0,,0,FALSE,FALSE,FALSE,FALSE,30,0,0.00000,10000000.00,1,FALSE,FALSE,,,,,,,,{00000000-0000-0000-0000-000000000000},,,,TRUE,,,,,,,1/1/19,,,0
Feglak Clinic,Feglak Clinic,FALSE,FALSE,,,"111 Road,Gowon Estate Ipaja",,,,,,,,,,,,,,,,,,,,,11000,,0,,0,FALSE,FALSE,FALSE,FALSE,30,0,0.00000,10000000.00,1,FALSE,FALSE,,,,,,,,{00000000-0000-0000-0000-000000000000},,,,TRUE,,,,,,,1/1/19,,,0
Fertileville Clinic,Fertileville Fertility And Gynecology,FALSE,FALSE,,,"23, Salvation Road,Opebi Lagos",07026857120,,,,,,,,,,,,,,,,,,,,11000,,2,,0,FALSE,TRUE,FALSE,FALSE,30,0,0.00000,2500.00,1,FALSE,FALSE,,,,,,,,{00000000-0000-0000-0000-000000000000},,,,TRUE,,,,,,,3/17/26,,,0
Fidson Pharmacy,Fidson Pharmaceuticals,FALSE,FALSE,,,"263, Ikorodu Road,OBANIKORO",,Ilupeju,,,,,,,,,,,,,,,,,,,11000,,0,,0,FALSE,FALSE,FALSE,FALSE,30,0,0.00000,10000000.00,1,FALSE,FALSE,,,,,,,,{00000000-0000-0000-0000-000000000000},,,,TRUE,,,,,,,1/1/19,,,0
FineView Specialist,Fineview Specialist Hospital,FALSE,FALSE,,,08025907624,"57,Demurin Rd off Elebiju B/St",Ketu,,,,,,,,,,,,,,,,,,,11000,,0,,0,FALSE,TRUE,FALSE,FALSE,30,0,0.00000,2500.00,1,FALSE,FALSE,,,,,,,,{00000000-0000-0000-0000-000000000000},,,,TRUE,,,,,,,6/16/26,,,0
Finnih Medical Centr,Finnih Hospital,FALSE,FALSE,,,"42, ODUDUWA CRESCENT. Ikeja",G.R.A,,,,,,,,,,,,,,12712765,,,,,,11000,,0,,0,FALSE,FALSE,FALSE,FALSE,30,0,0.00000,10000000.00,1,FALSE,FALSE,,,,,,,,{00000000-0000-0000-0000-000000000000},,,,TRUE,,,,,,,1/1/19,,,0
First Call Pharmacy,First Call Pharmacy,FALSE,FALSE,,,"IKOSI ROAD, 8B DIPO AWOLESI","STREET, MAGODO",Magodo,,,,,,,,,,,,,8032013670,9039000001,,,,,11000,,0,,0,FALSE,FALSE,FALSE,FALSE,30,0,0.00000,10000000.00,1,FALSE,FALSE,,,,,,,,{00000000-0000-0000-0000-000000000000},,,,TRUE,,,,,,,1/1/19,,,0
First Convenant Hosp,First Convenant Hospital,FALSE,FALSE,,,FHA Estate Mission Street,Satellite Town,,,,,,,,,,,,,,,,,,,,11000,,0,,0,FALSE,FALSE,FALSE,FALSE,30,0,0.00000,10000000.00,1,FALSE,FALSE,,,,,,,,{00000000-0000-0000-0000-000000000000},,,,TRUE,,,,,,,1/1/19,,,0
First Dominic Hospit,First Dominic Hospital,FALSE,FALSE,,,Suruluere,,,,,,,,,,,,,,,,,,,,,11000,,0,,0,FALSE,FALSE,FALSE,FALSE,30,0,0.00000,10000000.00,1,FALSE,FALSE,,,,,,,,{00000000-0000-0000-0000-000000000000},,,,TRUE,,,,,,,1/1/19,,,0
First Ultren PX,First Ultren Pharmacy Ltd,FALSE,FALSE,,,"53, GOVERNORS ROAD, IKOTUN",road Ikotun 08036759708,,,,,,,,,,,,,,8036759708,,,,,,11000,,0,,0,FALSE,FALSE,FALSE,FALSE,30,0,0.00000,10000000.00,1,FALSE,FALSE,,,,,,,,{00000000-0000-0000-0000-000000000000},,,,TRUE,,,,,,,1/1/19,,,0
Fit Child Centre,Fit Child Centre,FALSE,FALSE,,,"14B, Titilayo Adedoyin",Omole Phase 1,Omole,,,,,,,,,,,,,,,,,,,11000,,0,,0,FALSE,FALSE,FALSE,FALSE,30,0,0.00000,10000000.00,1,FALSE,FALSE,,,,,,,,{00000000-0000-0000-0000-000000000000},,,,TRUE,,,,,,,1/1/19,,,0
Flexi Pharma,Flexi Pharma,FALSE,FALSE,,,"27, Acme Road, Ogba Ikeja",08136258878,,,,,,,,,,,,,,,,,,,,11000,,2,,0,FALSE,TRUE,FALSE,FALSE,30,0,0.00000,2500.00,1,FALSE,FALSE,,,,,,,,{00000000-0000-0000-0000-000000000000},,,,TRUE,,,,,,,7/3/25,,,0
FLOURISH LAB,FLOURISH LABORATORY,FALSE,FALSE,,,"ULTIMATE PLAZA, OPIC",ISHERI NORTH G.R.A,,,,,,,,,,,,,,8025052997,,,,,,11000,,0,,0,FALSE,FALSE,FALSE,FALSE,30,0,0.00000,10000000.00,1,FALSE,FALSE,,,,,,,,{00000000-0000-0000-0000-000000000000},,,,TRUE,,,,,,,1/1/19,,,0
FMC,FMC Ebute Metta,FALSE,FALSE,,,,,,,,NIGERIA,,,,,,,,,,,,,,,,40000,,0,,0,FALSE,FALSE,FALSE,FALSE,30,0,0.00000,10000000.00,1,FALSE,FALSE,,,,,,,,{00000000-0000-0000-0000-000000000000},,,,TRUE,,,,,,,1/1/19,,,0
Folabi Medical Centr,Folabi Medical Centre,FALSE,FALSE,,,"78, Oworo Rd",Oworosoki,Oworosoki,,,,,,,,,,,,,,,,,,,11000,,0,,0,FALSE,FALSE,FALSE,FALSE,30,0,0.00000,10000000.00,1,FALSE,FALSE,,,,,,,,{00000000-0000-0000-0000-000000000000},,,,TRUE,,,,,,,1/1/19,,,0
Folarin Coker Clinic,Folarin Coker Staff Clinic,FALSE,FALSE,,,Alausa Secretariat,08033598338,Ikeja,,,,,,,,,,,,,,,,,,,11000,,0,,0,FALSE,TRUE,FALSE,FALSE,30,0,0.00000,2500.00,1,FALSE,FALSE,,,,,,,,{00000000-0000-0000-0000-000000000000},,,,TRUE,,,,,,,3/1/21,,,0
Fontana Pharmacy,Fontana Pharmacy,FALSE,FALSE,,,"28,OGUNLANA STREET",SURULERA,,,,,,,,,,,,,,8037165551,,,,,,11000,,0,,0,FALSE,FALSE,FALSE,FALSE,30,0,0.00000,10000000.00,1,FALSE,FALSE,,,,,,,,{00000000-0000-0000-0000-000000000000},,,,TRUE,,,,,,,1/1/19,,,0
Fontana Px Ijebu Ode,Fontana Pharmacy Ijebu Ode,FALSE,FALSE,,,"98, Ibadan Road. Ijebu Ode",08033190277,,,,,,,,,,,,,,,,,,,,11000,,2,,0,FALSE,TRUE,FALSE,FALSE,30,0,0.00000,2500.00,1,FALSE,FALSE,,,,,,,,{00000000-0000-0000-0000-000000000000},,,,TRUE,,,,,,,12/9/22,,,0
Fortress Hospital,Fortress Hospital,FALSE,FALSE,,,"3, Kasumu Street",Shangisha,Magodo,,,,,,,,,,,,,,,,,,,11000,,0,,0,FALSE,FALSE,FALSE,FALSE,30,0,0.00000,10000000.00,1,FALSE,FALSE,,,,,,,,{00000000-0000-0000-0000-000000000000},,,,TRUE,,,,,,,1/1/19,,,0
Fountain Medical Px,Fountain Medical Pharmacy.,FALSE,FALSE,,,Sangotedo.,,,,,,,,,,,,,,,,,,,,,11000,,0,,0,FALSE,FALSE,FALSE,FALSE,30,0,0.00000,10000000.00,1,FALSE,FALSE,,,,,,,,{00000000-0000-0000-0000-000000000000},,,,TRUE,,,,,,,1/1/19,,,0
Francesca Robinson,Francesca Robinson,FALSE,FALSE,,,7041314717,"1, Muri Okunola street",Victoria Island,,,,,,,,,,,,,,,,,,,11000,,0,,0,FALSE,FALSE,FALSE,FALSE,30,0,0.00000,10000000.00,1,FALSE,FALSE,,,,,,,,{00000000-0000-0000-0000-000000000000},,,,TRUE,,,,,,,1/1/19,,,0
Frank Child Pharmacy,Frank Child Pharmacy,FALSE,FALSE,,,2A Oseni Street by Progress,Estate iba junction,,,,,,,,,,,,,,,,,,,,11000,,0,,0,FALSE,FALSE,FALSE,FALSE,30,0,0.00000,10000000.00,1,FALSE,FALSE,,,,,,,,{00000000-0000-0000-0000-000000000000},,,,TRUE,,,,,,,1/1/19,,,0
Free World Health,Free World Health Initiative,FALSE,FALSE,,,"Idowu Estate, Ajah.",08062233152,,,,,,,,,,,,,,,,,,,"7, Mohammed Abu Street,",11000,,2,,0,FALSE,TRUE,FALSE,FALSE,30,0,0.00000,2500.00,1,FALSE,FALSE,,,,,,,,{00000000-0000-0000-0000-000000000000},,,,TRUE,,,,,,,9/17/21,,,0
Funkett Pharmacy,Funkett Pharmacy,FALSE,FALSE,,,,8033156922,Igando,,,,,,,,,,,,,,,,,,,11000,,0,,0,FALSE,FALSE,FALSE,FALSE,30,0,0.00000,10000000.00,1,FALSE,FALSE,,,,,,,,{00000000-0000-0000-0000-000000000000},,,,TRUE,,,,,,,1/1/19,,,0
G&S MEDICAL & DENTAL,G&S MEDICAL &  DENTAL HX,FALSE,FALSE,,,"15, MUYIBI STREET, 1ST JUNCTIO",OKE IRA ROAD OPP EXCELLENT HOT,,,,NIGERIA,,,,,,,,,,,,,,,,11000,,0,,0,FALSE,FALSE,FALSE,FALSE,30,0,0.00000,10000000.00,1,FALSE,FALSE,,,,,,,,{00000000-0000-0000-0000-000000000000},,,,TRUE,,,,,,,1/1/19,,,0
G.Rafa Hospital,G.Rafa Hospital,FALSE,FALSE,,,6 Aare Avenue,Ibadan,,,,,,,,,,,,,,,,,,,,11000,,0,,0,FALSE,FALSE,FALSE,FALSE,30,0,0.00000,10000000.00,1,FALSE,FALSE,,,,,,,,{00000000-0000-0000-0000-000000000000},,,,TRUE,,,,,,,1/1/19,,,0
General Hosp Apatta,General Hospital Apatta Ibadan,FALSE,FALSE,,,"General Hospital Apata, ibadan",Mrs Ibitunde Iyabo 08062072331,,,,,,,,,,,,,,,,,,,,11000,,0,,0,FALSE,TRUE,FALSE,FALSE,30,0,0.00000,2500.00,1,FALSE,FALSE,,,,,,,,{00000000-0000-0000-0000-000000000000},,,,TRUE,,,,,,,2/14/25,,,0
General Hosp Otta,General Hosp Otta Mrs Aderoju,FALSE,FALSE,,,8023629027,,,,,,,,,,,,,,,,,,,,,11000,,0,,0,FALSE,FALSE,FALSE,FALSE,30,0,0.00000,10000000.00,1,FALSE,FALSE,,,,,,,,{00000000-0000-0000-0000-000000000000},,,,TRUE,,,,,,,1/1/19,,,0
General Hosp. Ifako,General Hospital Ifako Ijaiye,FALSE,FALSE,,,Ifako Ijaiye,,,,,,,,,,,,,,,,,,,,,11000,,0,,0,FALSE,FALSE,FALSE,FALSE,30,0,0.00000,10000000.00,1,FALSE,FALSE,,,,,,,,{00000000-0000-0000-0000-000000000000},,,,TRUE,,,,,,,1/1/19,,,0
General Hospital,General Hospital,FALSE,FALSE,,,Surulere,,,,,,,,,,,,,,,,,,,,,11000,,0,,0,FALSE,FALSE,FALSE,FALSE,30,0,0.00000,10000000.00,1,FALSE,FALSE,,,,,,,,{00000000-0000-0000-0000-000000000000},,,,TRUE,,,,,,,1/1/19,,,0
General Hospital Ota,General Hospital Ota,FALSE,FALSE,,,Kilometre 4 Idiroko Road Sango,Ota Ado-Odo,Ota,,,,,,,,,,,,,,,,,,,11000,,0,,0,FALSE,FALSE,FALSE,FALSE,30,0,0.00000,10000000.00,1,FALSE,FALSE,,,,,,,,{00000000-0000-0000-0000-000000000000},,,,TRUE,,,,,,,1/1/19,,,0
Genesis Hospital,Genesis Hospital,FALSE,FALSE,,,"26,talabi Str,Off Adeniyi",Jones,IKEJA,,,NIGERIA,,,,,,,,,,8068712497,,,,,,40000,,0,,0,FALSE,FALSE,FALSE,FALSE,30,0,0.00000,10000000.00,1,FALSE,FALSE,,,,,,,,{00000000-0000-0000-0000-000000000000},,,,TRUE,,,,,,,1/1/19,,,0
Gent- Albert Hospita,Gent- Albert Hospital,FALSE,FALSE,,,Dr Theophilus 37 Channel Tv,"Road Opic,Ogun State",,,,,,,,,,,,,,8067798118,,,,,,11000,,0,,0,FALSE,FALSE,FALSE,FALSE,30,0,0.00000,10000000.00,1,FALSE,FALSE,,,,,,,,{00000000-0000-0000-0000-000000000000},,,,TRUE,,,,,,,1/1/19,,,0
Get well HX,Get well HX,FALSE,FALSE,,,"No 15, Amudatu Street",Aguda Ogba,,,,,,,,,,,,,,,,,,,,11000,,0,,0,FALSE,TRUE,FALSE,FALSE,30,0,0.00000,2500.00,1,FALSE,FALSE,,,,,,,,{00000000-0000-0000-0000-000000000000},,,,TRUE,,,,,,,10/27/21,,,0
GH Ajeromi Apapa c/o,GH Ajeromi Apapa c/o Maka,FALSE,FALSE,,,Apapa,,,,,NIGERIA,,,,,,,,,,7059821670,,,,,,40000,,0,,0,FALSE,FALSE,FALSE,FALSE,30,0,0.00000,10000000.00,1,FALSE,FALSE,,,,,,,,{00000000-0000-0000-0000-000000000000},,,,TRUE,,,,,,,1/1/19,,,0
GH Akodo Ibeju Lekki,GH Akodo Ibeju Lekki,FALSE,FALSE,Abike,Fadousi,Akodo Ibeju Lekki,08183811824,,,,,,,,,,,,,,08183811824,,,,,,11000,,0,,0,FALSE,TRUE,FALSE,FALSE,30,0,0.00000,2500.00,1,FALSE,FALSE,,,,,,,,{00000000-0000-0000-0000-000000000000},,,,TRUE,,,,,,,6/25/21,,,0
GH Alimosho,GH Alimosho,FALSE,FALSE,,,,,Alimosho,,,,,,,,,,,,,9035648741,,,,,,11000,,0,,0,FALSE,FALSE,FALSE,FALSE,30,0,0.00000,10000000.00,1,FALSE,FALSE,,,,,,,,{00000000-0000-0000-0000-000000000000},,,,TRUE,,,,,,,1/1/19,,,0
GH Gbagada,General Hospital Gbagada,FALSE,FALSE,,,,,Gbagada,,,,,,,,,,,,,,,,,,,11000,,0,,0,FALSE,FALSE,FALSE,FALSE,30,0,0.00000,10000000.00,1,FALSE,FALSE,,,,,,,,{00000000-0000-0000-0000-000000000000},,,,TRUE,,,,,,,1/1/19,,,0
GH Igando Fee Paying,GH Igando Fee Paying,FALSE,FALSE,,,Alimosho.,,,,,,,,,,,,,,,,,,,,,11000,,2,,0,FALSE,TRUE,FALSE,FALSE,30,0,0.00000,2500.00,1,FALSE,FALSE,,,,,,,,{00000000-0000-0000-0000-000000000000},,,,TRUE,,,,,,,11/12/20,,,0
Gh Ikorodu,"General Hospital, Ikorodu",FALSE,FALSE,,,Ikorodu,,,,,,,,,,,,,,,,,,,,,11000,,0,,0,FALSE,FALSE,FALSE,FALSE,30,0,0.00000,10000000.00,1,FALSE,FALSE,,,,,,,,{00000000-0000-0000-0000-000000000000},,,,TRUE,,,,,,,1/1/19,,,0
GH IKORODU PAEDIA,GH IKORODU PAEDIATRIC DEPT,FALSE,FALSE,,,Ikorodu,,,,,,,,,,,,,,,,,,,,,11000,,0,,0,FALSE,FALSE,FALSE,FALSE,30,0,0.00000,10000000.00,1,FALSE,FALSE,,,,,,,,{00000000-0000-0000-0000-000000000000},,,,TRUE,,,,,,,1/1/19,,,0
GH ISOLO,GH ISOLO,FALSE,FALSE,,,ISOLO,,LAGOS,,,NIGERIA,,,,,,,,,,,,,,,,11000,,0,,0,FALSE,FALSE,FALSE,FALSE,30,0,0.00000,10000000.00,1,FALSE,FALSE,,,,,,,,{00000000-0000-0000-0000-000000000000},,,,TRUE,,,,,,,1/1/19,,,0
GH Isolo c/o Sickle,GH Isolo c/o Sickle Cell Foundation,FALSE,FALSE,,,Isolo,,Isolo,,,,,,,,,,,,,,,,,,,11000,,0,,0,FALSE,FALSE,FALSE,FALSE,30,0,0.00000,10000000.00,1,FALSE,FALSE,,,,,,,,{00000000-0000-0000-0000-000000000000},,,,TRUE,,,,,,,1/1/19,,,0
GH Orile Agege,General Hospital Orile Agege,FALSE,FALSE,,,Orile Agege,,,,,,,,,,,,,,,,,,,,,11000,,0,,0,FALSE,FALSE,FALSE,FALSE,30,0,0.00000,10000000.00,1,FALSE,FALSE,,,,,,,,{00000000-0000-0000-0000-000000000000},,,,TRUE,,,,,,,1/1/19,,,0
GH Randle,GH Randle,FALSE,FALSE,,,,,,,,,,,,,,,,,,,,,,,,11000,,0,,0,FALSE,FALSE,FALSE,FALSE,30,0,0.00000,10000000.00,1,FALSE,FALSE,,,,,,,,{00000000-0000-0000-0000-000000000000},,,,TRUE,,,,,,,1/1/19,,,0
Gifted Hands Hospita,Gifted Hands Hospital,FALSE,FALSE,,,"68, GbemisoLA Adenubi strt.",Off  Grandmate bstp.Ago Palace,,,,,,,,,,,,,,08137188602,,,,,,11000,,2,,0,FALSE,TRUE,FALSE,FALSE,30,0,0.00000,2500.00,1,FALSE,FALSE,,,,,,,,{00000000-0000-0000-0000-000000000000},,,,TRUE,,,,,,,7/3/20,,,0
Gilbalm Pharmacy,Gilbalm Pharmacy,FALSE,FALSE,,,Mr Biggs Building Idiroko Rd,"Sango Ota,Ogun State",08177743006,,,,,,,,,,,,,8034006406,,,,,,11000,,0,,0,FALSE,FALSE,FALSE,FALSE,30,0,0.00000,10000000.00,1,FALSE,FALSE,,,,,,,,{00000000-0000-0000-0000-000000000000},,,,TRUE,,,,,,,1/1/19,,,0
Glad Tiding Med Cent,Glad Tiding Med Centre,FALSE,FALSE,,,"1, Church Str (Amusa Alabi Str",off Gbadamosi Opesa Str Opeki,Ipaja,,,,,,,,,,,,,,,,,,,11000,,0,,0,FALSE,FALSE,FALSE,FALSE,30,0,0.00000,10000000.00,1,FALSE,FALSE,,,,,,,,{00000000-0000-0000-0000-000000000000},,,,TRUE,,,,,,,1/1/19,,,0
Gladida  Pharmacy Ab,Gladida  Pharmacy Abuja C/o Obiora,FALSE,FALSE,,,Abuja,,,,,NIGERIA,,,,,,,,,,,,,,,,40000,,0,,0,FALSE,FALSE,FALSE,FALSE,30,0,0.00000,10000000.00,1,FALSE,FALSE,,,,,,,,{00000000-0000-0000-0000-000000000000},,,,TRUE,,,,,,,1/1/19,,,0
Gleneagles Hospital,Gleneagles Hospital,FALSE,FALSE,,,"7,Ojo Olubon Close Danmole Str",V/Island. 08081000989,Victoria Island,,,NIGERIA,,,,,,,,,,8081000989,,,,,,40000,,0,,0,FALSE,FALSE,FALSE,FALSE,30,0,0.00000,10000000.00,1,FALSE,FALSE,,,,,,,,{00000000-0000-0000-0000-000000000000},,,,TRUE,,,,,,,1/1/19,,,0
GLENEAGLES HX,Gleneagles Hospital,FALSE,FALSE,,,"14A, Awori Crescent Ilupeju",,ILUPEJU,,,,,,,,,,,,,,,,,,,11000,,0,,0,FALSE,FALSE,FALSE,FALSE,30,0,0.00000,10000000.00,1,FALSE,FALSE,,,,,,,,{00000000-0000-0000-0000-000000000000},,,,TRUE,,,,,,,1/1/19,,,0
Global Immunisation,Globa Immunisation Centre,FALSE,FALSE,,,kings cross plaza beside,"palm shoping mall, fate road",ILLORIN,,,Nigeria,,,,,,,,,,8038403481,8099780734,,,,,11000,,0,,0,FALSE,FALSE,FALSE,FALSE,30,0,0.00000,10000000.00,1,FALSE,FALSE,,,,,,,,{00000000-0000-0000-0000-000000000000},,,,TRUE,,,,,,,1/1/19,,,0
GLOBAL LIGHT RESERCH,GLOBAL LIGHT RESERCH & MEDICAL OUTREACH,FALSE,FALSE,,,OGBOMOSO,,,,,,,,,,,,,,,08066449826,,,globallightDRC@gmail.com,,,11000,,2,,0,FALSE,TRUE,FALSE,FALSE,30,0,0.00000,2500.00,1,FALSE,FALSE,,,,,,,,{00000000-0000-0000-0000-000000000000},,,,TRUE,,,,,,,2/26/20,,,0
Glopharm Healthcare,Glopharm Healthcare,FALSE,FALSE,,,"49, ESA SQUARE, OJO",off volks,,,,,,,,,,,,,,,,,,,8023182363,11000,,0,,0,FALSE,FALSE,FALSE,FALSE,30,0,0.00000,10000000.00,1,FALSE,FALSE,,,,,,,,{00000000-0000-0000-0000-000000000000},,,,TRUE,,,,,,,1/1/19,,,0
Gloria Hospital,Gloria Hospital,FALSE,FALSE,,,"9,Oladeinde str.Anthony Villag",off Idi Iroko bus stop,,,,,,,,,,,,,,,,,,,,11000,,0,,0,FALSE,FALSE,FALSE,FALSE,30,0,0.00000,10000000.00,1,FALSE,FALSE,,,,,,,,{00000000-0000-0000-0000-000000000000},,,,TRUE,,,,,,,1/1/19,,,0
"God"s Apple City Hx",God's Apple City Hospital,FALSE,FALSE,,,"No 2, Isheri Holiday Inn","Off Olaleke Taiwo, Ojodu",,,,,,,,,,,,,,,,,,,,11000,,2,,0,FALSE,TRUE,FALSE,FALSE,30,0,0.00000,2500.00,1,FALSE,FALSE,,,,,,,,{00000000-0000-0000-0000-000000000000},,,,TRUE,,,,,,,11/1/23,,,0
God's Convenant,God's Convenant Clinic,FALSE,FALSE,,,Oworosoki,,,,,,,,,,,,,,,,,,,,,11000,,0,,0,FALSE,FALSE,FALSE,FALSE,30,0,0.00000,10000000.00,1,FALSE,FALSE,,,,,,,,{00000000-0000-0000-0000-000000000000},,,,TRUE,,,,,,,1/1/19,,,0
God's Power Clinic,God's Power Clinic,FALSE,FALSE,,,"321 Road,C Close House 7",Festac,,,,,,,,,,,,,,,,,,,,11000,,0,,0,FALSE,FALSE,FALSE,FALSE,30,0,0.00000,10000000.00,1,FALSE,FALSE,,,,,,,,{00000000-0000-0000-0000-000000000000},,,,TRUE,,,,,,,1/1/19,,,0
Gold Bond Pharmacy,Gold Bond Pharmacy,FALSE,FALSE,,,8054176004,Ile-Epo B/Stop Orile Agege,Agege,,,,,,,,,,,,,,,,,,,11000,,0,,0,FALSE,FALSE,FALSE,FALSE,30,0,0.00000,10000000.00,1,FALSE,FALSE,,,,,,,,{00000000-0000-0000-0000-000000000000},,,,TRUE,,,,,,,1/1/19,,,0
Gold Cross Hospital,Gold Cross Hospital,FALSE,FALSE,,,"11,Isaac John Street,","GRA,",IKEJA,,,,,,,,,,,,,,,,,,,11000,,0,,0,FALSE,FALSE,FALSE,FALSE,30,0,0.00000,10000000.00,1,FALSE,FALSE,,,,,,,,{00000000-0000-0000-0000-000000000000},,,,TRUE,,,,,,,1/1/19,,,0
Golden Cross Hospita,Golden Cross Hospital,FALSE,FALSE,,,22 ROAD,BESIDE HOLY FAMILY,FESTAC,,,,,,,,,,,,,,,,,,,11000,,0,,0,FALSE,FALSE,FALSE,FALSE,30,0,0.00000,10000000.00,1,FALSE,FALSE,,,,,,,,{00000000-0000-0000-0000-000000000000},,,,TRUE,,,,,,,1/1/19,,,0
Goldmark Pharm,Goldmark Pharmacy,FALSE,FALSE,,,8032374776,,,,,,,,,,,,,,,,,,,,,11000,,0,,0,FALSE,FALSE,FALSE,FALSE,30,0,0.00000,10000000.00,1,FALSE,FALSE,,,,,,,,{00000000-0000-0000-0000-000000000000},,,,TRUE,,,,,,,1/1/19,,,0
Good Grace HealthCar,Good Grace HealthCare Services,FALSE,FALSE,,,"5th Avenue, O Close",House 15 Festac Town,FESTAC,,,,,,,,,,,,,,,,,,,11000,,0,,0,FALSE,FALSE,FALSE,FALSE,30,0,0.00000,10000000.00,1,FALSE,FALSE,,,,,,,,{00000000-0000-0000-0000-000000000000},,,,TRUE,,,,,,,1/1/19,,,0
Good seed hospital,Good seed hospital,FALSE,FALSE,,,Opposite Faith City Hospital,Ajao Estate,,,,,,,,,,,,,,,,,,,,11000,,0,,0,FALSE,FALSE,FALSE,FALSE,30,0,0.00000,10000000.00,1,FALSE,FALSE,,,,,,,,{00000000-0000-0000-0000-000000000000},,,,TRUE,,,,,,,1/1/19,,,0
Goscel Pharmacy,Goscel Pharmacy,FALSE,FALSE,,,Okunola road by mayowa olakany,str Aregbesola health centre,,,,,,,,,,,,,,,,,,,,11000,,0,,0,FALSE,FALSE,FALSE,FALSE,30,0,0.00000,10000000.00,1,FALSE,FALSE,,,,,,,,{00000000-0000-0000-0000-000000000000},,,,TRUE,,,,,,,1/1/19,,,0
Gover Medical VI,Gover Medical VI,FALSE,FALSE,,,"81A, Younis Bashorun Strt,Off","Ajose Adeogun strt, VI.",Pharm IK,,,08062897386,,,,,,,,,,,,,,,,11000,,2,,0,FALSE,TRUE,FALSE,FALSE,30,0,0.00000,2500.00,1,FALSE,FALSE,,,,,,,,{00000000-0000-0000-0000-000000000000},,,,TRUE,,,,,,,1/26/21,,,0
Grace Field Hospital,Grace Field Hospital,FALSE,FALSE,,,Ago Palace way,,Okota,,,NIGERIA,,,,,,,,,,8037406455,,,,,,40000,,0,,0,FALSE,FALSE,FALSE,FALSE,30,0,0.00000,10000000.00,1,FALSE,FALSE,,,,,,,,{00000000-0000-0000-0000-000000000000},,,,TRUE,,,,,,,1/1/19,,,0
Grace Spring Hospita,Grace Spring Hospital,FALSE,FALSE,,,Ilupeju,,,,,,,,,,,,,,,,,,,,,11000,,0,,0,FALSE,FALSE,FALSE,FALSE,30,0,0.00000,10000000.00,1,FALSE,FALSE,,,,,,,,{00000000-0000-0000-0000-000000000000},,,,TRUE,,,,,,,1/1/19,,,0
Grace Valley Hospita,Grace Valley hospital,FALSE,FALSE,,,"62, Ago Palace way,",opp Polaris bank okota.,,,,NIGERIA,,,,,,,,,,,,,,,,40000,,0,,0,FALSE,FALSE,FALSE,FALSE,30,0,0.00000,10000000.00,1,FALSE,FALSE,,,,,,,,{00000000-0000-0000-0000-000000000000},,,,TRUE,,,,,,,1/1/19,,,0
Grams Pharmaceutical,Grams Pharmaceuticals Ltd,FALSE,FALSE,,,c/o UDOBA Foundation Complex,MCC Road by Methodist B/Stop,,,,,,,,,,,,,,8033303349,,,,,,11000,,0,,0,FALSE,FALSE,FALSE,FALSE,30,0,0.00000,10000000.00,1,FALSE,FALSE,,,,,,,,{00000000-0000-0000-0000-000000000000},,,,TRUE,,,,,,,1/1/19,,,0
Grange School,Grange School,FALSE,FALSE,,,MOBOLAJI BANK ANTHONY WAY,IKEJA,,,,,,,,,,,,,,12957630,,,,,,11000,,0,,0,FALSE,FALSE,FALSE,FALSE,30,0,0.00000,10000000.00,1,FALSE,FALSE,,,,,,,,{00000000-0000-0000-0000-000000000000},,,,TRUE,,,,,,,1/1/19,,,0
Grays Cardiology Cen,Grays Cardiology Centre,FALSE,FALSE,,,"6A, Oladipo Bateye Str, Ikeja",GRA. 08091564888,,,,,,,,,,,,,,,,,,,,11000,,0,,0,FALSE,FALSE,FALSE,FALSE,30,0,0.00000,10000000.00,1,FALSE,FALSE,,,,,,,,{00000000-0000-0000-0000-000000000000},,,,TRUE,,,,,,,1/1/19,,,0
Great Ark Hospital,Great Ark Hospital,FALSE,FALSE,,,,,,,,Akowonjo,,,,,,,,,,,,,,,,11000,,0,,0,FALSE,FALSE,FALSE,FALSE,30,0,0.00000,10000000.00,1,FALSE,FALSE,,,,,,,,{00000000-0000-0000-0000-000000000000},,,,TRUE,,,,,,,1/1/19,,,0
Greenfield Pharmacy,Greenfield Pharmacy,FALSE,FALSE,,,"Afolabi Bustop, Lasu Express","Road, Lagos. 08104065606",,,,,,,,,,,,,,,,,,,"1, Ebute Kekere Street,",11000,,2,,0,FALSE,TRUE,FALSE,FALSE,30,0,0.00000,2500.00,1,FALSE,FALSE,,,,,,,,{00000000-0000-0000-0000-000000000000},,,,TRUE,,,,,,,10/8/21,,,0
Greenwood Hospital,Greenwood Hospital,FALSE,FALSE,,,"1, odulami street, Off Akilo",ikeja. Dr Adeyemi,08065548301,,,,,,,,,,,,,,,,,,,11000,,2,,0,FALSE,TRUE,FALSE,FALSE,30,0,0.00000,2500.00,1,FALSE,FALSE,,,,,,,,{00000000-0000-0000-0000-000000000000},,,,TRUE,,,,,,,5/25/22,,,0
Greyscopes Urology,Greyscopes Urology,FALSE,FALSE,,,Centre for advanced specialty,"surgery. 9b,Idejo street VI",LAGOS,,,09072525094,,,,,,,,,,,,,,,,11000,,2,,0,FALSE,TRUE,FALSE,FALSE,30,0,0.00000,2500.00,1,FALSE,FALSE,,,,,,,,{00000000-0000-0000-0000-000000000000},,,,TRUE,,,,,,,5/30/24,,,0
Gsk Rep,Gsk Rep,FALSE,FALSE,,,,,,,,,,,,,,,,,,,,,,,,11000,,0,,0,FALSE,FALSE,FALSE,FALSE,30,0,0.00000,10000000.00,1,FALSE,FALSE,,,,,,,,{00000000-0000-0000-0000-000000000000},,,,TRUE,,,,,,,1/1/19,,,0
Gsk-Staff,Gsk-Staff,FALSE,FALSE,,,,,,,,,,,,,,,,,,,,,,,,11000,,0,,0,FALSE,FALSE,FALSE,FALSE,30,0,0.00000,10000000.00,1,FALSE,FALSE,,,,,,,,{00000000-0000-0000-0000-000000000000},,,,TRUE,,,,,,,1/1/19,,,0
GSK-Worldwide,Gsk-Worldwide Commercial,FALSE,FALSE,,,,,,,,,,,,,,,,,,,,,,,,11000,,0,,0,FALSE,FALSE,FALSE,FALSE,30,0,0.00000,10000000.00,1,FALSE,FALSE,,,,,,,,{00000000-0000-0000-0000-000000000000},,,,TRUE,,,,,,,1/1/19,,,0
Guard Life Pharm LTD,Guard Life Pharma,FALSE,FALSE,,,"8, Ajibade Babatola Street",off Chirita Avenue Ajao Estate,LAGOS,,,,,,,,,,,,,,,,,,,11000,,0,,0,FALSE,FALSE,FALSE,FALSE,30,0,0.00000,10000000.00,1,FALSE,FALSE,,,,,,,,{00000000-0000-0000-0000-000000000000},,,,TRUE,,,,,,,1/1/19,,,0
Hadunni Ent. Jakanda,Hadunni Ent. Jakanda,FALSE,FALSE,,,8125464132,Jakande Estate,,,,,,,,,,,,,,,,,,,,11000,,0,,0,FALSE,FALSE,FALSE,FALSE,30,0,0.00000,10000000.00,1,FALSE,FALSE,,,,,,,,{00000000-0000-0000-0000-000000000000},,,,TRUE,,,,,,,1/1/19,,,0
Hale Clinic,Hale Clinic,FALSE,FALSE,,,"19D Bush Street, Anthony",Village. 08180204398,,,,,,,,,,,,,,,,,,,,11000,,2,,0,FALSE,TRUE,FALSE,FALSE,30,0,0.00000,2500.00,1,FALSE,FALSE,,,,,,,,{00000000-0000-0000-0000-000000000000},,,,TRUE,,,,,,,2/9/24,,,0
Halisa Gold Hospital,Halisa Gold Hospital,FALSE,FALSE,,,"100, Baale Str, Olodi Apapa",New Road B/stop 08033061306,,,,,,,,,,,,,,,,,,,,11000,,0,,0,FALSE,FALSE,FALSE,FALSE,30,0,0.00000,10000000.00,1,FALSE,FALSE,,,,,,,,{00000000-0000-0000-0000-000000000000},,,,TRUE,,,,,,,1/1/19,,,0
Hamkad Hospital,Hamkad Hospital,FALSE,FALSE,,,"39, OLAWALE COLE STREET,",ABULE EGBA.,LAGOS,,,,,,,,,,,,,,,,,,,11000,,0,,0,FALSE,FALSE,FALSE,FALSE,30,0,0.00000,10000000.00,1,FALSE,FALSE,,,,,,,,{00000000-0000-0000-0000-000000000000},,,,TRUE,,,,,,,1/1/19,,,0
HARRIET OGUNTADE,HARRIET OGUNTADE,FALSE,FALSE,,,"11, FADEYI ALADURA STRT, OFF",BALOGUN. OBAFEMI AWOLOWO WAY,IKEJA,,,08090299626,,,,,,,,,,09083511984,,,,,,11000,,2,,0,FALSE,TRUE,FALSE,FALSE,30,0,0.00000,2500.00,1,FALSE,FALSE,,,,,,,,{00000000-0000-0000-0000-000000000000},,,,TRUE,,,,,,,2/19/20,,,0
Hartwell Hospital,Hartwell Hospital.,FALSE,FALSE,,,"10, Babatunde Jose Strt,","Victoria island, Lagos",08058923927,,,,,,,,,,,,,,,,,,,11000,,2,,0,FALSE,TRUE,FALSE,FALSE,30,0,0.00000,2500.00,1,FALSE,FALSE,,,,,,,,{00000000-0000-0000-0000-000000000000},,,,TRUE,,,,,,,11/9/20,,,0
Harvey Road Health C,Harvey Road Health Centre,FALSE,FALSE,,,"8, harvey road Yaba",,,,,,,,,,,,,,,8061680666,7028437509,,,,,11000,,0,,0,FALSE,FALSE,FALSE,FALSE,30,0,0.00000,10000000.00,1,FALSE,FALSE,,,,,,,,{00000000-0000-0000-0000-000000000000},,,,TRUE,,,,,,,1/1/19,,,0
Havanna,Havanna,FALSE,FALSE,,,"155,AKERELE STREET, SURULERE",,,,,,,,,,,,,,,8027272727,,,,,,11000,,0,,0,FALSE,FALSE,FALSE,FALSE,30,0,0.00000,10000000.00,1,FALSE,FALSE,,,,,,,,{00000000-0000-0000-0000-000000000000},,,,TRUE,,,,,,,1/1/19,,,0
Haven Peadiatric,Haven Peadiatric Practice,FALSE,FALSE,,,"3c, Oba Dosumu street,","Off Isaac John, GRA Ikeja",08161713397,,,,,,,,,,,,,,,,,,,11000,,2,,0,FALSE,TRUE,FALSE,FALSE,30,0,0.00000,2500.00,1,FALSE,FALSE,,,,,,,,{00000000-0000-0000-0000-000000000000},,,,TRUE,,,,,,,5/23/25,,,0
Haven Pharm,HAVEN PHARM,FALSE,FALSE,,,ABDUL QUADRI ADEBIYI STREET,MAGODO,,,,NIGERIA,,,,,,,,,,,,,,,,11000,,0,,0,FALSE,FALSE,FALSE,FALSE,30,0,0.00000,10000000.00,1,FALSE,FALSE,,,,,,,,{00000000-0000-0000-0000-000000000000},,,,TRUE,,,,,,,1/1/19,,,0
Haven Pharmacy,Haven Pharmacy,FALSE,FALSE,,,116 Ogudu Road,CCD Supermarket,Ogudu,,,,,,,,,,,,,,,,,,,11000,,0,,0,FALSE,FALSE,FALSE,FALSE,30,0,0.00000,10000000.00,1,FALSE,FALSE,,,,,,,,{00000000-0000-0000-0000-000000000000},,,,TRUE,,,,,,,1/1/19,,,0
Healing Cross,Healing Cross,FALSE,FALSE,,,"APENA STREET, ILASAMAJA",,,,,,,,,,,,,,,,,,,,,11000,,0,,0,FALSE,FALSE,FALSE,FALSE,30,0,0.00000,10000000.00,1,FALSE,FALSE,,,,,,,,{00000000-0000-0000-0000-000000000000},,,,TRUE,,,,,,,1/1/19,,,0
Healing field Hosp,Healing field Hospital,FALSE,FALSE,,,,,,,,,,,,,,,,,,,,,,,,11000,,0,,0,FALSE,FALSE,FALSE,FALSE,30,0,0.00000,10000000.00,1,FALSE,FALSE,,,,,,,,{00000000-0000-0000-0000-000000000000},,,,TRUE,,,,,,,1/1/19,,,0
Healing Stripes Hosp,Healing Stripes Hospital,FALSE,FALSE,,,"OFF OBA ONIRU ROAD, MAKOKO",LEKKI,,,,,,,,,,,,,,,,,,,,11000,,0,,0,FALSE,FALSE,FALSE,FALSE,30,0,0.00000,10000000.00,1,FALSE,FALSE,,,,,,,,{00000000-0000-0000-0000-000000000000},,,,TRUE,,,,,,,1/1/19,,,0
Health Compass Consu,Health Compass Consult,FALSE,FALSE,,,Mr Yomi- 08098909988,"6,Gbaja Street",Surulere,,,,,,,,,,,,,,,,,,,11000,,0,,0,FALSE,FALSE,FALSE,FALSE,30,0,0.00000,10000000.00,1,FALSE,FALSE,,,,,,,,{00000000-0000-0000-0000-000000000000},,,,TRUE,,,,,,,1/1/19,,,0
Health gate hospital,Health gate hospital,FALSE,FALSE,,,"25, BAMIDELE ADEBULE STREET",GBAGADA,,,,,,,,,,,,,,,,,,,,11000,,0,,0,FALSE,FALSE,FALSE,FALSE,30,0,0.00000,10000000.00,1,FALSE,FALSE,,,,,,,,{00000000-0000-0000-0000-000000000000},,,,TRUE,,,,,,,1/1/19,,,0
Health Kinect Clinic,Health Kinect Clinic,FALSE,FALSE,,,1st Floor Beulah Land Plaza,9 Block 113 Adebisi Oguniyi Cr,Lekki Phase 1,,,08023039096,,,,,,,,,,,,,,,,11000,,2,,0,FALSE,TRUE,FALSE,FALSE,30,0,0.00000,2500.00,1,FALSE,FALSE,,,,,,,,{00000000-0000-0000-0000-000000000000},,,,TRUE,,,,,,,8/21/23,,,0
Health Link Medical,Health Link Medical Clinic,FALSE,FALSE,,,37 Lagos Avenue,"Last Legon, Accra",,,,Ghana,,,,,,,,,,,,,,,,11000,,0,,0,FALSE,FALSE,FALSE,FALSE,30,0,0.00000,10000000.00,1,FALSE,FALSE,,,,,,,,{00000000-0000-0000-0000-000000000000},,,,TRUE,,,,,,,1/1/19,,,0
Health Map Pharmacy,Health Map Pharmacy,FALSE,FALSE,,,7041983129,,Ikotun,,,,,,,,,,,,,,,,,,,11000,,0,,0,FALSE,FALSE,FALSE,FALSE,30,0,0.00000,10000000.00,1,FALSE,FALSE,,,,,,,,{00000000-0000-0000-0000-000000000000},,,,TRUE,,,,,,,1/1/19,,,0
HEALTH RIGHT,HEALTH RIGHT,FALSE,FALSE,,,72 Akerele Street,Surulere,Lagos,,,,,,,,,,,,,9082294836,,,,,,11000,,0,,0,FALSE,FALSE,FALSE,FALSE,30,0,0.00000,10000000.00,1,FALSE,FALSE,,,,,,,,{00000000-0000-0000-0000-000000000000},,,,TRUE,,,,,,,1/1/19,,,0
Health Serve Pharmac,Health Serve Pharmacy C/O ITUA GSK,FALSE,FALSE,,,"11, OWEH STREET, FADEYI STREET",YABA,Anthony,,,,,,,,,,,,,,,,,,,11000,,0,,0,FALSE,FALSE,FALSE,FALSE,30,0,0.00000,10000000.00,1,FALSE,FALSE,,,,,,,,{00000000-0000-0000-0000-000000000000},,,,TRUE,,,,,,,1/1/19,,,0
Health Shore LTD Owe,Health Shore LTD Owerri,FALSE,FALSE,,,Owerri,,,,,NIGERIA,,,,,,,,,,,,,,,,40000,,0,,0,FALSE,FALSE,FALSE,FALSE,30,0,0.00000,10000000.00,1,FALSE,FALSE,,,,,,,,{00000000-0000-0000-0000-000000000000},,,,TRUE,,,,,,,1/1/19,,,0
HealthPlug People px,Health Plug People's Pharmacy & Stores,FALSE,FALSE,,,"1, Remilade Opadokun Street",Ilasan Lekki... 08065957705,,,,,,,,,,,,,,,,,,,,11000,,2,,0,FALSE,TRUE,FALSE,FALSE,30,0,0.00000,2500.00,1,FALSE,FALSE,,,,,,,,{00000000-0000-0000-0000-000000000000},,,,TRUE,,,,,,,11/12/25,,,0
HealthShare Pro Ltd,HealthShare Procurement,FALSE,FALSE,,,,,Yaba,,,,,,,,,,,,,,,,,,,11000,,0,,0,FALSE,TRUE,FALSE,FALSE,30,0,0.00000,2500.00,1,FALSE,FALSE,,,,,,,,{00000000-0000-0000-0000-000000000000},,,,TRUE,,,,,,,10/28/22,,,0
HealthShare Procure,HealthShare Procurement LTD,FALSE,FALSE,,,"No 1, Adeola Odeku Street","5th Floor, Sapetro Towers",Victoria Island,,,,,,,,,,,,,,,,,,,11000,,2,,0,FALSE,TRUE,FALSE,FALSE,30,0,0.00000,2500.00,1,FALSE,FALSE,,,,,,,,{00000000-0000-0000-0000-000000000000},,,,TRUE,,,,,,,10/7/22,,,0
Hecahn Health Servi,Hecahn Health Services Ltd,FALSE,FALSE,,,"21,Ajanaku st. off Salvation","Rd Opebi,Ikeja",LAGOS,,,,,,,,,,,,,,,,,,,40800,,0,,0,FALSE,FALSE,FALSE,FALSE,30,0,0.00000,10000000.00,1,FALSE,FALSE,,,,,,,,{00000000-0000-0000-0000-000000000000},,,,TRUE,,,,,,,1/1/19,,,0
Heda Hospital,Heda Hospital,FALSE,FALSE,,,Ajao Estate,,,,,,,,,,,,,,,8180142447,,,,,,11000,,0,,0,FALSE,FALSE,FALSE,FALSE,30,0,0.00000,10000000.00,1,FALSE,FALSE,,,,,,,,{00000000-0000-0000-0000-000000000000},,,,TRUE,,,,,,,1/1/19,,,0
Helin Pharmacy,Helin  Pharmacy,FALSE,FALSE,,,,,"Ikorodu,Lagos",,,,,,,,,,,,,,,,,,,11000,,0,,0,FALSE,FALSE,FALSE,FALSE,30,0,0.00000,10000000.00,1,FALSE,FALSE,,,,,,,,{00000000-0000-0000-0000-000000000000},,,,TRUE,,,,,,,1/1/19,,,0
Helix Pharmacy,Helix  Pharmacy,FALSE,FALSE,,,"67, Ayangburen Road, Ikorodu","08167288814, 08167288835","Ikorodu,Lagos",,,,,,,,,,,,,,,,,,,11000,,0,,0,FALSE,FALSE,FALSE,FALSE,30,0,0.00000,10000000.00,1,FALSE,FALSE,,,,,,,,{00000000-0000-0000-0000-000000000000},,,,TRUE,,,,,,,1/1/19,,,0
Help Diagnostics,Help Diagnostics,FALSE,FALSE,,,"19D, Bush Street, Behind Mary",land mall. Anthony Village,08180204398,,,Mr Dimeji,,,,,,,,,,,,,,,,11000,,2,,0,FALSE,TRUE,FALSE,FALSE,30,0,0.00000,2500.00,1,FALSE,FALSE,,,,,,,,{00000000-0000-0000-0000-000000000000},,,,TRUE,,,,,,,7/12/24,,,0
Help Laboratories,Help Laboratories,FALSE,FALSE,,,"19D, Bush Street, Behind Mary",land mall. Anthony Village,08180204398,,,Mr Dimeji,,,,,,,,,,,,,,,,11000,,2,,0,FALSE,TRUE,FALSE,FALSE,30,0,0.00000,2500.00,1,FALSE,FALSE,,,,,,,,{00000000-0000-0000-0000-000000000000},,,,TRUE,,,,,,,11/21/22,,,0
Hephzibah Specialist,Hephzibah Specialist Clinic,FALSE,FALSE,,,1 Atanda Solanke St Opp Sagamu,Garage Olorunsogo Abeokuta,,,,Nigeria,,,,,,,,,,8033771279,8033771279,,,,,40000,,0,,0,FALSE,FALSE,FALSE,FALSE,30,0,0.00000,10000000.00,1,FALSE,FALSE,,,,,,,,{00000000-0000-0000-0000-000000000000},,,,TRUE,,,,,,,1/1/19,,,0
Herbinco Pharmacy,Herbinco Pharmacy,FALSE,FALSE,,,"410A, Ikorodu Road opp",Philip's coy,"Ogudu, Lagos",,,,,,,,,,,,,8058461448,,,,,,11000,,0,,0,FALSE,FALSE,FALSE,FALSE,30,0,0.00000,10000000.00,1,FALSE,FALSE,,,,,,,,{00000000-0000-0000-0000-000000000000},,,,TRUE,,,,,,,1/1/19,,,0
HERO MEDICAL CENTRE,HERO MEDICAL CENTRE,FALSE,FALSE,,,"8, IGUNNU ST.ORILE IGANMU",OJA B/ STOP 07043439973,,,,,,,,,,,,,,,,,,,,11000,,0,,0,FALSE,FALSE,FALSE,FALSE,30,0,0.00000,10000000.00,1,FALSE,FALSE,,,,,,,,{00000000-0000-0000-0000-000000000000},,,,TRUE,,,,,,,1/1/19,,,0
Higc Health Consult,Hihc Health Consultant,FALSE,FALSE,Owen,Omo-Ojo,"3,Jerry Iriabe Street",Lekki Phase1 (09067001240),Lekki,,,,,,,,,,,,,09067001240,,,,,,11000,,0,,0,FALSE,TRUE,FALSE,FALSE,30,0,0.00000,2500.00,1,FALSE,FALSE,,,,,,,,{00000000-0000-0000-0000-000000000000},,,,TRUE,,,,,,,2/23/23,,,0
HiRock Pharmacy,HiRock Pharmacy,FALSE,FALSE,Abiola Paul,,08023435779,"14, Isheri Holiday Inn Road",,,,,,,,,,,,,,,,,,,,11000,,0,,0,FALSE,TRUE,FALSE,FALSE,30,0,0.00000,2500.00,1,FALSE,FALSE,,,,,,,,{00000000-0000-0000-0000-000000000000},,,,TRUE,,,,,,,4/14/23,,,0
His Glory Hospital,His Glory Hospital,FALSE,FALSE,,,7086606033,"59, Coker Rd Beside Aguda",Surulere,,,,,,,,,,,,,,,,,,,11000,,0,,0,FALSE,FALSE,FALSE,FALSE,30,0,0.00000,10000000.00,1,FALSE,FALSE,,,,,,,,{00000000-0000-0000-0000-000000000000},,,,TRUE,,,,,,,1/1/19,,,0
His Grace Pharmacy,His Grace Pharmacy Ltd,FALSE,FALSE,,,"1, Aule Road, Akure",Pharm Adekola 08036722654,,,,,,,,,,,,,,,,,,,,11000,,0,,0,FALSE,FALSE,FALSE,FALSE,30,0,0.00000,10000000.00,1,FALSE,FALSE,,,,,,,,{00000000-0000-0000-0000-000000000000},,,,TRUE,,,,,,,1/1/19,,,0
His Mercy Hospital,His Mercy Hospital,FALSE,FALSE,,,Orile Iganmu 08038016031,,,,,,,,,,,,,,,,,,,,,11000,,0,,0,FALSE,FALSE,FALSE,FALSE,30,0,0.00000,10000000.00,1,FALSE,FALSE,,,,,,,,{00000000-0000-0000-0000-000000000000},,,,TRUE,,,,,,,1/1/19,,,0
Histouch Diagnostic,Histouch Diagnostic Clinic,FALSE,FALSE,Grace,Akinboyo,"KM 30,Oko Ado, Lekki- Epe",Express Way,Lagos,,,,,,,,,,,,,08034662152,08035102947,,,,,11000,,0,,0,FALSE,TRUE,FALSE,FALSE,30,0,0.00000,2500.00,1,FALSE,FALSE,,,,,,,,{00000000-0000-0000-0000-000000000000},,,,TRUE,,,,,,,9/9/22,,,0
HNC Pro Pharmacy,HNC Pro Pharmacy,FALSE,FALSE,,,"No 2, Lawal Street, Orheptal","Bustop, Isheri Igando Road",07017139940,,,,,,,,,,,,,,,,,,,11000,,2,,0,FALSE,TRUE,FALSE,FALSE,30,0,0.00000,2500.00,1,FALSE,FALSE,,,,,,,,{00000000-0000-0000-0000-000000000000},,,,TRUE,,,,,,,12/8/21,,,0
Hoare's Memorial Met,Hoare's Memorial Methodist Church Clini,FALSE,FALSE,,,Besides Herbet Macaulay Road,"Sabo, Yaba",,,,,,,,,,,,,,,,,,,,11000,,0,,0,FALSE,FALSE,FALSE,FALSE,30,0,0.00000,10000000.00,1,FALSE,FALSE,,,,,,,,{00000000-0000-0000-0000-000000000000},,,,TRUE,,,,,,,1/1/19,,,0
Holy Cross HX,Holy Cross HX,FALSE,FALSE,,,Gudugba B/Stop Ishaga,8023630027,,,,,,,,,,,,,,,,,,,,11000,,0,,0,FALSE,FALSE,FALSE,FALSE,30,0,0.00000,10000000.00,1,FALSE,FALSE,,,,,,,,{00000000-0000-0000-0000-000000000000},,,,TRUE,,,,,,,1/1/19,,,0
Holy Family Catholic,Holy Family Cathoilic Hospital,FALSE,FALSE,,,"31, road festac town. lagos",09038769604,,,,,,,,,,,,,,,,,,,,11000,,0,,0,FALSE,FALSE,FALSE,FALSE,30,0,0.00000,10000000.00,1,FALSE,FALSE,,,,,,,,{00000000-0000-0000-0000-000000000000},,,,TRUE,,,,,,,1/1/19,,,0
Holy Family Hx Ijegu,Holy Family Hx Ijegun SATELITE TOWN,FALSE,FALSE,,,Satelite Town,Ijegun,,,,,,,,,,,,,,,,,,,,11000,,0,,0,FALSE,FALSE,FALSE,FALSE,30,0,0.00000,10000000.00,1,FALSE,FALSE,,,,,,,,{00000000-0000-0000-0000-000000000000},,,,TRUE,,,,,,,1/1/19,,,0
Holy Field,Holy Field Hospital,FALSE,FALSE,,,260 ROAD,,FESTAC,,,,,,,,,,,,,,,,,,,11000,,0,,0,FALSE,FALSE,FALSE,FALSE,30,0,0.00000,10000000.00,1,FALSE,FALSE,,,,,,,,{00000000-0000-0000-0000-000000000000},,,,TRUE,,,,,,,1/1/19,,,0
Holy Rosary,Holy Rosary,FALSE,FALSE,,,"321, ROAD, A CLOSE FESTAC TOWN",,,,,,,,,,,,,,,,,,,,,11000,,0,,0,FALSE,FALSE,FALSE,FALSE,30,0,0.00000,10000000.00,1,FALSE,FALSE,,,,,,,,{00000000-0000-0000-0000-000000000000},,,,TRUE,,,,,,,1/1/19,,,0
Holy Trinity,Holy Trinity,FALSE,FALSE,,,"110B, OBAFEMI AWOLOWO WAY",ALLEN,LAGOS,,,,,,,,,,,,,,,,,,,11000,,0,,0,FALSE,FALSE,FALSE,FALSE,30,0,0.00000,10000000.00,1,FALSE,FALSE,,,,,,,,{00000000-0000-0000-0000-000000000000},,,,TRUE,,,,,,,1/1/19,,,0
Honeyvent Pharma,Honeyvent Pharma Nigeria Limited,FALSE,FALSE,,,"Rccg. Good Shepherd PARISH,","Herbert Macaulay Way,Alagomeji",Yaba,,,,,,,,,,,,,08033307081,,,,,,11000,,0,,0,FALSE,TRUE,FALSE,FALSE,30,0,0.00000,2500.00,1,FALSE,FALSE,,,,,,,,{00000000-0000-0000-0000-000000000000},,,,TRUE,,,,,,,7/13/21,,,0
Hope Land Hospital,Hope Land Hospital,FALSE,FALSE,,,"5, Ezenaka Str, After KingHigh",School Satelite Town,Abule Ado B/Stop,,,,,,,,,,,,,08033323305,,,,,,11000,,0,,0,FALSE,TRUE,FALSE,FALSE,30,0,0.00000,2500.00,1,FALSE,FALSE,,,,,,,,{00000000-0000-0000-0000-000000000000},,,,TRUE,,,,,,,2/19/20,,,0
Horeb Consult Hosp.,Horeb Consult Hospital,FALSE,FALSE,Lawore,,"31, Ogudu Road",Ojota,,,,,,,,,,,,,,8032713267,,,,,,11000,,0,,0,FALSE,FALSE,FALSE,FALSE,30,0,0.00000,10000000.00,1,FALSE,FALSE,,,,,,,,{00000000-0000-0000-0000-000000000000},,,,TRUE,,,,,,,1/1/19,,,0
Horeb Hospital,Horeb Hospital,FALSE,FALSE,,,,,Ogudu,,,,,,,,,,,,,,,,,,,11000,,0,,0,FALSE,FALSE,FALSE,FALSE,30,0,0.00000,10000000.00,1,FALSE,FALSE,,,,,,,,{00000000-0000-0000-0000-000000000000},,,,TRUE,,,,,,,1/1/19,,,0
Hospital Limited,Hospital Limited(Medwin),FALSE,FALSE,,,8023715463,"8, Ologun Street",Oke- Ira,,,,,,,,,,,,,,,,,,,11000,,0,,0,FALSE,FALSE,FALSE,FALSE,30,0,0.00000,10000000.00,1,FALSE,FALSE,,,,,,,,{00000000-0000-0000-0000-000000000000},,,,TRUE,,,,,,,1/1/19,,,0
Hospitest laborator,Hospitest Laboratories Ltd,FALSE,FALSE,,,4 Gbadebo st,Ojota,,,,,,,,,,,,,,,,,,,,11000,,0,,0,FALSE,FALSE,FALSE,FALSE,30,0,0.00000,10000000.00,1,FALSE,FALSE,,,,,,,,{00000000-0000-0000-0000-000000000000},,,,TRUE,,,,,,,1/1/19,,,0
House Of Hope Chr Ce,House Of Hope Chrstian Centre,FALSE,FALSE,,,Surulere,,,,,,,,,,,,,,,,,,,,,11000,,0,,0,FALSE,FALSE,FALSE,FALSE,30,0,0.00000,10000000.00,1,FALSE,FALSE,,,,,,,,{00000000-0000-0000-0000-000000000000},,,,TRUE,,,,,,,1/1/19,,,0
Hova's Place Hospita,Hova's Place Hospital,FALSE,FALSE,,,"5th Avenue,T Close,",Festac,,,,,,,,,,,,,,14532919,,,,,,11000,,0,,0,FALSE,FALSE,FALSE,FALSE,30,0,0.00000,10000000.00,1,FALSE,FALSE,,,,,,,,{00000000-0000-0000-0000-000000000000},,,,TRUE,,,,,,,1/1/19,,,0
HSMG Specialist Hosp,HSMG Specialist Hospital Limited,FALSE,FALSE,,,"5A, Abiola Ojo Close, Off Imam","Dauda Street, Off Eric Moore",SURULERE,,08037871227,Dr Albert,,,,,,,,,,,,,,,,11000,,2,,0,FALSE,TRUE,FALSE,FALSE,30,0,0.00000,2500.00,1,FALSE,FALSE,,,,,,,,{00000000-0000-0000-0000-000000000000},,,,TRUE,,,,,,,3/25/22,,,0
Hugo Hospital,Hugo Hospital,FALSE,FALSE,,,Ikeja,,,,,,,,,,,,,,,,,,,,,11000,,0,,0,FALSE,FALSE,FALSE,FALSE,30,0,0.00000,10000000.00,1,FALSE,FALSE,,,,,,,,{00000000-0000-0000-0000-000000000000},,,,TRUE,,,,,,,1/1/19,,,0
Human Hospital,Human Hospital,FALSE,FALSE,,,,,,,,,,,,,,,,,,,,,,,,11000,,0,,0,FALSE,FALSE,FALSE,FALSE,30,0,0.00000,10000000.00,1,FALSE,FALSE,,,,,,,,{00000000-0000-0000-0000-000000000000},,,,TRUE,,,,,,,1/1/19,,,0
Humana Hospital,Humana Hospital,FALSE,FALSE,,,"NO 9, ASHABI COLE STREET,",OKO OBA.,,,,,,,,,,,,,,,,,,,,11000,,0,,0,FALSE,FALSE,FALSE,FALSE,30,0,0.00000,10000000.00,1,FALSE,FALSE,,,,,,,,{00000000-0000-0000-0000-000000000000},,,,TRUE,,,,,,,1/1/19,,,0
I .F.P.F,I.F.P.F,FALSE,FALSE,,,Maryland,,,,,,,,,,,,,,,,,,,,,11000,,0,,0,FALSE,FALSE,FALSE,FALSE,30,0,0.00000,10000000.00,1,FALSE,FALSE,,,,,,,,{00000000-0000-0000-0000-000000000000},,,,TRUE,,,,,,,1/1/19,,,0
I.C.H IBADAN,I.C.H IBADAN,FALSE,FALSE,,,IBADAN,,,,,,,,,,,,,,,,,,,,,11000,,0,,0,FALSE,TRUE,FALSE,FALSE,30,0,0.00000,2500.00,1,FALSE,FALSE,,,,,,,,{00000000-0000-0000-0000-000000000000},,,,TRUE,,,,,,,11/29/21,,,0
I.C.H IBADAN 2,I.C.H. IBADAN 2,FALSE,FALSE,,,IBADAN,,,,,,,,,,,,,,,,,,,,,11000,,2,,0,FALSE,TRUE,FALSE,FALSE,30,0,0.00000,2500.00,1,FALSE,FALSE,,,,,,,,{00000000-0000-0000-0000-000000000000},,,,TRUE,,,,,,,12/24/25,,,0
I.C.H OAU IFE,I.C.H OAU IFE,FALSE,FALSE,,,,,IFE,,,,,,,,,,,,,,,,,,,11000,,0,,0,FALSE,FALSE,FALSE,FALSE,30,0,0.00000,10000000.00,1,FALSE,FALSE,,,,,,,,{00000000-0000-0000-0000-000000000000},,,,TRUE,,,,,,,1/1/19,,,0
I.O.M ABUJA,International Organisation For Migratio,FALSE,FALSE,,,"55, Hassan Usman Kastina Strt,",Asokoro Aso 900110 FCT,Abuja,,,,,,,,,,,,,,,,,,,11000,,2,,0,FALSE,TRUE,FALSE,FALSE,30,0,0.00000,2500.00,1,FALSE,FALSE,,,,,,,,{00000000-0000-0000-0000-000000000000},,,,TRUE,,,,,,,1/17/24,,,0
I.S.N. GBAGADA,I.S.N. GBAGADA,FALSE,FALSE,,,"143, GBAGADA EXPRESS WAY","GBAGADA, LAGOS.",,,,,,,,,,,,,,8037770356,,,,,,11000,,0,,0,FALSE,FALSE,FALSE,FALSE,30,0,0.00000,10000000.00,1,FALSE,FALSE,,,,,,,,{00000000-0000-0000-0000-000000000000},,,,TRUE,,,,,,,1/1/19,,,0
Ibadan Cent For Diab,Ibadan Centre For Diabetic Care,FALSE,FALSE,,,Martina Ebun Bella Memorial,Specialist Hospital Ibadan,07043005792,,,,,,,,,,,,,,,,,,,11000,,2,,0,FALSE,TRUE,FALSE,FALSE,30,0,0.00000,2500.00,1,FALSE,FALSE,,,,,,,,{00000000-0000-0000-0000-000000000000},,,,TRUE,,,,,,,11/23/21,,,0
Ibelin Pharmacy,Ibelin Pharmacy Limited Owerri,FALSE,FALSE,,,Owerri...,08035763984,,,,,,,,,,,,,,,,,,,,11000,,2,,0,FALSE,TRUE,FALSE,FALSE,30,0,0.00000,2500.00,1,FALSE,FALSE,,,,,,,,{00000000-0000-0000-0000-000000000000},,,,TRUE,,,,,,,2/19/21,,,0
Iconic Care HX,Iconic Care HX,FALSE,FALSE,,,"75, Isuti road opp queens",maris college egan lagos,,,,,,,,,,,,,,7032603830,,,,,,11000,,0,,0,FALSE,FALSE,FALSE,FALSE,30,0,0.00000,10000000.00,1,FALSE,FALSE,,,,,,,,{00000000-0000-0000-0000-000000000000},,,,TRUE,,,,,,,1/1/19,,,0
Idera Pharmacy,Idera Pharmacy,FALSE,FALSE,,,"13/14 Adigbe Road,",Onikoko,Abeokuta,,,,,,,,,,,,,802277796,,,,,,11000,,0,,0,FALSE,FALSE,FALSE,FALSE,30,0,0.00000,10000000.00,1,FALSE,FALSE,,,,,,,,{00000000-0000-0000-0000-000000000000},,,,TRUE,,,,,,,1/1/19,,,0
Idowu Specialist Hx,Idowu Specialist Hx,FALSE,FALSE,,,"8, Oladunni Strt, Off Kudirat","Abiola Way, Near Ojot, Oregun",Ikeja,,,,,,,,,,,,,,,,,,,11000,,2,,0,FALSE,TRUE,FALSE,FALSE,30,0,0.00000,2500.00,1,FALSE,FALSE,,,,,,,,{00000000-0000-0000-0000-000000000000},,,,TRUE,,,,,,,12/8/20,,,0
Ikeja Local Govt CLi,Ikeja Local Govt CLinic,FALSE,FALSE,,,"2,Obafemi Awolowo Way Ikeja,",Lagos.09027186789,,,,NIGERIA,,,,,,,,,,,,,,,,40000,,0,,0,FALSE,FALSE,FALSE,FALSE,30,0,0.00000,10000000.00,1,FALSE,FALSE,,,,,,,,{00000000-0000-0000-0000-000000000000},,,,TRUE,,,,,,,1/1/19,,,0
Ikeja Medical Centre,Ikeja Medical Centre,FALSE,FALSE,,,"11, Ogunmodede behind Old",Alade Market,IKEJA,,,,,,,,,,,,,,,,,,,11000,,0,,0,FALSE,FALSE,FALSE,FALSE,30,0,0.00000,10000000.00,1,FALSE,FALSE,,,,,,,,{00000000-0000-0000-0000-000000000000},,,,TRUE,,,,,,,1/1/19,,,0
Ikeja Military Canto,Ikeja Military Cantoment,FALSE,FALSE,,,Ikeja,,,,,,,,,,,,,,,,,,,,,11000,,0,,0,FALSE,TRUE,FALSE,FALSE,30,0,0.00000,2500.00,1,FALSE,FALSE,,,,,,,,{00000000-0000-0000-0000-000000000000},,,,TRUE,,,,,,,1/18/24,,,0
Ikosi PHC,Ikosi PHC,FALSE,FALSE,,,Ikosi,,,,,,,,,,,,,,,,,,,,,11000,,0,,0,FALSE,FALSE,FALSE,FALSE,30,0,0.00000,10000000.00,1,FALSE,FALSE,,,,,,,,{00000000-0000-0000-0000-000000000000},,,,TRUE,,,,,,,1/1/19,,,0
Immunisation Clinic,Immunisation Clinic(U C H),FALSE,FALSE,,,Ibadan,,,,,,,,,,,,,,,,,,,,,11000,,0,,0,FALSE,FALSE,FALSE,FALSE,30,0,0.00000,10000000.00,1,FALSE,FALSE,,,,,,,,{00000000-0000-0000-0000-000000000000},,,,TRUE,,,,,,,1/1/19,,,0
Imoniefe Priscillia,Imoniefe Priscilia,FALSE,FALSE,,,"27, Adeleke Street, Harmony","Estate, Estate Bustop, College","Road, Ogba",,,08038522479,,,,,,,,,,,,,,,,11000,,2,,0,FALSE,TRUE,FALSE,FALSE,30,0,0.00000,2500.00,1,FALSE,FALSE,,,,,,,,{00000000-0000-0000-0000-000000000000},,,,TRUE,,,,,,,8/16/22,,,0
Imperial  Hospital,Imperial Hospital,FALSE,FALSE,,,"ADEKUNLE FAJUYI ROAD,",IBADAN,,,,,,,,,,,,,,,,,,,,11000,,0,,0,FALSE,FALSE,FALSE,FALSE,30,0,0.00000,10000000.00,1,FALSE,FALSE,,,,,,,,{00000000-0000-0000-0000-000000000000},,,,TRUE,,,,,,,1/1/19,,,0
Inauculate Clinic,Inauculate Clinic,FALSE,FALSE,,,Abraham Adesanyan,08160962414,,,,,,,,,,,,,,,,,,,,11000,,0,,0,FALSE,TRUE,FALSE,FALSE,30,0,0.00000,2500.00,1,FALSE,FALSE,,,,,,,,{00000000-0000-0000-0000-000000000000},,,,TRUE,,,,,,,10/29/25,,,0
INEH Hospital,INEH Hospital,FALSE,FALSE,,,,,Victoria Island,,,,,,,,,,,,,,,,,,,11000,,0,,0,FALSE,FALSE,FALSE,FALSE,30,0,0.00000,10000000.00,1,FALSE,FALSE,,,,,,,,{00000000-0000-0000-0000-000000000000},,,,TRUE,,,,,,,1/1/19,,,0
Ingress Health,Ingress Health Partners,FALSE,FALSE,,,"188, Borno Way Ebute Metta",By Maculum.,,,,Dr. Doherty,,,,,,,,,,,,,,,,11000,,2,,0,FALSE,TRUE,FALSE,FALSE,30,0,0.00000,2500.00,1,FALSE,FALSE,,,,,,,,{00000000-0000-0000-0000-000000000000},,,,TRUE,,,,,,,11/12/21,,,0
Inland Specialist,Inland Specialist,FALSE,FALSE,,,"153, Ogudu ROAD",,,,,,,,,,,,,,,8023500880,,,,,,11000,,0,,0,FALSE,FALSE,FALSE,FALSE,30,0,0.00000,10000000.00,1,FALSE,FALSE,,,,,,,,{00000000-0000-0000-0000-000000000000},,,,TRUE,,,,,,,1/1/19,,,0
Institute of Child,Institute of Child Health (UCH),FALSE,FALSE,,,IBADAN,,,,,,,,,,,,,,,,,,,,,11000,,0,,0,FALSE,FALSE,FALSE,FALSE,30,0,0.00000,10000000.00,1,FALSE,FALSE,,,,,,,,{00000000-0000-0000-0000-000000000000},,,,TRUE,,,,,,,1/1/19,,,0
International Organi,International Organisation,FALSE,FALSE,,,"for Migration.1,Isaac John Str",GRA Ikeja,,,,NIGERIA,,,,,,,,,,,,,,,,40000,,0,,0,FALSE,FALSE,FALSE,FALSE,30,0,0.00000,10000000.00,1,FALSE,FALSE,,,,,,,,{00000000-0000-0000-0000-000000000000},,,,TRUE,,,,,,,1/1/19,,,0
Inton Hospital,Inton Hospital,FALSE,FALSE,,,"6, ADENIRAN SALAKO STREET",CATERPILAR B/STOP IJAIYE ROAD,OGBA,,,,,,,,,,,,,,,,,,,11000,,0,,0,FALSE,FALSE,FALSE,FALSE,30,0,0.00000,10000000.00,1,FALSE,FALSE,,,,,,,,{00000000-0000-0000-0000-000000000000},,,,TRUE,,,,,,,1/1/19,,,0
Irene Oduenyi Clinic,Irene Oduenyi Arthrimed Specialist Clin,FALSE,FALSE,,,"2, Rev Ogunbiyi  Strt, Off Oba","Akinjobi Way, GRA Ikeja",08024450326,,,,,,,,,,,,,,,,,,,11000,,2,,0,FALSE,TRUE,FALSE,FALSE,30,0,0.00000,2500.00,1,FALSE,FALSE,,,,,,,,{00000000-0000-0000-0000-000000000000},,,,TRUE,,,,,,,1/25/21,,,0
Ireoluwa Anifowose,Ireoluwa Anifowose,FALSE,FALSE,,,c/o Staff Shotinwa,,,,,,,,,,,,,,,,,,,,,11000,,0,,0,FALSE,FALSE,FALSE,FALSE,30,0,0.00000,10000000.00,1,FALSE,FALSE,,,,,,,,{00000000-0000-0000-0000-000000000000},,,,TRUE,,,,,,,1/1/19,,,0
Isalu Hospital,Isalu Hospital,FALSE,FALSE,,,"349B, ODUSANMI STREET,","OFF WEMCO ROAD, OGBA IKEJA",,,,,,,,,,,,,,8172001522,,,,,,11000,,0,,0,FALSE,FALSE,FALSE,FALSE,30,0,0.00000,10000000.00,1,FALSE,FALSE,,,,,,,,{00000000-0000-0000-0000-000000000000},,,,TRUE,,,,,,,1/1/19,,,0
Isalu Pharmacy,Isalu Pharmacy,FALSE,FALSE,,,"55, DIYA STREET, GBAGADA.",LAGOS,Gbagada,,,,,,,,,,,,,,,,,,,11000,,0,,0,FALSE,FALSE,FALSE,FALSE,30,0,0.00000,10000000.00,1,FALSE,FALSE,,,,,,,,{00000000-0000-0000-0000-000000000000},,,,TRUE,,,,,,,1/1/19,,,0
ISHERI PHC,ISHERI PHC,FALSE,FALSE,,,3/5 ISHERI ROAD.,,,,,,,,,,,,,,,8178266209,,,,,,11000,,0,,0,FALSE,FALSE,FALSE,FALSE,30,0,0.00000,10000000.00,1,FALSE,FALSE,,,,,,,,{00000000-0000-0000-0000-000000000000},,,,TRUE,,,,,,,1/1/19,,,0
Island Maternity Hos,Island Maternity Hospital,FALSE,FALSE,,,"2, Campbell Street",Lagos Island,,,,,,,,,,,,,,,,,,,,11000,,0,,0,FALSE,FALSE,FALSE,FALSE,30,0,0.00000,10000000.00,1,FALSE,FALSE,,,,,,,,{00000000-0000-0000-0000-000000000000},,,,TRUE,,,,,,,1/1/19,,,0
Isolo Primary Health,Isolo Primary Health Centre,FALSE,FALSE,,,"No 58, Osolo Way, Isolo",08186590741,,,,,,,,,,,,,,,,,,,,11000,,2,,0,FALSE,TRUE,FALSE,FALSE,30,0,0.00000,2500.00,1,FALSE,FALSE,,,,,,,,{00000000-0000-0000-0000-000000000000},,,,TRUE,,,,,,,10/14/20,,,0
Ituah Hospital,Ituah Hospital,FALSE,FALSE,,,"512, ROAD, FESTAC TOWN",LAGOS,,,,,,,,,,,,,,,,,,,,11000,,0,,0,FALSE,FALSE,FALSE,FALSE,30,0,0.00000,10000000.00,1,FALSE,FALSE,,,,,,,,{00000000-0000-0000-0000-000000000000},,,,TRUE,,,,,,,1/1/19,,,0
Iyiola Medical,Iyiola Medical Consult,FALSE,FALSE,,,"4, Adebiyi Shittu Str Durodola","Crescent, okanlawon bstp,Lambe",,,,,,,,,,,,,,,,,,,,11000,,2,,0,FALSE,TRUE,FALSE,FALSE,30,0,0.00000,2500.00,1,FALSE,FALSE,,,,,,,,{00000000-0000-0000-0000-000000000000},,,,TRUE,,,,,,,5/8/20,,,0
J. Rapha Hospital,J. Rapha Hospital,FALSE,FALSE,,,"3, LADOKE AKINTOLA STREET,",NEW BODIJA,07065595775,,,,,,,,,,,,,,,,,,,11000,,2,,0,FALSE,FALSE,FALSE,FALSE,30,0,0.00000,10000000.00,1,FALSE,FALSE,,,,,,,,{00000000-0000-0000-0000-000000000000},,,,TRUE,,,,,,,1/1/19,,,0
J.A.Lashman Hospital,J.A.Lashman Hospital,FALSE,FALSE,,,"10,Adedosu Street Off Akilo Rd",Ogba,LAGOS,,,,,,,,,,,,,,,,,,,11000,,0,,0,FALSE,FALSE,FALSE,FALSE,30,0,0.00000,10000000.00,1,FALSE,FALSE,,,,,,,,{00000000-0000-0000-0000-000000000000},,,,TRUE,,,,,,,1/1/19,,,0
JA LASHMAN HOSPITAL,JA LASHMAN HOSPITAL,FALSE,FALSE,,,Adedosu street off Akilo Rd,near Lagos Str opp Latter Rain,Agege,,,,,,,,,,,,,,,,,,,11000,,0,,0,FALSE,FALSE,FALSE,FALSE,30,0,0.00000,10000000.00,1,FALSE,FALSE,,,,,,,,{00000000-0000-0000-0000-000000000000},,,,TRUE,,,,,,,1/1/19,,,0
Jacob Hospital,Jacob Hospital  c/o Collin GSK,FALSE,FALSE,,,"No 29, Fatai Irawo Ajao Estate",Near green point Hotel,,,,,,,,,,,,,,,,,,,,11000,,0,,0,FALSE,FALSE,FALSE,FALSE,30,0,0.00000,10000000.00,1,FALSE,FALSE,,,,,,,,{00000000-0000-0000-0000-000000000000},,,,TRUE,,,,,,,1/1/19,,,0
Jacon Davids,Jacon Davids,FALSE,FALSE,,,"6b, Adebajo strt, Asa Estate","Behind deeper life, Near Bolad","Hotel Soluyi,Gbagada",,,,,,,,,,,,,,,,,,,11000,,0,,0,FALSE,FALSE,FALSE,FALSE,30,0,0.00000,10000000.00,1,FALSE,FALSE,,,,,,,,{00000000-0000-0000-0000-000000000000},,,,TRUE,,,,,,,1/1/19,,,0
Jacon Davids Hosp,Jacon Davids Hospital Limited,FALSE,FALSE,,,"6b, Adebajo strt, Asa Estate","Behind deeper life, Near Bolad","Hotel Soluyi,Gbagada",,,,,,,,,,,,,,,,,,,11000,,0,,0,FALSE,FALSE,FALSE,FALSE,30,0,0.00000,10000000.00,1,FALSE,FALSE,,,,,,,,{00000000-0000-0000-0000-000000000000},,,,TRUE,,,,,,,11/24/22,,,0
Jaiyeola Hospital,Jaiyeola Hospital,FALSE,FALSE,,,"4,Bankole street,Famous bussto",p pedro road gbagada.,,,,,,,,,,,,,,,,,,,,40000,,0,,0,FALSE,FALSE,FALSE,FALSE,30,0,0.00000,10000000.00,1,FALSE,FALSE,,,,,,,,{00000000-0000-0000-0000-000000000000},,,,TRUE,,,,,,,1/1/19,,,0
Jajo Hospital,Jajo Hospital,FALSE,FALSE,,,"1-13, BADAGRY STREET,","OBA AKRAN, IKEJA",,,,,,,,,,,,,,,,,,,,11000,,0,,0,FALSE,FALSE,FALSE,FALSE,30,0,0.00000,10000000.00,1,FALSE,FALSE,,,,,,,,{00000000-0000-0000-0000-000000000000},,,,TRUE,,,,,,,1/1/19,,,0
JAMES MEDICAL CENTRE,JAMES MEDICAL CENTRE,FALSE,FALSE,,,"6, ALFRED OGUNYEMI STREET","OMOLE PHASE 2,",,,,NIGERIA,,,,,,,,,,,,,,,,11000,,0,,0,FALSE,FALSE,FALSE,FALSE,30,0,0.00000,10000000.00,1,FALSE,FALSE,,,,,,,,{00000000-0000-0000-0000-000000000000},,,,TRUE,,,,,,,1/1/19,,,0
Jamier Medical Centr,Jamier Medical Centre,FALSE,FALSE,,,"6, Alfred Ogunyemi Strt, Off","Atunise, Omole Phase 2.",,,,,,,,,,,,,,,,,,,,11000,,2,,0,FALSE,TRUE,FALSE,FALSE,30,0,0.00000,2500.00,1,FALSE,FALSE,,,,,,,,{00000000-0000-0000-0000-000000000000},,,,TRUE,,,,,,,2/28/20,,,0
Jasper Hospital,Jasper Hospital,FALSE,FALSE,,,Ibafo,,,,,,,,,,,,,,,,,,,,,11000,,0,,0,FALSE,FALSE,FALSE,FALSE,30,0,0.00000,10000000.00,1,FALSE,FALSE,,,,,,,,{00000000-0000-0000-0000-000000000000},,,,TRUE,,,,,,,1/1/19,,,0
Jaybion's Pharmacy,Jaybion's Pharmacy,FALSE,FALSE,,,Suit 7&8 (Block A) Asiwaju,Ahmed Tinubu Shopping Arcade,Pen Cinema Agege,,,,,,,,,,,,,,,,,,,11000,,0,,0,FALSE,FALSE,FALSE,FALSE,30,0,0.00000,10000000.00,1,FALSE,FALSE,,,,,,,,{00000000-0000-0000-0000-000000000000},,,,TRUE,,,,,,,1/1/19,,,0
Jefis Hospital,Jefis Hospital,FALSE,FALSE,,,"9,ADEGBOLA STREET, ALAKUKO",ROAD. IFAKO IJAIYE,Alakuko,,,,,,,,,,,,,,,,,,,11000,,0,,0,FALSE,FALSE,FALSE,FALSE,30,0,0.00000,10000000.00,1,FALSE,FALSE,,,,,,,,{00000000-0000-0000-0000-000000000000},,,,TRUE,,,,,,,1/1/19,,,0
Jehovah Rapha Amazin,Jehovah Rapha Amazing Grace HX,FALSE,FALSE,,,08027246161 House 3AE Federal,Housing Estate Saboo,Ikorodu,,,,,,,,,,,,,,,,,,,11000,,0,,0,FALSE,FALSE,FALSE,FALSE,30,0,0.00000,10000000.00,1,FALSE,FALSE,,,,,,,,{00000000-0000-0000-0000-000000000000},,,,TRUE,,,,,,,1/1/19,,,0
Jessy-JD Specialist,Jessy-JD Specialist Hospital,FALSE,FALSE,,,"163,Mushin Road Itire",,,,,Lagos,,,,,,,,,,,,,,,,11000,,0,,0,FALSE,FALSE,FALSE,FALSE,30,0,0.00000,10000000.00,1,FALSE,FALSE,,,,,,,,{00000000-0000-0000-0000-000000000000},,,,TRUE,,,,,,,1/1/19,,,0
Jim Sam Hospital,Jim Sam Hospital,FALSE,FALSE,,,"22, Gaskiya College Road",Ijora Bardia,Lagos,,,,,,,,,,,,,,,,,,,11000,,0,,0,FALSE,FALSE,FALSE,FALSE,30,0,0.00000,10000000.00,1,FALSE,FALSE,,,,,,,,{00000000-0000-0000-0000-000000000000},,,,TRUE,,,,,,,1/1/19,,,0
Joekem Pharmacy,Joekem Pharmacy,FALSE,FALSE,,,"OWOLEYE STREET, IPAJA LAGOS",,Abesan-Ipaja,,,Lagos,,,,,,,,,,,,,,,,11000,,0,,0,FALSE,FALSE,FALSE,FALSE,30,0,0.00000,10000000.00,1,FALSE,FALSE,,,,,,,,{00000000-0000-0000-0000-000000000000},,,,TRUE,,,,,,,1/1/19,,,0
Joelad Pharmacy,Joelad Pharmacy,FALSE,FALSE,,,"LSDPC, LOW COST HOUSING ESTATE","ABESAN, IPAJA LAGOS",,,,,,,,,,,,,,,,,,,,11000,,0,,0,FALSE,FALSE,FALSE,FALSE,30,0,0.00000,10000000.00,1,FALSE,FALSE,,,,,,,,{00000000-0000-0000-0000-000000000000},,,,TRUE,,,,,,,1/1/19,,,0
John Burke Hospital,John Burke Hospital,FALSE,FALSE,,,LSDPC Low Cost Housing Estate,Abesan Ipaja Lagos.,09030046351,,,,,,,,,,,,,,,,,,,11000,,2,,0,FALSE,TRUE,FALSE,FALSE,30,0,0.00000,2500.00,1,FALSE,FALSE,,,,,,,,{00000000-0000-0000-0000-000000000000},,,,TRUE,,,,,,,10/13/22,,,0
Jomapet Hospital,Jomapet Hospital,FALSE,FALSE,,,"3, Ajenise off Ayawoele Rd",Alagbole Ajuwon Rd 09020623515,,,,,,,,,,,,,,,,,,,,11000,,0,,0,FALSE,FALSE,FALSE,FALSE,30,0,0.00000,10000000.00,1,FALSE,FALSE,,,,,,,,{00000000-0000-0000-0000-000000000000},,,,TRUE,,,,,,,1/1/19,,,0
Jon-Ken Hospital,Jon-Ken Hospital,FALSE,FALSE,,,"20,Shobande Street, Akoka",,Yaba,,,Lagos,,,,,,,,,,,,,,,,11000,,0,,0,FALSE,FALSE,FALSE,FALSE,30,0,0.00000,10000000.00,1,FALSE,FALSE,,,,,,,,{00000000-0000-0000-0000-000000000000},,,,TRUE,,,,,,,1/1/19,,,0
Jonkem Hospital,Jonkem Hospital,FALSE,FALSE,,,Gbagada,,,,,,,,,,,,,,,,,,,,,11000,,0,,0,FALSE,FALSE,FALSE,FALSE,30,0,0.00000,10000000.00,1,FALSE,FALSE,,,,,,,,{00000000-0000-0000-0000-000000000000},,,,TRUE,,,,,,,1/1/19,,,0
Jonny Clinic V.I,Jonny Clinic V.I  c/o Lekan Alabi,FALSE,FALSE,,,Victoria Island.,,,,,,,,,,,,,,,,,,,,,11000,,0,,0,FALSE,FALSE,FALSE,FALSE,30,0,0.00000,10000000.00,1,FALSE,FALSE,,,,,,,,{00000000-0000-0000-0000-000000000000},,,,TRUE,,,,,,,1/1/19,,,0
Jose Faith Clinic,Jose Faith Clinic,FALSE,FALSE,,,Ayetoro. 07033375997.,,,,,,,,,,,,,,,,,,,,,11000,,2,,0,FALSE,TRUE,FALSE,FALSE,30,0,0.00000,2500.00,1,FALSE,FALSE,,,,,,,,{00000000-0000-0000-0000-000000000000},,,,TRUE,,,,,,,4/22/22,,,0
Joseph Novo Nordisk,Joseph Novo Nordisk,FALSE,FALSE,,,,,,,,,,,,,,,,,,,,,,,,11000,,0,,0,FALSE,FALSE,FALSE,FALSE,30,0,0.00000,10000000.00,1,FALSE,FALSE,,,,,,,,{00000000-0000-0000-0000-000000000000},,,,TRUE,,,,,,,1/1/19,,,0
Josrite Pharmacy,Josrite Pharmacy,FALSE,FALSE,,,"203, Idiroko Road",Otta,Otta,,,,,,,,,,,,,8037008021,,,,,,11000,,0,,0,FALSE,FALSE,FALSE,FALSE,30,0,0.00000,10000000.00,1,FALSE,FALSE,,,,,,,,{00000000-0000-0000-0000-000000000000},,,,TRUE,,,,,,,1/1/19,,,0
JP Pharmacy,JP Pharmacy,FALSE,FALSE,,,"57, Ayo Alabi",8034079198,Oke- Ira,,,,,,,,,,,,,,,,,,,11000,,0,,0,FALSE,FALSE,FALSE,FALSE,30,0,0.00000,10000000.00,1,FALSE,FALSE,,,,,,,,{00000000-0000-0000-0000-000000000000},,,,TRUE,,,,,,,1/1/19,,,0
Julie Pharmacy,Julie Pharmacy,FALSE,FALSE,,,"19, Kodesoh Street, Ikeja",Lagos. 07062530477,,,,,,,,,,,,,,,,,,,,11000,,2,,0,FALSE,TRUE,FALSE,FALSE,30,0,0.00000,2500.00,1,FALSE,FALSE,,,,,,,,{00000000-0000-0000-0000-000000000000},,,,TRUE,,,,,,,5/27/24,,,0
Juliet Oranye,Juliet Oranye,FALSE,FALSE,,,"1E,Danescroft Place, Milverton","Estate, By Friends Colony.",Agungi,,,,,,,,,,,,,,,,,,,11000,,2,,0,FALSE,TRUE,FALSE,FALSE,30,0,0.00000,2500.00,1,FALSE,FALSE,,,,,,,,{00000000-0000-0000-0000-000000000000},,,,TRUE,,,,,,,3/15/22,,,0
Juta Pharmacy,Juta Pharmacy,FALSE,FALSE,,,"381, ISHERI ROAD, IKOTUN",,Idimu,,,,,,,,,,,,,8032910496,,,,,,11000,,0,,0,FALSE,FALSE,FALSE,FALSE,30,0,0.00000,10000000.00,1,FALSE,FALSE,,,,,,,,{00000000-0000-0000-0000-000000000000},,,,TRUE,,,,,,,1/1/19,,,0
Jvc Clinic,Jvc Clinic,FALSE,FALSE,,,Ibadan,,,,,,,,,,,,,,,,,,,,,11000,,0,,0,FALSE,FALSE,FALSE,FALSE,30,0,0.00000,10000000.00,1,FALSE,FALSE,,,,,,,,{00000000-0000-0000-0000-000000000000},,,,TRUE,,,,,,,1/1/19,,,0
KAAF Unilag,KAAF Unilag,FALSE,FALSE,,,Yaba,,,,,,,,,,,,,,,,,,,,,11000,,0,,0,FALSE,FALSE,FALSE,FALSE,30,0,0.00000,10000000.00,1,FALSE,FALSE,,,,,,,,{00000000-0000-0000-0000-000000000000},,,,TRUE,,,,,,,1/1/19,,,0
Karadin Pharmacy,Karadin Pharmacy,FALSE,FALSE,,,"162, AYOBO IPAJA ROAD",LORD REIGNS PLAZA 09080275599,IBTC BUSTOP,,,Lagos,,,,,,,,,,,,,,,,11000,,0,,0,FALSE,FALSE,FALSE,FALSE,30,0,0.00000,10000000.00,1,FALSE,FALSE,,,,,,,,{00000000-0000-0000-0000-000000000000},,,,TRUE,,,,,,,1/1/19,,,0
Kare For All Medical,Kare For All Medicals,FALSE,FALSE,,,"9, Phillips Ojedokun Drive,",Magodo. 08032050592,Dr Adeniran Kehinde,,,,,,,,,,,,,,,,,,,11000,,3,,0,FALSE,TRUE,FALSE,FALSE,30,0,0.00000,2500.00,1,FALSE,FALSE,,,,,,,,{00000000-0000-0000-0000-000000000000},,,,TRUE,,,,,,,2/26/21,,,0
Kate Omo,Kate Omo,FALSE,FALSE,,,"29,",,,,,,,,,,,,,,,,,,,,,40000,,0,,0,FALSE,FALSE,FALSE,FALSE,30,0,0.00000,10000000.00,1,FALSE,FALSE,,,,,,,,{00000000-0000-0000-0000-000000000000},,,,TRUE,,,,,,,1/1/19,,,0
KBLM HEALTH,KBLM HEALTH,FALSE,FALSE,,,,,,,,,,,,,,,,,,,,,,,,11000,,0,,0,FALSE,FALSE,FALSE,FALSE,30,0,0.00000,10000000.00,1,FALSE,FALSE,,,,,,,,{00000000-0000-0000-0000-000000000000},,,,TRUE,,,,,,,1/1/19,,,0
KBLM HEALTHCARE,KBLM HEALTHCARE,FALSE,FALSE,,,"224, IKORODU ROAD",Palmgrove,Lagos,,,,,,,,,,,,,,,,,,,11000,,0,,0,FALSE,FALSE,FALSE,FALSE,30,0,0.00000,10000000.00,1,FALSE,FALSE,,,,,,,,{00000000-0000-0000-0000-000000000000},,,,TRUE,,,,,,,1/1/19,,,0
KC Claver Consult,KC Claver Consult,FALSE,FALSE,,,9 Temidire Street,,Oshodi,,,,,,,,,,,,,,,,,,,11000,,0,,0,FALSE,FALSE,FALSE,FALSE,30,0,0.00000,10000000.00,1,FALSE,FALSE,,,,,,,,{00000000-0000-0000-0000-000000000000},,,,TRUE,,,,,,,1/1/19,,,0
KC Pharmacy,KC Pharmacy,FALSE,FALSE,,,"7,Market Street,",Shomolu Bariga,LAGOS,,,,,,,,,,,,,,,,,,,11000,,0,,0,FALSE,FALSE,FALSE,FALSE,30,0,0.00000,10000000.00,1,FALSE,FALSE,,,,,,,,{00000000-0000-0000-0000-000000000000},,,,TRUE,,,,,,,1/1/19,,,0
keh,,FALSE,FALSE,,,,,,,,,,,,,,,,,,,,,,,,40000,,0,,0,FALSE,FALSE,FALSE,FALSE,30,0,0.00000,2500.00,1,FALSE,FALSE,,,,,,,,{00000000-0000-0000-0000-000000000000},,,,TRUE,,,,,,,6/30/22,,,0
Kemi Zolon,Kemi Zolon,FALSE,FALSE,,,,,,,,,,,,,,,,,,,,,,,,11000,,0,,0,TRUE,FALSE,FALSE,FALSE,30,0,0.00000,2500.00,1,FALSE,FALSE,,,,,,,,{00000000-0000-0000-0000-000000000000},,,,TRUE,,,,,,,11/26/20,,,0
Kene Hospital,Kene Hospital,FALSE,FALSE,,,Trinity B/stop Okoko,8060256050,,,,,,,,,,,,,,,,,,,,11000,,0,,0,FALSE,FALSE,FALSE,FALSE,30,0,0.00000,10000000.00,1,FALSE,FALSE,,,,,,,,{00000000-0000-0000-0000-000000000000},,,,TRUE,,,,,,,1/1/19,,,0
Kenny Mediac,Kenny Medical,FALSE,FALSE,,,7/9 ALOBUMIN OFF IMARO STREET,ISALE EKO.,Lagos,,,,,,,,,,,,,8034833935,,,,,,11000,,0,,0,FALSE,FALSE,FALSE,FALSE,30,0,0.00000,10000000.00,1,FALSE,FALSE,,,,,,,,{00000000-0000-0000-0000-000000000000},,,,TRUE,,,,,,,1/1/19,,,0
KIDNEY GLOCAL,KIDNEY GLOCAL,FALSE,FALSE,,,"13A, METHODIST CHURCH STREET","AWUSE ESTATE, SALVATION OPEBI",,,,,,,,,,,,,,,,,,,,11000,,2,,0,FALSE,TRUE,FALSE,FALSE,30,0,0.00000,2500.00,1,FALSE,FALSE,,,,,,,,{00000000-0000-0000-0000-000000000000},,,,TRUE,,,,,,,7/24/23,,,0
Kidney Solution,Kidney Solution,FALSE,FALSE,,,Tunde Java Close,Adeniyi Jones,IKEJA,,,,,,,,,,,,,,,,,,,11000,,0,,0,FALSE,FALSE,FALSE,FALSE,30,0,0.00000,10000000.00,1,FALSE,FALSE,,,,,,,,{00000000-0000-0000-0000-000000000000},,,,TRUE,,,,,,,1/1/19,,,0
Kidney Solution Fest,Kidney Solution Festac,FALSE,FALSE,,,"House 15, 200 Road off 2nd Ave",btw Zenith & Polaris Bank,FESTAC,,,,,,,,,,,,,08178660537,,,,,,11000,,0,,0,FALSE,TRUE,FALSE,FALSE,30,0,0.00000,2500.00,1,FALSE,FALSE,,,,,,,,{00000000-0000-0000-0000-000000000000},,,,TRUE,,,,,,,5/3/22,,,0
Kinder Clinik,Kinder Clinic,FALSE,FALSE,,,Ilupeju,,,,,,,,,,,,,,,,,,,,,11000,,0,,0,FALSE,FALSE,FALSE,FALSE,30,0,0.00000,10000000.00,1,FALSE,FALSE,,,,,,,,{00000000-0000-0000-0000-000000000000},,,,TRUE,,,,,,,1/1/19,,,0
King Hospital,King Hospital,FALSE,FALSE,,,Ibadan,,,,,,,,,,,,,,,,,,,,,11000,,0,,0,FALSE,FALSE,FALSE,FALSE,30,0,0.00000,10000000.00,1,FALSE,FALSE,,,,,,,,{00000000-0000-0000-0000-000000000000},,,,TRUE,,,,,,,1/1/19,,,0
King Smith Hospital,King Smith Hospital,FALSE,FALSE,,,"12, OJODU ROAD, AKUTE",,,,,NIGERIA,,,,,,,,,,18181603,,,,,,11000,,0,,0,FALSE,FALSE,FALSE,FALSE,30,0,0.00000,10000000.00,1,FALSE,FALSE,,,,,,,,{00000000-0000-0000-0000-000000000000},,,,TRUE,,,,,,,1/1/19,,,0
King Solomom,King Solomon Hospital,FALSE,FALSE,,,,,,,,,,,,,,,,,,,,,,,,11000,,0,,0,FALSE,FALSE,FALSE,FALSE,30,0,0.00000,10000000.00,1,FALSE,FALSE,,,,,,,,{00000000-0000-0000-0000-000000000000},,,,TRUE,,,,,,,1/1/19,,,0
King's Bridge Health,King's Bridge Health,FALSE,FALSE,,,GBAGADA. 07032307003.,,,,,,,,,,,,,,,,,,,,,11000,,2,,0,FALSE,TRUE,FALSE,FALSE,30,0,0.00000,2500.00,1,FALSE,FALSE,,,,,,,,{00000000-0000-0000-0000-000000000000},,,,TRUE,,,,,,,11/24/25,,,0
Kris Daniels Pharmac,Kris Daniels Pharmacy,FALSE,FALSE,,,!st Avenue opposite Mr Biggs,,FESTAC,,,,,,,,,,,,,,,,,,,11000,,0,,0,FALSE,FALSE,FALSE,FALSE,30,0,0.00000,10000000.00,1,FALSE,FALSE,,,,,,,,{00000000-0000-0000-0000-000000000000},,,,TRUE,,,,,,,1/1/19,,,0
Krown Hospital,Krown Hospital,FALSE,FALSE,,,"11, ALHAJI SEKONI STREET, OFF","ALIMOSHO ROAD,ALAGBA LAGOS",,,,NIGERIA,,,,,,,,,,8055233730,,,,,,11000,,0,,0,FALSE,FALSE,FALSE,FALSE,30,0,0.00000,10000000.00,1,FALSE,FALSE,,,,,,,,{00000000-0000-0000-0000-000000000000},,,,TRUE,,,,,,,1/1/19,,,0
Krown Lab,Krown Lab,FALSE,FALSE,,,Akowonjo,,,,,,,,,,,,,,,,,,,,,40000,,0,,0,FALSE,FALSE,FALSE,FALSE,30,0,0.00000,10000000.00,1,FALSE,FALSE,,,,,,,,{00000000-0000-0000-0000-000000000000},,,,TRUE,,,,,,,1/1/19,,,0
krystal medical cent,Krystal Medical Centre,FALSE,FALSE,,,"17a, Emmanuel Keshi Str,",Magodo Phase II,,,,,,,,,,,,,,,,,,,,11000,,0,,0,FALSE,FALSE,FALSE,FALSE,30,0,0.00000,10000000.00,1,FALSE,FALSE,,,,,,,,{00000000-0000-0000-0000-000000000000},,,,TRUE,,,,,,,1/1/19,,,0
KUPA AEROSPACE CLINI,KUPA AEROSPACE CLINIC,FALSE,FALSE,,,"6, OLABODE STRT, 7 & 8 BUSTOP",AJAO ESTATE,,,,,,,,,,,,,,,,,,,,11000,,2,,0,FALSE,TRUE,FALSE,FALSE,30,0,0.00000,2500.00,1,FALSE,FALSE,,,,,,,,{00000000-0000-0000-0000-000000000000},,,,TRUE,,,,,,,2/20/20,,,0
Kupa Clinic,Kupa Clinic,FALSE,FALSE,,,"6, OLABODE STRT, 7 & 8 BUSTOP",Ajao Estate,,,,,,,,,,,,,,,,,,,,11000,,2,,0,FALSE,TRUE,FALSE,FALSE,30,0,0.00000,10000000.00,1,FALSE,FALSE,,,,,,,,{00000000-0000-0000-0000-000000000000},,,,TRUE,,,,,,,1/1/19,,,0
LAADIM PHARMACY & ST,LAADIM PHARMACY & STORES,FALSE,FALSE,,,"1, Commisioner Lodge way, GRA",Illorin Kwara State.,08033540751,,,,,,,,,,,,,,,,,,,11000,,2,,0,FALSE,TRUE,FALSE,FALSE,30,0,0.00000,2500.00,1,FALSE,FALSE,,,,,,,,{00000000-0000-0000-0000-000000000000},,,,TRUE,,,,,,,11/20/24,,,0
Labitrix Hospital,Labitrix Hospital,FALSE,FALSE,,,"2,Austine Popoola Street",Journalist Estate,Arepo,,,,,,,,,,,,,8177185027,,,,,,11000,,0,,0,FALSE,FALSE,FALSE,FALSE,30,0,0.00000,10000000.00,1,FALSE,FALSE,,,,,,,,{00000000-0000-0000-0000-000000000000},,,,TRUE,,,,,,,1/1/19,,,0
Lade Hospital,Lade Hospital,FALSE,FALSE,,,"17, Olatunji Ige Str, Ikosi Rd",Off Oladele Str,Ketu,,,,,,,,,,,,,,,,,,,11000,,0,,0,FALSE,FALSE,FALSE,FALSE,30,0,0.00000,10000000.00,1,FALSE,FALSE,,,,,,,,{00000000-0000-0000-0000-000000000000},,,,TRUE,,,,,,,1/1/19,,,0
Lady Lak Med Centre,Lady Lak Medical Centre,FALSE,FALSE,,,"53,Igi Olugbi Street",Lady Lag Bariga B/Stop,Bariga,,,,,,,,,,,,,,,,,,,11000,,0,,0,FALSE,FALSE,FALSE,FALSE,30,0,0.00000,10000000.00,1,FALSE,FALSE,,,,,,,,{00000000-0000-0000-0000-000000000000},,,,TRUE,,,,,,,1/1/19,,,0
Lafia-Kowa  Spec. Ho,Lafia-Kowa  Spec. Hospital,FALSE,FALSE,,,"1, KOWA STREET,OFF CELE JUNCTI",ON,Ijebu Ode,,,,,,,,,,,,,8034093054,,,,,,11000,,0,,0,FALSE,FALSE,FALSE,FALSE,30,0,0.00000,10000000.00,1,FALSE,FALSE,,,,,,,,{00000000-0000-0000-0000-000000000000},,,,TRUE,,,,,,,1/1/19,,,0
Lagoon  Hospital,Lagoon Hospital,FALSE,FALSE,,,"NO 8, MARINE ROAD, APAPA",OFF LIVERPOOL ROUNABOUT,LAGOS,,,,,,,,,,,,,8102634743,,,,,,11000,,0,,0,FALSE,FALSE,FALSE,FALSE,30,0,0.00000,10000000.00,1,FALSE,FALSE,,,,,,,,{00000000-0000-0000-0000-000000000000},,,,TRUE,,,,,,,1/1/19,,,0
Lagos Clinic,Lagos Clinic,FALSE,FALSE,,,Bombe Rd,Apapa,,,,,,,,,,,,,,,,,,,,11000,,0,,0,FALSE,FALSE,FALSE,FALSE,30,0,0.00000,10000000.00,1,FALSE,FALSE,,,,,,,,{00000000-0000-0000-0000-000000000000},,,,TRUE,,,,,,,1/1/19,,,0
Lagos State Fee Pay,Lagos State Fee Paying Pharmacy,FALSE,FALSE,,,Orile Agege General Hospital,Agege,,,,,,,,,,,,,,,,,,,,11000,,0,,0,FALSE,FALSE,FALSE,FALSE,30,0,0.00000,10000000.00,1,FALSE,FALSE,,,,,,,,{00000000-0000-0000-0000-000000000000},,,,TRUE,,,,,,,1/1/19,,,0
Lagos State RVTC,Lagos State RVTC Centre,FALSE,FALSE,,,ISHERI BERGER.,,LAGOS,,,,,,,,,,,,,8033598338,,,,,,11000,,0,,0,FALSE,FALSE,FALSE,FALSE,30,0,0.00000,10000000.00,1,FALSE,FALSE,,,,,,,,{00000000-0000-0000-0000-000000000000},,,,TRUE,,,,,,,1/1/19,,,0
Lakeside Pharmacy,Lakeside Pharmacy,FALSE,FALSE,Francisca,Asuni,"7,Emmanuel Keshi Rd,Ground",View Mall Magodo Shangisha,Magodo,,,,,,,,,,,,,08033431602,,,,,,11000,,0,,0,FALSE,TRUE,FALSE,FALSE,30,0,0.00000,2500.00,1,FALSE,FALSE,,,,,,,,{00000000-0000-0000-0000-000000000000},,,,TRUE,,,,,,,12/23/22,,,0
Landmark Hospital,Landmark Hospital Ikorodu,FALSE,FALSE,,,"Itoikin Road, off Sabo Itamaga","after jendol supermarket,",Ikorodu,,,,,,,,,,,,,,,,,,,11000,,2,,0,FALSE,TRUE,FALSE,FALSE,30,0,0.00000,2500.00,1,FALSE,FALSE,,,,,,,,{00000000-0000-0000-0000-000000000000},,,,TRUE,,,,,,,5/12/22,,,0
Lase pharmacy,Lase Pharmacy,FALSE,FALSE,,,"25, Kajola Road, Obawole Iju",08023221893,,,,Mrs Arowolo,,,,,,,,,,,,,,,,11000,,2,,0,FALSE,TRUE,FALSE,FALSE,30,0,0.00000,2500.00,1,FALSE,FALSE,,,,,,,,{00000000-0000-0000-0000-000000000000},,,,TRUE,,,,,,,10/14/24,,,0
LASU CLINIC.,LASU CLINIC.,FALSE,FALSE,,,"OJO, LAGOS.",,,,,,,,,,,,,,,,,,,,,11000,,0,,0,FALSE,FALSE,FALSE,FALSE,30,0,0.00000,10000000.00,1,FALSE,FALSE,,,,,,,,{00000000-0000-0000-0000-000000000000},,,,TRUE,,,,,,,1/1/19,,,0
LASUCOM,LASUCOM,FALSE,FALSE,,,,,IKEJA,,,,,,,,,,,,,,,,,,,11000,,0,,0,FALSE,FALSE,FALSE,FALSE,30,0,0.00000,10000000.00,1,FALSE,FALSE,,,,,,,,{00000000-0000-0000-0000-000000000000},,,,TRUE,,,,,,,1/1/19,,,0
Lasuth,Lasuth,FALSE,FALSE,,,,,,,,,,,,,,,,,,,,,,,,11000,,0,,0,FALSE,FALSE,FALSE,FALSE,30,0,0.00000,10000000.00,1,FALSE,FALSE,,,,,,,,{00000000-0000-0000-0000-000000000000},,,,TRUE,,,,,,,1/1/19,,,0
Lasuth Diabetes Clin,Lasuth Diabetes Clinic Pharmacy,FALSE,FALSE,,,"Lasuth,Ikeja",,,,,,,,,,,,,,,,,,,,,11000,,0,,0,FALSE,FALSE,FALSE,FALSE,30,0,0.00000,10000000.00,1,FALSE,FALSE,,,,,,,,{00000000-0000-0000-0000-000000000000},,,,TRUE,,,,,,,1/1/19,,,0
LASUTH EYE CLINIC,LASUTH EYE CLINIC,FALSE,FALSE,,,"LASUTH, IKEJA",,,,,,,,,,,,,,,,,,,,,11000,,2,,0,FALSE,TRUE,FALSE,FALSE,30,0,0.00000,2500.00,1,FALSE,FALSE,,,,,,,,{00000000-0000-0000-0000-000000000000},,,,TRUE,,,,,,,7/3/24,,,0
LASUTH Fee Paying Px,LASUTH Fee Paying Pharmacy,FALSE,FALSE,,,,,IKEJA,,,,,,,,,,,,,,,,,,,11000,,0,,0,FALSE,FALSE,FALSE,FALSE,30,0,0.00000,10000000.00,1,FALSE,FALSE,,,,,,,,{00000000-0000-0000-0000-000000000000},,,,TRUE,,,,,,,1/1/19,,,0
LASUTH Immunisation,LASUTH Immunisation Unit,FALSE,FALSE,,,,,IKEJA,,,,,,,,,,,,,,,,,,,11000,,0,,0,FALSE,FALSE,FALSE,FALSE,30,0,0.00000,10000000.00,1,FALSE,FALSE,,,,,,,,{00000000-0000-0000-0000-000000000000},,,,TRUE,,,,,,,1/1/19,,,0
LASUTH Non-Fee Payin,LASUTH Non-Fee Paying Pharmacy,FALSE,FALSE,,,,,IKEJA,,,,,,,,,,,,,,,,,,,11000,,0,,0,FALSE,FALSE,FALSE,FALSE,30,0,0.00000,10000000.00,1,FALSE,FALSE,,,,,,,,{00000000-0000-0000-0000-000000000000},,,,TRUE,,,,,,,1/1/19,,,0
LASUTH Pharmacy,LASUTH Pharmacy,FALSE,FALSE,,,Pharm Odedeji- 08023711789,,IKEJA,,,,,,,,,,,,,,,,,,,11000,,0,,0,FALSE,FALSE,FALSE,FALSE,30,0,0.00000,10000000.00,1,FALSE,FALSE,,,,,,,,{00000000-0000-0000-0000-000000000000},,,,TRUE,,,,,,,1/1/19,,,0
Lawcas Pharmacy,Lawcas Pharmacy,FALSE,FALSE,,,"AGNES PLAZA,ADEMOLA ADETOKUNBO","CRES, OFF OBA OTUDEKO AVE,LAGO",,,,,,,,,,,,,,9068372822,,,,,,11000,,0,,0,FALSE,FALSE,FALSE,FALSE,30,0,0.00000,10000000.00,1,FALSE,FALSE,,,,,,,,{00000000-0000-0000-0000-000000000000},,,,TRUE,,,,,,,1/1/19,,,0
Lead City University,Lead City University,FALSE,FALSE,,,,,IBADAN,,,,,,,,,,,,,,,,,,,11000,,0,,0,FALSE,FALSE,FALSE,FALSE,30,0,0.00000,10000000.00,1,FALSE,FALSE,,,,,,,,{00000000-0000-0000-0000-000000000000},,,,TRUE,,,,,,,1/1/19,,,0
Lead Mart Pharmacy,Lead Mart Pharmacy,FALSE,FALSE,,,6th Avenue,Mr Uche 08106084115,FESTAC,,,,,,,,,,,,,,,,,,,11000,,0,,0,FALSE,FALSE,FALSE,FALSE,30,0,0.00000,10000000.00,1,FALSE,FALSE,,,,,,,,{00000000-0000-0000-0000-000000000000},,,,TRUE,,,,,,,1/1/19,,,0
Lead Way Pharmacy,Lead Way Pharmacy,FALSE,FALSE,,,6 Adebanke Ajayi Str,,Gbagada,,,,,,,,,,,,,,,,,,,11000,,0,,0,FALSE,FALSE,FALSE,FALSE,30,0,0.00000,10000000.00,1,FALSE,FALSE,,,,,,,,{00000000-0000-0000-0000-000000000000},,,,TRUE,,,,,,,1/1/19,,,0
Leah Foundation,Leah Foundation,FALSE,FALSE,,,"97/99 Omotosho Cole Strt, Leki","Lekki Phase 1, Lagos",,,,,,,,,,,,,,,,,,,,11000,,2,,0,FALSE,TRUE,FALSE,FALSE,30,0,0.00000,2500.00,1,FALSE,FALSE,,,,,,,,{00000000-0000-0000-0000-000000000000},,,,TRUE,,,,,,,1/25/21,,,0
Leah Medical centre,Leah Medical Centre,FALSE,FALSE,,,"Close to General Hospital,",ILLORIN..,,,,,,,,,,,,,,,,,,,,11000,,2,,0,FALSE,TRUE,FALSE,FALSE,30,0,0.00000,2500.00,1,FALSE,FALSE,,,,,,,,{00000000-0000-0000-0000-000000000000},,,,TRUE,,,,,,,9/29/20,,,0
Leekyn Nig Ltd,Leekyn Nig Ltd,FALSE,FALSE,,,ABUJA.,08034840387,,,,,,,,,,,,,,,,,,,,11000,,2,,0,FALSE,FALSE,FALSE,FALSE,30,0,0.00000,2500.00,1,FALSE,FALSE,,,,,,,,{00000000-0000-0000-0000-000000000000},,,,TRUE,,,,,,,9/6/24,,,0
Lekan  Alabi,Lekan  Alabi,FALSE,FALSE,,,,,,,,,,,,,,,,,,,,,,,,11000,,0,,0,FALSE,FALSE,FALSE,FALSE,30,0,0.00000,10000000.00,1,FALSE,FALSE,,,,,,,,{00000000-0000-0000-0000-000000000000},,,,TRUE,,,,,,,1/1/19,,,0
Leke Hospital,Leke Hospital,FALSE,FALSE,,,"8, Ogunjobi street plesure",busstop 08023215038,LAGOS,,,,,,,,,,,,,,,,,,,11000,,0,,0,FALSE,FALSE,FALSE,FALSE,30,0,0.00000,10000000.00,1,FALSE,FALSE,,,,,,,,{00000000-0000-0000-0000-000000000000},,,,TRUE,,,,,,,1/1/19,,,0
LESLIE HOSPITAL,LESLIE HOSPITAL,FALSE,FALSE,,,"1, Professor Oladele Ajose str","Off Ashipa Road, Ayobo",09122121849,,,,,,,,,,,,,,,,,,,11000,,2,,0,FALSE,TRUE,FALSE,FALSE,30,0,0.00000,2500.00,1,FALSE,FALSE,,,,,,,,{00000000-0000-0000-0000-000000000000},,,,TRUE,,,,,,,10/13/22,,,0
Levan Medical Centre,Levan Medical Centre,FALSE,FALSE,,,1st Avenue Festac town,7042480516,,,,,,,,,,,,,,,,,,,,11000,,0,,0,FALSE,FALSE,FALSE,FALSE,30,0,0.00000,10000000.00,1,FALSE,FALSE,,,,,,,,{00000000-0000-0000-0000-000000000000},,,,TRUE,,,,,,,1/1/19,,,0
Liberty Specialist,Liberty Specialist Hospital,FALSE,FALSE,,,"AWUSE ESTATE,12 AJANAKU STREET",OPEBI,LAGOS,,,,,,,,,,,,,8172040834,,,,,,11000,,0,,0,FALSE,FALSE,FALSE,FALSE,30,0,0.00000,10000000.00,1,FALSE,FALSE,,,,,,,,{00000000-0000-0000-0000-000000000000},,,,TRUE,,,,,,,1/1/19,,,0
Life Aid E-Pharmacy.,Life Aid E-Pharmacy.,FALSE,FALSE,,,Asaba,Pharm Victor 08033832291,,,,,,,,,,,,,,,,,,,,11000,,2,,0,FALSE,TRUE,FALSE,FALSE,30,0,0.00000,2500.00,1,FALSE,FALSE,,,,,,,,{00000000-0000-0000-0000-000000000000},,,,TRUE,,,,,,,4/19/22,,,0
Life Anchor Hospital,Life Anchor Hospital,FALSE,FALSE,,,"17a, Bamishile Estate Off",Kareem Laka Egbeda,,,,NIGERIA,,,,,,,,,,8033864320,,,,,,40000,,0,,0,FALSE,FALSE,FALSE,FALSE,30,0,0.00000,10000000.00,1,FALSE,FALSE,,,,,,,,{00000000-0000-0000-0000-000000000000},,,,TRUE,,,,,,,1/1/19,,,0
Life Centre Hospital,Life Centre Hospital,FALSE,FALSE,,,,,,,,,,,,,,,,,,,,,,,,11000,,0,,0,FALSE,FALSE,FALSE,FALSE,30,0,0.00000,10000000.00,1,FALSE,FALSE,,,,,,,,{00000000-0000-0000-0000-000000000000},,,,TRUE,,,,,,,1/1/19,,,0
Life Fort Children,Life Fort Chhildren Centre,FALSE,FALSE,,,OFF  Muritala Animashaun STR,,Surulere,,Lagos,,,,,,,,,,,80371775616,,,,,,11000,,0,,0,FALSE,FALSE,FALSE,FALSE,30,0,0.00000,10000000.00,1,FALSE,FALSE,,,,,,,,{00000000-0000-0000-0000-000000000000},,,,TRUE,,,,,,,1/1/19,,,0
Life fountain medica,Life fountain medical clinic,FALSE,FALSE,,,"40, Oyedele Ogunniyi St",Anthony village,,,,,,,,,,,,,,,,,,,,11000,,0,,0,FALSE,FALSE,FALSE,FALSE,30,0,0.00000,10000000.00,1,FALSE,FALSE,,,,,,,,{00000000-0000-0000-0000-000000000000},,,,TRUE,,,,,,,1/1/19,,,0
Life Gate hosp.,Life Gate  hosp,FALSE,FALSE,,,,,,,,,,,,,,,,,,,,,,,,11000,,0,,0,FALSE,FALSE,FALSE,FALSE,30,0,0.00000,10000000.00,1,FALSE,FALSE,,,,,,,,{00000000-0000-0000-0000-000000000000},,,,TRUE,,,,,,,1/1/19,,,0
Life Giver Global,Life Giver Global,FALSE,FALSE,,,Ibadan,,IBADAN,,,,,,,,,,,,,,,,,,,11000,,0,,0,FALSE,FALSE,FALSE,FALSE,30,0,0.00000,10000000.00,1,FALSE,FALSE,,,,,,,,{00000000-0000-0000-0000-000000000000},,,,TRUE,,,,,,,1/1/19,,,0
Life Line Hosp Lekki,Life line spec Hospital,FALSE,FALSE,,,Lekki,,,,,,,,,,,,,,,,,,,,,40000,,0,,0,FALSE,FALSE,FALSE,FALSE,30,0,0.00000,10000000.00,1,FALSE,FALSE,,,,,,,,{00000000-0000-0000-0000-000000000000},,,,TRUE,,,,,,,1/1/19,,,0
Life Line Hospt Suru,Life line specialist,FALSE,FALSE,,,Surulere,,,,,,,,,,,,,,,,,,,,,11000,,0,,0,FALSE,FALSE,FALSE,FALSE,30,0,0.00000,10000000.00,1,FALSE,FALSE,,,,,,,,{00000000-0000-0000-0000-000000000000},,,,TRUE,,,,,,,1/1/19,,,0
Light Hospital,Light Hospital,FALSE,FALSE,,,"15, OLUMIDE ONANUBI STREET,",ALIMOSHO LAGOS.,,,,,,,,,,,,,,8023063306,,,,,,11000,,0,,0,FALSE,FALSE,FALSE,FALSE,30,0,0.00000,10000000.00,1,FALSE,FALSE,,,,,,,,{00000000-0000-0000-0000-000000000000},,,,TRUE,,,,,,,1/1/19,,,0
Lily Clinic,Lily Clinic,FALSE,FALSE,,,Warri,,,,,,,,,,,,,,,,,,,,,11000,,0,,0,FALSE,FALSE,FALSE,FALSE,30,0,0.00000,10000000.00,1,FALSE,FALSE,,,,,,,,{00000000-0000-0000-0000-000000000000},,,,TRUE,,,,,,,1/1/19,,,0
Lister Medical,Lister Medical Centre,FALSE,FALSE,,,6B Obanta Avenue off Ajao.,"Adeniyi Jones, Ikeja",,,,,,,,,,,,,,,,,,,,11000,,0,,0,FALSE,FALSE,FALSE,FALSE,30,0,0.00000,10000000.00,1,FALSE,FALSE,,,,,,,,{00000000-0000-0000-0000-000000000000},,,,TRUE,,,,,,,1/1/19,,,0
Live Health epharma,Live Health epharma,FALSE,FALSE,,,"29, Doyin Omololu street Ketu",08032472565,,,,,,,,,,,,,,,,,,,,11000,,2,,0,FALSE,TRUE,FALSE,FALSE,30,0,0.00000,2500.00,1,FALSE,FALSE,,,,,,,,{00000000-0000-0000-0000-000000000000},,,,TRUE,,,,,,,4/11/24,,,0
Lola Pharmacy,Lola Pharmacy,FALSE,FALSE,,,"10,Idimu Road Egbeda",80112017843,,,,,,,,,,,,,,,,,,,,11000,,0,,0,FALSE,FALSE,FALSE,FALSE,30,0,0.00000,10000000.00,1,FALSE,FALSE,,,,,,,,{00000000-0000-0000-0000-000000000000},,,,TRUE,,,,,,,1/1/19,,,0
Lolana Pharmacy,Lolana Pharmacy,FALSE,FALSE,,,"7,Abiodun Odeseye Str Harmony",Estate Ifako Gbagada,Ifako-Gbagada,,,,,,,,,,,,,,,,,,,11000,,0,,0,FALSE,FALSE,FALSE,FALSE,30,0,0.00000,10000000.00,1,FALSE,FALSE,,,,,,,,{00000000-0000-0000-0000-000000000000},,,,TRUE,,,,,,,1/1/19,,,0
Longe Hospital,Longe Hospital,FALSE,FALSE,,,Iju,,,,,Nigeria,,,,,,,,,,,,,,,,40000,,0,,0,FALSE,FALSE,FALSE,FALSE,30,0,0.00000,10000000.00,1,FALSE,FALSE,,,,,,,,{00000000-0000-0000-0000-000000000000},,,,TRUE,,,,,,,1/1/19,,,0
Longing Hospital,Longing Hospital,FALSE,FALSE,,,"1,JOSEPHA CLOSE, OFF OGUNDEJI",OGUNTANA STREET,,,,,,,,,,,,,,8174598122,,,,,,11000,,0,,0,FALSE,FALSE,FALSE,FALSE,30,0,0.00000,10000000.00,1,FALSE,FALSE,,,,,,,,{00000000-0000-0000-0000-000000000000},,,,TRUE,,,,,,,1/1/19,,,0
Lonlo Health Centre,Lonlo Health Centre,FALSE,FALSE,,,Beside St.Kizito Catholic,"Church, Iju Ishaga",,,,,,,,,,,,,,,,,,,,11000,,3,,0,FALSE,TRUE,FALSE,FALSE,30,0,0.00000,2500.00,1,FALSE,FALSE,,,,,,,,{00000000-0000-0000-0000-000000000000},,,,TRUE,,,,,,,10/12/21,,,0
Lorrent Pharmacy,Lorrent Pharmacy,FALSE,FALSE,,,"247, IKOTUN IDIMU ROAD",IKOTUN LAGOS,Idimu,,,,,,,,,,,,,8140306567,,,,,,11000,,0,,0,FALSE,FALSE,FALSE,FALSE,30,0,0.00000,10000000.00,1,FALSE,FALSE,,,,,,,,{00000000-0000-0000-0000-000000000000},,,,TRUE,,,,,,,1/1/19,,,0
Lota Hospital(c/o Le,Lota Hospital(c/o Lekan Alabi),FALSE,FALSE,,,"TAIWO AINA STREET, IKOTUN",,Lagos,,,,,,,,,,,,,,,,,,,11000,,0,,0,FALSE,FALSE,FALSE,FALSE,30,0,0.00000,10000000.00,1,FALSE,FALSE,,,,,,,,{00000000-0000-0000-0000-000000000000},,,,TRUE,,,,,,,1/1/19,,,0
Lotto Central Hospit,Lotto Central Hospital,FALSE,FALSE,,,"7, Aminu Kolade Street,off","Lotto Rd,Mowe 08062129835",Lotto Mowe,,,,,,,,,,,,,,,,,,,11000,,0,,0,FALSE,FALSE,FALSE,FALSE,30,0,0.00000,10000000.00,1,FALSE,FALSE,,,,,,,,{00000000-0000-0000-0000-000000000000},,,,TRUE,,,,,,,1/1/19,,,0
Love World Clinic,Love World Clinic.,FALSE,FALSE,,,Oregun. 09065103989,,,,,,,,,,,,,,,,,,,,,11000,,2,,0,FALSE,TRUE,FALSE,FALSE,30,0,0.00000,2500.00,1,FALSE,FALSE,,,,,,,,{00000000-0000-0000-0000-000000000000},,,,TRUE,,,,,,,11/3/20,,,0
Loyola Jesuit Colleg,Loyola Jesuit College,FALSE,FALSE,,,"12, LOYOLA STREET,",OFF KARU-KASHI ROAD,Abuja,,,,,,,,,,,,,8114681636,,,,,,11000,,0,,0,FALSE,FALSE,FALSE,FALSE,30,0,0.00000,10000000.00,1,FALSE,FALSE,,,,,,,,{00000000-0000-0000-0000-000000000000},,,,TRUE,,,,,,,1/1/19,,,0
LSPWC,Lagos State Public Works Corporation,FALSE,FALSE,,,Matron Adesanya,08028305275,,,,,,,,,,,,,,,,,,,OJODU,11000,,2,,0,FALSE,TRUE,FALSE,FALSE,30,0,0.00000,2500.00,1,FALSE,FALSE,,,,,,,,{00000000-0000-0000-0000-000000000000},,,,TRUE,,,,,,,1/1/07,,,0
Lucy Memoria,Lucy Memoria,FALSE,FALSE,,,Ojota,,,,,,,,,,,,,,,,,,,,,11000,,0,,0,FALSE,FALSE,FALSE,FALSE,30,0,0.00000,10000000.00,1,FALSE,FALSE,,,,,,,,{00000000-0000-0000-0000-000000000000},,,,TRUE,,,,,,,1/1/19,,,0
LUTH,Lagos University Teaching Hospital,FALSE,FALSE,,,IDIARABA,,Surulere,,,,,,,,,,,,,,,,,,,11000,,0,,0,FALSE,FALSE,FALSE,FALSE,30,0,0.00000,10000000.00,1,FALSE,FALSE,,,,,,,,{00000000-0000-0000-0000-000000000000},,,,TRUE,,,,,,,1/1/19,,,0
Luth -Oladeinde,Luth -Oladeinde,FALSE,FALSE,,,,,,,,,,,,,,,,,,,,,,,,11000,,0,,0,FALSE,FALSE,FALSE,FALSE,30,0,0.00000,10000000.00,1,FALSE,FALSE,,,,,,,,{00000000-0000-0000-0000-000000000000},,,,TRUE,,,,,,,1/1/19,,,0
Luth Initiative,Luth Initiative C/O Dr Adewunmi.,FALSE,FALSE,,,Luth Idi Araba 08069433629,,,,,,,,,,,,,,,,,,,,,11000,,2,,0,FALSE,TRUE,FALSE,FALSE,30,0,0.00000,2500.00,1,FALSE,FALSE,,,,,,,,{00000000-0000-0000-0000-000000000000},,,,TRUE,,,,,,,2/9/24,,,0
LUTH Pharmacy c/o Bi,LUTH Pharmacy c/o Bimbola Sanofi,FALSE,FALSE,,,,,Idiaraba,,,,,,,,,,,,,,,,,,,11000,,0,,0,FALSE,FALSE,FALSE,FALSE,30,0,0.00000,10000000.00,1,FALSE,FALSE,,,,,,,,{00000000-0000-0000-0000-000000000000},,,,TRUE,,,,,,,1/1/19,,,0
LYDAB Pharmacy,LYDAB Pharmacy,FALSE,FALSE,Tayo,,"Plot 6, Block 80 Bashiru",Shittu AV Magodo Phase II,,,,,,,,,,,,,,8033084699,,,,,,11000,,0,,0,FALSE,FALSE,FALSE,FALSE,30,0,0.00000,10000000.00,1,FALSE,FALSE,,,,,,,,{00000000-0000-0000-0000-000000000000},,,,TRUE,,,,,,,1/1/19,,,0
Lydia Hospital,Lydia Hospital,FALSE,FALSE,,,"42, Ogunshola Street",Ogba,LAGOS,,,,,,,,,,,,,,,,,,,11000,,0,,0,FALSE,FALSE,FALSE,FALSE,30,0,0.00000,10000000.00,1,FALSE,FALSE,,,,,,,,{00000000-0000-0000-0000-000000000000},,,,TRUE,,,,,,,1/1/19,,,0
Maabas Medical Centr,Maabas Medical Centre,FALSE,FALSE,,,"Iyana Oloke Road, Onikolobo",Abeokuta. 08070872553,,,,,,,,,,,,,,,,,,,,11000,,2,,0,FALSE,TRUE,FALSE,FALSE,30,0,0.00000,2500.00,1,FALSE,FALSE,,,,,,,,{00000000-0000-0000-0000-000000000000},,,,TRUE,,,,,,,3/16/26,,,0
MACEDONIA SPECIALIST,MACEDONIA SPECIALIST HOSP,FALSE,FALSE,,,"28, IJAIYE RD,BEFORE CATERPILA",BESIDE STERLING BANK. OGBA,,,,,,,,,,,,,,8185091623,,,,,,11000,,0,,0,FALSE,FALSE,FALSE,FALSE,30,0,0.00000,10000000.00,1,FALSE,FALSE,,,,,,,,{00000000-0000-0000-0000-000000000000},,,,TRUE,,,,,,,1/1/19,,,0
Macojo Pharmacy,Macojo Pharmacy,FALSE,FALSE,,,"13,Tos Benson Rd",(formerly Beach Rd) Ikorodu,,,,,,,,,,,,,,,,,,,,11000,,0,,0,FALSE,FALSE,FALSE,FALSE,30,0,0.00000,10000000.00,1,FALSE,FALSE,,,,,,,,{00000000-0000-0000-0000-000000000000},,,,TRUE,,,,,,,1/1/19,,,0
Madam Tinuke,Madam Tinuke,FALSE,FALSE,,,8056620112,Alagbole,,,,,,,,,,,,,,,,,,,,11000,,0,,0,FALSE,FALSE,FALSE,FALSE,30,0,0.00000,10000000.00,1,FALSE,FALSE,,,,,,,,{00000000-0000-0000-0000-000000000000},,,,TRUE,,,,,,,1/1/19,,,0
Magodo Specalist Hos,Magodo Specialist Hospital,FALSE,FALSE,,,Magodo,,,,,,,,,,,,,,,,,,,,,40000,,0,,0,FALSE,FALSE,FALSE,FALSE,30,0,0.00000,10000000.00,1,FALSE,FALSE,,,,,,,,{00000000-0000-0000-0000-000000000000},,,,TRUE,,,,,,,1/1/19,,,0
Maidan PHC,Maidan PHC,FALSE,FALSE,,,Oremerin Street. Mile 12,08060794160,,,,,,,,,,,,,,,,,,,8060259811,40000,,0,,0,FALSE,FALSE,FALSE,FALSE,30,0,0.00000,10000000.00,1,FALSE,FALSE,,,,,,,,{00000000-0000-0000-0000-000000000000},,,,TRUE,,,,,,,1/1/19,,,0
Mama Alice Irobor,Mama Alice Irobor,FALSE,FALSE,,,3rd Avenue 322 Road G close,Block 1,FESTAC,,,NIGERIA,,,,,,,,,,8033371654,,,,,,40000,,0,,0,FALSE,FALSE,FALSE,FALSE,30,0,0.00000,10000000.00,1,FALSE,FALSE,,,,,,,,{00000000-0000-0000-0000-000000000000},,,,TRUE,,,,,,,1/1/19,,,0
Manifel Hospital,Manifel Hospital,FALSE,FALSE,,,"168, Ijegun Road, Ijegun..",08034278882,,,,,,,,,,,,,,,,,,,,11000,,2,,0,FALSE,TRUE,FALSE,FALSE,30,0,0.00000,2500.00,1,FALSE,FALSE,,,,,,,,{00000000-0000-0000-0000-000000000000},,,,TRUE,,,,,,,12/16/20,,,0
MANTOL MEDICAL CENTR,Mantol Medical Centre,FALSE,FALSE,,,"No 67, Sam Shonibare Street",Surulere.,,,,,,,,,,,,,,,,,,,,11000,,0,,0,FALSE,TRUE,FALSE,FALSE,30,0,0.00000,2500.00,1,FALSE,FALSE,,,,,,,,{00000000-0000-0000-0000-000000000000},,,,TRUE,,,,,,,8/3/20,,,0
MARI GOLD.,MARI GOLD.,FALSE,FALSE,,,"NO 12/14, ADENIYI ADEFIOYE STR",IKATE KILO,MASHA,,SURULERE,,,,,,,,,,,8165555834,,,,,,11000,,0,,0,FALSE,FALSE,FALSE,FALSE,30,0,0.00000,10000000.00,1,FALSE,FALSE,,,,,,,,{00000000-0000-0000-0000-000000000000},,,,TRUE,,,,,,,1/1/19,,,0
Marie Stopes Clinic,Marie Stopes Clinic c/o Dr Bernard,FALSE,FALSE,,,"105, Itire road surulere",Lawanson opposit Obele pri sch,Surulere,,,,,,,,,,,,,,,,,,,11000,,0,,0,FALSE,FALSE,FALSE,FALSE,30,0,0.00000,10000000.00,1,FALSE,FALSE,,,,,,,,{00000000-0000-0000-0000-000000000000},,,,TRUE,,,,,,,1/1/19,,,0
Marien Hospital,Marien Hospital c/o Bimbola Sanofi,FALSE,FALSE,,,Mrs Akinyera- 08023721925,"7, Montgomery Road",Yaba,,,,,,,,,,,,,,,,,,,11000,,0,,0,FALSE,FALSE,FALSE,FALSE,30,0,0.00000,10000000.00,1,FALSE,FALSE,,,,,,,,{00000000-0000-0000-0000-000000000000},,,,TRUE,,,,,,,1/1/19,,,0
Marina Med. Serv. HM,Marina Med. Serv. HMO,FALSE,FALSE,,,"2, Abe Street opp Abatan",Barracks,Surulere,,,,,,,,,,,,,,,,,,,11000,,0,,0,FALSE,FALSE,FALSE,FALSE,30,0,0.00000,10000000.00,1,FALSE,FALSE,,,,,,,,{00000000-0000-0000-0000-000000000000},,,,TRUE,,,,,,,1/1/19,,,0
Marina Medical Servi,Marina Medical Service,FALSE,FALSE,,,"5, ABEO STREET, IDI ORO","OJUELEGBA, LAGOS",,,,,,,,,,,,,,,,,,,,11000,,0,,0,FALSE,FALSE,FALSE,FALSE,30,0,0.00000,10000000.00,1,FALSE,FALSE,,,,,,,,{00000000-0000-0000-0000-000000000000},,,,TRUE,,,,,,,1/1/19,,,0
Maris Health Place,Maris Health Place,FALSE,FALSE,,,"17, Ajagunbade strt, Off Jimoh","Balogun strt, Off C.M.D Road",IKOSI KETU,,,07060600078,,,,,,,,,,,,,,,,11000,,0,,0,FALSE,FALSE,FALSE,FALSE,30,0,0.00000,10000000.00,1,FALSE,FALSE,,,,,,,,{00000000-0000-0000-0000-000000000000},,,,TRUE,,,,,,,1/1/19,,,0
Maritol Medical Cent,Maritol Medical Centre,FALSE,FALSE,,,"67, Sam Shonibare Str",by Lawanson,Surulere,,,,,,,,,,,,,,,,,,,11000,,0,,0,FALSE,FALSE,FALSE,FALSE,30,0,0.00000,10000000.00,1,FALSE,FALSE,,,,,,,,{00000000-0000-0000-0000-000000000000},,,,TRUE,,,,,,,1/1/19,,,0
Mart Medicare,Mart Medicare,FALSE,FALSE,,,"21, Mobolaji bank anthony way",by leventis b/stop,,,,,,,,,,,,,,8034926033,,,,,,11000,,0,,0,FALSE,FALSE,FALSE,FALSE,30,0,0.00000,10000000.00,1,FALSE,FALSE,,,,,,,,{00000000-0000-0000-0000-000000000000},,,,TRUE,,,,,,,1/1/19,,,0
Martz Pharmacyt,Martz Pharmacy,FALSE,FALSE,,,,,,,,,,,,,,,,,,,,,,,,11000,,0,,0,FALSE,FALSE,FALSE,FALSE,30,0,0.00000,10000000.00,1,FALSE,FALSE,,,,,,,,{00000000-0000-0000-0000-000000000000},,,,TRUE,,,,,,,1/1/19,,,0
Mary Ade Hospital,Mary Ade Hospital,FALSE,FALSE,,,Ilaje Bariga,,Surulere,,,,,,,,,,,,,,,,,,,11000,,0,,0,FALSE,FALSE,FALSE,FALSE,30,0,0.00000,10000000.00,1,FALSE,FALSE,,,,,,,,{00000000-0000-0000-0000-000000000000},,,,TRUE,,,,,,,1/1/19,,,0
Maryam Sanofi,Maryam Sanofi,FALSE,FALSE,,,08174600542,,,,,,,,,,,,,,,,,,,,,11000,,0,,0,FALSE,TRUE,FALSE,FALSE,30,0,0.00000,2500.00,1,FALSE,FALSE,,,,,,,,{00000000-0000-0000-0000-000000000000},,,,TRUE,,,,,,,5/20/21,,,0
MaryriamVille Med,MaryriamVille Med Centre,FALSE,FALSE,,,144 Bode Thomas,Surulere,,,,,,,,,,,,,,,,,,,,11000,,0,,0,FALSE,FALSE,FALSE,FALSE,30,0,0.00000,10000000.00,1,FALSE,FALSE,,,,,,,,{00000000-0000-0000-0000-000000000000},,,,TRUE,,,,,,,1/1/19,,,0
Massey Children Hosp,Massey Childrean Hospital,FALSE,FALSE,,,Lagos Island.,,,,,,,,,,,,,,,,,,,,,11000,,2,,0,FALSE,TRUE,FALSE,FALSE,30,0,0.00000,2500.00,1,FALSE,FALSE,,,,,,,,{00000000-0000-0000-0000-000000000000},,,,TRUE,,,,,,,2/25/21,,,0
Massey Str Child. Hx,Massey Str Children Hx,FALSE,FALSE,,,"7, Adebodun williams Ramat",Ogudu GRA,LAGOS,,,,,,,,,,,,,,,,,,,11000,,0,,0,FALSE,FALSE,FALSE,FALSE,30,0,0.00000,10000000.00,1,FALSE,FALSE,,,,,,,,{00000000-0000-0000-0000-000000000000},,,,TRUE,,,,,,,1/1/19,,,0
Maternal &Child Cent,Maternal & Child Centre,FALSE,FALSE,,,Amuwo Odofin,1st Gate Festac,FESTAC,,,,,,,,,,,,,,,,,,,11000,,0,,0,FALSE,FALSE,FALSE,FALSE,30,0,0.00000,10000000.00,1,FALSE,FALSE,,,,,,,,{00000000-0000-0000-0000-000000000000},,,,TRUE,,,,,,,1/1/19,,,0
Matron Adeshina c/o,Matron Adeshina c/o Mother&Child,FALSE,FALSE,,,,,IKEJA,,,,,,,,,,,,,,,,,,,11000,,0,,0,FALSE,FALSE,FALSE,FALSE,30,0,0.00000,10000000.00,1,FALSE,FALSE,,,,,,,,{00000000-0000-0000-0000-000000000000},,,,TRUE,,,,,,,1/1/19,,,0
Matron Atosuyi,Matron Atosuyi,FALSE,FALSE,,,,,,,,,,,,,,,,,,,,,,,,11000,,0,,0,FALSE,TRUE,FALSE,FALSE,30,0,0.00000,2500.00,1,FALSE,FALSE,,,,,,,,{00000000-0000-0000-0000-000000000000},,,,TRUE,,,,,,,5/6/20,,,0
Matron Bankole,Matron Bankole C/O Lasuth Immunisation,FALSE,FALSE,,,Lasuth Immunisation Ikeja,07080108654,,,,,,,,,,,,,,,,,,,,11000,,2,,0,FALSE,TRUE,FALSE,FALSE,30,0,0.00000,2500.00,1,FALSE,FALSE,,,,,,,,{00000000-0000-0000-0000-000000000000},,,,TRUE,,,,,,,6/3/22,,,0
Matron Beatrice babc,Matron Beatrice Babcock,FALSE,FALSE,,,,,,,,,,,,,,,,,,,,,,,08034436013,11000,,0,,0,FALSE,TRUE,FALSE,FALSE,30,0,0.00000,2500.00,1,FALSE,FALSE,,,,,,,,{00000000-0000-0000-0000-000000000000},,,,TRUE,,,,,,,11/9/20,,,0
Matron Ebhodage,Matron Ebhodage,FALSE,FALSE,c/o,Centre,Ikeja,,,,,,,,,,,,,,,,,,,,,11000,,0,,0,FALSE,FALSE,FALSE,FALSE,30,0,0.00000,10000000.00,1,FALSE,FALSE,,,,,,,,{00000000-0000-0000-0000-000000000000},,,,TRUE,,,,,,,1/1/19,,,0
Matron Eko Hospital,Matron Eko Hospital,FALSE,FALSE,,,,,,,,,,,,,,,,,,,,,,,,11000,,0,,0,FALSE,FALSE,FALSE,FALSE,30,0,0.00000,10000000.00,1,FALSE,FALSE,,,,,,,,{00000000-0000-0000-0000-000000000000},,,,TRUE,,,,,,,1/1/19,,,0
Matron Eucharia,Matron Eucharia C/O Ayodele,FALSE,FALSE,,,Fagba.. 08064610436.,,,,,,,,,,,,,,,,,,,,,11000,,2,,0,FALSE,TRUE,FALSE,FALSE,30,0,0.00000,2500.00,1,FALSE,FALSE,,,,,,,,{00000000-0000-0000-0000-000000000000},,,,TRUE,,,,,,,3/2/23,,,0
Matron Ike Bridget,Matron Ike Bridget C/O Westcare Hx,FALSE,FALSE,,,08036105779,Egbeda,,,,,,,,,,,,,,,,,,,,11000,,2,,0,FALSE,TRUE,FALSE,FALSE,30,0,0.00000,2500.00,1,FALSE,FALSE,,,,,,,,{00000000-0000-0000-0000-000000000000},,,,TRUE,,,,,,,11/6/23,,,0
Matron Ipaye,Matron ipaye,FALSE,FALSE,,,Allen Avenue 08168511435..,Ikeja,,,,,,,,,,,,,,,,,,,,11000,,2,,0,FALSE,TRUE,FALSE,FALSE,30,0,0.00000,2500.00,1,FALSE,FALSE,,,,,,,,{00000000-0000-0000-0000-000000000000},,,,TRUE,,,,,,,10/25/21,,,0
Matron Joko,Matron Joko,FALSE,FALSE,,,,,,,,,,,,,,,,,,,,,,,,11000,,0,,0,FALSE,FALSE,FALSE,FALSE,30,0,0.00000,10000000.00,1,FALSE,FALSE,,,,,,,,{00000000-0000-0000-0000-000000000000},,,,TRUE,,,,,,,1/1/19,,,0
Matron Mercy c/o Med,Matron Mercy c/o Medin Hx,FALSE,FALSE,,,8063875691,c/o Isaac,Ogudu,,,,,,,,,,,,,,,,,,,11000,,0,,0,FALSE,FALSE,FALSE,FALSE,30,0,0.00000,10000000.00,1,FALSE,FALSE,,,,,,,,{00000000-0000-0000-0000-000000000000},,,,TRUE,,,,,,,1/1/19,,,0
Matron Mojekwu,Matron Mojekwu,FALSE,FALSE,,,,,FESTAC,,,,,,,,,,,,,,,,,,,11000,,0,,0,FALSE,FALSE,FALSE,FALSE,30,0,0.00000,10000000.00,1,FALSE,FALSE,,,,,,,,{00000000-0000-0000-0000-000000000000},,,,TRUE,,,,,,,1/1/19,,,0
Matron Oak Hx Ikorod,Matron Oak Hx Ikorodu,FALSE,FALSE,,,Ikorodu,,,,,,,,,,,,,,,,,,,,,11000,,0,,0,FALSE,TRUE,FALSE,FALSE,30,0,0.00000,2500.00,1,FALSE,FALSE,,,,,,,,{00000000-0000-0000-0000-000000000000},,,,TRUE,,,,,,,3/27/20,,,0
Matron Okeke,Matron Okeke C/O Lagoon Hx,FALSE,FALSE,,,Adeniyi Jones Ikeja,08034799883,,,,,,,,,,,,,,,,,,,,11000,,2,,0,FALSE,TRUE,FALSE,FALSE,30,0,0.00000,2500.00,1,FALSE,FALSE,,,,,,,,{00000000-0000-0000-0000-000000000000},,,,TRUE,,,,,,,10/22/21,,,0
Matron Olabode,Matron Olabode C/O GH Ifako,FALSE,FALSE,,,ifako,08029070986,,,,,,,,,,,,,,,,,,,,11000,,2,,0,FALSE,TRUE,FALSE,FALSE,30,0,0.00000,2500.00,1,FALSE,FALSE,,GH ifako Ijaiye,08029070986,,,,,{00000000-0000-0000-0000-000000000000},,,,TRUE,,,,,,,9/2/21,,,0
Matron Onome,Matron Onome,FALSE,FALSE,,,"21, road, L close,Block1 Flat1",opposite the Anglican Church,,,,,,,,,,,,,,08187130543,,,,,,11000,,0,,0,FALSE,TRUE,FALSE,FALSE,30,0,0.00000,2500.00,1,FALSE,FALSE,,,,,,,,{00000000-0000-0000-0000-000000000000},,,,TRUE,,,,,,,6/17/20,,,0
Matron Orakwu Gladys,Matron Orakwu Gladys,FALSE,FALSE,,,C/O Bonne Santee,,,,,,,,,,,,,,,,,,,,,11000,,2,,0,FALSE,TRUE,FALSE,FALSE,30,0,0.00000,2500.00,1,FALSE,FALSE,,,,,,,,{00000000-0000-0000-0000-000000000000},,,,TRUE,,,,,,,5/21/24,,,0
Matron Regina,Matron Regina,FALSE,FALSE,,,,,,,,,,,,,,,,,,,,,,,,11000,,0,,0,FALSE,FALSE,FALSE,FALSE,30,0,0.00000,10000000.00,1,FALSE,FALSE,,,,,,,,{00000000-0000-0000-0000-000000000000},,,,TRUE,,,,,,,1/1/19,,,0
MaxMila Medical Lab.,MaxMila Medical Laboratory,FALSE,FALSE,,,37 Ajibola Cresent Alapere,8035022674,Alapere,,,,,,,,,,,,,8035022674,,,,,,11000,,0,,0,FALSE,FALSE,FALSE,FALSE,30,0,0.00000,10000000.00,1,FALSE,FALSE,,,,,,,,{00000000-0000-0000-0000-000000000000},,,,TRUE,,,,,,,1/1/19,,,0
May Central,May Central,FALSE,FALSE,,,,,,,,,,,,,,,,,,,,,,,,11000,,0,,0,FALSE,FALSE,FALSE,FALSE,30,0,0.00000,10000000.00,1,FALSE,FALSE,,,,,,,,{00000000-0000-0000-0000-000000000000},,,,TRUE,,,,,,,1/1/19,,,0
May Fair Med. Centre,May Fair Medical Centre,FALSE,FALSE,,,"30/32, Adenle Str Agege",08103380748; 07086300695,Agege,,,,,,,,,,,,,,,,,,,11000,,0,,0,FALSE,TRUE,FALSE,FALSE,30,0,0.00000,2500.00,1,FALSE,FALSE,,,,,,,,{00000000-0000-0000-0000-000000000000},,,,TRUE,,,,,,,1/1/07,,,0
MayFair Medical Cent,MayFair Medical Centre,FALSE,FALSE,,,Agege..,07086300695,,,,,,,,,,,,,,,,,,,,11000,,2,,0,FALSE,TRUE,FALSE,FALSE,30,0,0.00000,2500.00,1,FALSE,FALSE,,,,,,,,{00000000-0000-0000-0000-000000000000},,,,TRUE,,,,,,,3/25/21,,,0
Mc Donald Hospital,Mc Donald Hospital,FALSE,FALSE,,,Magodo,,,,,,,,,,,,,,,,,,,,,11000,,0,,0,FALSE,FALSE,FALSE,FALSE,30,0,0.00000,10000000.00,1,FALSE,FALSE,,,,,,,,{00000000-0000-0000-0000-000000000000},,,,TRUE,,,,,,,1/1/19,,,0
MCC Amuwo Odofin,MCC Amuwo Odofin,FALSE,FALSE,,,First Gate Festac,,FESTAC,,,,,,,,,,,,,,,,,,,11000,,0,,0,FALSE,FALSE,FALSE,FALSE,30,0,0.00000,10000000.00,1,FALSE,FALSE,,,,,,,,{00000000-0000-0000-0000-000000000000},,,,TRUE,,,,,,,1/1/19,,,0
Mebik Pharmacy,Mebik Pharmacy,FALSE,FALSE,,,"RANDLE,AVENUE, SURULERE",8129083062,SURULERE,,,,,,,,,,,,,8034027579,,,,,,11000,,0,,0,FALSE,FALSE,FALSE,FALSE,30,0,0.00000,10000000.00,1,FALSE,FALSE,,,,,,,,{00000000-0000-0000-0000-000000000000},,,,TRUE,,,,,,,1/1/19,,,0
Mecure Health Care,Mecure Health Care,FALSE,FALSE,,,Debo House Industrial Estate,,Oshodi,,,,,,,,,,,,,,,,,,,11000,,0,,0,FALSE,FALSE,FALSE,FALSE,30,0,0.00000,10000000.00,1,FALSE,FALSE,,,,,,,,{00000000-0000-0000-0000-000000000000},,,,TRUE,,,,,,,1/1/19,,,0
Med,,FALSE,FALSE,,,,,,,,,,,,,,,,,,,,,,,,40000,,0,,0,TRUE,FALSE,FALSE,FALSE,30,0,0.00000,2500.00,1,FALSE,FALSE,,,,,,,,{00000000-0000-0000-0000-000000000000},,,,TRUE,,,,,,,9/13/21,,,0
Med Court Pharmacy,Med Court Pharmacy,FALSE,FALSE,,,"76, Ogudu Road",,,,,,,,,,,,,,,,,,,,,11000,,0,,0,FALSE,FALSE,FALSE,FALSE,30,0,0.00000,10000000.00,1,FALSE,FALSE,,,,,,,,{00000000-0000-0000-0000-000000000000},,,,TRUE,,,,,,,1/1/19,,,0
Med Fort  Pharmacy.,Med Forth Pharmacy.,FALSE,FALSE,,,"188, Ekoro Road, Abule Egba.",,,,,,,,,,,,,,,,,,,,,11000,,2,,0,FALSE,TRUE,FALSE,FALSE,30,0,0.00000,2500.00,1,FALSE,FALSE,,,,,,,,{00000000-0000-0000-0000-000000000000},,,,TRUE,,,,,,,5/15/20,,,0
Med Hub Pharmacy,Med Hub Pharmacy,FALSE,FALSE,Paul,Eribo,08023519927,"701, Babatunde Atere Str",Omole Phase II,,,,,,,,,,,,,,,,,,,11000,,0,,0,FALSE,TRUE,FALSE,FALSE,30,0,0.00000,2500.00,1,FALSE,FALSE,,,,,,,,{00000000-0000-0000-0000-000000000000},,,,TRUE,,,,,,,12/7/21,,,0
Med Mark Pharmacy,Med Mark Pharmacy,FALSE,FALSE,,,"7,Adekunle Osomo Str off Deepe",rlife Church near Gerald Catho,Gbagada,,,NIGERIA,,,,,,,,,,,,,,,,40000,,0,,0,FALSE,FALSE,FALSE,FALSE,30,0,0.00000,10000000.00,1,FALSE,FALSE,,,,,,,,{00000000-0000-0000-0000-000000000000},,,,TRUE,,,,,,,1/1/19,,,0
Med Point Pharmacy,Med Point Pharmacy,FALSE,FALSE,,,"4, WILMER STREET, ISHERI",,LAGOS,,,,,,,,,,,,,8058000129,,,,,,11000,,0,,0,FALSE,FALSE,FALSE,FALSE,30,0,0.00000,10000000.00,1,FALSE,FALSE,,,,,,,,{00000000-0000-0000-0000-000000000000},,,,TRUE,,,,,,,1/1/19,,,0
Medbury Medical Serv,Medbury Medical Service,FALSE,FALSE,,,30b. Abba Johnson Crescent,Along Chesterfield Hotel Road,Adeniyi Jones Ikeja,,,,,,,,,,,,,,,,,,,11000,,2,,0,FALSE,TRUE,FALSE,FALSE,30,0,0.00000,2500.00,1,FALSE,FALSE,,,,,,,,{00000000-0000-0000-0000-000000000000},,,,TRUE,,,,,,,9/13/21,,,0
Medconnect Pharmacy,Medconnect Pharmacy,FALSE,FALSE,,,"Federal Junction, Gowon Estate",pharm chike. 08168821195,,,,,,,,,,,,,,,,,,,,11000,,2,,0,FALSE,TRUE,FALSE,FALSE,30,0,0.00000,2500.00,1,FALSE,FALSE,,,,,,,,{00000000-0000-0000-0000-000000000000},,,,TRUE,,,,,,,11/19/24,,,0
Medfort Pharmacy,Medfort Pharmacy,FALSE,FALSE,,,"188, Ekoro Road, Abule Egba",Lagos. 08055843712,,,,,,,,,,,,,,,,,,,,11000,,2,,0,FALSE,TRUE,FALSE,FALSE,30,0,0.00000,2500.00,1,FALSE,FALSE,,,,,,,,{00000000-0000-0000-0000-000000000000},,,,TRUE,,,,,,,12/29/20,,,0
Medic Angel Clinic,Medic Angel Clinic,FALSE,FALSE,,,"7, Akintan Street,",Dideolu Estate,OGBA,,,,,,,,,,,,,,,,,,,11000,,0,,0,FALSE,FALSE,FALSE,FALSE,30,0,0.00000,10000000.00,1,FALSE,FALSE,,,,,,,,{00000000-0000-0000-0000-000000000000},,,,TRUE,,,,,,,1/1/19,,,0
Medical Art Centre,Medical Art Centre,FALSE,FALSE,,,Dr Momah- 08069194759,"21, Mobolaji Bank Anothy Way",MaryLand,,,,,,,,,,,,,,,,,,,11000,,0,,0,FALSE,FALSE,FALSE,FALSE,30,0,0.00000,10000000.00,1,FALSE,FALSE,,,,,,,,{00000000-0000-0000-0000-000000000000},,,,TRUE,,,,,,,1/1/19,,,0
Medical Consultant,Medical Consultant HX,FALSE,FALSE,,,Eko court Idowu Matrins,VI 08034015789,,,,,,,,,,,,,,,,,,,,11000,,0,,0,FALSE,FALSE,FALSE,FALSE,30,0,0.00000,10000000.00,1,FALSE,FALSE,,,,,,,,{00000000-0000-0000-0000-000000000000},,,,TRUE,,,,,,,1/1/19,,,0
Medical Imaging,Medical Imaging.,FALSE,FALSE,,,"10, Church Strt, Iyanu Hospita",Gbagada,,,,,,,,,,,,,,,,,,,,11000,,2,,0,FALSE,TRUE,FALSE,FALSE,30,0,0.00000,2500.00,1,FALSE,FALSE,,,,,,,,{00000000-0000-0000-0000-000000000000},,,,TRUE,,,,,,,1/26/21,,,0
Medical Missionary,Medical Missionary of Mary,FALSE,FALSE,,,After Cement,,Magboro,,,,,,,,,,,,,,,,,,,11000,,0,,0,FALSE,FALSE,FALSE,FALSE,30,0,0.00000,10000000.00,1,FALSE,FALSE,,,,,,,,{00000000-0000-0000-0000-000000000000},,,,TRUE,,,,,,,1/1/19,,,0
Medicare Hospital,Medicare Hospital,FALSE,FALSE,,,,,,,,,,,,,,,,,,,,,,,,11000,,0,,0,FALSE,FALSE,FALSE,FALSE,30,0,0.00000,10000000.00,1,FALSE,FALSE,,,,,,,,{00000000-0000-0000-0000-000000000000},,,,TRUE,,,,,,,1/1/19,,,0
Medicentre,Medicentre,FALSE,FALSE,,,"66, Oduduwa way Ikeja GRA",,08104607627,,,09068350060,,,,,,,,,,,,,,,,11000,,0,,0,FALSE,TRUE,FALSE,FALSE,30,0,0.00000,2500.00,1,FALSE,FALSE,,,,,,,,{00000000-0000-0000-0000-000000000000},,,,TRUE,,,,,,,4/29/21,,,0
Medifield Health Scr,Medifield Health Screening Suite,FALSE,FALSE,,,"46, Oduduwa Crescent",GRA Ikeja,IKEJA,,,,,,,,,,,,,,,,,,,11000,,0,,0,FALSE,FALSE,FALSE,FALSE,30,0,0.00000,10000000.00,1,FALSE,FALSE,,,,,,,,{00000000-0000-0000-0000-000000000000},,,,TRUE,,,,,,,1/1/19,,,0
Mediglow Pharmacy,Mediglow Pharmacy,FALSE,FALSE,,,"34, Olubadan Avenue, 7up Road","Oluyole Estate Ibadan,",oyo state,,,"08034859688,",,,,,,,,,,,,,,,08035179754,11000,,2,,0,FALSE,TRUE,FALSE,FALSE,30,0,0.00000,2500.00,1,FALSE,FALSE,,,,,,,,{00000000-0000-0000-0000-000000000000},,,,TRUE,,,,,,,4/30/25,,,0
Medin Specialist Hos,Medin Specialist Hospital,FALSE,FALSE,,,"1/3, OSHOGBO STREET, OFF","CELESTIAL WAY,ORIOKE,  OGUDU",,,,,,,,,,,,,,,,,,,,11000,,0,,0,FALSE,FALSE,FALSE,FALSE,30,0,0.00000,10000000.00,1,FALSE,FALSE,,,,,,,,{00000000-0000-0000-0000-000000000000},,,,TRUE,,,,,,,1/1/19,,,0
Mediplan Healthcare,Mediplan Healthcare,FALSE,FALSE,,,"CAPITAL BUILDING, BY IDI-IROKO","B/STP, 332 IKORODU ROAD",,,,,,,,,,,,,,9086084644,,,,,,11000,,0,,0,FALSE,FALSE,FALSE,FALSE,30,0,0.00000,10000000.00,1,FALSE,FALSE,,,,,,,,{00000000-0000-0000-0000-000000000000},,,,TRUE,,,,,,,1/1/19,,,0
Medplus Pharmacy,Medplus Pharmacy,FALSE,FALSE,,,"45, SAKA TINUBU, VI",Lagos Island,l08155120120,,,,,,,,,,,,,,,,,,,11000,,2,,0,FALSE,TRUE,FALSE,FALSE,30,0,0.00000,2500.00,1,FALSE,FALSE,,,,,,,,{00000000-0000-0000-0000-000000000000},,,,TRUE,,,,,,,10/26/21,,,0
Medstar Pharmacy.,Medstar Pharmacy,FALSE,FALSE,,,"Street Yaba, Opposite Yabatech",Main Gate. 08103495586,,,,,,,,,,,,,,,,,,,"Hussey Plaza,1  Hussey",11000,,2,,0,FALSE,TRUE,FALSE,FALSE,30,0,0.00000,2500.00,1,FALSE,FALSE,,,,,,,,{00000000-0000-0000-0000-000000000000},,,,TRUE,,,,,,,9/3/21,,,0
Medvacc Pharmacy,Medvacc Pharmacy,FALSE,FALSE,,,"70,Bolade Okoya Thomas",Victoria Island,,,,,,,,,,,,,,,,,,,,11000,,0,,0,FALSE,FALSE,FALSE,FALSE,30,0,0.00000,10000000.00,1,FALSE,FALSE,,,,,,,,{00000000-0000-0000-0000-000000000000},,,,TRUE,,,,,,,1/1/19,,,0
Medvault Pharmacy,Medvault Pharmacy,FALSE,FALSE,,,"7, Adebayo Mokuolu Str. Opp",New Castle Hotel 07018447600,Anthony,,,,,,,,,,,,,,,,,,,11000,,0,,0,FALSE,FALSE,FALSE,FALSE,30,0,0.00000,10000000.00,1,FALSE,FALSE,,,,,,,,{00000000-0000-0000-0000-000000000000},,,,TRUE,,,,,,,1/1/19,,,0
Medwin Hospital,Medwin Hospital,FALSE,FALSE,,,08023715463,"30B Bintu Street,",Oke- Ira,,,,,,,,,,,,,,,,,,,11000,,0,,0,FALSE,FALSE,FALSE,FALSE,30,0,0.00000,10000000.00,1,FALSE,FALSE,,,,,,,,{00000000-0000-0000-0000-000000000000},,,,TRUE,,,,,,,1/1/19,,,0
Mega care Pharm,Mega Care Pharm,FALSE,FALSE,,,"1, Isaac John str.GRA Ikeja",8178627415,,,,,,,,,,,,,,,,,,,,11000,,0,,0,FALSE,FALSE,FALSE,FALSE,30,0,0.00000,10000000.00,1,FALSE,FALSE,,,,,,,,{00000000-0000-0000-0000-000000000000},,,,TRUE,,,,,,,1/1/19,,,0
Mega Care Pharmacy,Mega Care Pharmacy,FALSE,FALSE,,,"208, Egbeda idimu road, domini",centre carwash b/s 09027000477,,,,,,,,,,,,,,,,,,,,11000,,0,,0,FALSE,FALSE,FALSE,FALSE,30,0,0.00000,10000000.00,1,FALSE,FALSE,,,,,,,,{00000000-0000-0000-0000-000000000000},,,,TRUE,,,,,,,1/1/19,,,0
Megapharm Ltd,Megapharm Ltd,FALSE,FALSE,,,"13, Olojo Drive opp Volkswagen",Ojo Town Lagos,,,,,,,,,,,,,,9078109390,,,,,,11000,,0,,0,FALSE,FALSE,FALSE,FALSE,30,0,0.00000,10000000.00,1,FALSE,FALSE,,,,,,,,{00000000-0000-0000-0000-000000000000},,,,TRUE,,,,,,,1/1/19,,,0
Mekon Pharmacy,Mekon Pharmacy,FALSE,FALSE,,,"22, Idimu Road",Ikotun,Lagos,,,,,,,,,,,,,,,,,,,11000,,0,,0,FALSE,FALSE,FALSE,FALSE,30,0,0.00000,10000000.00,1,FALSE,FALSE,,,,,,,,{00000000-0000-0000-0000-000000000000},,,,TRUE,,,,,,,1/1/19,,,0
Mepsophia Pharmacy,Mepsophia Pharmacy,FALSE,FALSE,,,,,Abeokuta,,,,,,,,,,,,,,,,,,,11000,,0,,0,FALSE,FALSE,FALSE,FALSE,30,0,0.00000,10000000.00,1,FALSE,FALSE,,,,,,,,{00000000-0000-0000-0000-000000000000},,,,TRUE,,,,,,,1/1/19,,,0
Mercy Stripes Hosp,Mercy Stripes Spec. Hospital,FALSE,FALSE,,,"30,Phillips Taiwo Str,",Coker Estate Orisunbare,Shasha,,,,,,,,,,,,,,,,,,,11000,,0,,0,FALSE,FALSE,FALSE,FALSE,30,0,0.00000,10000000.00,1,FALSE,FALSE,,,,,,,,{00000000-0000-0000-0000-000000000000},,,,TRUE,,,,,,,1/1/19,,,0
Meridian Cardiac,Meridian Cardiac Clinic,FALSE,FALSE,,,Dr Amadi 08023011087,"5th Avenue, A Close House 8",FESTAC,,,,,,,,,,,,,,,,,,,11000,,0,,0,FALSE,FALSE,FALSE,FALSE,30,0,0.00000,10000000.00,1,FALSE,FALSE,,,,,,,,{00000000-0000-0000-0000-000000000000},,,,TRUE,,,,,,,1/1/19,,,0
Merit Hospital,Merit Hospital,FALSE,FALSE,Precious,,"6-8,Taiwo Oni by Amala Junctn",Abule-Egbe,LAGOS,,,,,,,,,,,,,09124954246,,,,,,11000,,0,,0,FALSE,TRUE,FALSE,FALSE,30,0,0.00000,2500.00,1,FALSE,FALSE,,"6-8,Taiwo Oni by Amala Junctn",Abule-Egbe   09124954246,LAGOS,,,,{00000000-0000-0000-0000-000000000000},,,,TRUE,,,,,,,2/10/26,,,0
Merit Roy,Merit Roy,FALSE,FALSE,,,Ojodu,,,,,,,,,,,,,,,,,,,,,11000,,0,,0,FALSE,FALSE,FALSE,FALSE,30,0,0.00000,10000000.00,1,FALSE,FALSE,,,,,,,,{00000000-0000-0000-0000-000000000000},,,,TRUE,,,,,,,1/1/19,,,0
Micel Hospital,Micel Hospital,FALSE,FALSE,,,"4,Brown street, Soluyi",Gbagada,LAGOS,,,,,,,,,,,,,8086164096,,,,,,11000,,0,,0,FALSE,FALSE,FALSE,FALSE,30,0,0.00000,10000000.00,1,FALSE,FALSE,,,,,,,,{00000000-0000-0000-0000-000000000000},,,,TRUE,,,,,,,1/1/19,,,0
Midams Pharmacy,Midams Pharmacy,FALSE,FALSE,,,"30 Ayo Alabi Str, Fadunsi",B/stop Ijaye Rd Oke-Ira,Ogba,,,,,,,,,,,,,,,,,,,11000,,0,,0,FALSE,FALSE,FALSE,FALSE,30,0,0.00000,10000000.00,1,FALSE,FALSE,,,,,,,,{00000000-0000-0000-0000-000000000000},,,,TRUE,,,,,,,1/1/19,,,0
Milennium Pharmacy,Milennium Pharmacy,FALSE,FALSE,,,"13B, Oba Olagbegi Str,Old",Bodija Ibadan 08023875481,oyo state,,,,,,,,,,,,,08023875481,,,,,,11000,,0,,0,FALSE,TRUE,FALSE,FALSE,30,0,0.00000,2500.00,1,FALSE,FALSE,,,,,,,,{00000000-0000-0000-0000-000000000000},,,,TRUE,,,,,,,8/3/22,,,0
Millitary Ref. Hosp,Millitary Reference Hospital,FALSE,FALSE,,,,,Yaba,,,,,,,,,,,,,,,,,,,11000,,0,,0,FALSE,FALSE,FALSE,FALSE,30,0,0.00000,10000000.00,1,FALSE,FALSE,,,,,,,,{00000000-0000-0000-0000-000000000000},,,,TRUE,,,,,,,1/1/19,,,0
Minegem Pharmacy,Minegem Pharmacy,FALSE,FALSE,,,"13,Lagos Road","803,743,607,107,093,000,000",Ikorodu,,,,,,,,,,,,,8041064124,,,,,,11000,,0,,0,FALSE,FALSE,FALSE,FALSE,30,0,0.00000,10000000.00,1,FALSE,FALSE,,,,,,,,{00000000-0000-0000-0000-000000000000},,,,TRUE,,,,,,,1/1/19,,,0
Miraculous Grace Hos,Miraculous Grace Hospital,FALSE,FALSE,,,"19, Pipeline Road Alagbole",Cele busstop 08100951016,Alagbole,,,,,,,,,,,,,,,,,,,11000,,0,,0,FALSE,FALSE,FALSE,FALSE,30,0,0.00000,10000000.00,1,FALSE,FALSE,,,,,,,,{00000000-0000-0000-0000-000000000000},,,,TRUE,,,,,,,1/1/19,,,0
Miss Abimbola Yusuf,Miss Abimbola Yusuf,FALSE,FALSE,,,"Block 783, Flat 3 Abesan",Housing Estate 07032424516,Ipaja,,,,,,,,,,,,,,,,,,,11000,,0,,0,FALSE,FALSE,FALSE,FALSE,30,0,0.00000,10000000.00,1,FALSE,FALSE,,,,,,,,{00000000-0000-0000-0000-000000000000},,,,TRUE,,,,,,,1/1/19,,,0
Miss Oyindamola Balo,Miss Oyindamola Balogun,FALSE,FALSE,,,8167222558,"7,Bola Oyewo Obawole",Ogba,,,,,,,,,,,,,,,,,,,11000,,0,,0,FALSE,FALSE,FALSE,FALSE,30,0,0.00000,10000000.00,1,FALSE,FALSE,,,,,,,,{00000000-0000-0000-0000-000000000000},,,,TRUE,,,,,,,1/1/19,,,0
Mobil Clinic,Mobil Clinic,FALSE,FALSE,,,Apapa,,,,,,,,,,,,,,,,,,,,,11000,,0,,0,FALSE,FALSE,FALSE,FALSE,30,0,0.00000,10000000.00,1,FALSE,FALSE,,,,,,,,{00000000-0000-0000-0000-000000000000},,,,TRUE,,,,,,,1/1/19,,,0
Mobonike Hospital,Mobonike Hospital,FALSE,FALSE,,,"50, SURULERE STREET, DOPEMU",LAGOS,,,,,,,,,,,,,,8034224299,,,,,,11000,,0,,0,FALSE,FALSE,FALSE,FALSE,30,0,0.00000,10000000.00,1,FALSE,FALSE,,,,,,,,{00000000-0000-0000-0000-000000000000},,,,TRUE,,,,,,,1/1/19,,,0
Model Specialist Hx,Model Specialist Hospital,FALSE,FALSE,Bola,Awoyomi,"5,Tafawa Balewa Crescent off",Adeniran Ogunsanya,Surulere,,,,,,,,,,,,,8023141562,,,,,,11000,,0,,0,FALSE,FALSE,FALSE,FALSE,30,0,0.00000,10000000.00,1,FALSE,FALSE,,,,,,,,{00000000-0000-0000-0000-000000000000},,,,TRUE,,,,,,,1/1/19,,,0
Modic Hospital,Modic Hospital,FALSE,FALSE,,,Benin,,,,,,,,,,,,,,,,,,,,,11000,,0,,0,FALSE,FALSE,FALSE,FALSE,30,0,0.00000,10000000.00,1,FALSE,FALSE,,,,,,,,{00000000-0000-0000-0000-000000000000},,,,TRUE,,,,,,,1/1/19,,,0
Molayo Medical Cent.,Molayo Medical Centre,FALSE,FALSE,,,"20, Akinleye Str, Onike Car","Wash B/stop, Orile Agege",Agege,,,,,,,,,,,,,,,,,,,11000,,0,,0,FALSE,FALSE,FALSE,FALSE,30,0,0.00000,10000000.00,1,FALSE,FALSE,,,,,,,,{00000000-0000-0000-0000-000000000000},,,,TRUE,,,,,,,1/1/19,,,0
Molly Specialist Hx,Molly Specialist Hospital,FALSE,FALSE,,,"Yidi Agodi GRA, Ibadan",Nigeria,07034622390,,,Pharm Maurine,,,,,,,,,,,,,,,,11000,,0,,0,FALSE,TRUE,FALSE,FALSE,30,0,0.00000,2500.00,1,FALSE,FALSE,,,,,,,,{00000000-0000-0000-0000-000000000000},,,,TRUE,,,,,,,5/27/21,,,0
Momrota Pharmacy,Momrota Pharmacy,FALSE,FALSE,,,Ilorin,,Ilorin,,,,,,,,,,,,,8035828598,,,,,,40000,,0,,0,FALSE,FALSE,FALSE,FALSE,30,0,0.00000,10000000.00,1,FALSE,FALSE,,,,,,,,{00000000-0000-0000-0000-000000000000},,,,TRUE,,,,,,,1/1/19,,,0
Monca Pharma c/o Imo,Monca Pharmacy c/o Imoh GSK,FALSE,FALSE,,,,,Ikorodu,,,,,,,,,,,,,,,,,,,11000,,0,,0,FALSE,FALSE,FALSE,FALSE,30,0,0.00000,10000000.00,1,FALSE,FALSE,,,,,,,,{00000000-0000-0000-0000-000000000000},,,,TRUE,,,,,,,1/1/19,,,0
Motayo Hospital,Motayo Hospital,FALSE,FALSE,,,"3, OWODUNI STREET, ALLEN IKEJA",,,,,,,,,,,,,,,,,,,,,11000,,0,,0,FALSE,FALSE,FALSE,FALSE,30,0,0.00000,10000000.00,1,FALSE,FALSE,,,,,,,,{00000000-0000-0000-0000-000000000000},,,,TRUE,,,,,,,1/1/19,,,0
Mother & Child,Mother & Child  Hospital,FALSE,FALSE,,,"39, ADENIYI JONES AVENUUE",OBA ANKRA.  IKEJA,,,,,,,,,,,,,,,,,,,,11000,,0,,0,FALSE,FALSE,FALSE,FALSE,30,0,0.00000,10000000.00,1,FALSE,FALSE,,,,,,,,{00000000-0000-0000-0000-000000000000},,,,TRUE,,,,,,,1/1/19,,,0
Mother Mary Catholic,Mother Mary Catholic Hospital,FALSE,FALSE,,,Ireakare Estate  Isolo,,LAGOS,,,,,,,,,,,,,Pharm Sunday,8034381449,,,,,11000,,0,,0,FALSE,FALSE,FALSE,FALSE,30,0,0.00000,10000000.00,1,FALSE,FALSE,,,,,,,,{00000000-0000-0000-0000-000000000000},,,,TRUE,,,,,,,1/1/19,,,0
Mother Theresa Medic,Mother Theresa Medical Centre,FALSE,FALSE,,,"St Francis Catholic,Liasu Road",Idimu.. 08031110654,,,,,,,,,,,,,,,,,,,,11000,,2,,0,FALSE,TRUE,FALSE,FALSE,30,0,0.00000,2500.00,1,FALSE,FALSE,,,,,,,,{00000000-0000-0000-0000-000000000000},,,,TRUE,,,,,,,10/29/20,,,0
Mr Abiodun Adeniji,Mr Abiodun Adeniji,FALSE,FALSE,,,"7, Salawu Street Iju Ishaga",Agege,LAGOS,,,,,,,,,,,,,,,,,,,11000,,0,,0,FALSE,FALSE,FALSE,FALSE,30,0,0.00000,10000000.00,1,FALSE,FALSE,,,,,,,,{00000000-0000-0000-0000-000000000000},,,,TRUE,,,,,,,1/1/19,,,0
Mr Abiodun Sanofi,Mr Abiodun Sanofi,FALSE,FALSE,,,"17, McEwen Street Off Albert",Maculary Street Sabo  Yaba,Yaba,,,,,,,,,,,,,08026666431,,,,,,11000,,0,,0,FALSE,TRUE,FALSE,FALSE,30,0,0.00000,2500.00,1,FALSE,FALSE,,,,,,,,{00000000-0000-0000-0000-000000000000},,,,TRUE,,,,,,,3/12/20,,,0
Mr Aborisade,Mr Aborisade,FALSE,FALSE,,,,,,,,,,,,,,,,,,,,,,,,11000,,0,,0,FALSE,FALSE,FALSE,FALSE,30,0,0.00000,10000000.00,1,FALSE,FALSE,,,,,,,,{00000000-0000-0000-0000-000000000000},,,,TRUE,,,,,,,1/1/19,,,0
Mr Adebayo,Mr Adebayo,FALSE,FALSE,,,"23, Road E close, House 8",,FESTAC TOWN,,,,,,,,,,,,,,,,,,,11000,,0,,0,FALSE,FALSE,FALSE,FALSE,30,0,0.00000,10000000.00,1,FALSE,FALSE,,,,,,,,{00000000-0000-0000-0000-000000000000},,,,TRUE,,,,,,,1/1/19,,,0
Mr Adeola Akinjomo,Mr Adeola Akinjomo,FALSE,FALSE,,,Abuja,,,,,,,,,,,,,,,,,,,,,11000,,0,,0,FALSE,FALSE,FALSE,FALSE,30,0,0.00000,10000000.00,1,FALSE,FALSE,,,,,,,,{00000000-0000-0000-0000-000000000000},,,,TRUE,,,,,,,1/1/19,,,0
Mr Afam Sanofi,Mr Afam Sanofi,FALSE,FALSE,,,,,,,,,,,,,,,,,,,,,,,,11000,,2,,0,FALSE,TRUE,FALSE,FALSE,30,0,0.00000,2500.00,1,FALSE,FALSE,,,,,,,,{00000000-0000-0000-0000-000000000000},,,,TRUE,,,,,,,11/4/21,,,0
Mr Akande,Mr Akande Olusegun Ibadan,FALSE,FALSE,,,"IBADAN, IWO ROAD.",08068647915,,,,,,,,,,,,,,,,,,,,11000,,2,,0,FALSE,TRUE,FALSE,FALSE,30,0,0.00000,2500.00,1,FALSE,FALSE,,,,,,,,{00000000-0000-0000-0000-000000000000},,,,TRUE,,,,,,,5/25/22,,,0
Mr Akinola Idowu,Mr Akinola Idowu,FALSE,FALSE,,,,,,,,,,,,,,,,,,,,,,,,11000,,0,,0,FALSE,FALSE,FALSE,FALSE,30,0,0.00000,10000000.00,1,FALSE,FALSE,,,,,,,,{00000000-0000-0000-0000-000000000000},,,,TRUE,,,,,,,1/1/19,,,0
Mr Anuoluwapo Ijadol,Mr Anuoluwapo Ijaduola,FALSE,FALSE,,,08065413070,,,,,,,,,,,,,,,,,,,,,11000,,2,,0,FALSE,TRUE,FALSE,FALSE,30,0,0.00000,2500.00,1,FALSE,FALSE,,,,,,,,{00000000-0000-0000-0000-000000000000},,,,TRUE,,,,,,,2/21/23,,,0
Mr Babatunde Thomas.,Mr Babatunde Thomas,FALSE,FALSE,,,"116, Yayabatan Strt, Ogba.",08186861971,,,,,,,,,,,,,,,,,,,,11000,,2,,0,FALSE,TRUE,FALSE,FALSE,30,0,0.00000,2500.00,1,FALSE,FALSE,,,,,,,,{00000000-0000-0000-0000-000000000000},,,,TRUE,,,,,,,11/19/20,,,0
Mr Bewaji Novo Nodis,Mr Bewaji Novo Nordisk,FALSE,FALSE,,,l,,LAGOS,,,,,,,,,,,,,,,,,,,11000,,0,,0,FALSE,FALSE,FALSE,FALSE,30,0,0.00000,10000000.00,1,FALSE,FALSE,,,,,,,,{00000000-0000-0000-0000-000000000000},,,,TRUE,,,,,,,1/1/19,,,0
Mr Birtus Adamu,Mr Birtus Adamu,FALSE,FALSE,,,ABUJA,,,,,,,,,,,,,,,,,,,,,11000,,2,,0,FALSE,TRUE,FALSE,FALSE,30,0,0.00000,2500.00,1,FALSE,FALSE,,,,,,,,{00000000-0000-0000-0000-000000000000},,,,TRUE,,,,,,,1/15/24,,,0
Mr Chinedu Okoli.,Mr Chinedu Okoli.,FALSE,FALSE,,,"C2, Unit 4, Jacob Mews Estate,","Adebisi Strt, Yaba, Panti",,,,,,,,,,,,,,7084000764,,,,,,11000,,0,,0,FALSE,FALSE,FALSE,FALSE,30,0,0.00000,10000000.00,1,FALSE,FALSE,,,,,,,,{00000000-0000-0000-0000-000000000000},,,,TRUE,,,,,,,1/1/19,,,0
Mr Chinedu Oranye,Mr Chinedu Oranye,FALSE,FALSE,,,"23, Dr Fasheun Avenue, Off Ago","Palace, Century Bustp, Isolo",Lagos,,,08032013798.,,,,,,,,,,,,,,,,11000,,2,,0,FALSE,TRUE,FALSE,FALSE,30,0,0.00000,2500.00,1,FALSE,FALSE,,,,,,,,{00000000-0000-0000-0000-000000000000},,,,TRUE,,,,,,,3/5/21,,,0
Mr Emeka Assene Labo,Mr Emeka Assene Laborex,FALSE,FALSE,,,,,,,,,,,,,,,,,,,,,,,,11000,,0,,0,FALSE,FALSE,FALSE,FALSE,30,0,0.00000,10000000.00,1,FALSE,FALSE,,,,,,,,{00000000-0000-0000-0000-000000000000},,,,TRUE,,,,,,,1/1/19,,,0
Mr Emmanuel Ogwuche,Mr Emmanuel Ogwuche,FALSE,FALSE,,,"5, Alhaji Agare Close Akute",08064973279,,,,,,,,,,,,,,,,,,,,11000,,2,,0,FALSE,TRUE,FALSE,FALSE,30,0,0.00000,2500.00,1,FALSE,FALSE,,,,,,,,{00000000-0000-0000-0000-000000000000},,,,TRUE,,,,,,,8/11/22,,,0
Mr Felix New Height,Mr Felix New Height pharmacy,FALSE,FALSE,,,No 3 Olaide Benson street,Maryland 08037501808,,,,,,,,,,,,,,,,,,,,11000,,0,,0,FALSE,FALSE,FALSE,FALSE,30,0,0.00000,10000000.00,1,FALSE,FALSE,,,,,,,,{00000000-0000-0000-0000-000000000000},,,,TRUE,,,,,,,1/1/19,,,0
Mr Francis Chukwura,Mr Francis Chukwura,FALSE,FALSE,,,"Iba Housing Estate, Plot 181","Block 305, Flat 4, Zone F",08080748551,,,,,,,,,,,,,,,,,,,11000,,2,,0,FALSE,TRUE,FALSE,FALSE,30,0,0.00000,2500.00,1,FALSE,FALSE,,,,,,,,{00000000-0000-0000-0000-000000000000},,,,TRUE,,,,,,,8/4/21,,,0
Mr Gabriel philips,Mr Gabriel Phillips,FALSE,FALSE,,,,,,,,,,,,,,,,,,,,,,,,11000,,3,,0,FALSE,TRUE,FALSE,FALSE,30,0,0.00000,2500.00,1,FALSE,FALSE,,,,,,,,{00000000-0000-0000-0000-000000000000},,,,TRUE,,,,,,,8/18/20,,,0
Mr Gbenga c/o Redeem,Mr Gbenga c/o Redeem Health,FALSE,FALSE,,,Redeem Camp,07065545069,,,,,,,,,,,,,,,,,,,,11000,,0,,0,FALSE,TRUE,FALSE,FALSE,30,0,0.00000,2500.00,1,FALSE,FALSE,,,,,,,,{00000000-0000-0000-0000-000000000000},,,,TRUE,,,,,,,1/20/22,,,0
Mr Hammed Lasuth,Mr Hammed Lasuth fee Paying,FALSE,FALSE,,,Lasuth Ikeja,,,,,,,,,,,,,,,,,,,,,11000,,2,,0,FALSE,TRUE,FALSE,FALSE,30,0,0.00000,2500.00,1,FALSE,FALSE,,,,,,,,{00000000-0000-0000-0000-000000000000},,,,TRUE,,,,,,,11/17/21,,,0
MR ISAAC JONATHAN,MR ISAAC JONATHAN.,FALSE,FALSE,,,"72, AINA STREET, OJODU",08029453209,,,,,,,,,,,,,,,,,,,,11000,,2,,0,FALSE,TRUE,FALSE,FALSE,30,0,0.00000,2500.00,1,FALSE,FALSE,,,,,,,,{00000000-0000-0000-0000-000000000000},,,,TRUE,,,,,,,2/20/23,,,0
Mr John Obianakhu,Mr JOhn Obianakhu,FALSE,FALSE,,,08066312234. Airport Road,Lagos,,,,,,,,,,,,,,,,,,,,11000,,2,,0,FALSE,TRUE,FALSE,FALSE,30,0,0.00000,2500.00,1,FALSE,FALSE,,,,,,,,{00000000-0000-0000-0000-000000000000},,,,TRUE,,,,,,,5/17/22,,,0
Mr Juliana Tombrabo.,Mr Juliana Tombrabo,FALSE,FALSE,,,Abeokuta.,,,,,,,,,,,,,,,,,,,,,11000,,0,,0,FALSE,TRUE,FALSE,FALSE,30,0,0.00000,2500.00,1,FALSE,FALSE,,,,,,,,{00000000-0000-0000-0000-000000000000},,,,TRUE,,,,,,,6/19/20,,,0
Mr Kadir Adeniyi,Mr Kadir Adeniyi,FALSE,FALSE,,,"5, Jebutu Street, Agodo-Egbe",Ikotun Lagos. 08095805818,,,,,,,,,,,,,,,,,,,,11000,,2,,0,FALSE,TRUE,FALSE,FALSE,30,0,0.00000,2500.00,1,FALSE,FALSE,,,,,,,,{00000000-0000-0000-0000-000000000000},,,,TRUE,,,,,,,2/8/21,,,0
Mr Kunle Oyelana,Mr Kunle Oyelana,FALSE,FALSE,,,Ilupeju,,,,,,,,,,,,,,,,,,,,,11000,,0,,0,FALSE,FALSE,FALSE,FALSE,30,0,0.00000,10000000.00,1,FALSE,FALSE,,,,,,,,{00000000-0000-0000-0000-000000000000},,,,TRUE,,,,,,,1/1/19,,,0
Mr Lanre c/o Ayo,Mr Lanre c/o Ayo,FALSE,FALSE,,,,,,,,,,,,,,,,,,,,,,,,11000,,0,,0,FALSE,FALSE,FALSE,FALSE,30,0,0.00000,10000000.00,1,FALSE,FALSE,,,,,,,,{00000000-0000-0000-0000-000000000000},,,,TRUE,,,,,,,1/1/19,,,0
Mr Lateef Onisuna,Mr Lateef Onisuna,FALSE,FALSE,,,,,,,,,,,,,,,,,,,,,,,,11000,,0,,0,FALSE,FALSE,FALSE,FALSE,30,0,0.00000,10000000.00,1,FALSE,FALSE,,,,,,,,{00000000-0000-0000-0000-000000000000},,,,TRUE,,,,,,,1/1/19,,,0
Mr Maruf Asafa,Mr Maruf Asafa,FALSE,FALSE,,,"17, Ayinde Sanni strt, Magodo","GRA Phase 2, shangisha",08035389895,,,,,,,,,,,,,,,,,,,11000,,3,,0,FALSE,TRUE,FALSE,FALSE,30,0,0.00000,2500.00,1,FALSE,FALSE,,,,,,,,{00000000-0000-0000-0000-000000000000},,,,TRUE,,,,,,,8/14/20,,,0
Mr Maurice Ukpong,Mr Maurice Ukpong,FALSE,FALSE,,,,,Magboro,,,,,,,,,,,,,,,,,,,11000,,0,,0,FALSE,FALSE,FALSE,FALSE,30,0,0.00000,10000000.00,1,FALSE,FALSE,,,,,,,,{00000000-0000-0000-0000-000000000000},,,,TRUE,,,,,,,1/1/19,,,0
Mr Narrayam,Mr Narrayam,FALSE,FALSE,,,,,,,,,,,,,,,,,,,,,,,,11000,,0,,0,FALSE,FALSE,FALSE,FALSE,30,0,0.00000,10000000.00,1,FALSE,FALSE,,,,,,,,{00000000-0000-0000-0000-000000000000},,,,TRUE,,,,,,,1/1/19,,,0
Mr Obina Sanofi,Mr Obina Sanofi,FALSE,FALSE,,,,,,,,,,,,,,,,,,,,,,,,11000,,0,,0,FALSE,TRUE,FALSE,FALSE,30,0,0.00000,2500.00,1,FALSE,FALSE,,,,,,,,{00000000-0000-0000-0000-000000000000},,,,TRUE,,,,,,,6/19/26,,,0
Mr Okadigbo,Mr Okadigbo,FALSE,FALSE,,,50B Lanre Awolokun Str,Gbagada Phase II 08023116729,Gbagada,,,,,,,,,,,,,,,,,,,11000,,0,,0,FALSE,FALSE,FALSE,FALSE,30,0,0.00000,10000000.00,1,FALSE,FALSE,,,,,,,,{00000000-0000-0000-0000-000000000000},,,,TRUE,,,,,,,1/1/19,,,0
Mr Olatunbosun,Mr Olatunbosun Novo Nordisk,FALSE,FALSE,,,,,,,,,,,,,,,,,,,,,,,,11000,,0,,0,FALSE,FALSE,FALSE,FALSE,30,0,0.00000,10000000.00,1,FALSE,FALSE,,,,,,,,{00000000-0000-0000-0000-000000000000},,,,TRUE,,,,,,,1/1/19,,,0
Mr Oredola R.Jolad,Mr Oredola R.Jolad Plus,FALSE,FALSE,,,08054426121,New Garage Gbagada,Gbagada,,,,,,,,,,,,,,,,,,,11000,,0,,0,FALSE,TRUE,FALSE,FALSE,30,0,0.00000,2500.00,1,FALSE,FALSE,,,,,,,,{00000000-0000-0000-0000-000000000000},,,,TRUE,,,,,,,10/16/20,,,0
Mr Paschal,Mr Paschal c/o Pill Box,FALSE,FALSE,,,8143044094,,,,,,,,,,,,,,,,,,,,,11000,,0,,0,FALSE,FALSE,FALSE,FALSE,30,0,0.00000,10000000.00,1,FALSE,FALSE,,,,,,,,{00000000-0000-0000-0000-000000000000},,,,TRUE,,,,,,,1/1/19,,,0
Mr Paul Ojo WWCV,Mr Paul Ojo WWCV,FALSE,FALSE,,,,,,,,NIGERIA,,,,,,,,,,,,,,,,40000,,0,,0,FALSE,FALSE,FALSE,FALSE,30,0,0.00000,10000000.00,1,FALSE,FALSE,,,,,,,,{00000000-0000-0000-0000-000000000000},,,,TRUE,,,,,,,1/1/19,,,0
Mr Phillip Olowu,Mr Phillip Olowu,FALSE,FALSE,,,"21, Bisiolu Street, Agodo egbe",Cele Bustop Ikotun..,07063472485,,,,,,,,,,,,,,,,,,,11000,,2,,0,FALSE,TRUE,FALSE,FALSE,30,0,0.00000,2500.00,1,FALSE,FALSE,,,,,,,,{00000000-0000-0000-0000-000000000000},,,,TRUE,,,,,,,7/7/22,,,0
Mr Pius.,Mr Pius,FALSE,FALSE,,,ikeja millitary cantonement,,,,,,,,,,,,,,,,,,,,,11000,,2,,0,FALSE,TRUE,FALSE,FALSE,30,0,0.00000,2500.00,1,FALSE,FALSE,,,,,,,,{00000000-0000-0000-0000-000000000000},,,,TRUE,,,,,,,3/19/20,,,0
Mr Popoola...,Mr Popoola,FALSE,FALSE,,,Alapere Ketu..07062506234.,,,,,,,,,,,,,,,,,,,,,11000,,2,,0,FALSE,TRUE,FALSE,FALSE,30,0,0.00000,2500.00,1,FALSE,FALSE,,,,,,,,{00000000-0000-0000-0000-000000000000},,,,TRUE,,,,,,,11/23/22,,,0
Mr Princewill Olumba,Mr Princewill Olumba,FALSE,FALSE,,,07039015230,,,,,,,,,,,,,,,,,,,,,11000,,2,,0,FALSE,TRUE,FALSE,FALSE,30,0,0.00000,2500.00,1,FALSE,FALSE,,,,,,,,{00000000-0000-0000-0000-000000000000},,,,TRUE,,,,,,,9/21/21,,,0
Mr Samson Ongbali,Mr Samson ongbali,FALSE,FALSE,,,"No 4, Adebunmi Alabi Close","Jibowu Estat,Abule egba U-turn",,,,08033902173,,,,,,,,,,,,,,,,11000,,2,,0,FALSE,TRUE,FALSE,FALSE,30,0,0.00000,2500.00,1,FALSE,FALSE,,,,,,,,{00000000-0000-0000-0000-000000000000},,,,TRUE,,,,,,,5/6/26,,,0
Mr Segun Ibadan,Mr Segun Ibadan,FALSE,FALSE,,,"3,Commissioner Str,Harmony Est",off All Saint Rd LGA Apapa,IBADAN,,,,,,,,,,,,,07037599184,,,,,,11000,,2,,0,FALSE,TRUE,FALSE,FALSE,30,0,0.00000,2500.00,1,FALSE,FALSE,,,,,,,,{00000000-0000-0000-0000-000000000000},,,,TRUE,,,,,,,10/28/21,,,0
Mr Shaibu Novo,Mr Shaibu Novo,FALSE,FALSE,,,Fatai Atere way,Matori,,,,,,,,,,,,,,,,,,,,11000,,0,,0,FALSE,FALSE,FALSE,FALSE,30,0,0.00000,10000000.00,1,FALSE,FALSE,,,,,,,,{00000000-0000-0000-0000-000000000000},,,,TRUE,,,,,,,1/1/19,,,0
Mr Smith,Mr Smith,FALSE,FALSE,,,7038166409,Diary Farm Estate by Stadium,Agege,,,,,,,,,,,,,,,,,,,11000,,0,,0,FALSE,FALSE,FALSE,FALSE,30,0,0.00000,10000000.00,1,FALSE,FALSE,,,,,,,,{00000000-0000-0000-0000-000000000000},,,,TRUE,,,,,,,1/1/19,,,0
Mr Solomon Oretolu,Mr Solomon Oretolu,FALSE,FALSE,,,"29, Alade Owode, Sango",08081650813,,,,,,,,,,,,,,,,,,,,11000,,2,,0,FALSE,TRUE,FALSE,FALSE,30,0,0.00000,2500.00,1,FALSE,FALSE,,,,,,,,{00000000-0000-0000-0000-000000000000},,,,TRUE,,,,,,,2/17/26,,,0
Mr Stanley Imadojemu,Mr Stanley Imadojemu,FALSE,FALSE,,,"10, Oyebola Str Mowe",8090159003,Mowe,,,,,,,,,,,,,,,,,,,11000,,0,,0,FALSE,FALSE,FALSE,FALSE,30,0,0.00000,10000000.00,1,FALSE,FALSE,,,,,,,,{00000000-0000-0000-0000-000000000000},,,,TRUE,,,,,,,1/1/19,,,0
Mr Sudhir mathur,Mr Sudhir Mathur,FALSE,FALSE,,,"Ilupeju, Lagos",09019011963,,,,,,,,,,,,,,,,,,,,11000,,0,,0,FALSE,TRUE,FALSE,FALSE,30,0,0.00000,2500.00,1,FALSE,FALSE,,,,,,,,{00000000-0000-0000-0000-000000000000},,,,TRUE,,,,,,,5/3/24,,,0
Mr sunday GH Isolo,Mr Sunday GH Isolo,FALSE,FALSE,,,,,,,,,,,,,,,,,,,,,,,,40000,,0,,0,FALSE,FALSE,FALSE,FALSE,30,0,0.00000,10000000.00,1,FALSE,FALSE,,,,,,,,{00000000-0000-0000-0000-000000000000},,,,TRUE,,,,,,,1/1/19,,,0
Mr Sunday Lagoon Apa,Mr Sunday Lagoon Apapa,FALSE,FALSE,,,,,Apapa,,,,,,,,,,,,,,,,,,,11000,,0,,0,FALSE,FALSE,FALSE,FALSE,30,0,0.00000,10000000.00,1,FALSE,FALSE,,,,,,,,{00000000-0000-0000-0000-000000000000},,,,TRUE,,,,,,,1/1/19,,,0
Mr Sylvester Emueze,Mr sylvester Emueze,FALSE,FALSE,,,"51, Frank street, Off Old Ojo","Road,  By Agboju Bstop, Amuwo",Odofin.,,,08033009971,,,,,,,,,,,,,,,,11000,,2,,0,FALSE,TRUE,FALSE,FALSE,30,0,0.00000,2500.00,1,FALSE,FALSE,,,,,,,,{00000000-0000-0000-0000-000000000000},,,,TRUE,,,,,,,9/29/23,,,0
Mr Titus Ogundare,Mr Titus Ogundare,FALSE,FALSE,,,08027652746,,,,,,,,,,,,,,,,,,,,,11000,,2,,0,FALSE,TRUE,FALSE,FALSE,30,0,0.00000,2500.00,1,FALSE,FALSE,,,,,,,,{00000000-0000-0000-0000-000000000000},,,,TRUE,,,,,,,2/20/26,,,0
Mr Tolu c/o CCU LASU,Mr Tolu c/o CCU LASU,FALSE,FALSE,,,8099551683,LASUTH,IKEJA,,,,,,,,,,,,,,,,,,,11000,,0,,0,FALSE,FALSE,FALSE,FALSE,30,0,0.00000,10000000.00,1,FALSE,FALSE,,,,,,,,{00000000-0000-0000-0000-000000000000},,,,TRUE,,,,,,,1/1/19,,,0
Mr Tony Ekemezie,Mr Tony Ekemezie,FALSE,FALSE,,,Enugun,,,,,Nigeria,,,,,,,,,,,,,,,,11000,,0,,0,FALSE,FALSE,FALSE,FALSE,30,0,0.00000,10000000.00,1,FALSE,FALSE,,,,,,,,{00000000-0000-0000-0000-000000000000},,,,TRUE,,,,,,,1/1/19,,,0
Mr Uche,Mr Uche,FALSE,FALSE,,,"5/7 Ajibodu Str, Ogba",08037262156,,,,,,,,,,,,,,08037262156,,,,,,11000,,0,,0,FALSE,TRUE,FALSE,FALSE,30,0,0.00000,2500.00,1,FALSE,FALSE,,,,,,,,{00000000-0000-0000-0000-000000000000},,,,TRUE,,,,,,,3/15/23,,,0
Mr Uche Zolon,Mr Uche Zolon,FALSE,FALSE,,,,,LAGOS,,,,,,,,,,,,,,,,,,,11000,,0,,0,FALSE,FALSE,FALSE,FALSE,30,0,0.00000,10000000.00,1,FALSE,FALSE,,,,,,,,{00000000-0000-0000-0000-000000000000},,,,TRUE,,,,,,,1/1/19,,,0
Mr Uwecha,Mr Uwecha,FALSE,FALSE,,,Ilupeju,,,,,,,,,,,,,,,,,,,,,11000,,0,,0,FALSE,FALSE,FALSE,FALSE,30,0,0.00000,10000000.00,1,FALSE,FALSE,,,,,,,,{00000000-0000-0000-0000-000000000000},,,,TRUE,,,,,,,1/1/19,,,0
Mr Victor,Mr Victor Gsk,FALSE,FALSE,,,Ilupeju,,,,,,,,,,,,,,,,,,,,,11000,,0,,0,FALSE,FALSE,FALSE,FALSE,30,0,0.00000,10000000.00,1,FALSE,FALSE,,,,,,,,{00000000-0000-0000-0000-000000000000},,,,TRUE,,,,,,,1/1/19,,,0
Mr. Kunle Oyelana,Mr. Kunle Oyelana,FALSE,FALSE,,,Ilupeju,,,,,,,,,,,,,,,,,,,,,11000,,0,,0,FALSE,FALSE,FALSE,FALSE,30,0,0.00000,10000000.00,1,FALSE,FALSE,,,,,,,,{00000000-0000-0000-0000-000000000000},,,,TRUE,,,,,,,1/1/19,,,0
Mr.Chijioke Chijioke,Mr Chijioke Chijioke,FALSE,FALSE,,,,,,,,,,,,,,,,,,,,,,,08023034351.,11000,,2,,0,FALSE,TRUE,FALSE,FALSE,30,0,0.00000,2500.00,1,FALSE,FALSE,,,,,,,,{00000000-0000-0000-0000-000000000000},,,,TRUE,,,,,,,1/8/25,,,0
Mrs Abimbola c/o Aki,Mrs Abimbola c/o Akinloye,FALSE,FALSE,,,,,,,,,,,,,,,,,,08036169343,,,,,,11000,,0,,0,TRUE,FALSE,FALSE,FALSE,30,0,0.00000,2500.00,1,FALSE,FALSE,,,,,,,,{00000000-0000-0000-0000-000000000000},,,,TRUE,,,,,,,7/5/21,,,0
Mrs Abiola Solid Roc,Mrs Abiola c/o Solid Rock,FALSE,FALSE,,,,,,,,,,,,,,,,,,,,,,,,11000,,3,,0,FALSE,TRUE,FALSE,FALSE,30,0,0.00000,2500.00,1,FALSE,FALSE,,,,,,,,{00000000-0000-0000-0000-000000000000},,,,TRUE,,,,,,,5/5/20,,,0
Mrs Abolanle Akinlad,Mrs Abolanle Akinlade,FALSE,FALSE,,,,,,,,IBADAN,,,,,,,,,,,,,,,,11000,,0,,0,FALSE,FALSE,FALSE,FALSE,30,0,0.00000,10000000.00,1,FALSE,FALSE,,,,,,,,{00000000-0000-0000-0000-000000000000},,,,TRUE,,,,,,,1/1/19,,,0
Mrs Adebayo Olajumok,Mrs Adebayo Olajumoke,FALSE,FALSE,,,Abeokuta 07067093919,,,,,,,,,,,,,,,,,,,,,11000,,0,,0,FALSE,TRUE,FALSE,FALSE,30,0,0.00000,2500.00,1,FALSE,FALSE,,,,,,,,{00000000-0000-0000-0000-000000000000},,,,TRUE,,,,,,,6/11/21,,,0
Mrs Adefesobi Taiwo,Mrs Adefesobi Taiwo Oluwaseun,FALSE,FALSE,,,7032424516,,Abeokuta,,,,,,,,,,,,,,,,,,,11000,,0,,0,FALSE,FALSE,FALSE,FALSE,30,0,0.00000,10000000.00,1,FALSE,FALSE,,,,,,,,{00000000-0000-0000-0000-000000000000},,,,TRUE,,,,,,,1/1/19,,,0
Mrs Adekunle Ethel,Mrs Adekunle Ethel,FALSE,FALSE,,,08034047423,,,,,,,,,,,,,,,,,,,,,11000,,3,,0,FALSE,TRUE,FALSE,FALSE,30,0,0.00000,2500.00,1,FALSE,FALSE,,,,,,,,{00000000-0000-0000-0000-000000000000},,,,TRUE,,,,,,,12/13/21,,,0
Mrs Adeola,Mrs Adeola,FALSE,FALSE,,,29A Itire Road,Municiper B/Stop,Surulere,,,,,,,,,,,,,,,,,,,11000,,0,,0,FALSE,FALSE,FALSE,FALSE,30,0,0.00000,10000000.00,1,FALSE,FALSE,,,,,,,,{00000000-0000-0000-0000-000000000000},,,,TRUE,,,,,,,1/1/19,,,0
Mrs Adesua Sanofi,Mrs Adesua Sanofi,FALSE,FALSE,,,Ikeja,,,,,,,,,,,,,,,,,,,,,11000,,0,,0,FALSE,FALSE,FALSE,FALSE,30,0,0.00000,10000000.00,1,FALSE,FALSE,,,,,,,,{00000000-0000-0000-0000-000000000000},,,,TRUE,,,,,,,1/1/19,,,0
Mrs Ajeyomi,Mrs Ajeyomi,FALSE,FALSE,,,,,,,,,,,,,,,,,,,,,,,,11000,,0,,0,FALSE,FALSE,FALSE,FALSE,30,0,0.00000,10000000.00,1,FALSE,FALSE,,,,,,,,{00000000-0000-0000-0000-000000000000},,,,TRUE,,,,,,,1/1/19,,,0
Mrs Akinbo,Mrs Akinbo,FALSE,FALSE,,,"21a, Olutoye Cresent, off",Adeniyi Jone ikeja 08035251498,,,,,,,,,,,,,,,,,,,08035251498,11000,,2,,0,FALSE,TRUE,FALSE,FALSE,30,0,0.00000,2500.00,1,FALSE,FALSE,,,,,,,,{00000000-0000-0000-0000-000000000000},,,,TRUE,,,,,,,1/8/25,,,0
Mrs Akinboyo Grace,Mrs Akinboyo Grace,FALSE,FALSE,,,08034662152,27B Rasaq Bello Str Magodo,Isheri,,,,,,,,,,,,,,,,,,,11000,,0,,0,FALSE,TRUE,FALSE,FALSE,30,0,0.00000,2500.00,1,FALSE,FALSE,,,,,,,,{00000000-0000-0000-0000-000000000000},,,,TRUE,,,,,,,4/29/21,,,0
MRS AKINYERA,MRS AKINYERA,FALSE,FALSE,,,"NO 5, MONGOMERRY STREET YABA",,,,,,,,,,,,,,,7081398051,,,,,,11000,,0,,0,FALSE,FALSE,FALSE,FALSE,30,0,0.00000,10000000.00,1,FALSE,FALSE,,,,,,,,{00000000-0000-0000-0000-000000000000},,,,TRUE,,,,,,,1/1/19,,,0
Mrs Amodu,Mrs Amodu,FALSE,FALSE,,,I.C.H. Ibadan.  08034036844,,,,,,,,,,,,,,,,,,,,,11000,,2,,0,FALSE,TRUE,FALSE,FALSE,30,0,0.00000,2500.00,1,FALSE,FALSE,,,,,,,,{00000000-0000-0000-0000-000000000000},,,,TRUE,,,,,,,11/21/23,,,0
Mrs Amusu Olubukola,Mrs Amusu Olubukola,FALSE,FALSE,,,Ogbomosho,,,,,,,,,,,,,,,,,,,,,11000,,0,,0,FALSE,FALSE,FALSE,FALSE,30,0,0.00000,10000000.00,1,FALSE,FALSE,,,,,,,,{00000000-0000-0000-0000-000000000000},,,,TRUE,,,,,,,1/1/19,,,0
Mrs Anionwe,Mrs Anionwe,FALSE,FALSE,,,,,,,,,,,,,,,,,,,,,,,,11000,,0,,0,FALSE,FALSE,FALSE,FALSE,30,0,0.00000,10000000.00,1,FALSE,FALSE,,,,,,,,{00000000-0000-0000-0000-000000000000},,,,TRUE,,,,,,,1/1/19,,,0
Mrs Aremu Ace Medica,Mrs Aremu Ace Medical,FALSE,FALSE,,,,,Ota,,,,,,,,,,,,,8108976209,,,,,,11000,,0,,0,FALSE,FALSE,FALSE,FALSE,30,0,0.00000,10000000.00,1,FALSE,FALSE,,,,,,,,{00000000-0000-0000-0000-000000000000},,,,TRUE,,,,,,,1/1/19,,,0
Mrs Ayebatonye Ikoyi,Mrs Ayebatonye Ikoyi,FALSE,FALSE,,,Ikoyi,Lagos,,,,,,,,,,,,,,,,,,,,11000,,0,,0,FALSE,FALSE,FALSE,FALSE,30,0,0.00000,10000000.00,1,FALSE,FALSE,,,,,,,,{00000000-0000-0000-0000-000000000000},,,,TRUE,,,,,,,1/1/19,,,0
Mrs Babalola Ifako,Mrs Babalola Ifako Ijaiye,FALSE,FALSE,,,ifako,08036061056,,,,,,,,,,,,,,,,,,,,11000,,3,,0,FALSE,TRUE,FALSE,FALSE,30,0,0.00000,2500.00,1,FALSE,FALSE,,,,,,,,{00000000-0000-0000-0000-000000000000},,,,TRUE,,,,,,,7/30/21,,,0
MRS BAK,,FALSE,FALSE,,,,,,,,,,,,,,,,,,,,,,,,40000,,0,,0,FALSE,FALSE,FALSE,FALSE,30,0,0.00000,2500.00,1,FALSE,FALSE,,,,,,,,{00000000-0000-0000-0000-000000000000},,,,TRUE,,,,,,,11/9/23,,,0
Mrs Bello U.C.H Ibad,Mrs Bello U.C.H Ibadan,FALSE,FALSE,,,,,,,,IBADAN,,,,,,,,,,,,,,,,11000,,0,,0,FALSE,TRUE,FALSE,FALSE,30,0,0.00000,2500.00,1,FALSE,FALSE,,,,,,,,{00000000-0000-0000-0000-000000000000},,,,TRUE,,,,,,,4/22/20,,,0
Mrs Bidemi Adenariwo,Mrs Bidemi Adenariwo,FALSE,FALSE,,,8058144785,"7, New Site Golden Estate",Lekki,,,,,,,,,,,,,,,,,,,11000,,0,,0,FALSE,FALSE,FALSE,FALSE,30,0,0.00000,10000000.00,1,FALSE,FALSE,,,,,,,,{00000000-0000-0000-0000-000000000000},,,,TRUE,,,,,,,1/1/19,,,0
Mrs Bilkisu Illo,Mrs Bilkisu Illo,FALSE,FALSE,,,08033053732. Adeniyi Jones,"10A, Abba Johnson Crescent,",,,,,,,,,,,,,,,,,,,,11000,,2,,0,FALSE,TRUE,FALSE,FALSE,30,0,0.00000,2500.00,1,FALSE,FALSE,,,,,,,,{00000000-0000-0000-0000-000000000000},,,,TRUE,,,,,,,9/4/25,,,0
Mrs Bimpe GSK.,Mrs Bimpe GSK,FALSE,FALSE,,,Alausa Coker Estate08023225528,,,,,,,,,,,,,,,,,,,,,11000,,2,,0,FALSE,TRUE,FALSE,FALSE,30,0,0.00000,2500.00,1,FALSE,FALSE,,,,,,,,{00000000-0000-0000-0000-000000000000},,,,TRUE,,,,,,,9/8/23,,,0
Mrs Biola Lagoon.,Mrs Biola Lagoon.,FALSE,FALSE,,,07088962997,,,,,,,,,,,,,,,,,,,,,11000,,2,,0,FALSE,TRUE,FALSE,FALSE,30,0,0.00000,2500.00,1,FALSE,FALSE,,,,,,,,{00000000-0000-0000-0000-000000000000},,,,TRUE,,,,,,,10/31/22,,,0
Mrs C. O Kikiowo,Mrs C.O Kikiowo c/o John WWCV,FALSE,FALSE,,,"4,Albert Akinyele Str Baale",Akinosi Via Olori 08182169404,Akute,,,,,,,,,,,,,,,,,,,11000,,0,,0,FALSE,FALSE,FALSE,FALSE,30,0,0.00000,10000000.00,1,FALSE,FALSE,,,,,,,,{00000000-0000-0000-0000-000000000000},,,,TRUE,,,,,,,1/1/19,,,0
Mrs Chukwu,Mrs Chukwu,FALSE,FALSE,,,,,,,,,,,,,,,,,,,,,,,,11000,,0,,0,FALSE,FALSE,FALSE,FALSE,30,0,0.00000,10000000.00,1,FALSE,FALSE,,,,,,,,{00000000-0000-0000-0000-000000000000},,,,TRUE,,,,,,,1/1/19,,,0
Mrs Damilola Adebayo,Mrs Damilola Adebayo,FALSE,FALSE,,,,,,,,,,,,,,,,,,,,,,,,11000,,3,,0,FALSE,TRUE,FALSE,FALSE,30,0,0.00000,2500.00,1,FALSE,FALSE,,,,,,,,{00000000-0000-0000-0000-000000000000},,,,TRUE,,,,,,,6/26/20,,,0
Mrs Davis LASUTH,Mrs Daivs LASUTH,FALSE,FALSE,,,,,IKEJA,,,,,,,,,,,,,,,,,,,11000,,0,,0,FALSE,FALSE,FALSE,FALSE,30,0,0.00000,10000000.00,1,FALSE,FALSE,,,,,,,,{00000000-0000-0000-0000-000000000000},,,,TRUE,,,,,,,1/1/19,,,0
Mrs Doherty Iberi,Mrs Doherty Iberi,FALSE,FALSE,,,Sirona hospital Festac,08029448467,,,,,,,,,,,,,,,,,,,,11000,,2,,0,FALSE,TRUE,FALSE,FALSE,30,0,0.00000,2500.00,1,FALSE,FALSE,,,,,,,,{00000000-0000-0000-0000-000000000000},,,,TRUE,,,,,,,10/22/24,,,0
Mrs Fagbemi,Mrs Fagbemi,FALSE,FALSE,,,,,Surulere,,,,,,,,,,,,,,,,,,,11000,,0,,0,FALSE,FALSE,FALSE,FALSE,30,0,0.00000,10000000.00,1,FALSE,FALSE,,,,,,,,{00000000-0000-0000-0000-000000000000},,,,TRUE,,,,,,,1/1/19,,,0
Mrs Funke Akinsanmi,Mrs Funke Akinsanmi,FALSE,FALSE,,,LASUTH Ikeja,,,,,,,,,,,,,,,,,,,,,11000,,0,,0,FALSE,TRUE,FALSE,FALSE,30,0,0.00000,2500.00,1,FALSE,FALSE,,,,,,,,{00000000-0000-0000-0000-000000000000},,,,TRUE,,,,,,,1/18/24,,,0
Mrs Georgina Ekwomad,Mrs Georgina Ekwomadu..,FALSE,FALSE,,,"6, Nik Chuks Strt,Off Synagogu","Bustop, Ikotun Ejigbo Road",08038381659.,,,,,,,,,,,,,,,,,,,11000,,2,,0,FALSE,TRUE,FALSE,FALSE,30,0,0.00000,2500.00,1,FALSE,FALSE,,,,,,,,{00000000-0000-0000-0000-000000000000},,,,TRUE,,,,,,,3/2/23,,,0
Mrs Helen Ojo,Mrs Helen Ojo,FALSE,FALSE,,,Oke Afe.. Isolo.,07031907431,,,,,,,,,,,,,,,,,,,,11000,,2,,0,FALSE,TRUE,FALSE,FALSE,30,0,0.00000,2500.00,1,FALSE,FALSE,,,,,,,,{00000000-0000-0000-0000-000000000000},,,,TRUE,,,,,,,11/27/24,,,0
Mrs Jegede.,Mrs Jegede.,FALSE,FALSE,,,placeware nigeria limited,,,,,,,,,,,,,,,,,,,,,11000,,3,,0,FALSE,TRUE,FALSE,FALSE,30,0,0.00000,2500.00,1,FALSE,FALSE,,,,,,,,{00000000-0000-0000-0000-000000000000},,,,TRUE,,,,,,,5/28/20,,,0
Mrs Jenifer Iberi,Mrs Jenifer Iberi,FALSE,FALSE,,,"3b, Alhaji Tewogbade Street.",ojodu.. 08036614909,,,,,,,,,,,,,,,,,,,,11000,,0,,0,FALSE,TRUE,FALSE,FALSE,30,0,0.00000,2500.00,1,FALSE,FALSE,,,,,,,,{00000000-0000-0000-0000-000000000000},,,,TRUE,,,,,,,9/29/20,,,0
Mrs Jennifer Oke Afa,Mrs Jennifer Oke Afa,FALSE,FALSE,,,"2, Iyadunni str oke-afa Isolo",off Grace Baptist street,,,,,,,,,,,,,,,,,,,,11000,,0,,0,FALSE,FALSE,FALSE,FALSE,30,0,0.00000,10000000.00,1,FALSE,FALSE,,,,,,,,{00000000-0000-0000-0000-000000000000},,,,TRUE,,,,,,,1/1/19,,,0
Mrs Kazeem,Mrs Kazeem,FALSE,FALSE,,,Salisu luth. PHC Pakoto bustop,Ifo,,,,,,,,,,,,,,8023037885,,,,,,40000,,0,,0,FALSE,FALSE,FALSE,FALSE,30,0,0.00000,10000000.00,1,FALSE,FALSE,,,,,,,,{00000000-0000-0000-0000-000000000000},,,,TRUE,,,,,,,1/1/19,,,0
Mrs Kehinde Adu,Mrs Kehinde Adu,FALSE,FALSE,,,"Quarter 52,Yabatech Staff","Quarters,GRA,Yaba",LAGOS,,,NIGERIA,,,,,,,,,,8060444965,,,,,,40000,,0,,0,FALSE,FALSE,FALSE,FALSE,30,0,0.00000,10000000.00,1,FALSE,FALSE,,,,,,,,{00000000-0000-0000-0000-000000000000},,,,TRUE,,,,,,,1/1/19,,,0
Mrs Krown Lab,Mrs Krown Lab,FALSE,FALSE,,,,,,,,,,,,,,,,,,,,,,,,11000,,0,,0,FALSE,FALSE,FALSE,FALSE,30,0,0.00000,10000000.00,1,FALSE,FALSE,,,,,,,,{00000000-0000-0000-0000-000000000000},,,,TRUE,,,,,,,1/1/19,,,0
Mrs Lawal,Mrs Lawal,FALSE,FALSE,,,Lawma Office by Awolowo Way,Ikeja.08023175814,,,,NIGERIA,,,,,,,,,,8023175814,,,,,,40000,,0,,0,FALSE,FALSE,FALSE,FALSE,30,0,0.00000,10000000.00,1,FALSE,FALSE,,,,,,,,{00000000-0000-0000-0000-000000000000},,,,TRUE,,,,,,,1/1/19,,,0
Mrs Lawanson LASUTH,Mrs Lawanson LASUTH,FALSE,FALSE,,,,,IKEJA,,,,,,,,,,,,,,,,,,,11000,,0,,0,FALSE,FALSE,FALSE,FALSE,30,0,0.00000,10000000.00,1,FALSE,FALSE,,,,,,,,{00000000-0000-0000-0000-000000000000},,,,TRUE,,,,,,,1/1/19,,,0
Mrs Maina Fatsuma,Mrs Maina Fatsuma,FALSE,FALSE,,,Airforce hospital PWD Shogunle,,08062536892,,,,,,,,,,,,,,,,,,,11000,,2,,0,FALSE,TRUE,FALSE,FALSE,30,0,0.00000,2500.00,1,FALSE,FALSE,,,,,,,,{00000000-0000-0000-0000-000000000000},,,,TRUE,,,,,,,1/29/24,,,0
Mrs Mobolanle Owoeye,Mrs Mobolanle Owoeye,FALSE,FALSE,,,Plot 19 Block 19 Baptist Churc,Str Magodo Phase1 Isheri Lagos,Magodo,,,,,,,,,,,,,09066936080,,,,,,11000,,0,,0,FALSE,TRUE,FALSE,FALSE,30,0,0.00000,2500.00,1,FALSE,FALSE,,,,,,,,{00000000-0000-0000-0000-000000000000},,,,TRUE,,,,,,,4/27/23,,,0
Mrs Nkem.,Mrs Nkem.,FALSE,FALSE,,,,,,,,,,,,,,,,,,,,,,,,11000,,2,,0,FALSE,TRUE,FALSE,FALSE,30,0,0.00000,2500.00,1,FALSE,FALSE,,,,,,,,{00000000-0000-0000-0000-000000000000},,,,TRUE,,,,,,,7/20/20,,,0
Mrs Nkiru UMEH Okafo,Mrs Nkiru UMEH Okafor,FALSE,FALSE,,,,,,,,,,,,,,,,,,,,,,,,11000,,0,,0,FALSE,TRUE,FALSE,FALSE,30,0,0.00000,2500.00,1,FALSE,FALSE,,,,,,,,{00000000-0000-0000-0000-000000000000},,,,TRUE,,,,,,,8/4/23,,,0
Mrs Nweke Sylvia,Mrs Nweke Sylvia C/O R.Jolad,FALSE,FALSE,,,Kupa/R.Jolad. 08169274907,,,,,,,,,,,,,,,,,,,,,11000,,2,,0,FALSE,TRUE,FALSE,FALSE,30,0,0.00000,2500.00,1,FALSE,FALSE,,,,,,,,{00000000-0000-0000-0000-000000000000},,,,TRUE,,,,,,,10/25/25,,,0
Mrs Nwoba,Mrs Nwoba,FALSE,FALSE,,,,,,,,,,,,,,,,,,,,,,,,11000,,0,,0,FALSE,FALSE,FALSE,FALSE,30,0,0.00000,10000000.00,1,FALSE,FALSE,,,,,,,,{00000000-0000-0000-0000-000000000000},,,,TRUE,,,,,,,1/1/19,,,0
Mrs Obi Onyinye,Mrs Obi Onyinye,FALSE,FALSE,,,Mega Plaza Car Park,Idowu Martins St. 09038867176,Victoria Island,,,,,,,,,,,,,,,,,,,11000,,0,,0,FALSE,FALSE,FALSE,FALSE,30,0,0.00000,10000000.00,1,FALSE,FALSE,,,,,,,,{00000000-0000-0000-0000-000000000000},,,,TRUE,,,,,,,1/1/19,,,0
Mrs Ogunjemiyo,Mrs Ogunjemiyo,FALSE,FALSE,,,,,,,,,,,,,,,,,,,,,,,,11000,,0,,0,FALSE,FALSE,FALSE,FALSE,30,0,0.00000,10000000.00,1,FALSE,FALSE,,,,,,,,{00000000-0000-0000-0000-000000000000},,,,TRUE,,,,,,,1/1/19,,,0
Mrs Okoye c/o Eko Hx,Mrs Okoye c/o Eko Hx,FALSE,FALSE,,,Ikeja,,,,,,,,,,,,,,,,,,,,,11000,,0,,0,FALSE,FALSE,FALSE,FALSE,30,0,0.00000,10000000.00,1,FALSE,FALSE,,,,,,,,{00000000-0000-0000-0000-000000000000},,,,TRUE,,,,,,,1/1/19,,,0
Mrs Olabisi Redeem,Mrs Olabisi Redeem,FALSE,FALSE,,,Redemption camp c/o of Redeem,Redeem health care,,,,ogun state,,,,,,,,,,,,,,,,11000,,0,,0,FALSE,TRUE,FALSE,FALSE,30,0,0.00000,2500.00,1,FALSE,FALSE,,,,,,,,{00000000-0000-0000-0000-000000000000},,,,TRUE,,,,,,,2/8/21,,,0
MRS OLADEJI,MRS OLADEJI,FALSE,FALSE,,,OGUDU,,,,,,,,,,,,,,,,,,,,,40000,,0,,0,FALSE,FALSE,FALSE,FALSE,30,0,0.00000,10000000.00,1,FALSE,FALSE,,,,,,,,{00000000-0000-0000-0000-000000000000},,,,TRUE,,,,,,,1/1/19,,,0
Mrs Olajumoke.,Mrs Olajumoke.,FALSE,FALSE,,,Abeokuta.,,,,,,,,,,,,,,,,,,,,,11000,,2,,0,FALSE,TRUE,FALSE,FALSE,30,0,0.00000,2500.00,1,FALSE,FALSE,,,,,,,,{00000000-0000-0000-0000-000000000000},,,,TRUE,,,,,,,11/18/20,,,0
Mrs Olatunde,Mrs Olatunde,FALSE,FALSE,,,GSK Ilupeju,,,,,,,,,,,,,,,,,,,,,40000,,0,,0,FALSE,FALSE,FALSE,FALSE,30,0,0.00000,10000000.00,1,FALSE,FALSE,,,,,,,,{00000000-0000-0000-0000-000000000000},,,,TRUE,,,,,,,1/1/19,,,0
Mrs Olatunji Lagoon,Mrs Olatunji Lagoon Hx,FALSE,FALSE,,,,,IKEJA,,,,,,,,,,,,,,,,,,,11000,,0,,0,FALSE,FALSE,FALSE,FALSE,30,0,0.00000,10000000.00,1,FALSE,FALSE,,,,,,,,{00000000-0000-0000-0000-000000000000},,,,TRUE,,,,,,,1/1/19,,,0
Mrs Olurotimi,Mrs Olurotimi,FALSE,FALSE,,,Idi Araba,,,,,,,,,,,,,,,,,,,,,11000,,0,,0,FALSE,FALSE,FALSE,FALSE,30,0,0.00000,10000000.00,1,FALSE,FALSE,,,,,,,,{00000000-0000-0000-0000-000000000000},,,,TRUE,,,,,,,1/1/19,,,0
Mrs Omorege LUTH,Mrs Omorege LUTH,FALSE,FALSE,,,C/O Child Survival Unit,,,,,NIGERIA,,,,,,,,,,,,,,,,40000,,0,,0,FALSE,FALSE,FALSE,FALSE,30,0,0.00000,10000000.00,1,FALSE,FALSE,,,,,,,,{00000000-0000-0000-0000-000000000000},,,,TRUE,,,,,,,1/1/19,,,0
Mrs Omosebi,Mrs Omosebi,FALSE,FALSE,,,Ikeja,,,,,,,,,,,,,,,,,,,,,40000,,0,,0,FALSE,FALSE,FALSE,FALSE,30,0,0.00000,10000000.00,1,FALSE,FALSE,,,,,,,,{00000000-0000-0000-0000-000000000000},,,,TRUE,,,,,,,1/1/19,,,0
Mrs Onafeko Adebisi.,Mrs Onafeko Adebisi,FALSE,FALSE,,,"11, Okujumo Street, Ikorodu",08033257852,,,,,,,,,,,,,,,,,,,,11000,,2,,0,FALSE,TRUE,FALSE,FALSE,30,0,0.00000,2500.00,1,FALSE,FALSE,,,,,,,,{00000000-0000-0000-0000-000000000000},,,,TRUE,,,,,,,8/16/22,,,0
Mrs Onisuna,Mrs Onisuna,FALSE,FALSE,,,Epe,08055065099,,,,,,,,,,,,,,,,,,,,11000,,2,,0,FALSE,TRUE,FALSE,FALSE,30,0,0.00000,2500.00,1,FALSE,FALSE,,,,,,,,{00000000-0000-0000-0000-000000000000},,,,TRUE,,,,,,,2/23/22,,,0
Mrs Onwunali % Eko,Mrs Onwunali % Eko Hospital,FALSE,FALSE,,,,,,,,,,,,,,,,,,,,,,,Ikeja,11000,,0,,0,FALSE,FALSE,FALSE,FALSE,30,0,0.00000,10000000.00,1,FALSE,FALSE,,,,,,,,{00000000-0000-0000-0000-000000000000},,,,TRUE,,,,,,,1/1/19,,,0
Mrs Oyewunmi,Mrs Oyewunmi,FALSE,FALSE,,,"Road 34, E Close, Gown Estate",08035713377,,,,,,,,,,,,,,,,,,,,11000,,2,,0,FALSE,TRUE,FALSE,FALSE,30,0,0.00000,2500.00,1,FALSE,FALSE,,,,,,,,{00000000-0000-0000-0000-000000000000},,,,TRUE,,,,,,,1/11/22,,,0
Mrs Paul Abiola.,Mrs Paul Abiola.,FALSE,FALSE,,,,,,,,,,,,,,,,,,,,,,,,11000,,2,,0,FALSE,TRUE,FALSE,FALSE,30,0,0.00000,2500.00,1,FALSE,FALSE,,,,,,,,{00000000-0000-0000-0000-000000000000},,,,TRUE,,,,,,,2/5/21,,,0
Mrs Popoola,Mrs Popoola,FALSE,FALSE,,,Ojodu,,,,,,,,,,,,,,,,,,,,,11000,,0,,0,FALSE,FALSE,FALSE,FALSE,30,0,0.00000,10000000.00,1,FALSE,FALSE,,,,,,,,{00000000-0000-0000-0000-000000000000},,,,TRUE,,,,,,,1/1/19,,,0
Mrs Prudence MCC,Mrs Prudence MCC,FALSE,FALSE,,,MCC Amuwo Odofin,Festac,,,,,,,,,,,,,,,,,,,,11000,,2,,0,FALSE,TRUE,FALSE,FALSE,30,0,0.00000,2500.00,1,FALSE,FALSE,,,,,,,,{00000000-0000-0000-0000-000000000000},,,,TRUE,,,,,,,3/11/22,,,0
Mrs Saka C/O Redeem,Mrs Saka C/O Redeem,FALSE,FALSE,,,Redemption camp,08063199531,,,,,,,,,,,,,,,,,,,,11000,,2,,0,FALSE,TRUE,FALSE,FALSE,30,0,0.00000,2500.00,1,FALSE,FALSE,,,,,,,,{00000000-0000-0000-0000-000000000000},,,,TRUE,,,,,,,1/19/22,,,0
Mrs Seratu Umar,Mrs Seratu Umar,FALSE,FALSE,,,08174212915,,,,,,,,,,,,,,,,,,,,,11000,,2,,0,FALSE,TRUE,FALSE,FALSE,30,0,0.00000,2500.00,1,FALSE,FALSE,,,,,,,,{00000000-0000-0000-0000-000000000000},,,,TRUE,,,,,,,8/30/24,,,0
Mrs Shade Oyeleye,Mrs Shade Oyeleye,FALSE,FALSE,,,08036917701,,,,,"ojodu, lagos",,,,,,,,,,,,,,,,11000,,2,,0,FALSE,TRUE,FALSE,FALSE,30,0,0.00000,2500.00,1,FALSE,FALSE,,,,,,,,{00000000-0000-0000-0000-000000000000},,,,TRUE,,,,,,,4/7/25,,,0
Mrs Shittu,Mrs Shittu,FALSE,FALSE,,,Plot 17 Abdulrazaq Shittu,Drive Gemade Estate Ipaja,,,,NIGERIA,,,,,,,,,,8088497622,,,,,,40000,,0,,0,FALSE,FALSE,FALSE,FALSE,30,0,0.00000,10000000.00,1,FALSE,FALSE,,,,,,,,{00000000-0000-0000-0000-000000000000},,,,TRUE,,,,,,,1/1/19,,,0
Mrs Sholeye Gloria,Mrs Sholeye Gloria,FALSE,FALSE,,,"No 2 road, before Elejigbo","Estate, Behind Obasanjo farm",Otta.,,,08023836520,,,,,,,,,,,,,,,,11000,,2,,0,FALSE,TRUE,FALSE,FALSE,30,0,0.00000,2500.00,1,FALSE,FALSE,,,,,,,,{00000000-0000-0000-0000-000000000000},,,,TRUE,,,,,,,5/10/24,,,0
Mrs Smith,Mrs Smith,FALSE,FALSE,,,Akowonjo,,,,,,,,,,,,,,,,,,,,,11000,,0,,0,FALSE,FALSE,FALSE,FALSE,30,0,0.00000,10000000.00,1,FALSE,FALSE,,,,,,,,{00000000-0000-0000-0000-000000000000},,,,TRUE,,,,,,,1/1/19,,,0
Mrs Subomi,Mrs Subomi,FALSE,FALSE,,,Plot 004 Eleganza Shopping Mal,VGC 09034841131,,,,Ajah,,,,,,,,,,,,,,,,11000,,0,,0,FALSE,FALSE,FALSE,FALSE,30,0,0.00000,10000000.00,1,FALSE,FALSE,,,,,,,,{00000000-0000-0000-0000-000000000000},,,,TRUE,,,,,,,1/1/19,,,0
Mrs Taiwo Adeyemi,Mrs Taiwo Adeyemi,FALSE,FALSE,,,"5, Adeyinka Adeyemi Crescent",Gbagada estste.08076012005,,,,,,,,,,,,,,,,,,,,11000,,3,,0,FALSE,TRUE,FALSE,FALSE,30,0,0.00000,2500.00,1,FALSE,FALSE,,,,,,,,{00000000-0000-0000-0000-000000000000},,,,TRUE,,,,,,,2/8/21,,,0
Mrs Tina Martins NNP,Mrs Tina Martins NNPC,FALSE,FALSE,,,NNPC,,,,,NIGERIA,,,,,,,,,,,,,,,,40000,,0,,0,FALSE,FALSE,FALSE,FALSE,30,0,0.00000,10000000.00,1,FALSE,FALSE,,,,,,,,{00000000-0000-0000-0000-000000000000},,,,TRUE,,,,,,,1/1/19,,,0
Mrs Tinuola Falase,Mrs Tinuola Falase,FALSE,FALSE,,,"49, Iya Agan Street,Ebute Meta","West, Off Apapa Road",07032811722,,,,,,,,,,,,,,,,,,,11000,,2,,0,FALSE,TRUE,FALSE,FALSE,30,0,0.00000,2500.00,1,FALSE,FALSE,,,,,,,,{00000000-0000-0000-0000-000000000000},,,,TRUE,,,,,,,2/15/22,,,0
MRS TIWAL,,FALSE,FALSE,,,,,,,,,,,,,,,,,,,,,,,,40000,,0,,0,FALSE,FALSE,FALSE,FALSE,30,0,0.00000,2500.00,1,FALSE,FALSE,,,,,,,,{00000000-0000-0000-0000-000000000000},,,,TRUE,,,,,,,12/7/22,,,0
Mrs Tiwatope,Mrs Tiwatope,FALSE,FALSE,,,"20, Olabisi Onabanjo Way,","Idi Aba, Abeokuta",08039218480,,,,,,,,,,,,,,,,,,,11000,,2,,0,FALSE,TRUE,FALSE,FALSE,30,0,0.00000,2500.00,1,FALSE,FALSE,,,,,,,,{00000000-0000-0000-0000-000000000000},,,,TRUE,,,,,,,9/17/21,,,0
Mrs Uba C/O Lekan,Mrs Uba C/O Lekan Alabi,FALSE,FALSE,,,"24, Osemeka Street, off oja","bustop, Orile Iganmu",08126962074,,,,,,,,,,,,,,,,,,,11000,,2,,0,FALSE,FALSE,FALSE,FALSE,30,0,0.00000,10000000.00,1,FALSE,FALSE,,,,,,,,{00000000-0000-0000-0000-000000000000},,,,TRUE,,,,,,,1/1/19,,,0
Mrs Ugochinyere,Mrs Ugochinyere Akinyemi,FALSE,FALSE,,,"No, 5A, Chalon Close, Beside","Chalon Suite, Off Akiti venue,",07063455156,,,Okota Rd Isolo.,,,,,,,,,,,,,,,,11000,,2,,0,FALSE,TRUE,FALSE,FALSE,30,0,0.00000,2500.00,1,FALSE,FALSE,,,,,,,,{00000000-0000-0000-0000-000000000000},,,,TRUE,,,,,,,9/5/25,,,0
Mrs Ugwoke c/o Golde,Mrs Ugwoke c/o Golden cross,FALSE,FALSE,,,,,,,,,,,,,,,,,,,,,,,,11000,,0,,0,FALSE,FALSE,FALSE,FALSE,30,0,0.00000,10000000.00,1,FALSE,FALSE,,,,,,,,{00000000-0000-0000-0000-000000000000},,,,TRUE,,,,,,,1/1/19,,,0
Mrs Uwecha,Mrs Uwecha,FALSE,FALSE,,,,,,,,,,,,,,,,,,,,,,,,11000,,0,,0,FALSE,FALSE,FALSE,FALSE,30,0,0.00000,10000000.00,1,FALSE,FALSE,,,,,,,,{00000000-0000-0000-0000-000000000000},,,,TRUE,,,,,,,1/1/19,,,0
Mrs Wunmi Oladapo,Mrs Wunmi Oladapo c/o Sulymon,FALSE,FALSE,,,,,,,,,,,,,,,,,,,,,,,,11000,,0,,0,FALSE,FALSE,FALSE,FALSE,30,0,0.00000,10000000.00,1,FALSE,FALSE,,,,,,,,{00000000-0000-0000-0000-000000000000},,,,TRUE,,,,,,,1/1/19,,,0
Mrs Yinka c/o Eko HX,Mrs Yinka c/o Eko Hospital,FALSE,FALSE,,,Ikeja,,IKEJA,,,,,,,,,,,,,,,,,,,11000,,0,,0,FALSE,FALSE,FALSE,FALSE,30,0,0.00000,10000000.00,1,FALSE,FALSE,,,,,,,,{00000000-0000-0000-0000-000000000000},,,,TRUE,,,,,,,1/1/19,,,0
Mrs Zalihat C/O MCC,Mrs Zalihat C/O MCC Amuwo Odofin,FALSE,FALSE,,,Festac. 08034930155,,,,,,,,,,,,,,,,,,,,,11000,,2,,0,FALSE,TRUE,FALSE,FALSE,30,0,0.00000,2500.00,1,FALSE,FALSE,,,,,,,,{00000000-0000-0000-0000-000000000000},,,,TRUE,,,,,,,8/25/21,,,0
Mucas Hospital,Mucas Hospital,FALSE,FALSE,,,"19, Ogun Street, Adealu Bustop","Dopemu,  lagos",,,,,,,,,,,,,,,,,,,,11000,,0,,0,FALSE,FALSE,FALSE,FALSE,30,0,0.00000,10000000.00,1,FALSE,FALSE,,,,,,,,{00000000-0000-0000-0000-000000000000},,,,TRUE,,,,,,,1/1/19,,,0
Multi-Care Pharmacy,Multi-Care Pharmacy,FALSE,FALSE,,,"4, Gbasemo Street Ikorodu",,"Ikorodu,Lagos",,,,,,,,,,,,,,,,,,,11000,,0,,0,FALSE,FALSE,FALSE,FALSE,30,0,0.00000,10000000.00,1,FALSE,FALSE,,,,,,,,{00000000-0000-0000-0000-000000000000},,,,TRUE,,,,,,,1/1/19,,,0
Muyiwa Novo,Muyiwa Novo,FALSE,FALSE,,,,,,,,,,,,,,,,,,,,,,,,11000,,0,,0,FALSE,FALSE,FALSE,FALSE,30,0,0.00000,10000000.00,1,FALSE,FALSE,,,,,,,,{00000000-0000-0000-0000-000000000000},,,,TRUE,,,,,,,1/1/19,,,0
MWAM c/o Dr Ogundimu,MWAM c/o Dr Ogundimu,FALSE,FALSE,,,,,Sagamu,,,,,,,,,,,,,,,,,,,11000,,0,,0,FALSE,FALSE,FALSE,FALSE,30,0,0.00000,10000000.00,1,FALSE,FALSE,,,,,,,,{00000000-0000-0000-0000-000000000000},,,,TRUE,,,,,,,1/1/19,,,0
My Shepherd Hospital,My Shepherd Hospital,FALSE,FALSE,,,"1, Soji Omowole Street,Oba Ile",Akure Ondo. 08022651503,09038147484,,,,,,,,,,,,,,,,,,,11000,,2,,0,FALSE,TRUE,FALSE,FALSE,30,0,0.00000,2500.00,1,FALSE,FALSE,,,,,,,,{00000000-0000-0000-0000-000000000000},,,,TRUE,,,,,,,10/19/22,,,0
Mykena Pharmacy,Mykena Pharmacy,FALSE,FALSE,,,Allen Avenue,Ikeja,,,,,,,,,,,,,,,,,,,,11000,,0,,0,FALSE,FALSE,FALSE,FALSE,30,0,0.00000,10000000.00,1,FALSE,FALSE,,,,,,,,{00000000-0000-0000-0000-000000000000},,,,TRUE,,,,,,,1/1/19,,,0
N-Triumph Pharmacy,N-Triumph Pharmacy,FALSE,FALSE,128433267,,"1,Mohammed Street Ajacent",Agbado Okeowo Local Govt.,Abule Egba,,,,,,,,,,,,,8186156215,,,,,,11000,,0,,0,FALSE,FALSE,FALSE,FALSE,30,0,0.00000,10000000.00,1,FALSE,FALSE,,,,,,,,{00000000-0000-0000-0000-000000000000},,,,TRUE,,,,,,,1/1/19,,,0
NAMA Airport,NAMA Airport,FALSE,FALSE,,,Ikeja,,Lagos,,,,,,,,,,,,,,,,,,,11000,,0,,0,FALSE,FALSE,FALSE,FALSE,30,0,0.00000,10000000.00,1,FALSE,FALSE,,,,,,,,{00000000-0000-0000-0000-000000000000},,,,TRUE,,,,,,,1/1/19,,,0
Nard Pharmacy,Nard Pharmacy,FALSE,FALSE,,,"3,IKOTUN Idimu Road. ALIMOSHO",Mosolasi B/top,Alimosho,,,,,,,,,,,,,8058535729,,,,,,11000,,0,,0,FALSE,FALSE,FALSE,FALSE,30,0,0.00000,10000000.00,1,FALSE,FALSE,,,,,,,,{00000000-0000-0000-0000-000000000000},,,,TRUE,,,,,,,1/1/19,,,0
Naval Hospital,Naval Hospital,FALSE,FALSE,,,Ajegunle,8032657440,,,,,,,,,,,,,,,,,,,Obisesan Street,11000,,0,,0,FALSE,FALSE,FALSE,FALSE,30,0,0.00000,10000000.00,1,FALSE,FALSE,,,,,,,,{00000000-0000-0000-0000-000000000000},,,,TRUE,,,,,,,1/1/19,,,0
Naval Medical Centre,Naval Medical Centre,FALSE,FALSE,,,"Lekki, Before Eko Hotel, just",by NTA,08031916075,,,,,,,,,,,,,,,,,,,11000,,2,,0,FALSE,TRUE,FALSE,FALSE,30,0,0.00000,2500.00,1,FALSE,FALSE,,,,,,,,{00000000-0000-0000-0000-000000000000},,,,TRUE,,,,,,,2/23/24,,,0
Navy Hospital,Navy Hospital,FALSE,FALSE,,,,,Ojo,,,Lagos,,,,,,,,,,,,,,,,11000,,0,,0,FALSE,FALSE,FALSE,FALSE,30,0,0.00000,10000000.00,1,FALSE,FALSE,,,,,,,,{00000000-0000-0000-0000-000000000000},,,,TRUE,,,,,,,1/1/19,,,0
Navy Sickbay,Navy Sickbay,FALSE,FALSE,,,BADAGRY EXPRESS WAY,"OKOKOMAIKO, LAGOS",Egbeda,,,,,,,,,,,,,8031916075,,,,,,11000,,0,,0,FALSE,FALSE,FALSE,FALSE,30,0,0.00000,10000000.00,1,FALSE,FALSE,,,,,,,,{00000000-0000-0000-0000-000000000000},,,,TRUE,,,,,,,1/1/19,,,0
Neat Line Pharmacy,Neat Line Pharmacy,FALSE,FALSE,,,"1,Emmanuel High Street,","Ogudu Road,Ojota",,,,,,,,,,,,,,8033060577,,,,,,11000,,0,,0,FALSE,FALSE,FALSE,FALSE,30,0,0.00000,10000000.00,1,FALSE,FALSE,,,,,,,,{00000000-0000-0000-0000-000000000000},,,,TRUE,,,,,,,1/1/19,,,0
Nebula Care Hospital,Nebula Care Hospital,FALSE,FALSE,,,"24, Wilmer street off coker",Road Ilupeju lagos 09113232777,09117773232,,,Nigeria,,,,,,,,,,,,,,,,11000,,2,,0,FALSE,TRUE,FALSE,FALSE,30,0,0.00000,2500.00,1,FALSE,FALSE,,,,,,,,{00000000-0000-0000-0000-000000000000},,,,TRUE,,,,,,,2/4/25,,,0
Nemitt Pharmacy,Nemitt Pharmacy,FALSE,FALSE,,,"95,Funsho Williams AV,Gilgal",Complex Surulere.08033314315,,,,NIGERIA,,,,,,,,,,,8033314315,,,,,40000,,0,,0,FALSE,FALSE,FALSE,FALSE,30,0,0.00000,10000000.00,1,FALSE,FALSE,,,,,,,,{00000000-0000-0000-0000-000000000000},,,,TRUE,,,,,,,1/1/19,,,0
Nephrocare Medical,Nephrocare Medical Service,FALSE,FALSE,,,"13A, Methodist Church Street","Awuse Estate, Salvation Opebi",Dr Ibrahim,,,08163105857,,,,,,,,,,,,,,,,11000,,2,,0,FALSE,TRUE,FALSE,FALSE,30,0,0.00000,2500.00,1,FALSE,FALSE,,,,,,,,{00000000-0000-0000-0000-000000000000},,,,TRUE,,,,,,,9/27/22,,,0
Nestle Nig Plc,Nestle Nig Plc,FALSE,FALSE,,,"22/24, ILUPEJU INDUSTRIAL AVE",LAGOS,,,,,,,,,,,,,,17940425,,,,,,11000,,0,,0,FALSE,FALSE,FALSE,FALSE,30,0,0.00000,10000000.00,1,FALSE,FALSE,,,,,,,,{00000000-0000-0000-0000-000000000000},,,,TRUE,,,,,,,1/1/19,,,0
NETT PHARMACY,NETT PHARMACY,FALSE,FALSE,,,"33, Opebi  ROAD Ikeja",,,,,,,,,,,,,,,12955051,,,,,,11000,,0,,0,FALSE,FALSE,FALSE,FALSE,30,0,0.00000,10000000.00,1,FALSE,FALSE,,,,,,,,{00000000-0000-0000-0000-000000000000},,,,TRUE,,,,,,,1/1/19,,,0
NEW BETHSIDER HOSPIT,NEW BETHSIDER HOSPITAL,FALSE,FALSE,,,"13 Palm Avenue,Mushin",,,,,,,,,,,,,,,,,,,,,11000,,0,,0,FALSE,FALSE,FALSE,FALSE,30,0,0.00000,10000000.00,1,FALSE,FALSE,,,,,,,,{00000000-0000-0000-0000-000000000000},,,,TRUE,,,,,,,1/1/19,,,0
New Capstone Special,New Capstone Specialist Hospital,FALSE,FALSE,,,"2,Ilamoye Street,Off Adeshina","Street, Ijeshatedo",LAGOS,,,,,,,,,,,,,,,,,,,11000,,0,,0,FALSE,FALSE,FALSE,FALSE,30,0,0.00000,10000000.00,1,FALSE,FALSE,,,,,,,,{00000000-0000-0000-0000-000000000000},,,,TRUE,,,,,,,1/1/19,,,0
New Child Care Hospi,New Child Care Hospital,FALSE,FALSE,,,"10,Oluaina Str off Oye Round",about Isolo Rd 07081645463,SURULERE,,,,,,,,,,,,,07081645463,,,,,,11000,,0,,0,FALSE,TRUE,FALSE,FALSE,30,0,0.00000,2500.00,1,FALSE,FALSE,,,,,,,,{00000000-0000-0000-0000-000000000000},,,,TRUE,,,,,,,10/2/20,,,0
New Gate Hospital,New Gate Hospital,FALSE,FALSE,,,"111, Ojodu Isheri Road",Opp. Ojodu Millenium School,Ojodu,,,,,,,,,,,,,,,,,,,11000,,0,,0,FALSE,FALSE,FALSE,FALSE,30,0,0.00000,10000000.00,1,FALSE,FALSE,,,,,,,,{00000000-0000-0000-0000-000000000000},,,,TRUE,,,,,,,1/1/19,,,0
New Ikeja HX,New Ikeja Hx,FALSE,FALSE,,,"15, Gbajobi Street Ikeja",8034541719,,,,,,,,,,,,,,,,,,,,11000,,0,,0,FALSE,FALSE,FALSE,FALSE,30,0,0.00000,10000000.00,1,FALSE,FALSE,,,,,,,,{00000000-0000-0000-0000-000000000000},,,,TRUE,,,,,,,1/1/19,,,0
NEW NATION,NEW NATION BAPTIST CHURCH,FALSE,FALSE,,,"1, SHITTA ADERIBIGBE STREET",MARYLAND LAGOS,,,,,,,,,,,,,,8036169343,,,,,,11000,,0,,0,FALSE,FALSE,FALSE,FALSE,30,0,0.00000,10000000.00,1,FALSE,FALSE,,,,,,,,{00000000-0000-0000-0000-000000000000},,,,TRUE,,,,,,,1/1/19,,,0
New Wine Pharmacy,New Wine Pharmacy,FALSE,FALSE,,,"1, Akinde Str, Opp The Pen Sch",off Imedu-Nla/RCCG Arena Road,Mowe B/stop,,,,,,,,,,,,,,,,,,,11000,,0,,0,FALSE,FALSE,FALSE,FALSE,30,0,0.00000,10000000.00,1,FALSE,FALSE,,,,,,,,{00000000-0000-0000-0000-000000000000},,,,TRUE,,,,,,,1/1/19,,,0
New World Health Ini,New World Health Initiative,FALSE,FALSE,,,"8, Omoniyi Fasaye Street",Ijaye,Alagbado,,,,,,,,,,,,,,,,,,,11000,,0,,0,FALSE,FALSE,FALSE,FALSE,30,0,0.00000,10000000.00,1,FALSE,FALSE,,,,,,,,{00000000-0000-0000-0000-000000000000},,,,TRUE,,,,,,,1/1/19,,,0
Newton Pharmacy,Newton Pharmacy,FALSE,FALSE,,,Along Iba Road,,LAGOS,,,,,,,,,,,,,,,,,,,11000,,0,,0,FALSE,FALSE,FALSE,FALSE,30,0,0.00000,10000000.00,1,FALSE,FALSE,,,,,,,,{00000000-0000-0000-0000-000000000000},,,,TRUE,,,,,,,1/1/19,,,0
NHC Pharmacy Ltd,NHC Pharmacy Ltd,FALSE,FALSE,,,"23, Acme Ogba",,OGBA,,,,,,,,,,,,,,,,,,,11000,,0,,0,FALSE,FALSE,FALSE,FALSE,30,0,0.00000,10000000.00,1,FALSE,FALSE,,,,,,,,{00000000-0000-0000-0000-000000000000},,,,TRUE,,,,,,,1/1/19,,,0
NHIS Pharmacy LASUTH,NHIS Pharmacy LASUTH,FALSE,FALSE,8181756156,,,,IKEJA,,,,,,,,,,,,,,,,,,,11000,,0,,0,FALSE,FALSE,FALSE,FALSE,30,0,0.00000,10000000.00,1,FALSE,FALSE,,,,,,,,{00000000-0000-0000-0000-000000000000},,,,TRUE,,,,,,,1/1/19,,,0
Nidus Aquilae Hospit,Nidus Aquilae Hospital,FALSE,FALSE,,,19 Oba Adetona street,Ilupeju,Ilupeju,,,,,,,,,,,,,,,,,,,11000,,0,,0,FALSE,FALSE,FALSE,FALSE,30,0,0.00000,10000000.00,1,FALSE,FALSE,,,,,,,,{00000000-0000-0000-0000-000000000000},,,,TRUE,,,,,,,1/1/19,,,0
Nig. Port Authority,Nigeria Port Authority,FALSE,FALSE,,,,,LAGOS,,,,,,,,,,,,,,,,,,,11000,,0,,0,FALSE,FALSE,FALSE,FALSE,30,0,0.00000,10000000.00,1,FALSE,FALSE,,,,,,,,{00000000-0000-0000-0000-000000000000},,,,TRUE,,,,,,,1/1/19,,,0
Nig.Airforce Hospita,Nig.Airforce Hospital.,FALSE,FALSE,,,Ikeja,c/o Tumise,,,,,,,,,,,,,,,,,,,,11000,,0,,0,FALSE,FALSE,FALSE,FALSE,30,0,0.00000,10000000.00,1,FALSE,FALSE,,,,,,,,{00000000-0000-0000-0000-000000000000},,,,TRUE,,,,,,,1/1/19,,,0
Nigeria AirForce Med,Nigerian Airforce Medical Centre,FALSE,FALSE,,,"12, King Gorge V Road, Beside","Onikan Health Centre,Onikan",Lagos island,,,,,,,,,,,,,,,,,,,11000,,2,,0,FALSE,TRUE,FALSE,FALSE,30,0,0.00000,2500.00,1,FALSE,FALSE,,,,,,,,{00000000-0000-0000-0000-000000000000},,,,TRUE,,,,,,,8/31/20,,,0
Nigeria Breweries Pl,Nigeria Breweries Plc,FALSE,FALSE,,,,,,,,,,,,,,,,,,,,,,,,11000,,0,,0,FALSE,FALSE,FALSE,FALSE,30,0,0.00000,10000000.00,1,FALSE,FALSE,,,,,,,,{00000000-0000-0000-0000-000000000000},,,,TRUE,,,,,,,1/1/19,,,0
Nigerian  Breweries,Nigeria Breweries Plc,FALSE,FALSE,,,Igamu Lagos,,,,,,,,,,,,,,,,,,,,,11000,,0,,0,FALSE,FALSE,FALSE,FALSE,30,0,0.00000,10000000.00,1,FALSE,FALSE,,,,,,,,{00000000-0000-0000-0000-000000000000},,,,TRUE,,,,,,,6/21/24,,,0
Nigerian Army,Nigerian Army,FALSE,FALSE,,,,,,,,,,,,,,,,,,,,,,,,11000,,0,,0,FALSE,FALSE,FALSE,FALSE,30,0,0.00000,10000000.00,1,FALSE,FALSE,,,,,,,,{00000000-0000-0000-0000-000000000000},,,,TRUE,,,,,,,1/1/19,,,0
Nigerian Army Med Co,Nigerian Army Med Corp,FALSE,FALSE,,,Bonny Cantonement  V.I,Lagos.,,,,,,,,,,,,,,,,,,,,11000,,2,,0,FALSE,TRUE,FALSE,FALSE,30,0,0.00000,2500.00,1,FALSE,FALSE,,,,,,,,{00000000-0000-0000-0000-000000000000},,,,TRUE,,,,,,,3/3/26,,,0
Nigerian Customs,Nigerian Customs Service,FALSE,FALSE,,,Ikeja. 07068416434,08037236845,,,,,,,,,,,,,,,,,,,,11000,,2,,0,FALSE,TRUE,FALSE,FALSE,30,0,0.00000,2500.00,1,FALSE,FALSE,,,,,,,,{00000000-0000-0000-0000-000000000000},,,,TRUE,,,,,,,8/17/23,,,0
Nimbus Hospital,Nimbus Hospital,FALSE,FALSE,,,,,"Ogudu, Lagos",,,,,,,,,,,,,,,,,,,11000,,0,,0,FALSE,FALSE,FALSE,FALSE,30,0,0.00000,10000000.00,1,FALSE,FALSE,,,,,,,,{00000000-0000-0000-0000-000000000000},,,,TRUE,,,,,,,1/1/19,,,0
NIMR,Nigerian Institute of Medical Research,FALSE,FALSE,,,Apapa,,,,,,,,,,,,,,,,,,,,,40000,,0,,0,FALSE,FALSE,FALSE,FALSE,30,0,0.00000,10000000.00,1,FALSE,FALSE,,,,,,,,{00000000-0000-0000-0000-000000000000},,,,TRUE,,,,,,,1/1/19,,,0
Nnpc,Nnpc,FALSE,FALSE,,,BENIN,,,,,,,,,,,,,,,,,,,,,11000,,0,,0,FALSE,FALSE,FALSE,FALSE,30,0,0.00000,10000000.00,1,FALSE,FALSE,,,,,,,,{00000000-0000-0000-0000-000000000000},,,,TRUE,,,,,,,1/1/19,,,0
Noble Knight Pharma,Noble Knight Pharmacy,FALSE,FALSE,,,1B Social Club Road,,Abule Egba,,,,,,,,,,,,,,,,,,,11000,,0,,0,FALSE,FALSE,FALSE,FALSE,30,0,0.00000,10000000.00,1,FALSE,FALSE,,,,,,,,{00000000-0000-0000-0000-000000000000},,,,TRUE,,,,,,,1/1/19,,,0
Nu Life Hospital,Nu Life Hospital,FALSE,FALSE,,,"4, Joseph Odunlami Street",off Thomas Salako street,OGBA,,,,,,,,,,,,,,,,,,,11000,,0,,0,FALSE,FALSE,FALSE,FALSE,30,0,0.00000,10000000.00,1,FALSE,FALSE,,,,,,,,{00000000-0000-0000-0000-000000000000},,,,TRUE,,,,,,,1/1/19,,,0
Nuges Pharmacy,Nuges Pharmacy,FALSE,FALSE,,,"26/27, Karimu Laka Strt,Egbeda",08033597959,,,,,,,,,,,,,,,,,,,,11000,,2,,0,FALSE,TRUE,FALSE,FALSE,30,0,0.00000,2500.00,1,FALSE,FALSE,,,,,,,,{00000000-0000-0000-0000-000000000000},,,,TRUE,,,,,,,10/27/20,,,0
Nunchimerak Limited,Nunchimerak Limited,FALSE,FALSE,,,"9,Akindelu Street,off Folawiyo","Bankole Strt, Alhaji Masha, b4","Kilo Bustop, Ikate",,08023130690,"Surulere,",,,,,,,,,,,,,,,,11000,,2,,0,FALSE,TRUE,FALSE,FALSE,30,0,0.00000,2500.00,1,FALSE,FALSE,,,,,,,,{00000000-0000-0000-0000-000000000000},,,,TRUE,,,,,,,9/14/23,,,0
Nurse Ademoye,Nurse Ademoye Adetola,FALSE,FALSE,,,Akowonjo,08169071001,,,,,,,,,,,,,,,,,,,,11000,,2,,0,FALSE,TRUE,FALSE,FALSE,30,0,0.00000,2500.00,1,FALSE,FALSE,,,,,,,,{00000000-0000-0000-0000-000000000000},,,,TRUE,,,,,,,3/20/24,,,0
Nurse Ajimati(Royan),Nurse Ajimati c/o Royan,FALSE,FALSE,,,,,,,,,,,,,,,,,,,,,,,,11000,,0,,0,FALSE,FALSE,FALSE,FALSE,30,0,0.00000,10000000.00,1,FALSE,FALSE,,,,,,,,{00000000-0000-0000-0000-000000000000},,,,TRUE,,,,,,,1/1/19,,,0
Nurse Aremu c/o Ace,Nurse Aremu c/o Ace Medicare,FALSE,FALSE,,,,,,,,,,,,,,,,,,,,,,,,40000,,0,,0,FALSE,FALSE,FALSE,FALSE,30,0,0.00000,10000000.00,1,FALSE,FALSE,,,,,,,,{00000000-0000-0000-0000-000000000000},,,,TRUE,,,,,,,1/1/19,,,0
Nurse Benny,Nurse Benny C/O Love world,FALSE,FALSE,,,Love world oregun ikeja,"08059192609, 08063364783",,,,,,,,,,,,,,,,,,,,11000,,2,,0,FALSE,TRUE,FALSE,FALSE,30,0,0.00000,2500.00,1,FALSE,FALSE,,,,,,,,{00000000-0000-0000-0000-000000000000},,,,TRUE,,,,,,,10/15/24,,,0
Nurse Eke Emilia,Nurse Eke Emilia,FALSE,FALSE,,,"8, Ilesanmi Street, Maryland",08068808753,,,,,,,,,,,,,,,,,,,,11000,,3,,0,FALSE,TRUE,FALSE,FALSE,30,0,0.00000,2500.00,1,FALSE,FALSE,,,,,,,,{00000000-0000-0000-0000-000000000000},,,,TRUE,,,,,,,2/18/22,,,0
Nurse Eyo Lagoon,Nurse Eyo C/O Lagoon Hx,FALSE,FALSE,,,IKEJA,08036094912,,,,,,,,,,,,,,,,,,,,11000,,2,,0,FALSE,TRUE,FALSE,FALSE,30,0,0.00000,2500.00,1,FALSE,FALSE,,,,,,,,{00000000-0000-0000-0000-000000000000},,,,TRUE,,,,,,,7/15/20,,,0
Nurse Ifemini,Nurse Ifemini Nepa,FALSE,FALSE,,,Nepa office marine,,,,,,,,,,,,,,,,,,,,,11000,,0,,0,FALSE,FALSE,FALSE,FALSE,30,0,0.00000,10000000.00,1,FALSE,FALSE,,,,,,,,{00000000-0000-0000-0000-000000000000},,,,TRUE,,,,,,,1/1/19,,,0
Nurse Irene Lagoon,Nurse Irene C/O Lagoon Adeniyi Jones,FALSE,FALSE,,,Adeniyi Jones Ikeja.,08067086951,,,,,,,,,,,,,,,,,,,,11000,,2,,0,FALSE,TRUE,FALSE,FALSE,30,0,0.00000,2500.00,1,FALSE,FALSE,,,,,,,,{00000000-0000-0000-0000-000000000000},,,,TRUE,,,,,,,6/7/23,,,0
Nurse Joseph C/O Ace,Nurse Joseph C/O Ace Medicare.,FALSE,FALSE,,,otta.. 08037533681,,,,,,,,,,,,,,,,,,,,,11000,,2,,0,FALSE,TRUE,FALSE,FALSE,30,0,0.00000,2500.00,1,FALSE,FALSE,,,,,,,,{00000000-0000-0000-0000-000000000000},,,,TRUE,,,,,,,12/16/25,,,0
Nurse Kayode Abiona,Nurse Kayode Abiona,FALSE,FALSE,,,"Crystal Hx, Akowonjo",0818003233,,,,,,,,,,,,,,,,,,,,11000,,0,,0,FALSE,TRUE,FALSE,FALSE,30,0,0.00000,2500.00,1,FALSE,FALSE,,,,,,,,{00000000-0000-0000-0000-000000000000},,,,TRUE,,,,,,,12/30/24,,,0
Nurse Nwaoha Uchechi,Nurse Nwaoha Uchechi Esther,FALSE,FALSE,,,Mcc Amuwo.. 08064079077,,,,,,,,,,,,,,,,,,,,,11000,,2,,0,FALSE,TRUE,FALSE,FALSE,30,0,0.00000,2500.00,1,FALSE,FALSE,,,,,,,,{00000000-0000-0000-0000-000000000000},,,,TRUE,,,,,,,11/10/21,,,0
Nurse Oluchi,Nurse Oluchi,FALSE,FALSE,,,C/O Lagoon Adeniyi Jones Ikeja,08034349787,,,,,,,,,,,,,,,,,,,,11000,,2,,0,FALSE,TRUE,FALSE,FALSE,30,0,0.00000,2500.00,1,FALSE,FALSE,,,,,,,,{00000000-0000-0000-0000-000000000000},,,,TRUE,,,,,,,2/3/23,,,0
Nurse Priscilia kupa,Nurse Priscillia C/O Kupa,FALSE,FALSE,,,Ajao Estate.. 08034320656,,,,,,,,,,,,,,,,,,,,,11000,,2,,0,FALSE,TRUE,FALSE,FALSE,30,0,0.00000,2500.00,1,FALSE,FALSE,,,,,,,,{00000000-0000-0000-0000-000000000000},,,,TRUE,,,,,,,4/7/25,,,0
Nurse Taiwo Ifako,Nurse Taiwo Ifako,FALSE,FALSE,,,07032048506.,,,,,,,,,,,,,,,,,,,,,11000,,2,,0,FALSE,TRUE,FALSE,FALSE,30,0,0.00000,2500.00,1,FALSE,FALSE,,,,,,,,{00000000-0000-0000-0000-000000000000},,,,TRUE,,,,,,,6/4/24,,,0
Nusamin Hospital,Nusamin Hospital,FALSE,FALSE,,,8025063310,Apena Street,Ojuelegba,,,,,,,,,,,,,,,,,,,11000,,0,,0,FALSE,FALSE,FALSE,FALSE,30,0,0.00000,10000000.00,1,FALSE,FALSE,,,,,,,,{00000000-0000-0000-0000-000000000000},,,,TRUE,,,,,,,1/1/19,,,0
Nwanneka Egu,Nwanneka Egu,FALSE,FALSE,,,Agidingbi,,IKEJA,,,,,,,,,,,,,,,,,,,11000,,0,,0,FALSE,FALSE,FALSE,FALSE,30,0,0.00000,10000000.00,1,FALSE,FALSE,,,,,,,,{00000000-0000-0000-0000-000000000000},,,,TRUE,,,,,,,1/1/19,,,0
O and G Hospital,O and G Hospital,FALSE,FALSE,,,Ishaga,,,,,,,,,,,,,,,,,,,,,11000,,0,,0,FALSE,TRUE,FALSE,FALSE,30,0,0.00000,2500.00,1,FALSE,FALSE,,,,,,,,{00000000-0000-0000-0000-000000000000},,,,TRUE,,,,,,,2/18/20,,,0
O'kit Pharmaceutical,O'kit Pharmaceuticals Enterprises,FALSE,FALSE,,,"Moses Hall, Redemption City",Ogun State. 07065545069,,,,,,,,,,,,,,,,,,,,11000,,2,,0,FALSE,TRUE,FALSE,FALSE,30,0,0.00000,2500.00,1,FALSE,FALSE,,,,,,,,{00000000-0000-0000-0000-000000000000},,,,TRUE,,,,,,,1/14/26,,,0
Oak Healing Hospital,Oak Healing Hospital,FALSE,FALSE,,,"65, Dada Street, Ifako",08079621933,,,,,,,,,,,,,,,,,,,,11000,,0,,0,FALSE,TRUE,FALSE,FALSE,30,0,0.00000,2500.00,1,FALSE,FALSE,,,,,,,,{00000000-0000-0000-0000-000000000000},,,,TRUE,,,,,,,10/27/25,,,0
Oak Hospital,Oak Hospital,FALSE,FALSE,,,,,,,,,,,,,,,,,,,,,,,,11000,,0,,0,FALSE,FALSE,FALSE,FALSE,30,0,0.00000,10000000.00,1,FALSE,FALSE,,,,,,,,{00000000-0000-0000-0000-000000000000},,,,TRUE,,,,,,,1/1/19,,,0
Oak Hospital Ikorodu,Oak Hospital Ikorudu,FALSE,FALSE,,,"197 Lagos Road,Agric B/Stop",Ikorodu,,,,,,,,,,,,,,,,,,,,11000,,0,,0,FALSE,FALSE,FALSE,FALSE,30,0,0.00000,10000000.00,1,FALSE,FALSE,,,,,,,,{00000000-0000-0000-0000-000000000000},,,,TRUE,,,,,,,1/1/19,,,0
Oak Shield Pharmacy,Oak Shield Pharmacy,FALSE,FALSE,,,"26, Olayiwola, Opposite Glass","House Hotel, Abule egba.",,,,,,,,,,,,,,,,,,,,11000,,2,,0,FALSE,TRUE,FALSE,FALSE,30,0,0.00000,2500.00,1,FALSE,FALSE,,,,,,,,{00000000-0000-0000-0000-000000000000},,,,TRUE,,,,,,,7/10/23,,,0
Oakstone Hospital,Oakstone Hospital,FALSE,FALSE,,,"530,Agidingbi lateef Jakande","Road, ikeja. 07061452148",,,,,,,,,,,,,,,,,,,,11000,,2,,0,FALSE,TRUE,FALSE,FALSE,30,0,0.00000,2500.00,1,FALSE,FALSE,,,,,,,,{00000000-0000-0000-0000-000000000000},,,,TRUE,,,,,,,7/23/25,,,0
OAU Teaching Hospita,OAU Teaching Hospital,FALSE,FALSE,,,Ife,,,,,,,,,,,,,,,,,,,,,11000,,0,,0,FALSE,FALSE,FALSE,FALSE,30,0,0.00000,10000000.00,1,FALSE,FALSE,,,,,,,,{00000000-0000-0000-0000-000000000000},,,,TRUE,,,,,,,1/1/19,,,0
Oba Adeyinka PHC,Oba Adeyinka PHC,FALSE,FALSE,,,"Adeniji Adele Street,",Lagos Island.. 08033300632,Nurse Nneoma.,,,,,,,,,,,,,,,,,,,11000,,3,,0,FALSE,TRUE,FALSE,FALSE,30,0,0.00000,2500.00,1,FALSE,FALSE,,,,,,,,{00000000-0000-0000-0000-000000000000},,,,TRUE,,,,,,,8/9/21,,,0
Obayitan Hospital,Obayitan Hospital,FALSE,FALSE,,,,,Enugun,,,,,,,,,,,,,,,,,,,11000,,0,,0,FALSE,FALSE,FALSE,FALSE,30,0,0.00000,10000000.00,1,FALSE,FALSE,,,,,,,,{00000000-0000-0000-0000-000000000000},,,,TRUE,,,,,,,1/1/19,,,0
Obisus Medical Centr,Obisus Medical Centre,FALSE,FALSE,,,"33, ROAD, AXIAL EXPRESS ROAD",OGUDU,Ogudu,,,,,,,,,,,,,"08170530948,",8087854971,,,,,11000,,0,,0,FALSE,FALSE,FALSE,FALSE,30,0,0.00000,10000000.00,1,FALSE,FALSE,,,,,,,,{00000000-0000-0000-0000-000000000000},,,,TRUE,,,,,,,1/1/19,,,0
Occuhealth & Welness,Occu health & Welness Service Ltd,FALSE,FALSE,,,"30, Abba Johnson Crescent",Adeniyi jones ikeja,tonia:07060737113,,,,,,,,,,,,,,,,,,,11000,,2,,0,FALSE,TRUE,FALSE,FALSE,30,0,0.00000,2500.00,1,FALSE,FALSE,,,,,,,,{00000000-0000-0000-0000-000000000000},,,,TRUE,,,,,,,2/27/24,,,0
Officer Ewa,Officer Ewa,FALSE,FALSE,,,"Millitary School, Maryland",,,,,,,,,,,,,,,,,,,,,11000,,2,,0,FALSE,TRUE,FALSE,FALSE,30,0,0.00000,2500.00,1,FALSE,FALSE,,,,,,,,{00000000-0000-0000-0000-000000000000},,,,TRUE,,,,,,,6/24/22,,,0
Ofred Pharmacy,Ofred Pharmacy,FALSE,FALSE,,,"Plot 3, Anifowose Avenue Besid",First Royal filling station.,Abesan-Ipaja,,,08023570600,,,,,,,,,,08023570600,,,,,,11000,,2,,0,FALSE,TRUE,FALSE,FALSE,30,0,0.00000,2500.00,1,FALSE,FALSE,,,,,,,,{00000000-0000-0000-0000-000000000000},,,,TRUE,,,,,,,7/27/20,,,0
Ogun State Hospital,Ogun State Hospital Mgt Board,FALSE,FALSE,,,"SHOKENU ROAD, ERUNBE ABEOKUTA",,Ogun State,,,,,,,,,,,,,,,,,,,11000,,0,,0,FALSE,FALSE,FALSE,FALSE,30,0,0.00000,10000000.00,1,FALSE,FALSE,,,,,,,,{00000000-0000-0000-0000-000000000000},,,,TRUE,,,,,,,1/1/19,,,0
Ogunmilua Abidemi,Ogunmilua Abidemi Motunrayo,FALSE,FALSE,,,Lagos,,,,,,,,,,,,,,,,,,,,,11000,,2,,0,FALSE,TRUE,FALSE,FALSE,30,0,0.00000,2500.00,1,FALSE,FALSE,,,,,,,,{00000000-0000-0000-0000-000000000000},,,,TRUE,,,,,,,7/30/21,,,0
Ohioma Pharmarcy,Ohioma Pharmacy,FALSE,FALSE,,,"1, TOYE EDIDI STREET,","OFF IGANDO ROAD, LAGOS",Alimosho,,,,,,,,,,,,,8034425042,,,,,,11000,,0,,0,FALSE,FALSE,FALSE,FALSE,30,0,0.00000,10000000.00,1,FALSE,FALSE,,,,,,,,{00000000-0000-0000-0000-000000000000},,,,TRUE,,,,,,,1/1/19,,,0
Ojodu PHC,Ojodu PHC,FALSE,FALSE,,,"Gbadamosi, berger",,,,,,,,,,,,,,,,,,,,,11000,,2,,0,FALSE,TRUE,FALSE,FALSE,30,0,0.00000,2500.00,1,FALSE,FALSE,,,,,,,,{00000000-0000-0000-0000-000000000000},,,,TRUE,,,,,,,2/10/26,,,0
Ojukwu Hospital,Ojukwu Hospital,FALSE,FALSE,,,08035447692,,Oka,,,,,,,,,,,,,,,,,,,11000,,0,,0,FALSE,TRUE,FALSE,FALSE,30,0,0.00000,2500.00,1,FALSE,FALSE,,,,,,,,{00000000-0000-0000-0000-000000000000},,,,TRUE,,,,,,,10/2/20,,,0
Okoli Anthonia CAPL,Okoli Anthonia CAPL,FALSE,FALSE,,,Adeniyi Jones,,,,,,,,,,,,,,,8034401331,,,,,,11000,,0,,0,FALSE,FALSE,FALSE,FALSE,30,0,0.00000,10000000.00,1,FALSE,FALSE,,,,,,,,{00000000-0000-0000-0000-000000000000},,,,TRUE,,,,,,,1/1/19,,,0
Olabisi Onabanjo Uni,Olabisi Onabanjo Uni Hospital,FALSE,FALSE,,,Ago Iwoye,,Ijebu- Ode,,,,,,,,,,,,,,,,,,,11000,,0,,0,FALSE,FALSE,FALSE,FALSE,30,0,0.00000,10000000.00,1,FALSE,FALSE,,,,,,,,{00000000-0000-0000-0000-000000000000},,,,TRUE,,,,,,,1/1/19,,,0
Oladapo Med. Centre,Oladapo Medical Centre,FALSE,FALSE,,,Omitoro B/stop,Ijede Road,,,,,,,,,,,,,,,,,,,,11000,,0,,0,FALSE,FALSE,FALSE,FALSE,30,0,0.00000,10000000.00,1,FALSE,FALSE,,,,,,,,{00000000-0000-0000-0000-000000000000},,,,TRUE,,,,,,,1/1/19,,,0
Oladipo Mojisola,Oladipo Mojisola,FALSE,FALSE,,,ilorin 08033593052,,,,,,,,,,,,,,,,,,,,,11000,,0,,0,FALSE,FALSE,FALSE,FALSE,30,0,0.00000,10000000.00,1,FALSE,FALSE,,,,,,,,{00000000-0000-0000-0000-000000000000},,,,TRUE,,,,,,,1/1/19,,,0
Olagbaju Damilola.,Olagbaju Damilola,FALSE,FALSE,,,,,,,,,,,,,,,,,,,,,,,,11000,,3,,0,TRUE,FALSE,FALSE,FALSE,30,0,0.00000,2500.00,1,FALSE,FALSE,,,,,,,,{00000000-0000-0000-0000-000000000000},,,,TRUE,,,,,,,6/22/20,,,0
Olakunle Dada Pfizer,Olakunle Dada Pfizer,FALSE,FALSE,,,,,,,,,,,,,,,,,,,,,,,,11000,,0,,0,FALSE,FALSE,FALSE,FALSE,30,0,0.00000,10000000.00,1,FALSE,FALSE,,,,,,,,{00000000-0000-0000-0000-000000000000},,,,TRUE,,,,,,,1/1/19,,,0
OLAN HOSPITAL,OLAN HOSPITAL,FALSE,FALSE,,,"119, ADENIYI JONES IKEJA",,,,,,,,,,,,,,,8132646975,,,,,,11000,,0,,0,FALSE,FALSE,FALSE,FALSE,30,0,0.00000,10000000.00,1,FALSE,FALSE,,,,,,,,{00000000-0000-0000-0000-000000000000},,,,TRUE,,,,,,,1/1/19,,,0
OLAN MEDICAL CENTRES,OLAN HOSPITAL,FALSE,FALSE,,,,,,,,,,,,,,,,,,,,,,,,40000,,0,,0,FALSE,FALSE,FALSE,FALSE,30,0,0.00000,10000000.00,1,FALSE,FALSE,,,,,,,,{00000000-0000-0000-0000-000000000000},,,,TRUE,,,,,,,1/1/19,,,0
Olanrewaju Hospital,Olanrewaju Hospital,FALSE,FALSE,Wunmi,Weaklife,Ibadan,,,,,,,,,,,,,,,,,,,,,40000,,0,,0,FALSE,FALSE,FALSE,FALSE,30,0,0.00000,10000000.00,1,FALSE,FALSE,,,,,,,,{00000000-0000-0000-0000-000000000000},,,,TRUE,,,,,,,1/1/19,,,0
Oliver Height Pharma,Oliver Height Pharmacy,FALSE,FALSE,,,"113, Apapa Road opp FO Filling",Station after GTB,Ebute Meta,,,,,,,,,,,,,,,,,,,11000,,0,,0,FALSE,FALSE,FALSE,FALSE,30,0,0.00000,10000000.00,1,FALSE,FALSE,,,,,,,,{00000000-0000-0000-0000-000000000000},,,,TRUE,,,,,,,1/1/19,,,0
OLLIES PHARMACY,OLLIES PHARMACY,FALSE,FALSE,,,C/O Bunmi Pharmasymbiotic,09062449969,,,,,,,,,,,,,,,,,,,,11000,,2,,0,FALSE,TRUE,FALSE,FALSE,30,0,0.00000,2500.00,1,FALSE,FALSE,,,,,,,,{00000000-0000-0000-0000-000000000000},,,,TRUE,,,,,,,11/8/24,,,0
Olowora Mutual Healt,Olowora Mutual Health Care,FALSE,FALSE,,,Deji Owuro Street,,Olowora,,,,,,,,,,,,,,,,,,,11000,,0,,0,FALSE,FALSE,FALSE,FALSE,30,0,0.00000,10000000.00,1,FALSE,FALSE,,,,,,,,{00000000-0000-0000-0000-000000000000},,,,TRUE,,,,,,,1/1/19,,,0
Olukayode Hospital,Olukayode Hospital,FALSE,FALSE,,,"39, Adepeju street Mangoro",8055169965,,,,,,,,,,,,,,,,,,,,11000,,0,,0,FALSE,FALSE,FALSE,FALSE,30,0,0.00000,10000000.00,1,FALSE,FALSE,,,,,,,,{00000000-0000-0000-0000-000000000000},,,,TRUE,,,,,,,1/1/19,,,0
Olumide Sanofi,Olumide Sanofi,FALSE,FALSE,,,,,,,,,,,,,,,,,,,,,,,,11000,,0,,0,FALSE,FALSE,FALSE,FALSE,30,0,0.00000,10000000.00,1,FALSE,FALSE,,,,,,,,{00000000-0000-0000-0000-000000000000},,,,TRUE,,,,,,,1/1/19,,,0
OLUYORO CATHOLIC HX,OLUYORO CATHOLIC HOSPITAL,FALSE,FALSE,,,OKE AFA. IBADAN,,,,,,,,,,,,,,,8068647915,,,,,,11000,,0,,0,FALSE,FALSE,FALSE,FALSE,30,0,0.00000,10000000.00,1,FALSE,FALSE,,,,,,,,{00000000-0000-0000-0000-000000000000},,,,TRUE,,,,,,,1/1/19,,,0
Omega Clinic,Omega Clinic,FALSE,FALSE,,,P/H,,,,,,,,,,,,,,,,,,,,,11000,,0,,0,FALSE,FALSE,FALSE,FALSE,30,0,0.00000,10000000.00,1,FALSE,FALSE,,,,,,,,{00000000-0000-0000-0000-000000000000},,,,TRUE,,,,,,,1/1/19,,,0
Omotola Pharmacy,Omotola Pharmacy,FALSE,FALSE,,,Pharm Oladokun 08033790305,IFAKO IJAIYE,,,,,,,,,,,,,,,,,,,,11000,,0,,0,FALSE,FALSE,FALSE,FALSE,30,0,0.00000,10000000.00,1,FALSE,FALSE,,,,,,,,{00000000-0000-0000-0000-000000000000},,,,TRUE,,,,,,,1/1/19,,,0
One City of Salvatio,One City of Salvation Hosptial,FALSE,FALSE,,,Vulcanizer B/stop,07038667909,Egbeda,,,,,,,,,,,,,07038667909,,,,,,11000,,0,,0,FALSE,TRUE,FALSE,FALSE,30,0,0.00000,2500.00,1,FALSE,FALSE,,,,,,,,{00000000-0000-0000-0000-000000000000},,,,TRUE,,,,,,,4/2/20,,,0
Onec Pharmacy,Onec Pharmacy,FALSE,FALSE,,,"No 1,  Alagbeji Street,",Lagos island.. 09062449969,C/O Bunmi,,,,,,,,,,,,,,,,,,,11000,,2,,0,FALSE,TRUE,FALSE,FALSE,30,0,0.00000,2500.00,1,FALSE,FALSE,,,,,,,,{00000000-0000-0000-0000-000000000000},,,,TRUE,,,,,,,12/3/24,,,0
Oni Memorial Childre,Oni Memorial Children Hospital C/O Dipo,FALSE,FALSE,,,,Nurse Funmi 08036437710,"Ibadan, Challenge",,,NIGERIA,,,,,,,,,,,,,,,,11000,,0,,0,FALSE,FALSE,FALSE,FALSE,30,0,0.00000,10000000.00,1,FALSE,FALSE,,,,,,,,{00000000-0000-0000-0000-000000000000},,,,TRUE,,,,,,,1/1/19,,,0
Onigbongbo Health Ce,Onigbongbo Health Centre,FALSE,FALSE,,,"4, Araromi Street Onigbongbo",,Onigbongbo,,,,,,,,,,,,,,,,,,,11000,,0,,0,FALSE,FALSE,FALSE,FALSE,30,0,0.00000,10000000.00,1,FALSE,FALSE,,,,,,,,{00000000-0000-0000-0000-000000000000},,,,TRUE,,,,,,,1/1/19,,,0
ONIP,,FALSE,FALSE,,,,,,,,,,,,,,,,,,,,,,,,40000,,0,,0,FALSE,FALSE,FALSE,FALSE,30,0,0.00000,2500.00,1,FALSE,FALSE,,,,,,,,{00000000-0000-0000-0000-000000000000},,,,TRUE,,,,,,,12/15/22,,,0
Onyeze Chimaenenma,Onyeze Chimaenenma,FALSE,FALSE,,,,,,,,,,,,,,,,,,08067704164,,,,,08067704164,11000,,0,,0,FALSE,TRUE,FALSE,FALSE,30,0,0.00000,2500.00,1,FALSE,FALSE,,,,,,,,{00000000-0000-0000-0000-000000000000},,,,TRUE,,,,,,,5/14/21,,,0
Ope LILY,Ope LILY,FALSE,FALSE,,,"14, Chivita Avenue",Ajao Estate,Ajao Estate,,,,,,,,,,,,,8161624995,,,,,,11000,,0,,0,FALSE,FALSE,FALSE,FALSE,30,0,0.00000,10000000.00,1,FALSE,FALSE,,,,,,,,{00000000-0000-0000-0000-000000000000},,,,TRUE,,,,,,,1/1/19,,,0
Open Doors Hospital,Open Doors Hospital,FALSE,FALSE,,,"93, Idimu Rd, Okunola b/stop",,Egbeda,,,,,,,,,,,,,,,,,,,11000,,0,,0,FALSE,FALSE,FALSE,FALSE,30,0,0.00000,10000000.00,1,FALSE,FALSE,,,,,,,,{00000000-0000-0000-0000-000000000000},,,,TRUE,,,,,,,1/1/19,,,0
Optimal Cancer Care,Optimal Cancer Care Foundation,FALSE,FALSE,,,"118, Bode Thomas",Surulere,,,,,,,,,,,,,,8081076646,,,,,,11000,,0,,0,FALSE,FALSE,FALSE,FALSE,30,0,0.00000,10000000.00,1,FALSE,FALSE,,,,,,,,{00000000-0000-0000-0000-000000000000},,,,TRUE,,,,,,,1/1/19,,,0
Optimal Health Centr,Optimal Health Centre,FALSE,FALSE,,,8073537364,"84, Okota Road",Okota,,,,,,,,,,,,,,,,,,,11000,,0,,0,FALSE,FALSE,FALSE,FALSE,30,0,0.00000,10000000.00,1,FALSE,FALSE,,,,,,,,{00000000-0000-0000-0000-000000000000},,,,TRUE,,,,,,,1/1/19,,,0
Optimal Hosp,Optimal Hospital,FALSE,FALSE,,,"9, GBAJA STREET, SURULERE",LAGOS,,,,,,,,,,,,,,8023020752,,,,,,11000,,0,,0,FALSE,FALSE,FALSE,FALSE,30,0,0.00000,10000000.00,1,FALSE,FALSE,,,,,,,,{00000000-0000-0000-0000-000000000000},,,,TRUE,,,,,,,1/1/19,,,0
Ordained Covenant Hx,Ordained Convenant Hospital,FALSE,FALSE,,,"5th Avenue,Y close",Festac,,,,,,,,,,,,,,,,,,,,11000,,0,,0,FALSE,FALSE,FALSE,FALSE,30,0,0.00000,10000000.00,1,FALSE,FALSE,,,,,,,,{00000000-0000-0000-0000-000000000000},,,,TRUE,,,,,,,1/1/19,,,0
Ornan's Field,Ornan's Field Children Hospital,FALSE,FALSE,,,"3 Mojisola Kazeem street,",Divine Estate amuwo Odofin,08030673411,,,,,,,,,,,,,,,,,,,11000,,2,,0,FALSE,TRUE,FALSE,FALSE,30,0,0.00000,2500.00,1,FALSE,FALSE,,,,,,,,{00000000-0000-0000-0000-000000000000},,,,TRUE,,,,,,,11/29/24,,,0
Osbud Pharmacy,Osbud Pharmacy,FALSE,FALSE,,,Festac,,,,,,,,,,,,,,,,,,,,,11000,,0,,0,FALSE,FALSE,FALSE,FALSE,30,0,0.00000,10000000.00,1,FALSE,FALSE,,,,,,,,{00000000-0000-0000-0000-000000000000},,,,TRUE,,,,,,,1/1/19,,,0
Oskajay Nig LTD,Oskajay Nig LTD,FALSE,FALSE,,,BENIN,,,,,,,,,,,,,,,,,,,,,40000,,0,,0,FALSE,FALSE,FALSE,FALSE,30,0,0.00000,10000000.00,1,FALSE,FALSE,,,,,,,,{00000000-0000-0000-0000-000000000000},,,,TRUE,,,,,,,1/1/19,,,0
OSKAJAY NIG LTD 2,OSKAJAY NIG LTD 2,FALSE,FALSE,,,BENIN.,,,,,,,,,,,,,,,,,,,,,11000,,2,,0,FALSE,TRUE,FALSE,FALSE,30,0,0.00000,2500.00,1,FALSE,FALSE,,,,,,,,{00000000-0000-0000-0000-000000000000},,,,TRUE,,,,,,,3/4/20,,,0
Osons Chemist Ltd,Osons Chemist Limited,FALSE,FALSE,,,Ghanna,,,,,,,,,,,,,,,,,,,,,11000,,2,,0,FALSE,TRUE,FALSE,FALSE,30,0,0.00000,2500.00,1,FALSE,FALSE,,,,,,,,{00000000-0000-0000-0000-000000000000},,,,TRUE,,,,,,,9/10/24,,,0
Osuntuyi Hospital,Osuntuyi Hospital,FALSE,FALSE,,,"255,Iju Road Road Balogun",B/stop Iju Ishaga,Iju,,,,,,,,,,,,,,,,,,,11000,,0,,0,FALSE,FALSE,FALSE,FALSE,30,0,0.00000,10000000.00,1,FALSE,FALSE,,,,,,,,{00000000-0000-0000-0000-000000000000},,,,TRUE,,,,,,,1/1/19,,,0
Otunba Tayo Ajayi,Otunba Tayo Ajayi,FALSE,FALSE,,,"21 Road, X Close, House 21",Festac Town,FESTAC,,,,,,,,,,,,,,,,,,,11000,,0,,0,FALSE,FALSE,FALSE,FALSE,30,0,0.00000,10000000.00,1,FALSE,FALSE,,,,,,,,{00000000-0000-0000-0000-000000000000},,,,TRUE,,,,,,,1/1/19,,,0
Our Friend Hospital,Our Friend Hospital,FALSE,FALSE,,,"10, Adepitan Street off Haruna",College Road,Ogba,,,,,,,,,,,,,,,,,,,11000,,0,,0,FALSE,FALSE,FALSE,FALSE,30,0,0.00000,10000000.00,1,FALSE,FALSE,,,,,,,,{00000000-0000-0000-0000-000000000000},,,,TRUE,,,,,,,1/1/19,,,0
outreach,"Outreach Children Hospital, Fagba",FALSE,FALSE,,,"157, Iju Road, Fagba Bustop,","Beside Eco bank, Opp Oando",,,,,,,,,,,,,,,,,,,,11000,,0,,0,FALSE,TRUE,FALSE,FALSE,30,0,0.00000,2500.00,1,FALSE,FALSE,,,,,,,,{00000000-0000-0000-0000-000000000000},,,,TRUE,,,,,,,8/14/20,,,0
Outreach Children Ho,Outreach Children Hosp,FALSE,FALSE,,,,,FESTAC,,,,,,,,,,,,,7089758800,,,,,,11000,,0,,0,FALSE,FALSE,FALSE,FALSE,30,0,0.00000,10000000.00,1,FALSE,FALSE,,,,,,,,{00000000-0000-0000-0000-000000000000},,,,TRUE,,,,,,,1/1/19,,,0
Outreach Hospital,Outreach Hospital,FALSE,FALSE,,,Satellite Town,01-4538740,Satellite Town,,,,,,,,,,,,,,,,,,,11000,,0,,0,FALSE,FALSE,FALSE,FALSE,30,0,0.00000,10000000.00,1,FALSE,FALSE,,,,,,,,{00000000-0000-0000-0000-000000000000},,,,TRUE,,,,,,,1/1/19,,,0
Oyinlola Hospital,Oyinlola Hospital,FALSE,FALSE,,,25 Ajibola Street,Alapere Estate,Alapere,,,,,,,,,,,,,,,,,,,11000,,0,,0,FALSE,FALSE,FALSE,FALSE,30,0,0.00000,10000000.00,1,FALSE,FALSE,,,,,,,,{00000000-0000-0000-0000-000000000000},,,,TRUE,,,,,,,1/1/19,,,0
Oyo Messi Hospital,Oyo Messi Hospital,FALSE,FALSE,,,"61, Tokunbo Ojo Street",Orogun Ibadan. Oyo State,07063359546,,,,,,,,,,,,,,,,,,,11000,,2,,0,FALSE,TRUE,FALSE,FALSE,30,0,0.00000,2500.00,1,FALSE,FALSE,,,,,,,,{00000000-0000-0000-0000-000000000000},,,,TRUE,,,,,,,6/10/22,,,0
P & G Hospital,P & G Hospital,FALSE,FALSE,,,"21, SANI LABODE STREET","OKO-OBA, ABULE EGBA",,,,,,,,,,,,,,8033962013,,,,,,11000,,0,,0,FALSE,FALSE,FALSE,FALSE,30,0,0.00000,10000000.00,1,FALSE,FALSE,,,,,,,,{00000000-0000-0000-0000-000000000000},,,,TRUE,,,,,,,1/1/19,,,0
Pacific Hospital,Pacific Hospital,FALSE,FALSE,,,"314 Iju  ISHAGA ROAD, IFAKO",AGEGE,Eliot,,,,,,,,,,,,,8170535078,,,,,,11000,,0,,0,FALSE,FALSE,FALSE,FALSE,30,0,0.00000,10000000.00,1,FALSE,FALSE,,,,,,,,{00000000-0000-0000-0000-000000000000},,,,TRUE,,,,,,,1/1/19,,,0
Paediatric Centre,Paediatric Centre,FALSE,FALSE,,,"2A,Sulymon Abdulahi Str Agungi",,Lekki,,,Nigeria,,,,,,,,,,,,,,,,40000,,0,,0,FALSE,FALSE,FALSE,FALSE,30,0,0.00000,10000000.00,1,FALSE,FALSE,,,,,,,,{00000000-0000-0000-0000-000000000000},,,,TRUE,,,,,,,1/1/19,,,0
Paediatric Partners,Paediatric Partners,FALSE,FALSE,,,V.I,,Lagos,,,,,,,,,,,,,8178842163,,,,,,11000,,0,,0,FALSE,FALSE,FALSE,FALSE,30,0,0.00000,10000000.00,1,FALSE,FALSE,,,,,,,,{00000000-0000-0000-0000-000000000000},,,,TRUE,,,,,,,1/1/19,,,0
Paediatrics Dept Lut,Paediatric Dept Luth,FALSE,FALSE,,,,,,,,,,,,,,,,,,,,,,,,11000,,0,,0,FALSE,FALSE,FALSE,FALSE,30,0,0.00000,10000000.00,1,FALSE,FALSE,,,,,,,,{00000000-0000-0000-0000-000000000000},,,,TRUE,,,,,,,1/1/19,,,0
Paelon  Memoria Hosp,Paelon Memoria Hospital,FALSE,FALSE,,,1221 Amadu Bello way,Victoria island Lagos,09093608138,,,,,,,,,,,,,,,,,,,11000,,2,,0,FALSE,TRUE,FALSE,FALSE,30,0,0.00000,2500.00,1,FALSE,FALSE,,,,,,,,{00000000-0000-0000-0000-000000000000},,,,TRUE,,,,,,,8/29/23,,,0
Panacea Pharmacy,Panacea  Pharmacy,FALSE,FALSE,,,"No, 3 Crown Plaza, Off Channel","TV Road, Opic Isheri.090983702",,,,,,,,,,,,,,,,,,,,11000,,2,,0,FALSE,TRUE,FALSE,FALSE,30,0,0.00000,2500.00,1,FALSE,FALSE,,,,,,,,{00000000-0000-0000-0000-000000000000},,,,TRUE,,,,,,,2/2/22,,,0
Panox Hospital,Panox Hospital,FALSE,FALSE,,,"4, Raji Rasaki Estate Road",Amuwo Odofin,,,,,,,,,,,,,,,,,,,,11000,,0,,0,FALSE,FALSE,FALSE,FALSE,30,0,0.00000,10000000.00,1,FALSE,FALSE,,,,,,,,{00000000-0000-0000-0000-000000000000},,,,TRUE,,,,,,,1/1/19,,,0
Paras Medicare,Paras Medicare,FALSE,FALSE,,,"11, Dan Fodio Street",off Oduduwa Road,Apapa,,,,,,,,,,,,,,,,,,,11000,,0,,0,FALSE,FALSE,FALSE,FALSE,30,0,0.00000,10000000.00,1,FALSE,FALSE,,,,,,,,{00000000-0000-0000-0000-000000000000},,,,TRUE,,,,,,,1/1/19,,,0
Parkland Hospital,Parkland Hospital,FALSE,FALSE,,,13 RASAQ BALOGUN STREET,,Surulere,,,,,,,,,,,,,,,,,,,40000,,0,,0,FALSE,FALSE,FALSE,FALSE,30,0,0.00000,10000000.00,1,FALSE,FALSE,,,,,,,,{00000000-0000-0000-0000-000000000000},,,,TRUE,,,,,,,1/1/19,,,0
Pax Medical Centre,Pax Medical Centre,FALSE,FALSE,,,"8, Onikoyi Street",Aguda,Surulere,,,,,,,,,,,,,,,,,,,11000,,0,,0,FALSE,FALSE,FALSE,FALSE,30,0,0.00000,10000000.00,1,FALSE,FALSE,,,,,,,,{00000000-0000-0000-0000-000000000000},,,,TRUE,,,,,,,1/1/19,,,0
PeaceMaker Pharmacy,Peace Maker Pharmacy,FALSE,FALSE,,,"Illishan Road, Shagamu.",09031178440,,,,,,,,,,,,,,,,,,,,11000,,2,,0,FALSE,TRUE,FALSE,FALSE,30,0,0.00000,2500.00,1,FALSE,FALSE,,,,,,,,{00000000-0000-0000-0000-000000000000},,,,TRUE,,,,,,,3/18/21,,,0
Peachcare Hospital,Peachcare Hospital,FALSE,FALSE,,,"43,OGUDU ROAD,",Labule Bustop.08039749749,Ogudu,,,NIGERIA,,,,,,,,,,8128174334,8144746686,,,,,11000,,0,,0,FALSE,FALSE,FALSE,FALSE,30,0,0.00000,10000000.00,1,FALSE,FALSE,,,,,,,,{00000000-0000-0000-0000-000000000000},,,,TRUE,,,,,,,1/1/19,,,0
Peak Health Hospital,Peak Health Hospital,FALSE,FALSE,,,"101, VICTOR FAGBEMI STRT, BABA","IJESHA ROUNDABOUT, ABORU",LAGOS STATE,,,,,,,,,,,,,,,,,,,11000,,0,,0,FALSE,FALSE,FALSE,FALSE,30,0,0.00000,10000000.00,1,FALSE,FALSE,,,,,,,,{00000000-0000-0000-0000-000000000000},,,,TRUE,,,,,,,1/1/19,,,0
Pealon  Memoria Hosp,Pealon Memoria Hospital,FALSE,FALSE,,,1221 Amadu Bello way,Victoria island Lagos,09093608138,,,,,,,,,,,,,,,,,,,11000,,2,,0,FALSE,TRUE,FALSE,FALSE,30,0,0.00000,2500.00,1,FALSE,FALSE,,,,,,,,{00000000-0000-0000-0000-000000000000},,,,TRUE,,,,,,,8/29/23,,,0
PECULIAR HOSPITAL,PECULIAR HOSPITAL,FALSE,FALSE,,,"62, Coker Road, Orile Iganmu",08033749496,,,,,,,,,,,,,,,,,,,,11000,,2,,0,FALSE,TRUE,FALSE,FALSE,30,0,0.00000,2500.00,1,FALSE,FALSE,,,,,,,,{00000000-0000-0000-0000-000000000000},,,,TRUE,,,,,,,8/4/22,,,0
Pentecost Med Centre,Pentecost Medical Centre,FALSE,FALSE,,,21 Road Festac Town,,FESTAC,,,,,,,,,,,,,,,,,,,11000,,0,,0,FALSE,FALSE,FALSE,FALSE,30,0,0.00000,10000000.00,1,FALSE,FALSE,,,,,,,,{00000000-0000-0000-0000-000000000000},,,,TRUE,,,,,,,1/1/19,,,0
Pereneli Pharmacy.,Pereneli Pharmacy,FALSE,FALSE,,,"10, Ottun Street, Mangoro.",Lagos.,,,,,,,,,,,,,,,,,,,,11000,,2,,0,FALSE,TRUE,FALSE,FALSE,30,0,0.00000,2500.00,1,FALSE,FALSE,,,,,,,,{00000000-0000-0000-0000-000000000000},,,,TRUE,,,,,,,5/13/22,,,0
Perfect Joy Clinic,Perfect Joy Clinic,FALSE,FALSE,,,,,,,,,,,,,,,,,,8057792834,,,,,,40000,,0,,0,FALSE,FALSE,FALSE,FALSE,30,0,0.00000,10000000.00,1,FALSE,FALSE,,,,,,,,{00000000-0000-0000-0000-000000000000},,,,TRUE,,,,,,,1/1/19,,,0
Perfection Motors Co,Perfection Motors Company,FALSE,FALSE,,,"3, Ladipo Olawale Av Ikeja",8146932668,IKEJA,,,,,,,,,,,,,,,,,,,11000,,0,,0,FALSE,FALSE,FALSE,FALSE,30,0,0.00000,10000000.00,1,FALSE,FALSE,,,,,,,,{00000000-0000-0000-0000-000000000000},,,,TRUE,,,,,,,1/1/19,,,0
Pero Pharmacy,Pero Pharmacy,FALSE,FALSE,,,"83, Ogba Rd, Agege 100283",08032017208,IKEJA,,,,,,,,,,,,,,,,,,,11000,,0,,0,FALSE,TRUE,FALSE,FALSE,30,0,0.00000,2500.00,1,FALSE,FALSE,,,,,,,,{00000000-0000-0000-0000-000000000000},,,,TRUE,,,,,,,1/1/07,,,0
PETCARE,PETCARE,FALSE,FALSE,,,"91, Opebi Road.",Dr Kunle Abiade. 08023004444,,,,,,,,,,,,,,,,,,,,11000,,2,,0,FALSE,TRUE,FALSE,FALSE,30,0,0.00000,2500.00,1,FALSE,FALSE,,,,,,,,{00000000-0000-0000-0000-000000000000},,,,TRUE,,,,,,,8/24/20,,,0
Pfizer Staff  Innoce,Pfizer Staff Innocent,FALSE,FALSE,,,,,Isolo,,,,,,,,,,,,,,,,,,,11000,,0,,0,FALSE,FALSE,FALSE,FALSE,30,0,0.00000,10000000.00,1,FALSE,FALSE,,,,,,,,{00000000-0000-0000-0000-000000000000},,,,TRUE,,,,,,,1/1/19,,,0
Pharm Biola,Pharm Biola C/O Lagoon Adeniyi Jones,FALSE,FALSE,,,Adeniyi Jones Ikeja,07088962997.,08067281793,,,,,,,,,,,,,,,,,,,11000,,2,,0,FALSE,TRUE,FALSE,FALSE,30,0,0.00000,2500.00,1,FALSE,FALSE,,,,,,,,{00000000-0000-0000-0000-000000000000},,,,TRUE,,,,,,,1/17/23,,,0
Pharm Blessing Kaaf,Pharm Blessing C/O KAAF Hospital,FALSE,FALSE,,,Kaaf Hospital Yaba.08034791589,,,,,,,,,,,,,,,,,,,,,40800,,2,,0,FALSE,TRUE,FALSE,FALSE,30,0,0.00000,2500.00,1,FALSE,FALSE,,,,,,,,{00000000-0000-0000-0000-000000000000},,,,TRUE,,,,,,,9/26/23,,,0
Pharm Bolaji Onadoja,Pharm Bolaji Onadoja,FALSE,FALSE,,,8023352168,Lagoon Hospital,Apapa,,,,,,,,,,,,,,,,,,,11000,,0,,0,FALSE,FALSE,FALSE,FALSE,30,0,0.00000,10000000.00,1,FALSE,FALSE,,,,,,,,{00000000-0000-0000-0000-000000000000},,,,TRUE,,,,,,,1/1/19,,,0
Pharm Idowu Adeyinka,Pharm Idowu Adeyinka Adedayo,FALSE,FALSE,,,H.O.D Pharmacy   BUTH,Ilishan Remo.. 08133907883,,,,,,,,,,,,,,,,,,,,11000,,2,,0,FALSE,TRUE,FALSE,FALSE,30,0,0.00000,2500.00,1,FALSE,FALSE,,,,,,,,{00000000-0000-0000-0000-000000000000},,,,TRUE,,,,,,,11/19/21,,,0
Pharm Oladokun c/o A,Pharm Oladokun c/o Ayodele Hx,FALSE,FALSE,,,,,Fagba,,,,,,,,,,,,,,,,,,,11000,,0,,0,FALSE,FALSE,FALSE,FALSE,30,0,0.00000,10000000.00,1,FALSE,FALSE,,,,,,,,{00000000-0000-0000-0000-000000000000},,,,TRUE,,,,,,,1/1/19,,,0
Pharm Olumide LASUTH,Pharm Olumide LASUTH,FALSE,FALSE,,,c/o Dipo Sanofi,9056672913,IKEJA,,,,,,,,,,,,,,,,,,,11000,,0,,0,FALSE,FALSE,FALSE,FALSE,30,0,0.00000,10000000.00,1,FALSE,FALSE,,,,,,,,{00000000-0000-0000-0000-000000000000},,,,TRUE,,,,,,,1/1/19,,,0
Pharm Orakwelu,Pharm Orakwelu Salamatu,FALSE,FALSE,,,Abuja,08056074850,,,,,,,,,,,,,,,,,,,,11000,,2,,0,FALSE,TRUE,FALSE,FALSE,30,0,0.00000,2500.00,1,FALSE,FALSE,,,,,,,,{00000000-0000-0000-0000-000000000000},,,,TRUE,,,,,,,11/6/23,,,0
pharma Solution c/o,Pharma Solution c/o Ayo,FALSE,FALSE,,,,,Yaba,,,,,,,,,,,,,,,,,,,11000,,0,,0,FALSE,FALSE,FALSE,FALSE,30,0,0.00000,10000000.00,1,FALSE,FALSE,,,,,,,,{00000000-0000-0000-0000-000000000000},,,,TRUE,,,,,,,1/1/19,,,0
Pharmacare Pharmacy,Pharmacare Pharmacy,FALSE,FALSE,,,Festac,,,,,,,,,,,,,,,8076965581,,,,,,11000,,0,,0,FALSE,FALSE,FALSE,FALSE,30,0,0.00000,10000000.00,1,FALSE,FALSE,,,,,,,,{00000000-0000-0000-0000-000000000000},,,,TRUE,,,,,,,1/1/19,,,0
Pharmacist Blue Cros,Pharmacist Blue Cros Hospital.,FALSE,FALSE,,,"48, Ogba Ijaye Road",,,,,,,,,,,,,,,,,,,,,11000,,0,,0,FALSE,FALSE,FALSE,FALSE,30,0,0.00000,10000000.00,1,FALSE,FALSE,,,,,,,,{00000000-0000-0000-0000-000000000000},,,,TRUE,,,,,,,1/1/19,,,0
"Pharmacy Dept,LUTH","Pharmacy Department,LUTH",FALSE,FALSE,,,Idiaraba,,Surulere,,,,,,,,,,,,,,,,,,,11000,,0,,0,FALSE,FALSE,FALSE,FALSE,30,0,0.00000,10000000.00,1,FALSE,FALSE,,,,,,,,{00000000-0000-0000-0000-000000000000},,,,TRUE,,,,,,,1/1/19,,,0
PharmaHealth Pharma,PharmaHealth Pharmacy,FALSE,FALSE,,,72 Road by 7th Avenue,,FESTAC,,,,,,,,,,,,,,,,,,,11000,,0,,0,FALSE,FALSE,FALSE,FALSE,30,0,0.00000,10000000.00,1,FALSE,FALSE,,,,,,,,{00000000-0000-0000-0000-000000000000},,,,TRUE,,,,,,,1/1/19,,,0
Pharmvacc Ltd Abuja,Pharmvacc Ltd Abuja,FALSE,FALSE,,,,,,,,,,,,,,,,,,,,,,,,11000,,0,,0,FALSE,FALSE,FALSE,FALSE,30,0,0.00000,10000000.00,1,FALSE,FALSE,,,,,,,,{00000000-0000-0000-0000-000000000000},,,,TRUE,,,,,,,1/1/19,,,0
PHC Maiden,PHC Maiden,FALSE,FALSE,,,,,Mile 12l,,,,,,,,,,,,,,,,,,,11000,,0,,0,FALSE,FALSE,FALSE,FALSE,30,0,0.00000,10000000.00,1,FALSE,FALSE,,,,,,,,{00000000-0000-0000-0000-000000000000},,,,TRUE,,,,,,,1/1/19,,,0
Pill Box,Pill Box px.,FALSE,FALSE,,,"4, OLUMO STREET,IWAYA",,,,,,,,,,,,,,,7061190149,,,,,,11000,,0,,0,FALSE,FALSE,FALSE,FALSE,30,0,0.00000,10000000.00,1,FALSE,FALSE,,,,,,,,{00000000-0000-0000-0000-000000000000},,,,TRUE,,,,,,,1/1/19,,,0
Pillar Medical Centr,Pillar Medical Centre,FALSE,FALSE,,,"plot 98,Bola Dada Strt, Hiltop","Estate, Aboru Iyana Ipaja",08065164616,,,,,,,,,,,,,,,,,,,11000,,2,,0,FALSE,TRUE,FALSE,FALSE,30,0,0.00000,2500.00,1,FALSE,FALSE,,,,,,,,{00000000-0000-0000-0000-000000000000},,,,TRUE,,,,,,,8/5/20,,,0
Pine Crest Hospital,Pine Crest Hospital,FALSE,FALSE,,,"4C, Oludegun Str off Airport",Road Oshodi 08121580407,Isolo,,,,,,,,,,,,,,,,,,,11000,,0,,0,FALSE,FALSE,FALSE,FALSE,30,0,0.00000,10000000.00,1,FALSE,FALSE,,,,,,,,{00000000-0000-0000-0000-000000000000},,,,TRUE,,,,,,,1/1/19,,,0
Pine Crest Spec. Hx,PineCrest Specialist Hospital,FALSE,FALSE,,,"83, Makinde Str,Mafolukun",Oshodi,,,,,,,,,,,,,,8023100602,,,,,,11000,,0,,0,FALSE,FALSE,FALSE,FALSE,30,0,0.00000,10000000.00,1,FALSE,FALSE,,,,,,,,{00000000-0000-0000-0000-000000000000},,,,TRUE,,,,,,,1/1/19,,,0
Pinecrest Pharmacist,Pinecrest Pharmacy,FALSE,FALSE,,,"11,Balogun Street off",Awolowo way,IKEJA,,,,,,,,,,,,,,,,,,,11000,,0,,0,FALSE,FALSE,FALSE,FALSE,30,0,0.00000,10000000.00,1,FALSE,FALSE,,,,,,,,{00000000-0000-0000-0000-000000000000},,,,TRUE,,,,,,,1/1/19,,,0
PINK CLINIC,PINK CLINIC,FALSE,FALSE,,,"13B, Muri Folami Street, Pako",Ogudu GRA... 07069367466,,,,,,,,,,,,,,,,,,,,11000,,2,,0,FALSE,TRUE,FALSE,FALSE,30,0,0.00000,2500.00,1,FALSE,FALSE,,,,,,,,{00000000-0000-0000-0000-000000000000},,,,TRUE,,,,,,,8/25/20,,,0
Pius Med.Centre,Pius Med.Centre Ikeja Cantonement,FALSE,FALSE,,,,,,,,,,,,,,,,,,,,,,,,11000,,0,,0,FALSE,FALSE,FALSE,FALSE,30,0,0.00000,10000000.00,1,FALSE,FALSE,,,,,,,,{00000000-0000-0000-0000-000000000000},,,,TRUE,,,,,,,1/1/19,,,0
Pius Med.Centre Ikej,Pius Med.Centre Ikeja Cantonement,FALSE,FALSE,,,,,,,,,,,,,,,,,,,,,,,,40000,,0,,0,FALSE,FALSE,FALSE,FALSE,30,0,0.00000,10000000.00,1,FALSE,FALSE,,,,,,,,{00000000-0000-0000-0000-000000000000},,,,TRUE,,,,,,,1/1/19,,,0
PLACEWARE ABUJA,PLACEWARE ABUJA,FALSE,FALSE,,,TOLBERT SPECIALIST HOSPITAL,"PLOT 17, DEMOCRACY CRESCENT",GADUWA ESTATE,,ABUJA,NIGERIA,,,,,,,,,,,,,,,,11000,,0,,0,FALSE,FALSE,FALSE,FALSE,30,0,0.00000,10000000.00,1,FALSE,FALSE,,,,,,,,{00000000-0000-0000-0000-000000000000},,,,TRUE,,,,,,,1/1/19,,,0
Placeware Novotwist,Placeware Novotwist Retail,FALSE,FALSE,,,Ojodu,,,,,,,,,,,,,,,,,,,,,11000,,0,,0,FALSE,FALSE,FALSE,FALSE,30,0,0.00000,10000000.00,1,FALSE,FALSE,,,,,,,,{00000000-0000-0000-0000-000000000000},,,,TRUE,,,,,,,1/1/19,,,0
Plato Hospital,Plato Hospital,FALSE,FALSE,,,"641, AGEGE MOTOR ROAD SHOGUNLE",OSHODI,Ajao Estate,,,,,,,,,,,,,8023024110,,,,,,11000,,0,,0,FALSE,FALSE,FALSE,FALSE,30,0,0.00000,10000000.00,1,FALSE,FALSE,,,,,,,,{00000000-0000-0000-0000-000000000000},,,,TRUE,,,,,,,1/1/19,,,0
Police College Med,Police College Medical Centre,FALSE,FALSE,,,,,IKEJA,,,,,,,,,,,,,,,,,,,11000,,0,,0,FALSE,FALSE,FALSE,FALSE,30,0,0.00000,10000000.00,1,FALSE,FALSE,,,,,,,,{00000000-0000-0000-0000-000000000000},,,,TRUE,,,,,,,1/1/19,,,0
Police Cottage Hosp,"Police College, Ikeja",FALSE,FALSE,,,,,IKEJA,,,,,,,,,,,,,,,,,,,11000,,0,,0,FALSE,FALSE,FALSE,FALSE,30,0,0.00000,10000000.00,1,FALSE,FALSE,,,,,,,,{00000000-0000-0000-0000-000000000000},,,,TRUE,,,,,,,1/1/19,,,0
Police Hospital ABK,Police Hospital ABK,FALSE,FALSE,,,Elewran,,Abeokuta,,,,,,,,,,,,,,,,,,,11000,,0,,0,FALSE,FALSE,FALSE,FALSE,30,0,0.00000,10000000.00,1,FALSE,FALSE,,,,,,,,{00000000-0000-0000-0000-000000000000},,,,TRUE,,,,,,,1/1/19,,,0
Pontisalus Pharmacy,Pontisalus Pharmacy,FALSE,FALSE,,,"KM39, RAINBOW COLLEGE ROAD",Lagos Ibadan Express way,,,,,,,,,,,,,,8138916558,8035849673,,,,,11000,,0,,0,FALSE,FALSE,FALSE,FALSE,30,0,0.00000,10000000.00,1,FALSE,FALSE,,,,,,,,{00000000-0000-0000-0000-000000000000},,,,TRUE,,,,,,,1/1/19,,,0
Porshah Health Care,Porshah Health Care,FALSE,FALSE,,,"30, Olutoye Crescent Off","Adeniyi Jones, Ikeja",Lagos,,,,,,,,,,,,,,,,,,,11000,,0,,0,FALSE,FALSE,FALSE,FALSE,30,0,0.00000,10000000.00,1,FALSE,FALSE,,,,,,,,{00000000-0000-0000-0000-000000000000},,,,TRUE,,,,,,,1/1/19,,,0
Port Health Services,Port Health Services,FALSE,FALSE,,,"AIRPORT ROAD, MAFOLUKU OSHODI",,IKEJA,,,NIGERIA,,,,,,,,,,,,,,,,11000,,0,,0,FALSE,FALSE,FALSE,FALSE,30,0,0.00000,10000000.00,1,FALSE,FALSE,,,,,,,,{00000000-0000-0000-0000-000000000000},,,,TRUE,,,,,,,1/1/19,,,0
Portharcourt Spe. Hx,Portharcourt Specialist HX,FALSE,FALSE,,,,,Partharcourt,,,,,,,,,,,,,,,,,,,11000,,0,,0,FALSE,FALSE,FALSE,FALSE,30,0,0.00000,10000000.00,1,FALSE,FALSE,,,,,,,,{00000000-0000-0000-0000-000000000000},,,,TRUE,,,,,,,1/1/19,,,0
Praise Medical Centr,Praise Medical Centre,FALSE,FALSE,,,Festac,,,,,,,,,,,,,,,,,,,,,11000,,0,,0,FALSE,FALSE,FALSE,FALSE,30,0,0.00000,10000000.00,1,FALSE,FALSE,,,,,,,,{00000000-0000-0000-0000-000000000000},,,,TRUE,,,,,,,1/1/19,,,0
Precious Pharmacy,Precious Pharmacy,FALSE,FALSE,,,"47, OSOBA ROAD, OKE-ILEWO ROAD","ITA OKO, ABEOKUTA",Abeokuta,,,09162984187,,,,,,,,,,8037161585,,,,,,11000,,0,,0,FALSE,FALSE,FALSE,FALSE,30,0,0.00000,10000000.00,1,FALSE,FALSE,,,,,,,,{00000000-0000-0000-0000-000000000000},,,,TRUE,,,,,,,1/1/19,,,0
Prema Sai Hospital,Prema Sai Hospital,FALSE,FALSE,,,"24, Shiaba Street Near",Moshalashi Alhaji near Gunies,Agege,,,,,,,,,,,,,,,,,,,11000,,0,,0,FALSE,FALSE,FALSE,FALSE,30,0,0.00000,10000000.00,1,FALSE,FALSE,,,,,,,,{00000000-0000-0000-0000-000000000000},,,,TRUE,,,,,,,1/1/19,,,0
Premier Hospital,Premier Hospital,FALSE,FALSE,,,Victoria Island,,,,,,,,,,,,,,,,,,,,,40000,,0,,0,FALSE,FALSE,FALSE,FALSE,30,0,0.00000,10000000.00,1,FALSE,FALSE,,,,,,,,{00000000-0000-0000-0000-000000000000},,,,TRUE,,,,,,,1/1/19,,,0
Pretty Health Care,Pretty Health Care,FALSE,FALSE,,,"ABBA JOHNSON CRESCENT,","OBA ANKRAN, IKEJA",08036097402,,,,,,,,,,,,,8114346325,,,,,,11000,,0,,0,FALSE,FALSE,FALSE,FALSE,30,0,0.00000,10000000.00,1,FALSE,FALSE,,,,,,,,{00000000-0000-0000-0000-000000000000},,,,TRUE,,,,,,,1/1/19,,,0
Prev Health Plus,Prev Health Plus,FALSE,FALSE,,,"4B, James Ibijoke Street,",Ire akari estate isolo,,,,,,,,,,,,,,9074025990,,,,,,11000,,0,,0,FALSE,FALSE,FALSE,FALSE,30,0,0.00000,10000000.00,1,FALSE,FALSE,,,,,,,,{00000000-0000-0000-0000-000000000000},,,,TRUE,,,,,,,1/1/19,,,0
Primeah Pharmacy,Primeah Pharmacy,FALSE,FALSE,,,5/7 Caedoso Street Ajegunle,Lagos.. 08099993612,08064095612,,,,,,,,,,,,,,,,,,,11000,,2,,0,FALSE,TRUE,FALSE,FALSE,30,0,0.00000,2500.00,1,FALSE,FALSE,,,,,,,,{00000000-0000-0000-0000-000000000000},,,,TRUE,,,,,,,11/29/24,,,0
Primex Hospital,Primex Hospital,FALSE,FALSE,,,"58, Ighando Road, Ikotun Lagos",,,,,,,,,,,,,,,08033201180,,,,,,11000,,2,,0,FALSE,TRUE,FALSE,FALSE,30,0,0.00000,2500.00,1,FALSE,FALSE,,,,,,,,{00000000-0000-0000-0000-000000000000},,,,TRUE,,,,,,,6/15/20,,,0
Primus Hospital,Primus Hospital,FALSE,FALSE,,,"272, Ijesha Road, Surulere",08034862095,,,,,,,,,,,,,,,,,,,,11000,,2,,0,FALSE,TRUE,FALSE,FALSE,30,0,0.00000,2500.00,1,FALSE,FALSE,,,,,,,,{00000000-0000-0000-0000-000000000000},,,,TRUE,,,,,,,1/18/21,,,0
Prince & Princess Ho,Prince & Princess Hospital,FALSE,FALSE,,,"1ST AVENUE, 12 ROAD, IDIMU",LAGOS,Lagos,,,,,,,,,,,,,,,,,,,11000,,0,,0,FALSE,FALSE,FALSE,FALSE,30,0,0.00000,10000000.00,1,FALSE,FALSE,,,,,,,,{00000000-0000-0000-0000-000000000000},,,,TRUE,,,,,,,1/1/19,,,0
PRO-DRUG PHARMACY.,PRO-DRUG PHARMACY,FALSE,FALSE,,,AJAO ESTATE,LAGOS,,,,,,,,,,,,,,8037365569,,,,,,11000,,0,,0,FALSE,FALSE,FALSE,FALSE,30,0,0.00000,10000000.00,1,FALSE,FALSE,,,,,,,,{00000000-0000-0000-0000-000000000000},,,,TRUE,,,,,,,1/1/19,,,0
Proabay Hospital,Proabay Hospital,FALSE,FALSE,,,8035024686,"115, Ikotun Idimu Road",Idimu,,,,,,,,,,,,,,,,,,,11000,,0,,0,FALSE,FALSE,FALSE,FALSE,30,0,0.00000,10000000.00,1,FALSE,FALSE,,,,,,,,{00000000-0000-0000-0000-000000000000},,,,TRUE,,,,,,,1/1/19,,,0
Proalex Pharmacy,Proalex Pharmacy,FALSE,FALSE,,,"8a, Brown Road Aguda Surulere",Lagos.,09090340267,,,08035376951,,,,,,,,,,,,,,,C/O Maka,11000,,2,,0,FALSE,TRUE,FALSE,FALSE,30,0,0.00000,2500.00,1,FALSE,FALSE,,,,,,,,{00000000-0000-0000-0000-000000000000},,,,TRUE,,,,,,,10/6/21,,,0
Prof. Ivowi,Prof. Ivowi,FALSE,FALSE,,,"7, Jaiye Oyedotun Str,Magodo","GRA Phase 2,Shangisha",Magodo,,,8022234037,,,,,,,,,,8022234037,,,,,,11000,,0,,0,FALSE,FALSE,FALSE,FALSE,30,0,0.00000,10000000.00,1,FALSE,FALSE,,,,,,,,{00000000-0000-0000-0000-000000000000},,,,TRUE,,,,,,,1/1/19,,,0
Professor Oke,Professor Oke LASUTH,FALSE,FALSE,,,,,,,,,,,,,,,,,,,,,,,,40000,,0,,0,FALSE,FALSE,FALSE,FALSE,30,0,0.00000,10000000.00,1,FALSE,FALSE,,,,,,,,{00000000-0000-0000-0000-000000000000},,,,TRUE,,,,,,,1/1/19,,,0
Prognosy Pharmacy,Prognosy Pharmacy Oko-Oba,FALSE,FALSE,,,Oko Oba,,Oko oba,,,,,,,,,,,,,,,,,,,11000,,0,,0,FALSE,TRUE,FALSE,FALSE,30,0,0.00000,10000000.00,1,FALSE,FALSE,,,,,,,,{00000000-0000-0000-0000-000000000000},,,,TRUE,,,,,,,1/1/19,,,0
Prognosy Px Aboru,Prognosy Pharmacy Aboru,FALSE,FALSE,,,Akinola Street by Pleasure,B/stop,Aboru,,,,,,,,,,,,,,,,,,,11000,,0,,0,FALSE,TRUE,FALSE,FALSE,30,0,0.00000,10000000.00,1,FALSE,FALSE,,,,,,,,{00000000-0000-0000-0000-000000000000},,,,TRUE,,,,,,,5/31/23,,,0
Prognosy PX Gowon,Prognosy Pharmacy Gowon Estate,FALSE,FALSE,,,Gowon Estate,,Ipaja,,,,,,,,,,,,,,,,,,,11000,,0,,0,FALSE,FALSE,FALSE,FALSE,30,0,0.00000,10000000.00,1,FALSE,FALSE,,,,,,,,{00000000-0000-0000-0000-000000000000},,,,TRUE,,,,,,,1/1/19,,,0
Progressive Cottage,Progressive Cottage Hospital,FALSE,FALSE,,,Omole,,LAGOS,,,,,,,,,,,,,,,,,,,11000,,0,,0,FALSE,FALSE,FALSE,FALSE,30,0,0.00000,10000000.00,1,FALSE,FALSE,,,,,,,,{00000000-0000-0000-0000-000000000000},,,,TRUE,,,,,,,1/1/19,,,0
Promise Hospital,Promise Hospital,FALSE,FALSE,,,"132, DOPEMU ROAD.. LAGOS.",,,,,,,,,,,,,,,8033033281,,,,,,11000,,0,,0,FALSE,FALSE,FALSE,FALSE,30,0,0.00000,10000000.00,1,FALSE,FALSE,,,,,,,,{00000000-0000-0000-0000-000000000000},,,,TRUE,,,,,,,1/1/19,,,0
Providence Hospital,Providence Hospital,FALSE,FALSE,8029682140,,"32, WESTERN AVENUE, OKE IRA",LAGOS,Surulere,,,,,,,,,,,,,,,,,,,11000,,0,,0,FALSE,FALSE,FALSE,FALSE,30,0,0.00000,10000000.00,1,FALSE,FALSE,,,,,,,,{00000000-0000-0000-0000-000000000000},,,,TRUE,,,,,,,1/1/19,,,0
Provita Clinic,Provita Clinic,FALSE,FALSE,,,"No 1 Lagos,  Kaly Reastuarant","Akin Adesola Street, V.I",,,,08055553074,,,,,,,,,,,,,,,,11000,,2,,0,FALSE,TRUE,FALSE,FALSE,30,0,0.00000,2500.00,1,FALSE,FALSE,,,,,,,,{00000000-0000-0000-0000-000000000000},,,,TRUE,,,,,,,2/5/26,,,0
PSV Pharmacy,PSV Pharmacy,FALSE,FALSE,,,"Casakaysora Plaza,Adewunmi",Adebimpe  Drive2nd Round Abt/,Lekki Phase 1,,,,,,,,,,,,,,,,,,,11000,,0,,0,FALSE,FALSE,FALSE,FALSE,30,0,0.00000,10000000.00,1,FALSE,FALSE,,,,,,,,{00000000-0000-0000-0000-000000000000},,,,TRUE,,,,,,,1/1/19,,,0
Public Health Pharma,Public Health Pharmacy Lasuth ikeja,FALSE,FALSE,,,,,,,,,,,,,,,,,,,,,,,,11000,,2,,0,FALSE,TRUE,FALSE,FALSE,30,0,0.00000,2500.00,1,FALSE,FALSE,,,,,,,,{00000000-0000-0000-0000-000000000000},,,,TRUE,,,,,,,3/4/24,,,0
Pure Heart Wellness,Pure Heart Wellness Solution Clinic,FALSE,FALSE,,,"48,Oluwaleimu Street,Off Amore","Washaman Building, 1st Floor",Ikeja,,08168511435,,,,,,,,,,,,,,,,,11000,,2,,0,FALSE,TRUE,FALSE,FALSE,30,0,0.00000,2500.00,1,FALSE,FALSE,,,,,,,,{00000000-0000-0000-0000-000000000000},,,,TRUE,,,,,,,2/23/22,,,0
Q-Life Hospital,Q-Life Hospital,FALSE,FALSE,,,"155A,Prince Ade odedina Street",Off Sinari Danijo Street,Victoria Island,,,,,,,,,,,,,,,,,,,11000,,0,,0,FALSE,FALSE,FALSE,FALSE,30,0,0.00000,10000000.00,1,FALSE,FALSE,,,,,,,,{00000000-0000-0000-0000-000000000000},,,,TRUE,,,,,,,1/1/19,,,0
Q-MED Hospital,Q-Med Hospital,FALSE,FALSE,,,9 Adeniran Ogunsanya,Surulere.,Surulere,,,Nigeria,,,,,,,,,,,,,,,,11000,,0,,0,FALSE,FALSE,FALSE,FALSE,30,0,0.00000,10000000.00,1,FALSE,FALSE,,,,,,,,{00000000-0000-0000-0000-000000000000},,,,TRUE,,,,,,,1/1/19,,,0
Q-Plus Hospital,Q-Plus Hospital,FALSE,FALSE,,,Alausa Shopping Plaza,Awolowo Way,IKEJA,,,,,,,,,,,,,,,,,,,11000,,0,,0,FALSE,FALSE,FALSE,FALSE,30,0,0.00000,10000000.00,1,FALSE,FALSE,,,,,,,,{00000000-0000-0000-0000-000000000000},,,,TRUE,,,,,,,1/1/19,,,0
QDX,QDX,FALSE,FALSE,,,Alausa Shopping Mall,Ikeja,,,,,,,,,,,,,,,,,,,,11000,,0,,0,FALSE,FALSE,FALSE,FALSE,30,0,0.00000,10000000.00,1,FALSE,FALSE,,,,,,,,{00000000-0000-0000-0000-000000000000},,,,TRUE,,,,,,,1/1/19,,,0
Queen of the rosary,Queen of the rosary hospital,FALSE,FALSE,,,30 AGO PALACE,OKOTA,,,,,,,,,,,,,,,,,,,,11000,,0,,0,FALSE,FALSE,FALSE,FALSE,30,0,0.00000,10000000.00,1,FALSE,FALSE,,,,,,,,{00000000-0000-0000-0000-000000000000},,,,TRUE,,,,,,,1/1/19,,,0
Queen's Hospital,Queen's Hospital,FALSE,FALSE,,,"3,CMD ROAD, IKOSI KETU LAGOS",,,,,,,,,,,,,,,7098822707,,,,,,11000,,0,,0,FALSE,FALSE,FALSE,FALSE,30,0,0.00000,10000000.00,1,FALSE,FALSE,,,,,,,,{00000000-0000-0000-0000-000000000000},,,,TRUE,,,,,,,1/1/19,,,0
Quick Care Hospital,Quick Care Hospital,FALSE,FALSE,Esho,,"5, Olaniyi Street Orelope",07038808480,Egbeda,,,,,,,,,,,,,8182945069,,,,,,11000,,0,,0,FALSE,FALSE,FALSE,FALSE,30,0,0.00000,10000000.00,1,FALSE,FALSE,,,,,,,,{00000000-0000-0000-0000-000000000000},,,,TRUE,,,,,,,1/1/19,,,0
Quick Drugs Hospital,Quick Drugs Hospital.,FALSE,FALSE,,,"11, Gapel Estate.. Opic Estate",Isheri....,08034859688,,,,,,,,,,,,,,,,,,,11000,,2,,0,FALSE,TRUE,FALSE,FALSE,30,0,0.00000,2500.00,1,FALSE,FALSE,,,,,,,,{00000000-0000-0000-0000-000000000000},,,,TRUE,,,,,,,7/10/23,,,0
Quick Health Clinic,Quick Health Clinic,FALSE,FALSE,,,7 Oweh Street,Jibowu,Lagos,,,,,,,,,,,,,,,,,,,11000,,0,,0,FALSE,FALSE,FALSE,FALSE,30,0,0.00000,10000000.00,1,FALSE,FALSE,,,,,,,,{00000000-0000-0000-0000-000000000000},,,,TRUE,,,,,,,1/1/19,,,0
Quinta Health Servic,Quinta Health Services,FALSE,FALSE,,,Lishabi,Yaba- Ojuelegba,,,,,,,,,,,,,,08151637162,,,,,,11000,,0,,0,TRUE,FALSE,FALSE,FALSE,30,0,0.00000,2500.00,1,FALSE,FALSE,,,,,,,,{00000000-0000-0000-0000-000000000000},,,,TRUE,,,,,,,9/24/21,,,0
R.Jolad hosp plus,R.JOLAD HOSPITAL PLUS,FALSE,FALSE,,,"1, AKINDELE ROAD, ABULE OKUTA",LAGOS,,,,,,,,,,,,,,8023137807,,,,,,11000,,0,,0,FALSE,FALSE,FALSE,FALSE,30,0,0.00000,10000000.00,1,FALSE,FALSE,,,,,,,,{00000000-0000-0000-0000-000000000000},,,,TRUE,,,,,,,1/1/19,,,0
R.Jolad Hosp Staff,R.Jolad Hosp Staff,FALSE,FALSE,,,Gbagada,,,,,,,,,,,,,,,,,,,,,40000,,0,,0,FALSE,FALSE,FALSE,FALSE,30,0,0.00000,10000000.00,1,FALSE,FALSE,,,,,,,,{00000000-0000-0000-0000-000000000000},,,,TRUE,,,,,,,1/1/19,,,0
R.Jolad Hospital,R.Jolad Hospital,FALSE,FALSE,,,"No 1, Akindele Street, New","Garage Bustop, Gbagada Lagos",08034997491,,,Pharm Moni....,,,,,,,,,,,,,,,,11000,,0,,0,FALSE,FALSE,FALSE,FALSE,30,0,0.00000,10000000.00,1,FALSE,FALSE,,,,,,,,{00000000-0000-0000-0000-000000000000},,,,TRUE,,,,,,,1/1/19,,,0
R.O.A Hospital,R.O.A Hospital,FALSE,FALSE,,,Arepo,,,,,,,,,,,,,,,,,,,,,11000,,0,,0,FALSE,FALSE,FALSE,FALSE,30,0,0.00000,10000000.00,1,FALSE,FALSE,,,,,,,,{00000000-0000-0000-0000-000000000000},,,,TRUE,,,,,,,1/1/19,,,0
RACHEAL & NANA HX,RACHEAL & NANA HOSPITAL,FALSE,FALSE,,,"2, ADEKOYA STRT, OFF COLLEGE",ROAD. IFAKO IJAIYE.. LAGOS.,,,,,,,,,,,,,,8026157385,,,,,,11000,,0,,0,FALSE,FALSE,FALSE,FALSE,30,0,0.00000,10000000.00,1,FALSE,FALSE,,,,,,,,{00000000-0000-0000-0000-000000000000},,,,TRUE,,,,,,,1/1/19,,,0
Rafael Health & Med,Rafael Health & Medical Consult,FALSE,FALSE,,,8023061057,Dr Ejikam LUTH c/o Isaac,Magboro,,,,,,,,,,,,,,,,,,,11000,,0,,0,FALSE,FALSE,FALSE,FALSE,30,0,0.00000,10000000.00,1,FALSE,FALSE,,,,,,,,{00000000-0000-0000-0000-000000000000},,,,TRUE,,,,,,,1/1/19,,,0
Rainbow Specialist,Rainbow Specialist.,FALSE,FALSE,,,11C Babatunde Anjous Avenue,"106104, lekki lagos",08030978901,,,Pharm Naimah,,,,,,,,,,,,,,,,11000,,2,,0,FALSE,TRUE,FALSE,FALSE,30,0,0.00000,2500.00,1,FALSE,FALSE,,,,,,,,{00000000-0000-0000-0000-000000000000},,,,TRUE,,,,,,,10/26/23,,,0
Rams Gate Pharmacy,Rams Gate Pharmacy,FALSE,FALSE,,,"60, Agbado Road,beside Uptown",Hospital,Ijaye,,,,,,,,,,,,,,,,,,,40000,,0,,0,FALSE,FALSE,FALSE,FALSE,30,0,0.00000,10000000.00,1,FALSE,FALSE,,,,,,,,{00000000-0000-0000-0000-000000000000},,,,TRUE,,,,,,,1/1/19,,,0
Rapha Amazing Clinic,Rapha Amazing Clinic,FALSE,FALSE,,,House AE Federal Housing,"Estate, Saboo",Ikorodo,,,,,,,,,,,,,,,,,,,11000,,0,,0,FALSE,FALSE,FALSE,FALSE,30,0,0.00000,10000000.00,1,FALSE,FALSE,,,,,,,,{00000000-0000-0000-0000-000000000000},,,,TRUE,,,,,,,1/1/19,,,0
Raphai Hospital,Raphai Hospital.,FALSE,FALSE,,,"53, Charity road, Oko Oba",Agege,,,,,,,,,,,,,,,,,,,,11000,,2,,0,FALSE,TRUE,FALSE,FALSE,30,0,0.00000,2500.00,1,FALSE,FALSE,,,,,,,,{00000000-0000-0000-0000-000000000000},,,,TRUE,,,,,,,8/9/21,,,0
Rasar Clinic,Rasar Clinic,FALSE,FALSE,,,"10,Aje Str off Ifelodun Str,",Hassan B/Stop Ilasamaja.,,,,,,,,,,,,,,,,,,,,40000,,0,,0,FALSE,FALSE,FALSE,FALSE,30,0,0.00000,10000000.00,1,FALSE,FALSE,,,,,,,,{00000000-0000-0000-0000-000000000000},,,,TRUE,,,,,,,1/1/19,,,0
Rauf Aregbesola Hosp,Rauf Aregbesola Hospital,FALSE,FALSE,,,Okunola Road Egbeda,,,,,,,,,,,,,,,,,,,,,11000,,0,,0,FALSE,FALSE,FALSE,FALSE,30,0,0.00000,10000000.00,1,FALSE,FALSE,,,,,,,,{00000000-0000-0000-0000-000000000000},,,,TRUE,,,,,,,1/1/19,,,0
RCCG Love Assembly P,RCCG Love Assembly Parish,FALSE,FALSE,,,"10 IKUMOLA STREET, Dopemu",LAGOS,Dopemu,,,,,,,,,,,,,,,,,,,11000,,0,,0,FALSE,FALSE,FALSE,FALSE,30,0,0.00000,10000000.00,1,FALSE,FALSE,,,,,,,,{00000000-0000-0000-0000-000000000000},,,,TRUE,,,,,,,1/1/19,,,0
RCCG Mat. Shomolu,RCCG Maternity Shomolu,FALSE,FALSE,,,8055720618,"33, Market Str Shomolu",Shomolu,,,,,,,,,,,,,,,,,,,11000,,0,,0,FALSE,FALSE,FALSE,FALSE,30,0,0.00000,10000000.00,1,FALSE,FALSE,,,,,,,,{00000000-0000-0000-0000-000000000000},,,,TRUE,,,,,,,1/1/19,,,0
Real Pharmacy,Real Pharmacy,FALSE,FALSE,,,"5, Ago Way Ijigbo",,Ijigbo,,,,,,,,,,,,,,,,,,,11000,,0,,0,FALSE,FALSE,FALSE,FALSE,30,0,0.00000,10000000.00,1,FALSE,FALSE,,,,,,,,{00000000-0000-0000-0000-000000000000},,,,TRUE,,,,,,,1/1/19,,,0
Redcare HMO,Redcare HMO,FALSE,FALSE,,,"41, GBOLADE ADEBANJO STREET",ILUPEJU,LAGOS,,,,,,,,,,,,,7007332273,,,,,,11000,,0,,0,FALSE,FALSE,FALSE,FALSE,30,0,0.00000,10000000.00,1,FALSE,FALSE,,,,,,,,{00000000-0000-0000-0000-000000000000},,,,TRUE,,,,,,,1/1/19,,,0
Reddington hosp 2.,Reddington Hospital 2,FALSE,FALSE,,,"No 1, Oladipo Bateye Street,",G.R.A Ikeja,,,,,,,,,,,,,,,,,,,,11000,,2,,0,FALSE,TRUE,FALSE,FALSE,30,0,0.00000,2500.00,1,FALSE,FALSE,,,,,,,,{00000000-0000-0000-0000-000000000000},,,,TRUE,,,,,,,9/29/20,,,0
Reddington Hosp. VI,Reddington Hospital VI,FALSE,FALSE,,,"8,Idowu Matrins Beside Mega",Plaza off Adeola Odeku,Victoria Island,,,,,,,,,,,,,,,,,,,11000,,0,,0,FALSE,FALSE,FALSE,FALSE,30,0,0.00000,10000000.00,1,FALSE,FALSE,,,,,,,,{00000000-0000-0000-0000-000000000000},,,,TRUE,,,,,,,1/1/19,,,0
Reddington Hospital,Reddington Hospital,FALSE,FALSE,,,"39, Isaac Jone Street,",Ikeja GRA.,IKEJA,,,,,,,,,,,,,9068777218,,,,,,11000,,0,,0,FALSE,FALSE,FALSE,FALSE,30,0,0.00000,10000000.00,1,FALSE,FALSE,,,,,,,,{00000000-0000-0000-0000-000000000000},,,,TRUE,,,,,,,1/1/19,,,0
Redeem Health Centre,Redeem Health Centre,FALSE,FALSE,,,Redeem Camp,,,,,,,,,,,,,,,,,,,,,40000,,0,,0,FALSE,FALSE,FALSE,FALSE,30,0,0.00000,10000000.00,1,FALSE,FALSE,,,,,,,,{00000000-0000-0000-0000-000000000000},,,,TRUE,,,,,,,1/1/19,,,0
REDEEM HEALTH PHARMA,REDEEM HEALTH PHARMACY,FALSE,FALSE,,,Redemption camp,,,,,,,,,,,,,,,,,,,,,11000,,2,,0,FALSE,TRUE,FALSE,FALSE,30,0,0.00000,2500.00,1,FALSE,FALSE,,,,,,,,{00000000-0000-0000-0000-000000000000},,,,TRUE,,,,,,,6/11/24,,,0
Redeem Maternity,Redeem Maternity,FALSE,FALSE,,,Ketu,,,,,,,,,,,,,,,,,,,,,40000,,0,,0,FALSE,FALSE,FALSE,FALSE,30,0,0.00000,10000000.00,1,FALSE,FALSE,,,,,,,,{00000000-0000-0000-0000-000000000000},,,,TRUE,,,,,,,1/1/19,,,0
Redeem Public Health,Redeem Public Health,FALSE,FALSE,,,Holiness Road Opp CRM PX,,,,,,,,,,,,,,,,,,,,,11000,,0,,0,FALSE,TRUE,FALSE,FALSE,30,0,0.00000,2500.00,1,FALSE,FALSE,,,,,,,,{00000000-0000-0000-0000-000000000000},,,,TRUE,,,,,,,4/23/21,,,0
Redeemer's Universit,Redeemer's University,FALSE,FALSE,,,Redeemption Camp,,,,,,,,,,,,,,,,,,,,,11000,,0,,0,FALSE,FALSE,FALSE,FALSE,30,0,0.00000,10000000.00,1,FALSE,FALSE,,,,,,,,{00000000-0000-0000-0000-000000000000},,,,TRUE,,,,,,,1/1/19,,,0
Redwood Clinic,Redwood Clinic,FALSE,FALSE,,,Quarry road Abeokuta,09045140300,,,,,,,,,,,,,,,,,,,,11000,,0,,0,FALSE,FALSE,FALSE,FALSE,30,0,0.00000,10000000.00,1,FALSE,FALSE,,,,,,,,{00000000-0000-0000-0000-000000000000},,,,TRUE,,,,,,,1/1/19,,,0
Regency Hospital,Regency Hospital,FALSE,FALSE,,,"7, AJAYI ROAD, OJODU LAGOS.",,,,,,,,,,,,,,,,,,,,,11000,,0,,0,FALSE,FALSE,FALSE,FALSE,30,0,0.00000,10000000.00,1,FALSE,FALSE,,,,,,,,{00000000-0000-0000-0000-000000000000},,,,TRUE,,,,,,,1/1/19,,,0
Regina Mondi,Regina Mondi,FALSE,FALSE,,,Mushin,,,,,,,,,,,,,,,,,,,,,11000,,0,,0,FALSE,FALSE,FALSE,FALSE,30,0,0.00000,10000000.00,1,FALSE,FALSE,,,,,,,,{00000000-0000-0000-0000-000000000000},,,,TRUE,,,,,,,1/1/19,,,0
Rehabilitation Vocat,Rehabilitation Vocation & Training Cent,FALSE,FALSE,,,Boarder Line Isheri Berger,Nurse Victoria-08033598388,Isheri,,,,,,,,,,,,,8033598388,,,,,,11000,,0,,0,FALSE,FALSE,FALSE,FALSE,30,0,0.00000,10000000.00,1,FALSE,FALSE,,,,,,,,{00000000-0000-0000-0000-000000000000},,,,TRUE,,,,,,,1/1/19,,,0
REINOMED PHARMACY,REINOMED PHARMACY,FALSE,FALSE,,,"16, NnOBI STRT, KILO SURULERE",,,,,,,,,,,,,,,,,,,,,11000,,2,,0,FALSE,TRUE,FALSE,FALSE,30,0,0.00000,2500.00,1,FALSE,FALSE,,,,,,,,{00000000-0000-0000-0000-000000000000},,,,TRUE,,,,,,,2/19/20,,,0
Reliance Clinic,Reliance Clinic,FALSE,FALSE,,,"12, Ayodeji Otegbola street",Gbagada phase 2,,,,,,,,,,,,,,,,,,,,11000,,0,,0,FALSE,FALSE,FALSE,FALSE,30,0,0.00000,10000000.00,1,FALSE,FALSE,,,,,,,,{00000000-0000-0000-0000-000000000000},,,,TRUE,,,,,,,1/1/19,,,0
Reliance Family Clin,Reliance Family Clinic,FALSE,FALSE,,,"113,Hakeem Dickson Link Road","Lekki Phase 1, Lagos",,,,,,,,,,,,,,,,,,,,11000,,0,,0,FALSE,TRUE,FALSE,FALSE,30,0,0.00000,2500.00,1,FALSE,FALSE,,,,,,,,{00000000-0000-0000-0000-000000000000},,,,TRUE,,,,,,,3/6/23,,,0
Remedial Health,Remedial Health,FALSE,FALSE,,,"27, Henry Carr Street, Off","Akani dorathy Road, Oba Akran",Ikeja,,,09116361363,,,,,,,,,,,,,,,,11000,,2,,0,FALSE,TRUE,FALSE,FALSE,30,0,0.00000,2500.00,1,FALSE,FALSE,,,,,,,,{00000000-0000-0000-0000-000000000000},,,,TRUE,,,,,,,3/8/24,,,0
Remedy Drug Plus,Remedy Drug Plus,FALSE,FALSE,,,"4NBC ROAD, Ikorodu",,Ikorodu,,,,,,,,,,,,,8023320,,,,,,11000,,0,,0,FALSE,FALSE,FALSE,FALSE,30,0,0.00000,10000000.00,1,FALSE,FALSE,,,,,,,,{00000000-0000-0000-0000-000000000000},,,,TRUE,,,,,,,1/1/19,,,0
REMILEKUN HOSPITAL,REMILEKUN HOSPITAL,FALSE,FALSE,,,Lawson road,,,,,,,,,,,,,,,,,,,,,11000,,0,,0,FALSE,FALSE,FALSE,FALSE,30,0,0.00000,10000000.00,1,FALSE,FALSE,,,,,,,,{00000000-0000-0000-0000-000000000000},,,,TRUE,,,,,,,1/1/19,,,0
Renew Pharmacy,Renew Pharmacy,FALSE,FALSE,,,"15,Ijaiye Street Iju",07064197409,Ishaga,,,,,,,,,,,,,,,,,,,11000,,0,,0,FALSE,TRUE,FALSE,FALSE,30,0,0.00000,2500.00,1,FALSE,FALSE,,,,,,,,{00000000-0000-0000-0000-000000000000},,,,TRUE,,,,,,,7/28/23,,,0
Renue Clinic,Renue Clinic,FALSE,FALSE,,,"4TH AVENUE, Festac TOWN LAGOS",,,,,,,,,,,,,,,,,,,,,11000,,0,,0,FALSE,FALSE,FALSE,FALSE,30,0,0.00000,10000000.00,1,FALSE,FALSE,,,,,,,,{00000000-0000-0000-0000-000000000000},,,,TRUE,,,,,,,1/1/19,,,0
Rhaphai Hospital,Rhaphai Hospital.,FALSE,FALSE,,,"49, Charity road, Oko Oba",Abule-Egba,,,,,,,,,,,,,,,,,,,,11000,,2,,0,FALSE,TRUE,FALSE,FALSE,30,0,0.00000,2500.00,1,FALSE,FALSE,,,,,,,,{00000000-0000-0000-0000-000000000000},,,,TRUE,,,,,,,10/7/21,,,0
RHOWIL TOTAL CARE ME,RHOWIL TOTAL CARE MED CONT,FALSE,FALSE,,,Plot 3 Block 7 Site 9,Sattelite Town,LAGOS,,,NIGERIA,,,,,,,,,,,,,,,,40000,,0,,0,FALSE,FALSE,FALSE,FALSE,30,0,0.00000,10000000.00,1,FALSE,FALSE,,,,,,,,{00000000-0000-0000-0000-000000000000},,,,TRUE,,,,,,,1/1/19,,,0
Rilmark Specialist,Rilmark Specialist Hospital,FALSE,FALSE,,,Ikorodu.. 08080999988,Dr. Kazeem,,,,,,,,,,,,,,,,,,,,11000,,2,,0,FALSE,TRUE,FALSE,FALSE,30,0,0.00000,2500.00,1,FALSE,FALSE,,,,,,,,{00000000-0000-0000-0000-000000000000},,,,TRUE,,,,,,,4/16/25,,,0
Rio Hospitals.,Rio Hospitals,FALSE,FALSE,,,"13, Alhaji Aliyu Musa Street,","Beside Rotadet Hotels,Ogolonto",07060604826,,,,,,,,,,,,,,,,,,,11000,,2,,0,FALSE,TRUE,FALSE,FALSE,30,0,0.00000,2500.00,1,FALSE,FALSE,,,,,,,,{00000000-0000-0000-0000-000000000000},,,,TRUE,,,,,,,4/9/26,,,0
Rivet Hospital,Rivet Hospital,FALSE,FALSE,,,2/3 Cobham Street Off Olutosin,"Ajayi Street, Ajao Estate",LAGOS,,,,,,,,,,,,,,,,,,,11000,,0,,0,FALSE,FALSE,FALSE,FALSE,30,0,0.00000,10000000.00,1,FALSE,FALSE,,,,,,,,{00000000-0000-0000-0000-000000000000},,,,TRUE,,,,,,,1/1/19,,,0
Robertson Medical Ce,Robertson Medical Centre,FALSE,FALSE,,,Surulere,,Lgos,,,,,,,,,,,,,,,,,,,11000,,0,,0,FALSE,FALSE,FALSE,FALSE,30,0,0.00000,10000000.00,1,FALSE,FALSE,,,,,,,,{00000000-0000-0000-0000-000000000000},,,,TRUE,,,,,,,1/1/19,,,0
Rock Of Ages Hospita,Rock Of Ages Hospital,FALSE,FALSE,,,"Agbara, Opic estate,","By Diya Gate, Ogun State",08030496366,,,,,,,,,,,,,,,,,,,11000,,2,,0,FALSE,TRUE,FALSE,FALSE,30,0,0.00000,2500.00,1,FALSE,FALSE,,,,,,,,{00000000-0000-0000-0000-000000000000},,,,TRUE,,,,,,,7/22/21,,,0
Roding HealthCare,Roding HealthCare Services,FALSE,FALSE,,,"4, Makoko Road",Adekunle B/stop,Yaba,,,,,,,,,,,,,,,,,,,11000,,0,,0,FALSE,FALSE,FALSE,FALSE,30,0,0.00000,10000000.00,1,FALSE,FALSE,,,,,,,,{00000000-0000-0000-0000-000000000000},,,,TRUE,,,,,,,1/1/19,,,0
Roding Med. Centre,Roding Medical Centre,FALSE,FALSE,,,"106, Ogunnusi Road","Isheri, Ojodu",Lagos,,,,,,,,,,,,,,,,,,,11000,,0,,0,FALSE,FALSE,FALSE,FALSE,30,0,0.00000,10000000.00,1,FALSE,FALSE,,,,,,,,{00000000-0000-0000-0000-000000000000},,,,TRUE,,,,,,,1/1/19,,,0
Roding Medical Centr,Roding Medical Centre,FALSE,FALSE,,,"29B, Olabode George Street",Victoria Island,Lagos,,,,,,,,,,,,,12716037,,,,,,11000,,0,,0,FALSE,FALSE,FALSE,FALSE,30,0,0.00000,10000000.00,1,FALSE,FALSE,,,,,,,,{00000000-0000-0000-0000-000000000000},,,,TRUE,,,,,,,1/1/19,,,0
Roli Alaiyemola,Roli Alaiyemola,FALSE,FALSE,,,8032394317,"26B, Remi Fani kayode Street",GRA,,,,,,,,,,,,,,,,,,,11000,,0,,0,FALSE,FALSE,FALSE,FALSE,30,0,0.00000,10000000.00,1,FALSE,FALSE,,,,,,,,{00000000-0000-0000-0000-000000000000},,,,TRUE,,,,,,,1/1/19,,,0
Rommar Pharmacy,Rommar Pharmacy,FALSE,FALSE,,,"27, Ayangburen Road, IKORODU",,Ikorodu,,,,,,,,,,,,,8028892073,,,,,,11000,,0,,0,FALSE,FALSE,FALSE,FALSE,30,0,0.00000,10000000.00,1,FALSE,FALSE,,,,,,,,{00000000-0000-0000-0000-000000000000},,,,TRUE,,,,,,,1/1/19,,,0
Rosebol Hospital,Rosebol Hospital,FALSE,FALSE,,,"144, Asipa Rd Makinde B/stop",Ipaja Ayobo 08102329507,Ayobo,,,,,,,,,,,,,,,,,,,11000,,0,,0,FALSE,FALSE,FALSE,FALSE,30,0,0.00000,10000000.00,1,FALSE,FALSE,,,,,,,,{00000000-0000-0000-0000-000000000000},,,,TRUE,,,,,,,1/1/19,,,0
Rosemus Pharmacy,Rosemus Pharmacy,FALSE,FALSE,,,"226, IDEWU STREET, APAPA",LAGOS,,,,Nigeria,,,,,,,,,,8121261881,8037788345,,,,,11000,,0,,0,FALSE,FALSE,FALSE,FALSE,30,0,0.00000,10000000.00,1,FALSE,FALSE,,,,,,,,{00000000-0000-0000-0000-000000000000},,,,TRUE,,,,,,,1/1/19,,,0
Rotor Maternity Home,Rotor Maternity Home,FALSE,FALSE,,,"17, Adetubere Strt, Olowora",08118619959,,,,,,,,,,,,,,,,,,,,11000,,2,,0,FALSE,TRUE,FALSE,FALSE,30,0,0.00000,2500.00,1,FALSE,FALSE,,,,,,,,{00000000-0000-0000-0000-000000000000},,,,TRUE,,,,,,,10/7/20,,,0
Royal Specialist HX,Royal Specialist Hospital,FALSE,FALSE,,,"IJESA, 7, ALONGE STREET.",surulere,,,,,,,,,,,,,,7054474419,,,,,,11000,,0,,0,FALSE,FALSE,FALSE,FALSE,30,0,0.00000,10000000.00,1,FALSE,FALSE,,,,,,,,{00000000-0000-0000-0000-000000000000},,,,TRUE,,,,,,,1/1/19,,,0
Royan Hospital,Royan Hospital,FALSE,FALSE,,,"72, AINA STREET, OJODU BERGER",LAGOS,,,,,,,,,,,,,,70034257692,,,,,,11000,,0,,0,FALSE,FALSE,FALSE,FALSE,30,0,0.00000,10000000.00,1,FALSE,FALSE,,,,,,,,{00000000-0000-0000-0000-000000000000},,,,TRUE,,,,,,,1/1/19,,,0
Royan Hospital PX,Royan Hospital Px,FALSE,FALSE,,,,,,,,,,,,,,,,,,,,,,,,11000,,0,,0,FALSE,FALSE,FALSE,FALSE,30,0,0.00000,10000000.00,1,FALSE,FALSE,,,,,,,,{00000000-0000-0000-0000-000000000000},,,,TRUE,,,,,,,1/1/19,,,0
Rozaco Pharmacy,Rozaco Pharmacy,FALSE,FALSE,,,"103, ISHERI ROAD, IKEJA",Ojodu,Berger,,,,,,,,,,,,,8093971677,8093028829,,,,,11000,,0,,0,FALSE,FALSE,FALSE,FALSE,30,0,0.00000,10000000.00,1,FALSE,FALSE,,,,,,,,{00000000-0000-0000-0000-000000000000},,,,TRUE,,,,,,,1/1/19,,,0
Rozat Pharmacy,Rozat Pharmacy,FALSE,FALSE,,,"Beside Diet Plus,Berger",,,,,,,,,,,,,,,,,,,,,40000,,0,,0,FALSE,FALSE,FALSE,FALSE,30,0,0.00000,10000000.00,1,FALSE,FALSE,,,,,,,,{00000000-0000-0000-0000-000000000000},,,,TRUE,,,,,,,1/1/19,,,0
Rubee Medical,Rubee Medical centre,FALSE,FALSE,,,"KM 38, ABEOKUTA MOTOR ROAD,","OTA,",,,,,,,,,,,,,,7011114455,,,,,,11000,,0,,0,FALSE,FALSE,FALSE,FALSE,30,0,0.00000,10000000.00,1,FALSE,FALSE,,,,,,,,{00000000-0000-0000-0000-000000000000},,,,TRUE,,,,,,,1/1/19,,,0
Sabet Pharmacy,Sabet Pharmacy,FALSE,FALSE,,,opp General Hospital,Gbagada,,,,,,,,,,,,,,,,,,,,11000,,0,,0,FALSE,FALSE,FALSE,FALSE,30,0,0.00000,10000000.00,1,FALSE,FALSE,,,,,,,,{00000000-0000-0000-0000-000000000000},,,,TRUE,,,,,,,1/1/19,,,0
Sacred Heart Clinic,Sacred Heart Clinic,FALSE,FALSE,,,Apapa,,,,,,,,,,,,,,,,,,,,,11000,,0,,0,FALSE,FALSE,FALSE,FALSE,30,0,0.00000,10000000.00,1,FALSE,FALSE,,,,,,,,{00000000-0000-0000-0000-000000000000},,,,TRUE,,,,,,,1/1/19,,,0
Sacred Heart Hosp,Sacred Heart Hosp,FALSE,FALSE,,,"Lantoro Road, Sapon KEMTA",ABEOKUTA,Abeokuta,,,,,,,,,,,,,8074114160,,,,,,11000,,0,,0,FALSE,FALSE,FALSE,FALSE,30,0,0.00000,10000000.00,1,FALSE,FALSE,,,,,,,,{00000000-0000-0000-0000-000000000000},,,,TRUE,,,,,,,1/1/19,,,0
Sacred Heart School,Sacred Heart School,FALSE,FALSE,,,Apapa,,,,,,,,,,,,,,,,,,,,,11000,,0,,0,FALSE,FALSE,FALSE,FALSE,30,0,0.00000,10000000.00,1,FALSE,FALSE,,,,,,,,{00000000-0000-0000-0000-000000000000},,,,TRUE,,,,,,,1/1/19,,,0
Safari Pharmacy,Safari Pharmacy,FALSE,FALSE,,,"LEGACY HOUSE, AIRPORT ROAD",WARRI,Warri,,,,,,,,,,,,,8074202391,,,,,,11000,,0,,0,FALSE,FALSE,FALSE,FALSE,30,0,0.00000,10000000.00,1,FALSE,FALSE,,,,,,,,{00000000-0000-0000-0000-000000000000},,,,TRUE,,,,,,,1/1/19,,,0
Safeway Dermatology,Safeway Dermatology,FALSE,FALSE,,,"3, pemu otunubi, Bariga lagos.",09062449969,,,,,,,,,,,,,,,,,,,,11000,,2,,0,FALSE,TRUE,FALSE,FALSE,30,0,0.00000,2500.00,1,FALSE,FALSE,,,,,,,,{00000000-0000-0000-0000-000000000000},,,,TRUE,,,,,,,11/21/24,,,0
Safi Hospital,Safi Hospital,FALSE,FALSE,,,Egbeda,,,,,,,,,,,,,,,,,,,,,40000,,0,,0,FALSE,FALSE,FALSE,FALSE,30,0,0.00000,10000000.00,1,FALSE,FALSE,,,,,,,,{00000000-0000-0000-0000-000000000000},,,,TRUE,,,,,,,1/1/19,,,0
SAFURE CLINIC,SAFURE CLINIC,FALSE,FALSE,,,Opebi Link Road.. ikeja,,,,,,,,,,,,,,,,,,,,,11000,,2,,0,FALSE,TRUE,FALSE,FALSE,30,0,0.00000,2500.00,1,FALSE,FALSE,,,,,,,,{00000000-0000-0000-0000-000000000000},,,,TRUE,,,,,,,3/20/20,,,0
Saint Clair Hospital,Saint Clair Hospital,FALSE,FALSE,,,"OJUELEGBA, SURULERE,",APENA STREET,,,,,,,,,,,,,,,,,,,,11000,,0,,0,FALSE,FALSE,FALSE,FALSE,30,0,0.00000,10000000.00,1,FALSE,FALSE,,,,,,,,{00000000-0000-0000-0000-000000000000},,,,TRUE,,,,,,,1/1/19,,,0
Saint Emmanual,Saint Emmanuel Hosipital,FALSE,FALSE,,,,,,,,,,,,,,,,,,,,,,,,11000,,0,,0,FALSE,FALSE,FALSE,FALSE,30,0,0.00000,10000000.00,1,FALSE,FALSE,,,,,,,,{00000000-0000-0000-0000-000000000000},,,,TRUE,,,,,,,1/1/19,,,0
Sakus Pharmacy,Sakus Pharmacy,FALSE,FALSE,,,"40 Jakpa Rd,Effurun",Warri,,,,,,,,,,,,,,,,,,,,11000,,0,,0,FALSE,FALSE,FALSE,FALSE,30,0,0.00000,10000000.00,1,FALSE,FALSE,,,,,,,,{00000000-0000-0000-0000-000000000000},,,,TRUE,,,,,,,1/1/19,,,0
Samaria Hospital,Samaria Hospital,FALSE,FALSE,,,"17,Debo Bashorun Street Off",Ali Dada B/stop Okota,,,,,,,,,,,,,,,,,,,,11000,,0,,0,FALSE,FALSE,FALSE,FALSE,30,0,0.00000,10000000.00,1,FALSE,FALSE,,,,,,,,{00000000-0000-0000-0000-000000000000},,,,TRUE,,,,,,,1/1/19,,,0
Sango PHC,Sango Primary Health Centre,FALSE,FALSE,,,07065062206 Agege LGA Opp,Total Filling Station,Agege,,,,,,,,,,,,,,,,,,,11000,,0,,0,FALSE,FALSE,FALSE,FALSE,30,0,0.00000,10000000.00,1,FALSE,FALSE,,,,,,,,{00000000-0000-0000-0000-000000000000},,,,TRUE,,,,,,,1/1/19,,,0
Sanor Medical Centre,Sanor Medical Centre,FALSE,FALSE,,,"77A, Coker Road Off Town",Planning way,Illupeju,,,,,,,,,,,,,,,,,,,11000,,0,,0,FALSE,FALSE,FALSE,FALSE,30,0,0.00000,10000000.00,1,FALSE,FALSE,,,,,,,,{00000000-0000-0000-0000-000000000000},,,,TRUE,,,,,,,1/1/19,,,0
Santa Antonio Medica,Santa Antonio Medical Centre c/o Muyiwa,FALSE,FALSE,,,"OPIC Estate,Agbara,Ogun State",,,,,,,,,,,,,,,,,,,,,11000,,0,,0,FALSE,FALSE,FALSE,FALSE,30,0,0.00000,10000000.00,1,FALSE,FALSE,,,,,,,,{00000000-0000-0000-0000-000000000000},,,,TRUE,,,,,,,1/1/19,,,0
Santefort Pharmacy,Santefort Pharmacy,FALSE,FALSE,,,8033302312,"8,Bayo Adeshina Magodo Phase 1",Magodo,,,,,,,,,,,,,,,,,,,11000,,0,,0,FALSE,FALSE,FALSE,FALSE,30,0,0.00000,10000000.00,1,FALSE,FALSE,,,,,,,,{00000000-0000-0000-0000-000000000000},,,,TRUE,,,,,,,1/1/19,,,0
Satelite Health Cent,Satelite Health Centre.,FALSE,FALSE,,,"Satelite town,Oposite Learning",Field school. 07039482499,C/O Nurse Chinyere,,,,,,,,,,,,,,,,,,,11000,,2,,0,FALSE,TRUE,FALSE,FALSE,30,0,0.00000,2500.00,1,FALSE,FALSE,,,,,,,,{00000000-0000-0000-0000-000000000000},,,,TRUE,,,,,,,2/24/21,,,0
SAVAN  PHARMACY..,SAVAN PHARMACY,FALSE,FALSE,,,"No 1, Sunday Akinbo Strt,","Adebiyi Estate, Atapa Command",Ipaja,,,,,,,,,,,,,,,,,,,11000,,2,,0,FALSE,TRUE,FALSE,FALSE,30,0,0.00000,2500.00,1,FALSE,FALSE,,,,,,,,{00000000-0000-0000-0000-000000000000},,,,TRUE,,,,,,,11/10/22,,,0
Saviour De-Rock Hosp,Saviour De-Rock Hospital,FALSE,FALSE,,,"8,Victorious Close Off Commun-",ity Rd off Odinla Rd Odogunyan,Ikorodu,,,Lagos,,,,,,,,,,07087834178,08021532096,,,,,11000,,0,,0,FALSE,TRUE,FALSE,FALSE,30,0,0.00000,2500.00,1,FALSE,FALSE,,,,,,,,{00000000-0000-0000-0000-000000000000},,,,TRUE,,,,,,,3/29/21,,,0
Seadone Pharmaceauti,Seadone Pharmaceutical ltd.,FALSE,FALSE,,,"9, Ikpoh street, Ikate Suruler",Surulere Lagos.,,,,,,,,,,,,,,8033115234,,,,,,11000,,0,,0,FALSE,FALSE,FALSE,FALSE,30,0,0.00000,10000000.00,1,FALSE,FALSE,,,,,,,,{00000000-0000-0000-0000-000000000000},,,,TRUE,,,,,,,1/1/19,,,0
Sebeccly Cancer Care,Sebeccly Cancer Care,FALSE,FALSE,,,"360, Herbert Macauley way",beside st dominic  08170272543,,,,,,,,,,,,,,8087111629,,,,,,11000,,0,,0,FALSE,FALSE,FALSE,FALSE,30,0,0.00000,10000000.00,1,FALSE,FALSE,,,,,,,,{00000000-0000-0000-0000-000000000000},,,,TRUE,,,,,,,1/1/19,,,0
Seedwell PX,SEEDWELL PX,FALSE,FALSE,,,,,,,,,,,,,,,,,,,,,,,,11000,,0,,0,FALSE,FALSE,FALSE,FALSE,30,0,0.00000,10000000.00,1,FALSE,FALSE,,,,,,,,{00000000-0000-0000-0000-000000000000},,,,TRUE,,,,,,,1/1/19,,,0
Seham Diagnosis Serv,Seham Diagnosis Services,FALSE,FALSE,,,"7, Olonade Str,Off Hughes Str,",Alagomeji Yaba.08170984813,,,,NIGERIA,,,,,,,,,,,8170984813,,,,,40000,,0,,0,FALSE,FALSE,FALSE,FALSE,30,0,0.00000,10000000.00,1,FALSE,FALSE,,,,,,,,{00000000-0000-0000-0000-000000000000},,,,TRUE,,,,,,,1/1/19,,,0
SEHAM DIAGNOSTICS.,SEHAM DIAGNOSTICS.,FALSE,FALSE,,,"2, HARVEY ROAD, SABO","YABA, LAGOS.",,,,,,,,,,,,,,,,,,,,11000,,0,,0,FALSE,FALSE,FALSE,FALSE,30,0,0.00000,10000000.00,1,FALSE,FALSE,,,,,,,,{00000000-0000-0000-0000-000000000000},,,,TRUE,,,,,,,1/1/19,,,0
Semper Pharmacy,Semper Pharmacy & Drugs,FALSE,FALSE,,,"14, Debo Bashorun Strt, Ago","Palace Way, Okota, Opposite",Samaria Hosp.,,off Alidada.,,,,,,,,,,,,,,,,,11000,,2,,0,FALSE,TRUE,FALSE,FALSE,30,0,0.00000,2500.00,1,FALSE,FALSE,,,,,,,,{00000000-0000-0000-0000-000000000000},,,,TRUE,,,,,,,3/26/21,,,0
Seraphic Hospital,Seraphic Hospital.,FALSE,FALSE,,,"From Cele to Ago Bridge, cross","to the other side, then bike",to zion.,,,08035408850,,,,,,,,,,,,,,,,11000,,2,,0,FALSE,TRUE,FALSE,FALSE,30,0,0.00000,2500.00,1,FALSE,FALSE,,,,,,,,{00000000-0000-0000-0000-000000000000},,,,TRUE,,,,,,,6/28/22,,,0
Sergeant Rabiu Preve,Sergeant Rabiu Preventive medicine dept,FALSE,FALSE,,,Sergeant Rabiu Preventive,medic 08037346821 NAF HX IKEJA,,,,,,,,,,,,,,8037346821,,,,,8037346821,11000,,0,,0,FALSE,FALSE,FALSE,FALSE,30,0,0.00000,10000000.00,1,FALSE,FALSE,,,,,,,,{00000000-0000-0000-0000-000000000000},,,,TRUE,,,,,,,1/1/19,,,0
Setz Pharmacy,Setz Pharmacy,FALSE,FALSE,,,Ijede Opposite,St Repheal Hospital,Ijede,,,,,,,,,,,,,,,,,,,11000,,0,,0,FALSE,FALSE,FALSE,FALSE,30,0,0.00000,10000000.00,1,FALSE,FALSE,,,,,,,,{00000000-0000-0000-0000-000000000000},,,,TRUE,,,,,,,1/1/19,,,0
Shaanu Clinic,Shaanu Clinic,FALSE,FALSE,,,"16, OBOKUN STREET, ILUPEJU LAG",,,,,,,,,,,,,,,,,,,,,11000,,0,,0,FALSE,FALSE,FALSE,FALSE,30,0,0.00000,10000000.00,1,FALSE,FALSE,,,,,,,,{00000000-0000-0000-0000-000000000000},,,,TRUE,,,,,,,1/1/19,,,0
Sharon Heights Medic,Sharon Height Medical Centre,FALSE,FALSE,,,AMORE STREET. ALLEN,IKEJA,,,,,,,,,,,,,,,,,,,,11000,,0,,0,FALSE,FALSE,FALSE,FALSE,30,0,0.00000,10000000.00,1,FALSE,FALSE,,,,,,,,{00000000-0000-0000-0000-000000000000},,,,TRUE,,,,,,,1/1/19,,,0
Shefi Hospital,Shefi Hospital,FALSE,FALSE,,,"7,Ogunlana Str",,Egbeda,,,NIGERIA,,,,,,,,,,,,,,,,40000,,0,,0,FALSE,FALSE,FALSE,FALSE,30,0,0.00000,10000000.00,1,FALSE,FALSE,,,,,,,,{00000000-0000-0000-0000-000000000000},,,,TRUE,,,,,,,1/1/19,,,0
Shekinah Specialist,Shekinah Specialist Pharmacy,FALSE,FALSE,,,5 Jonathan Coka Street,"Railway crossing,Fagba junctio",Lagos,,,,,,,,,,,,,7086005960,,,,,,11000,,0,,0,FALSE,FALSE,FALSE,FALSE,30,0,0.00000,10000000.00,1,FALSE,FALSE,,,,,,,,{00000000-0000-0000-0000-000000000000},,,,TRUE,,,,,,,1/1/19,,,0
Shepherd,Shepherd Hospital,FALSE,FALSE,,,23 road 4th avenue,Festac,,,,,,,,,,,,,,,,,,,,11000,,0,,0,FALSE,FALSE,FALSE,FALSE,30,0,0.00000,10000000.00,1,FALSE,FALSE,,,,,,,,{00000000-0000-0000-0000-000000000000},,,,TRUE,,,,,,,1/1/19,,,0
Shepherd Medical Cen,Shepherd Medical Centre,FALSE,FALSE,,,2 SALVATION ROAD,OPEBI,IKEJA,,,,,,,,,,,,,19504783,,,,,,11000,,0,,0,FALSE,FALSE,FALSE,FALSE,30,0,0.00000,10000000.00,1,FALSE,FALSE,,,,,,,,{00000000-0000-0000-0000-000000000000},,,,TRUE,,,,,,,1/1/19,,,0
Shiela Medical Centr,Shiela Medical Centre,FALSE,FALSE,,,25/27 Ogudu Road Ojota,08028337086,,,,,,,,,,,,,,,,,,,,11000,,0,,0,FALSE,TRUE,FALSE,FALSE,30,0,0.00000,2500.00,1,FALSE,FALSE,,,,,,,,{00000000-0000-0000-0000-000000000000},,,,TRUE,,,,,,,10/27/20,,,0
Shitta Amidat,Shitta Amidat,FALSE,FALSE,,,"23, Ibadiaran, onigbongbo,",maryland. 08189135022,,,,,,,,,,,,,,,,,,,,11000,,2,,0,FALSE,TRUE,FALSE,FALSE,30,0,0.00000,2500.00,1,FALSE,FALSE,,,,,,,,{00000000-0000-0000-0000-000000000000},,,,TRUE,,,,,,,9/1/22,,,0
Shodes B Clinic& Mat,Shodes B Clinic & Maternity,FALSE,FALSE,,,"105, Pipeline Ishasi Road",,Denro,,,,,,,,,,,,,,,,,,,11000,,0,,0,FALSE,FALSE,FALSE,FALSE,30,0,0.00000,10000000.00,1,FALSE,FALSE,,,,,,,,{00000000-0000-0000-0000-000000000000},,,,TRUE,,,,,,,1/1/19,,,0
Silkin Hospital,Silkin Hospital,FALSE,FALSE,,,"No 1, Wahab Folorunsho Lane",Oke-Ira. 07036183069,,,,,,,,,,,,,,,,,,,,11000,,2,,0,FALSE,TRUE,FALSE,FALSE,30,0,0.00000,2500.00,1,FALSE,FALSE,,,,,,,,{00000000-0000-0000-0000-000000000000},,,,TRUE,,,,,,,10/16/24,,,0
Silver Line Hospital,Silver Line Hospital,FALSE,FALSE,,,"12,Aiyetoro Road, Old nepa","Office, Via Baddek Filling","Station, Ayobo",,,08036427341,,,,,,,,,,,,,,,,11000,,2,,0,FALSE,TRUE,FALSE,FALSE,30,0,0.00000,2500.00,1,FALSE,FALSE,,,,,,,,{00000000-0000-0000-0000-000000000000},,,,TRUE,,,,,,,5/5/23,,,0
Silver Line Pharmacy,Silver Line Pharmacy,FALSE,FALSE,,,"10, Aiyetoro Road, Old nepa","Office, Via Baddek Filling","Station, Ayobo",,,08036427341,,,,,,,,,,,,,,,,11000,,2,,0,FALSE,TRUE,FALSE,FALSE,30,0,0.00000,2500.00,1,FALSE,FALSE,,,,,,,,{00000000-0000-0000-0000-000000000000},,,,TRUE,,,,,,,3/11/21,,,0
Silver Pharmacy,Silver Pharmacy,FALSE,FALSE,,,"18, Olatunde Onimole Street",Bakery B/stop Aguda,,,,Surulere,,,,,,,,,,,,,,,,11000,,0,,0,FALSE,FALSE,FALSE,FALSE,30,0,0.00000,10000000.00,1,FALSE,FALSE,,,,,,,,{00000000-0000-0000-0000-000000000000},,,,TRUE,,,,,,,1/1/19,,,0
Simeon Hospital,Simeon Hospital,FALSE,FALSE,,,"83, Sanya Street,",Aguda.,Surulere,,,,,,,,,,,,,08051155859,,,,,,11000,,0,,0,FALSE,TRUE,FALSE,FALSE,30,0,0.00000,2500.00,1,FALSE,FALSE,,,,,,,,{00000000-0000-0000-0000-000000000000},,,,TRUE,,,,,,,4/2/20,,,0
Simpson Primary,Simpson Primary Health Centre,FALSE,FALSE,,,"glover Street, oyingbo",,07067093919,,,,,,,,,,,,,07067093919,,,,,,11000,,2,,0,FALSE,TRUE,FALSE,FALSE,30,0,0.00000,2500.00,1,FALSE,FALSE,,,,,,,,{00000000-0000-0000-0000-000000000000},,,,TRUE,,,,,,,7/14/20,,,0
Simspel Pharmacy,Simspel Pharmacy,FALSE,FALSE,,,"96, Sipeolu street opp Larex",Hotel,Shomolu,,,,,,,,,,,,,,,,,,,11000,,0,,0,FALSE,FALSE,FALSE,FALSE,30,0,0.00000,10000000.00,1,FALSE,FALSE,,,,,,,,{00000000-0000-0000-0000-000000000000},,,,TRUE,,,,,,,1/1/19,,,0
Simstel Pharmacy,Simstel Pharmacy& Health Care,FALSE,FALSE,,,"96, Shipeolu Street Shomolu",Opp Larex Hotel,Shomolu,,,,,,,,,,,,,,,,,,,11000,,0,,0,FALSE,FALSE,FALSE,FALSE,30,0,0.00000,10000000.00,1,FALSE,FALSE,,,,,,,,{00000000-0000-0000-0000-000000000000},,,,TRUE,,,,,,,1/1/19,,,0
Singapoo Global,Singapoo Global Concept.,FALSE,FALSE,,,Idumota.,,,,,,,,,,,,,,,,,,,,,11000,,2,,0,FALSE,TRUE,FALSE,FALSE,30,0,0.00000,2500.00,1,FALSE,FALSE,,,,,,,,{00000000-0000-0000-0000-000000000000},,,,TRUE,,,,,,,3/24/21,,,0
Sirona Hospital,Sirona Hospital,FALSE,FALSE,,,"1st Avenue, N close House 9",08029448467,FESTAC,,,,,,,,,,,,,,,,,,,11000,,0,,0,FALSE,TRUE,FALSE,FALSE,30,0,0.00000,2500.00,1,FALSE,FALSE,,,,,,,,{00000000-0000-0000-0000-000000000000},,,,TRUE,,,,,,,5/28/21,,,0
Sisters of Jannah,Sisters of Jannah Association,FALSE,FALSE,,,08026008230,"28, Niyi Ogunleye Str, Ojota",Lagos,,,,,,,,,,,,,,,,,,,11000,,0,,0,FALSE,TRUE,FALSE,FALSE,30,0,0.00000,2500.00,1,FALSE,FALSE,,,,,,,,{00000000-0000-0000-0000-000000000000},,,,TRUE,,,,,,,5/14/21,,,0
Sky Pharmacy,Sky Pharmacy,FALSE,FALSE,,,,,Surulere,,,,,,,,,,,,,,,,,,,11000,,0,,0,FALSE,FALSE,FALSE,FALSE,30,0,0.00000,10000000.00,1,FALSE,FALSE,,,,,,,,{00000000-0000-0000-0000-000000000000},,,,TRUE,,,,,,,1/1/19,,,0
SkyHigh Medical Cent,SkyHigh Medical Centre,FALSE,FALSE,,,"5B,Adekunle Banjo Avenue",Magodo Estate,Magodo,,,,,,,,,,,,,802727004,,,,,,11000,,0,,0,FALSE,FALSE,FALSE,FALSE,30,0,0.00000,10000000.00,1,FALSE,FALSE,,,,,,,,{00000000-0000-0000-0000-000000000000},,,,TRUE,,,,,,,1/1/19,,,0
Skylark Pharmacy,Skylark Pharmacy,FALSE,FALSE,,,"46,SAMUEL LADOKE AKINOLA","GARKI, ABUJA",Abuja,,,,,,,,,,,,,,,,,,,11000,,0,,0,FALSE,FALSE,FALSE,FALSE,30,0,0.00000,10000000.00,1,FALSE,FALSE,,,,,,,,{00000000-0000-0000-0000-000000000000},,,,TRUE,,,,,,,1/1/19,,,0
Smiles Pharmacy,Smiles Pharmacy,FALSE,FALSE,,,"107A, ALLEN AVENUE, IKEJA",,IKEJA,,,,,,,,,,,,,,,,,,,11000,,0,,0,FALSE,FALSE,FALSE,FALSE,30,0,0.00000,10000000.00,1,FALSE,FALSE,,,,,,,,{00000000-0000-0000-0000-000000000000},,,,TRUE,,,,,,,1/1/19,,,0
Soladel Pharm,Soladel Pharm,FALSE,FALSE,,,"9, Akin-delu str off folawiyo",bankole str ikate 08023130690,Surulere,,,,,,,,,,,,,,,,,,,11000,,0,,0,FALSE,FALSE,FALSE,FALSE,30,0,0.00000,10000000.00,1,FALSE,FALSE,,,,,,,,{00000000-0000-0000-0000-000000000000},,,,TRUE,,,,,,,1/1/19,,,0
Solid Rock Hospital,Solid Rock Hospital,FALSE,FALSE,,,"6, AKINSANYA STREET, off","OGUNNUSI ROAD,Ojodu  Lagos",blessing:09155029491,,,Ngozi:080668330,,,,,,,,,,8035660586,,,,,,11000,,0,,0,FALSE,FALSE,FALSE,FALSE,30,0,0.00000,10000000.00,1,FALSE,FALSE,,,,,,,,{00000000-0000-0000-0000-000000000000},,,,TRUE,,,,,,,1/1/19,,,0
Soteria Mat. & Hosp,Soteria Maternity & Hospital,FALSE,FALSE,,,2B Clam Avenue,Omole PHASE 1,IKEJA,,,,,,,,,,,,,8164321810,,,,,,11000,,0,,0,FALSE,FALSE,FALSE,FALSE,30,0,0.00000,10000000.00,1,FALSE,FALSE,,,,,,,,{00000000-0000-0000-0000-000000000000},,,,TRUE,,,,,,,1/1/19,,,0
SouthShore Women,SouthShore Women & Children Hospital,FALSE,FALSE,,,Mike Adenuga Close off Adeola,"Odeku Victoria Island, Lagos.",,,,,,,,,,,,,,,,,,,,11000,,2,,0,FALSE,TRUE,FALSE,FALSE,30,0,0.00000,2500.00,1,FALSE,FALSE,,,,,,,,{00000000-0000-0000-0000-000000000000},,,,TRUE,,,,,,,3/12/21,,,0
Southwest Medicals,Southwest Medicals Ltd,FALSE,FALSE,Nike,,"51, Shyllon Str Ile Ise B/stop",Ilupeju Road,Ilupeju,,,,,,,,,,,,,08034467311,,,,,,11000,,0,,0,FALSE,TRUE,FALSE,FALSE,30,0,0.00000,2500.00,1,FALSE,FALSE,,,,,,,,{00000000-0000-0000-0000-000000000000},,,,TRUE,,,,,,,2/18/26,,,0
Spark Light Hospital,Spark Light Hospital,FALSE,FALSE,,,"99, Palm Avenue Street opposit",Methodist Church Papa Ajao,Mushin,,,,,,,,,,,,,,,,,,,11000,,0,,0,FALSE,FALSE,FALSE,FALSE,30,0,0.00000,10000000.00,1,FALSE,FALSE,,,,,,,,{00000000-0000-0000-0000-000000000000},,,,TRUE,,,,,,,1/1/19,,,0
Spark View Hospital,Spark View Hospital,FALSE,FALSE,,,"20A, Wilmer Road, Isheri-Oke,",Ojodu-Berger,Lagos,,,,,,,,,,,,,,,,,,,11000,,0,,0,FALSE,FALSE,FALSE,FALSE,30,0,0.00000,10000000.00,1,FALSE,FALSE,,,,,,,,{00000000-0000-0000-0000-000000000000},,,,TRUE,,,,,,,1/1/19,,,0
Special Imm. Clinic,Specialized Immunisation Clinic,FALSE,FALSE,,,UCH,,IBADAN,,,,,,,,,,,,,,,,,,,11000,,0,,0,FALSE,FALSE,FALSE,FALSE,30,0,0.00000,10000000.00,1,FALSE,FALSE,,,,,,,,{00000000-0000-0000-0000-000000000000},,,,TRUE,,,,,,,1/1/19,,,0
Spring Care Pharmacy,Spring Care Pharmacy,FALSE,FALSE,,,"2,Aina Ajayi Street",Opposite Deeper Life,Gbagada,,,,,,,,,,,,,,,,,,,11000,,0,,0,FALSE,FALSE,FALSE,FALSE,30,0,0.00000,10000000.00,1,FALSE,FALSE,,,,,,,,{00000000-0000-0000-0000-000000000000},,,,TRUE,,,,,,,1/1/19,,,0
Spring Worth Spe. Hx,Spring Worth Spec. Hospital,FALSE,FALSE,,,"1, Ifedapo Avenue off ASCON","Road Sowo, 09037391816",Ibafo,,,,,,,,,,,,,09037391816,,,,,,11000,,0,,0,FALSE,TRUE,FALSE,FALSE,30,0,0.00000,2500.00,1,FALSE,FALSE,,,,,,,,{00000000-0000-0000-0000-000000000000},,,,TRUE,,,,,,,1/1/07,,,0
St Agnes Hospital,St Agnes Hospital,FALSE,FALSE,,,"2, Ikorodu Road",,MaryLand,,,,,,,,,,,,,8039720121,,,,,,11000,,0,,0,FALSE,FALSE,FALSE,FALSE,30,0,0.00000,10000000.00,1,FALSE,FALSE,,,,,,,,{00000000-0000-0000-0000-000000000000},,,,TRUE,,,,,,,1/1/19,,,0
St Anthony Catholic,St Anthony Catholic Hosp,FALSE,FALSE,,,,,Surulere,,,,,,,,,,,,,,,,,,,11000,,0,,0,FALSE,FALSE,FALSE,FALSE,30,0,0.00000,10000000.00,1,FALSE,FALSE,,,,,,,,{00000000-0000-0000-0000-000000000000},,,,TRUE,,,,,,,1/1/19,,,0
St Augustine Hospita,St Augustine Hospital,FALSE,FALSE,,,"150, Ikorodu Express Road",,,,,,,,,,,,,,,,,,,,,11000,,2,,0,FALSE,TRUE,FALSE,FALSE,30,0,0.00000,2500.00,1,FALSE,FALSE,,,,,,,,{00000000-0000-0000-0000-000000000000},,,,TRUE,,,,,,,7/16/21,,,0
St Benjamine Catholi,St Benjamine Catholic HX,FALSE,FALSE,,,Sanyan-Olu B/Stop,Olowora,Olowora,,,,,,,,,,,,,,,,,,,11000,,0,,0,FALSE,FALSE,FALSE,FALSE,30,0,0.00000,10000000.00,1,FALSE,FALSE,,,,,,,,{00000000-0000-0000-0000-000000000000},,,,TRUE,,,,,,,1/1/19,,,0
St Claire Specialist,St Claire Specialist Clinic,FALSE,FALSE,,,"15,Atunrase Str,off Ishaga Rd",@ Clina Lancet Lab.,Surulere,,,,,,,,,,,,,8115536482,,,,,,11000,,0,,0,FALSE,FALSE,FALSE,FALSE,30,0,0.00000,10000000.00,1,FALSE,FALSE,,,,,,,,{00000000-0000-0000-0000-000000000000},,,,TRUE,,,,,,,1/1/19,,,0
St Claver Hospital,St Claver Hospital,FALSE,FALSE,,,Omole Phase II,Olowora,,,,,,,,,,,,,,7056753501,,,,,,11000,,0,,0,FALSE,FALSE,FALSE,FALSE,30,0,0.00000,10000000.00,1,FALSE,FALSE,,,,,,,,{00000000-0000-0000-0000-000000000000},,,,TRUE,,,,,,,1/1/19,,,0
St Daniel Hospital,St Daniel Hospital,FALSE,FALSE,,,"14,Oduduwa Road",Car Wash B/stop,Oworosoki,,,,,,,,,,,,,,,,,,,11000,,0,,0,FALSE,FALSE,FALSE,FALSE,30,0,0.00000,10000000.00,1,FALSE,FALSE,,,,,,,,{00000000-0000-0000-0000-000000000000},,,,TRUE,,,,,,,1/1/19,,,0
ST DAVID PHARMACY,ST DAVID PHARMACY,FALSE,FALSE,,,"EBEANO SUPERMARKET,",IKEJA G.R.A.,,,,,,,,,,,,,,,,,,,,11000,,2,,0,FALSE,TRUE,FALSE,FALSE,30,0,0.00000,2500.00,1,FALSE,FALSE,,,,,,,,{00000000-0000-0000-0000-000000000000},,,,TRUE,,,,,,,5/6/20,,,0
St Emmanuel Hospital,St Emmanuel Hospital,FALSE,FALSE,,,"2, Bola Ademuyiwa Street",OFF ISOLO WAY.. LAGOS,LAGOS,,,,,,,,,,,,,7032821237,,,,,,11000,,0,,0,FALSE,FALSE,FALSE,FALSE,30,0,0.00000,10000000.00,1,FALSE,FALSE,,,,,,,,{00000000-0000-0000-0000-000000000000},,,,TRUE,,,,,,,1/1/19,,,0
St Joseph Cath. Clin,"St Joseph Cath. Clinic, Kirikiri",FALSE,FALSE,,,,,,,,,,,,,,,,,,,,,,,c/o Isaac Jonathan,11000,,0,,0,FALSE,FALSE,FALSE,FALSE,30,0,0.00000,10000000.00,1,FALSE,FALSE,,,,,,,,{00000000-0000-0000-0000-000000000000},,,,TRUE,,,,,,,1/1/19,,,0
St Joseph Egbeda,St Joseph Egbeda,FALSE,FALSE,,,"Medical Centre,Gowon Estate Rd",412 Ipaja Lagos,,,,NIGERIA,,,,,,,,,,,,,,,,40000,,0,,0,FALSE,FALSE,FALSE,FALSE,30,0,0.00000,10000000.00,1,FALSE,FALSE,,,,,,,,{00000000-0000-0000-0000-000000000000},,,,TRUE,,,,,,,1/1/19,,,0
St Jude Hospital,St Jude Hospital,FALSE,FALSE,,,Festac,,,,,,,,,,,,,,,,,,,,,11000,,0,,0,FALSE,FALSE,FALSE,FALSE,30,0,0.00000,10000000.00,1,FALSE,FALSE,,,,,,,,{00000000-0000-0000-0000-000000000000},,,,TRUE,,,,,,,1/1/19,,,0
St Leo,St Leo,FALSE,FALSE,,,"56, Toyin Street",,IKEJA,,,,,,,,,,,,,9061532593,,,,,,11000,,0,,0,FALSE,FALSE,FALSE,FALSE,30,0,0.00000,10000000.00,1,FALSE,FALSE,,,,,,,,{00000000-0000-0000-0000-000000000000},,,,TRUE,,,,,,,1/1/19,,,0
St Louis Medical Apa,St Louis Medical Apapa,FALSE,FALSE,,,,,Apapa,,,,,,,,,,,,,,,,,,,11000,,0,,0,FALSE,FALSE,FALSE,FALSE,30,0,0.00000,10000000.00,1,FALSE,FALSE,,,,,,,,{00000000-0000-0000-0000-000000000000},,,,TRUE,,,,,,,1/1/19,,,0
St Luke Hospital,St luke Hospoital,FALSE,FALSE,,,"18, COMMERCIAL AVENUE  YABA.",,Yaba,,,,,,,,,,,,,8033229899,,,,,,11000,,0,,0,FALSE,FALSE,FALSE,FALSE,30,0,0.00000,10000000.00,1,FALSE,FALSE,,,,,,,,{00000000-0000-0000-0000-000000000000},,,,TRUE,,,,,,,1/1/19,,,0
St Mary's Hospital,St Mary's Hospital,FALSE,FALSE,,,"458, Titilayo Adedoyin Street",Phase 1,Omole Estate,,,,,,,,,,,,,,,,,,,11000,,0,,0,FALSE,FALSE,FALSE,FALSE,30,0,0.00000,10000000.00,1,FALSE,FALSE,,,,,,,,{00000000-0000-0000-0000-000000000000},,,,TRUE,,,,,,,1/1/19,,,0
St Philomina Cath.HX,St Philomina Catholic Hospital,FALSE,FALSE,,,"23, Dawson Road",Benin,Benin,,,,,,,,,,,,,,,,,,,11000,,0,,0,FALSE,FALSE,FALSE,FALSE,30,0,0.00000,10000000.00,1,FALSE,FALSE,,,,,,,,{00000000-0000-0000-0000-000000000000},,,,TRUE,,,,,,,1/1/19,,,0
St Rapheal Ago,St Rapheal Ago palace,FALSE,FALSE,,,114 lateef Adegboyega street,last container b/stop ago pala,,,,,,,,,,,,,,8138474576,,,,,,11000,,0,,0,FALSE,FALSE,FALSE,FALSE,30,0,0.00000,10000000.00,1,FALSE,FALSE,,,,,,,,{00000000-0000-0000-0000-000000000000},,,,TRUE,,,,,,,1/1/19,,,0
St Rapheal Hospital,St Rapheal Hospital,FALSE,FALSE,,,okota,,,,,,,,,,,,,,,,,,,,,11000,,0,,0,FALSE,FALSE,FALSE,FALSE,30,0,0.00000,10000000.00,1,FALSE,FALSE,,,,,,,,{00000000-0000-0000-0000-000000000000},,,,TRUE,,,,,,,1/1/19,,,0
St Raphel Hospital,St Raphel Hospital,FALSE,FALSE,,,"Ijede Road,Hosptial B/stop",Ikorodu,,,,,,,,,,,,,,,,,,,,11000,,0,,0,FALSE,FALSE,FALSE,FALSE,30,0,0.00000,10000000.00,1,FALSE,FALSE,,,,,,,,{00000000-0000-0000-0000-000000000000},,,,TRUE,,,,,,,1/1/19,,,0
St Theresa School,St Theresa Nry & Pry School,FALSE,FALSE,,,Mowe,,,,,,,,,,,,,,,,,,,,,11000,,0,,0,FALSE,FALSE,FALSE,FALSE,30,0,0.00000,10000000.00,1,FALSE,FALSE,,,,,,,,{00000000-0000-0000-0000-000000000000},,,,TRUE,,,,,,,1/1/19,,,0
St Timothy Hospital,St Timothy Hospital,FALSE,FALSE,,,"15, Otunba Street",,Ojodu,,,,,,,,,,,,,8033743938,,,,,,40000,,0,,0,FALSE,FALSE,FALSE,FALSE,30,0,0.00000,10000000.00,1,FALSE,FALSE,,,,,,,,{00000000-0000-0000-0000-000000000000},,,,TRUE,,,,,,,1/1/19,,,0
St. Ives Specialist,St Ives Specialist Hospital,FALSE,FALSE,,,"12, Salvation road",Opebi - Ikeja,,,,,,,,,,,,,,8039494531,,,,,,11000,,0,,0,FALSE,FALSE,FALSE,FALSE,30,0,0.00000,10000000.00,1,FALSE,FALSE,,,,,,,,{00000000-0000-0000-0000-000000000000},,,,TRUE,,,,,,,1/1/19,,,0
St. Kizito Hospital,St Kizito Hospital,FALSE,FALSE,,,"Jakande Estate, Lekki Ajah",,,,,,,,,,,,,,,,,,,,,11000,,2,,0,FALSE,TRUE,FALSE,FALSE,30,0,0.00000,2500.00,1,FALSE,FALSE,,,,,,,,{00000000-0000-0000-0000-000000000000},,,,TRUE,,,,,,,11/1/21,,,0
St. Lucia Hospital,St. Lucia HX c/o Bimbola Sanofi,FALSE,FALSE,,,ADEKUNLE FAJUYI ROAD IBADAN.,,IBADAN,,,,,,,,,,,,,,,,,,,11000,,0,,0,FALSE,FALSE,FALSE,FALSE,30,0,0.00000,10000000.00,1,FALSE,FALSE,,,,,,,,{00000000-0000-0000-0000-000000000000},,,,TRUE,,,,,,,1/1/19,,,0
St. Matthew Catholic,St. Matthew Catholic church amukoko,FALSE,FALSE,,,orile busstop,7030114955,,,,,,,,,,,,,,,,,,,,11000,,0,,0,FALSE,FALSE,FALSE,FALSE,30,0,0.00000,10000000.00,1,FALSE,FALSE,,,,,,,,{00000000-0000-0000-0000-000000000000},,,,TRUE,,,,,,,1/1/19,,,0
St. Nicholas Hospita,St. Nicholas Hospital,FALSE,FALSE,Sharon,,"57, Campbell Str Lagos Island",08188032323,Lagos island,,,,,,,,,,,,,08188032323,,,,,,11000,,0,,0,FALSE,TRUE,FALSE,FALSE,30,0,0.00000,2500.00,1,FALSE,FALSE,,,,,,,,{00000000-0000-0000-0000-000000000000},,,,TRUE,,,,,,,2/10/22,,,0
St.Cross HX,St.Cross HX,FALSE,FALSE,,,Gudugba B/Stop Ishaga,8023630027,,,,,,,,,,,,,,,,,,,,11000,,0,,0,FALSE,FALSE,FALSE,FALSE,30,0,0.00000,10000000.00,1,FALSE,FALSE,,,,,,,,{00000000-0000-0000-0000-000000000000},,,,TRUE,,,,,,,1/1/19,,,0
Staff Ajimati Royan,Staff Ajimati Royan,FALSE,FALSE,,,Mowe,8038822232,,,,,,,,,,,,,,,,,,,,11000,,0,,0,FALSE,FALSE,FALSE,FALSE,30,0,0.00000,10000000.00,1,FALSE,FALSE,,,,,,,,{00000000-0000-0000-0000-000000000000},,,,TRUE,,,,,,,1/1/19,,,0
STAFF B,,FALSE,FALSE,,,,,,,,,,,,,,,,,,,,,,,,40000,,0,,0,FALSE,FALSE,FALSE,FALSE,30,0,0.00000,2500.00,1,FALSE,FALSE,,,,,,,,{00000000-0000-0000-0000-000000000000},,,,TRUE,,,,,,,9/7/23,,,0
Standard Life Care H,Standard Life Care Hospital,FALSE,FALSE,,,"6,Oreniwon Str,off Agbe road",Abule Egba,LAGOS,,,NIGERIA,,,,,,,,,,,,,,,,40000,,0,,0,FALSE,FALSE,FALSE,FALSE,30,0,0.00000,10000000.00,1,FALSE,FALSE,,,,,,,,{00000000-0000-0000-0000-000000000000},,,,TRUE,,,,,,,1/1/19,,,0
STAR CARE HOSPITAL,STAR CARE HOSPITAL,FALSE,FALSE,,,MARYLAND.,,,,,,,,,,,,,,,,,,,,,11000,,2,,0,FALSE,TRUE,FALSE,FALSE,30,0,0.00000,2500.00,1,FALSE,FALSE,,,,,,,,{00000000-0000-0000-0000-000000000000},,,,TRUE,,,,,,,7/5/24,,,0
STARWAY PHARMACY,STARWAY PHARMACY,FALSE,FALSE,,,"45, UGALI STREET, ISHAGA B/STP",OFF ISOLO MUSHIN ROAD,IRE AKARI ESTATE,,ISOLO,NIGERIA,,,,,,,,,,8063641848,,,,,,11000,,0,,0,FALSE,FALSE,FALSE,FALSE,30,0,0.00000,10000000.00,1,FALSE,FALSE,,,,,,,,{00000000-0000-0000-0000-000000000000},,,,TRUE,,,,,,,1/1/19,,,0
State Hospital Abeok,State Hospital Ijaiye Abeokuta,FALSE,FALSE,,,"SHOKENU ROAD, ERUBE ABEOKUTA",ABEOKUTA,Abeokuta,,,,,,,,,,,,,,,,,,,11000,,0,,0,FALSE,FALSE,FALSE,FALSE,30,0,0.00000,10000000.00,1,FALSE,FALSE,,,,,,,,{00000000-0000-0000-0000-000000000000},,,,TRUE,,,,,,,1/1/19,,,0
STEF-NITA Mat. Centr,STEF-NITA Mat. Centre,FALSE,FALSE,,,"18, Fatai Ayinde Str Ajegunle",Irawo B/stop,,,,Ikorodu,,,,,,,,,,,,,,,,11000,,0,,0,FALSE,FALSE,FALSE,FALSE,30,0,0.00000,10000000.00,1,FALSE,FALSE,,,,,,,,{00000000-0000-0000-0000-000000000000},,,,TRUE,,,,,,,1/1/19,,,0
Stefnita Clinic& Mat,Stefnita Clinic & Mat,FALSE,FALSE,,,Dr Eva - 08069034545,"Irawo B/stop, off Ikorodu Exp","Ikorodu,Lagos",,,,,,,,,,,,,,,,,,,11000,,0,,0,FALSE,FALSE,FALSE,FALSE,30,0,0.00000,10000000.00,1,FALSE,FALSE,,,,,,,,{00000000-0000-0000-0000-000000000000},,,,TRUE,,,,,,,1/1/19,,,0
Stella Charles Pharm,Stella Charles Pharmacy,FALSE,FALSE,,,"45A,Okota Road Chemist Bus",stop,Okota,,,NIGERIA,,,,,,,,,,8033008846,,,,,,40000,,0,,0,FALSE,FALSE,FALSE,FALSE,30,0,0.00000,10000000.00,1,FALSE,FALSE,,,,,,,,{00000000-0000-0000-0000-000000000000},,,,TRUE,,,,,,,1/1/19,,,0
Still Waters Hospita,Still Waters Hospital.,FALSE,FALSE,,,"Block 3D, Miracle Avenue","Imperial Estate, Magboro.",08165844063,,,,,,,,,,,,,,,,,,,11000,,2,,0,FALSE,TRUE,FALSE,FALSE,30,0,0.00000,2500.00,1,FALSE,FALSE,,,,,,,,{00000000-0000-0000-0000-000000000000},,,,TRUE,,,,,,,8/2/21,,,0
Subol Hospital,Subol Hospital,FALSE,FALSE,,,"16/17, Oba Amusa Avenue",Subol B/Stop IDIMU/IKOTUN ROAD,LAGOS,,,,,,,,,,,,,9082752822,,,,,,11000,,0,,0,FALSE,FALSE,FALSE,FALSE,30,0,0.00000,10000000.00,1,FALSE,FALSE,,,,,,,,{00000000-0000-0000-0000-000000000000},,,,TRUE,,,,,,,1/1/19,,,0
Summit Orthopedic Hx,Summit Orthopedic hospital,FALSE,FALSE,,,"5, Adekunle Close, Off Bassey","strt, Karimu Laka, Egbeda.",09068054008,,,,,,,,,,,,,,,,,,,11000,,2,,0,FALSE,TRUE,FALSE,FALSE,30,0,0.00000,2500.00,1,FALSE,FALSE,,,,,,,,{00000000-0000-0000-0000-000000000000},,,,TRUE,,,,,,,12/1/22,,,0
Sundry,Sundry,FALSE,FALSE,,,,,,,,,,,,,,,,,,,,,,,,11000,,0,,0,FALSE,FALSE,FALSE,FALSE,30,0,0.00000,10000000.00,1,FALSE,FALSE,,,,,,,,{00000000-0000-0000-0000-000000000000},,,,TRUE,,,,,,,1/1/19,,,0
Super Premium Pharma,Super Premium Pharmacy,FALSE,FALSE,,,Benin.  09024335735,Sophia,,,,,,,,,,,,,,,,,,,,11000,,2,,0,TRUE,FALSE,FALSE,FALSE,30,0,0.00000,2500.00,1,FALSE,FALSE,,,,,,,,{00000000-0000-0000-0000-000000000000},,,,TRUE,,,,,,,4/23/25,,,0
Supply Medical.,Supply Medical,FALSE,FALSE,,,ABEOKUTA.,,,,,,,,,,,,,,,,,,,,,11000,,3,,0,FALSE,TRUE,FALSE,FALSE,30,0,0.00000,2500.00,1,FALSE,FALSE,,,,,,,,{00000000-0000-0000-0000-000000000000},,,,TRUE,,,,,,,6/2/20,,,0
Switz Pharmacy,Switz Pharmacy,FALSE,FALSE,,,Beside The Place Resturant,Computer Village Ikeja,,,,,,,,,,,,,,,,,,,,11000,,2,,0,FALSE,TRUE,FALSE,FALSE,30,0,0.00000,2500.00,1,FALSE,FALSE,,,,,,,,{00000000-0000-0000-0000-000000000000},,,,TRUE,,,,,,,9/30/21,,,0
Symbiotica,Symbiotica,FALSE,FALSE,,,,,,,,,,,,,,,,,,,,,,,,11000,,2,,0,FALSE,TRUE,FALSE,FALSE,30,0,0.00000,2500.00,1,FALSE,FALSE,,,,,,,,{00000000-0000-0000-0000-000000000000},,,,TRUE,,,,,,,2/9/24,,,0
T & S HX OUTREACH,T & S HX OUTREACH,FALSE,FALSE,,,"Agege Motor Road, Idi-Oro",,Mushin,,,,,,,,,,,,,8032758163,7034994043,,,,,11000,,0,,0,FALSE,FALSE,FALSE,FALSE,30,0,0.00000,10000000.00,1,FALSE,FALSE,,,,,,,,{00000000-0000-0000-0000-000000000000},,,,TRUE,,,,,,,1/1/19,,,0
Tabade Pharmacy,Tabade Pharmacy,FALSE,FALSE,Taiwo,gsk,ibukun olu street. AKOKA,LAGOS,,,,,,,,,,,,,,,,,,,,11000,,0,,0,FALSE,FALSE,FALSE,FALSE,30,0,0.00000,10000000.00,1,FALSE,FALSE,,,,,,,,{00000000-0000-0000-0000-000000000000},,,,TRUE,,,,,,,1/1/19,,,0
Tabade Pharmacy 2,Tabade Pharmacy 2,FALSE,FALSE,,,Akoka,,,,,,,,,,,,,,,,,,,,,11000,,0,,0,FALSE,FALSE,FALSE,FALSE,30,0,0.00000,10000000.00,1,FALSE,FALSE,,,,,,,,{00000000-0000-0000-0000-000000000000},,,,TRUE,,,,,,,1/1/19,,,0
Taiwo Balogun,Taiwo Balogun,FALSE,FALSE,,,GSK,,,,,,,,,,,,,,,,,,,,,11000,,0,,0,FALSE,FALSE,FALSE,FALSE,30,0,0.00000,10000000.00,1,FALSE,FALSE,,,,,,,,{00000000-0000-0000-0000-000000000000},,,,TRUE,,,,,,,1/1/19,,,0
Talent Specialist Ho,Talent Specialist Hosp.,FALSE,FALSE,,,"440, 4TH AVENUE. IDIMU ROAD",LAGOS,Egbeda,,,,,,,,,,,,,,,,,,,11000,,0,,0,FALSE,FALSE,FALSE,FALSE,30,0,0.00000,10000000.00,1,FALSE,FALSE,,,,,,,,{00000000-0000-0000-0000-000000000000},,,,TRUE,,,,,,,1/1/19,,,0
Tate Pharmacy,Tate Pharmacy,FALSE,FALSE,,,"70, Arigbaowo Off Mowe Ofada",Road,Mowe,,,,,,,,,,,,,,,,,,,11000,,0,,0,FALSE,FALSE,FALSE,FALSE,30,0,0.00000,10000000.00,1,FALSE,FALSE,,,,,,,,{00000000-0000-0000-0000-000000000000},,,,TRUE,,,,,,,1/1/19,,,0
TEE MED PHARMACY,Tee Med Pharmacy..,FALSE,FALSE,,,"Opic Estate, Agbara.",Pharm Sunny.. 08036980920.,,,,,,,,,,,,,,,,,,,,11000,,2,,0,FALSE,TRUE,FALSE,FALSE,30,0,0.00000,2500.00,1,FALSE,FALSE,,,,,,,,{00000000-0000-0000-0000-000000000000},,,,TRUE,,,,,,,11/21/22,,,0
Teju Specialist Hosp,Teju Specialist Hospital,FALSE,FALSE,,,No 3 Animashaun street MKO,"Abiola way, Ajeigbe ibadan",oyo state,,,,,,,,,,,,,07084100070,,,,,,11000,,0,,0,FALSE,TRUE,FALSE,FALSE,30,0,0.00000,2500.00,1,FALSE,FALSE,,,,,,,,{00000000-0000-0000-0000-000000000000},,,,TRUE,,,,,,,1/1/07,,,0
Temef Pharmacy,Temef Pharmacy,FALSE,FALSE,,,Abeokuta,,,,,,,,,,,,,,,,,,,,,11000,,0,,0,FALSE,FALSE,FALSE,FALSE,30,0,0.00000,10000000.00,1,FALSE,FALSE,,,,,,,,{00000000-0000-0000-0000-000000000000},,,,TRUE,,,,,,,1/1/19,,,0
Temmat Pharmacy,Temmat Pharmacy,FALSE,FALSE,,,Orile Agege Opposite General,Hospital,Agege,,,,,,,,,,,,,,,,,,,11000,,0,,0,FALSE,FALSE,FALSE,FALSE,30,0,0.00000,10000000.00,1,FALSE,FALSE,,,,,,,,{00000000-0000-0000-0000-000000000000},,,,TRUE,,,,,,,1/1/19,,,0
TENDA LIFE  HOSPITAL,TENDA LIFE HOSPITAL,FALSE,FALSE,,,,,,,,,,,,,,,,,,,,,,,,40000,,0,,0,FALSE,FALSE,FALSE,FALSE,30,0,0.00000,10000000.00,1,FALSE,FALSE,,,,,,,,{00000000-0000-0000-0000-000000000000},,,,TRUE,,,,,,,1/1/19,,,0
TENDA LIFE HOSPITAL,TENDA LIFE HOSPITAL,FALSE,FALSE,,,"NO 5, CELESTIAL CLOSE, OLAYIPO","ASORE, AKUTE ROAD",LAGOS,,,NIGERIA,,,,,,,,,,8099559729,,,,,,11000,,0,,0,FALSE,FALSE,FALSE,FALSE,30,0,0.00000,10000000.00,1,FALSE,FALSE,,,,,,,,{00000000-0000-0000-0000-000000000000},,,,TRUE,,,,,,,1/1/19,,,0
Teo Pharamacy,Teo Pharmacy,FALSE,FALSE,,,"134, Akowonjo road kwara",busstop Egbeda,,,,,,,,,,,,,,9098049403,,,,,,11000,,0,,0,FALSE,FALSE,FALSE,FALSE,30,0,0.00000,10000000.00,1,FALSE,FALSE,,,,,,,,{00000000-0000-0000-0000-000000000000},,,,TRUE,,,,,,,1/1/19,,,0
Teres Clinic,Teres Clinic & Maternity Home,FALSE,FALSE,,,"55, Captain Davis Road, Otun",Junction Ishefun. 08141634224,,,,,,,,,,,,,,,,,,,,11000,,2,,0,FALSE,TRUE,FALSE,FALSE,30,0,0.00000,2500.00,1,FALSE,FALSE,,,,,,,,{00000000-0000-0000-0000-000000000000},,,,TRUE,,,,,,,1/28/21,,,0
Thambimex Pharmacy,Thambimex Pharmacy,FALSE,FALSE,,,Dopemu c/o Biodun Sanofi,,,,,,,,,,,,,,,,,,,,,11000,,0,,0,FALSE,FALSE,FALSE,FALSE,30,0,0.00000,10000000.00,1,FALSE,FALSE,,,,,,,,{00000000-0000-0000-0000-000000000000},,,,TRUE,,,,,,,1/1/19,,,0
The Alpha Assisted,The Alpha Assisted Reproductive Klinic,FALSE,FALSE,,,7B Hannat Balogun close,Dolphine Extension,Ikoyi Lagos,,,,,,,,,,,,,,,,,,,11000,,0,,0,FALSE,FALSE,FALSE,FALSE,30,0,0.00000,10000000.00,1,FALSE,FALSE,,,,,,,,{00000000-0000-0000-0000-000000000000},,,,TRUE,,,,,,,1/1/19,,,0
The Bells University,The Bells University,FALSE,FALSE,,,"IDI-IROKO ROAD, BENJA VILLAGE",OTA,,,,,,,,,,,,,,,,,,,,11000,,0,,0,FALSE,FALSE,FALSE,FALSE,30,0,0.00000,10000000.00,1,FALSE,FALSE,,,,,,,,{00000000-0000-0000-0000-000000000000},,,,TRUE,,,,,,,1/1/19,,,0
The bridge hospital,The Bridge Hospital,FALSE,FALSE,,,"66, Oduduwa Way, off isaac Joh","Isaac John, Ikeja G.R.A.",,,,Nigeria,,,,,,,,,,16310092,,,,,,11000,,0,,0,FALSE,FALSE,FALSE,FALSE,30,0,0.00000,10000000.00,1,FALSE,FALSE,,,,,,,,{00000000-0000-0000-0000-000000000000},,,,TRUE,,,,,,,1/1/19,,,0
The Bridge Medical S,The Bridge Medical Services,FALSE,FALSE,,,"13,Okankawon Ajayi by Masha",foot bridge by right,,,,,,,,,,,,,,,,,,,,11000,,0,,0,FALSE,FALSE,FALSE,FALSE,30,0,0.00000,10000000.00,1,FALSE,FALSE,,,,,,,,{00000000-0000-0000-0000-000000000000},,,,TRUE,,,,,,,1/1/19,,,0
The Excellence Hospi,The Excellence Hospital,FALSE,FALSE,,,"5, Alogba Estate Owode",Ebese Road,Ikorodu,,,,,,,,,,,,,8039552866,,,,,,11000,,0,,0,FALSE,FALSE,FALSE,FALSE,30,0,0.00000,10000000.00,1,FALSE,FALSE,,,,,,,,{00000000-0000-0000-0000-000000000000},,,,TRUE,,,,,,,1/1/19,,,0
The Female Doctor,The Female Doctor Limited,FALSE,FALSE,,,"1, Adenuga Strt, Off Olatunde","Onimole, By Bakery Bstp.",Surulere.08055411335,,,Dr.Ayodele,,,,,,,,,,,,,,,,11000,,2,,0,FALSE,TRUE,FALSE,FALSE,30,0,0.00000,2500.00,1,FALSE,FALSE,,,,,,,,{00000000-0000-0000-0000-000000000000},,,,TRUE,,,,,,,11/15/22,,,0
The Great Ark Hosp,The Great Ark Hospital,FALSE,FALSE,,,28 Modupe Ayoade St.,Araromi Bus Stop,Iyana-Ipaja,,,,,,,,,,,,,,,,,,,11000,,0,,0,FALSE,FALSE,FALSE,FALSE,30,0,0.00000,10000000.00,1,FALSE,FALSE,,,,,,,,{00000000-0000-0000-0000-000000000000},,,,TRUE,,,,,,,1/1/19,,,0
The Hospital,The Hospital,FALSE,FALSE,,,"21,Raji Olademeji Cresent",CMD Road Magodo Phase II,Magodo,,,,,,,,,,,,,,,,,,,11000,,0,,0,FALSE,FALSE,FALSE,FALSE,30,0,0.00000,10000000.00,1,FALSE,FALSE,,,,,,,,{00000000-0000-0000-0000-000000000000},,,,TRUE,,,,,,,1/1/19,,,0
The Lord Reign's Min,The Lord Reign's Min,FALSE,FALSE,,,"Toyin Street,Ikeja",,,,,,,,,,,,,,,,,,,,,40000,,0,,0,FALSE,FALSE,FALSE,FALSE,30,0,0.00000,10000000.00,1,FALSE,FALSE,,,,,,,,{00000000-0000-0000-0000-000000000000},,,,TRUE,,,,,,,1/1/19,,,0
The Pediatric Center,The Pediatric Center,FALSE,FALSE,,,"2A, Sulyimon Abdulahi Str.Off",Agungi Road Agungi Lekki,,,,NIGERIA,,,,,,,,,,7016111280,,,,,,11000,,0,,0,FALSE,FALSE,FALSE,FALSE,30,0,0.00000,10000000.00,1,FALSE,FALSE,,,,,,,,{00000000-0000-0000-0000-000000000000},,,,TRUE,,,,,,,1/1/19,,,0
The Vine Medical,The Vine Medical Centre,FALSE,FALSE,,,"160, ASHIPA ROAD,MAKINDE",JUNCTION,LAGOS,,,,,,,,,,,,,8033472839,,,,,,11000,,0,,0,FALSE,FALSE,FALSE,FALSE,30,0,0.00000,10000000.00,1,FALSE,FALSE,,,,,,,,{00000000-0000-0000-0000-000000000000},,,,TRUE,,,,,,,1/1/19,,,0
The Word Med. Centre,The Word Medical Centre,FALSE,FALSE,,,"96, Ibidun Street",Ojuelegba,Surulere,,,,,,,,,,,,,8023021732,,,,,,11000,,0,,0,FALSE,FALSE,FALSE,FALSE,30,0,0.00000,10000000.00,1,FALSE,FALSE,,,,,,,,{00000000-0000-0000-0000-000000000000},,,,TRUE,,,,,,,1/1/19,,,0
The Word medical,The Word Medical centre,FALSE,FALSE,,,"22, itire rd, randle surulere",8050701250,,,,,,,,,,,,,,,,,,,,11000,,0,,0,FALSE,FALSE,FALSE,FALSE,30,0,0.00000,10000000.00,1,FALSE,FALSE,,,,,,,,{00000000-0000-0000-0000-000000000000},,,,TRUE,,,,,,,1/1/19,,,0
Theolad Hospital,Theolad Hospital,FALSE,FALSE,,,"51,Jagunmolu str by justrite",shopping mall temple busstop,Bariga,,,,,,,,,,,,,Dr Dairo 08033019689,,,,,,11000,,0,,0,FALSE,FALSE,FALSE,FALSE,30,0,0.00000,10000000.00,1,FALSE,FALSE,,,,,,,,{00000000-0000-0000-0000-000000000000},,,,TRUE,,,,,,,1/1/19,,,0
Theonad Hospital,Theonad Hospital,FALSE,FALSE,,,Gbagada,,,,,,,,,,,,,,,,,,,,,40000,,0,,0,FALSE,FALSE,FALSE,FALSE,30,0,0.00000,10000000.00,1,FALSE,FALSE,,,,,,,,{00000000-0000-0000-0000-000000000000},,,,TRUE,,,,,,,1/1/19,,,0
THH Health centre.,THH Health centre,FALSE,FALSE,,,"4th Avenue, 42 Road.",Festac.,,,,,,,,,,,,,,,,,,,,11000,,2,,0,FALSE,TRUE,FALSE,FALSE,30,0,0.00000,2500.00,1,FALSE,FALSE,,,,,,,,{00000000-0000-0000-0000-000000000000},,,,TRUE,,,,,,,6/3/20,,,0
THIRONNA MED CENTRE,THIRONNA MED CENTRE,FALSE,FALSE,,,"21, ADEBOLA STRT,OFF ADENIRAN","OGUNSANYA, 1ST TURNING BY LEFT",,,,,,,,,,,,,,,,,,,,11000,,0,,0,FALSE,FALSE,FALSE,FALSE,30,0,0.00000,10000000.00,1,FALSE,FALSE,,,,,,,,{00000000-0000-0000-0000-000000000000},,,,TRUE,,,,,,,1/1/19,,,0
Thob pharmacy,Thob Pharmacy,FALSE,FALSE,,,"53, charity road new oko oba",busstop abule egba,,,,,,,,,,,,,,8124651793,,,,,,11000,,0,,0,FALSE,FALSE,FALSE,FALSE,30,0,0.00000,10000000.00,1,FALSE,FALSE,,,,,,,,{00000000-0000-0000-0000-000000000000},,,,TRUE,,,,,,,1/1/19,,,0
Tholabis Pharmacy,Tholabis Pharmacy,FALSE,FALSE,,,,,,,,,,,,,,,,,,7037974140,,,,,,11000,,0,,0,FALSE,FALSE,FALSE,FALSE,30,0,0.00000,10000000.00,1,FALSE,FALSE,,,,,,,,{00000000-0000-0000-0000-000000000000},,,,TRUE,,,,,,,1/1/19,,,0
Tiltak Nigeria Ltd,Tiltak Nigeria Limited,FALSE,FALSE,,,"51, frank Street, Agboju,after",Mile2 Amuwo Odofin 08033009971,,,,,,,,,,,,,,,,,,,,11000,,2,,0,FALSE,TRUE,FALSE,FALSE,30,0,0.00000,2500.00,1,FALSE,FALSE,,,,,,,,{00000000-0000-0000-0000-000000000000},,,,TRUE,,,,,,,7/11/23,,,0
Tim Unity Specialist,Tim Unity Specialist Hospital.,FALSE,FALSE,,,Akure. 07064907484.,,,,,,,,,,,,,,,,,,,,,11000,,2,,0,FALSE,TRUE,FALSE,FALSE,30,0,0.00000,2500.00,1,FALSE,FALSE,,,,,,,,{00000000-0000-0000-0000-000000000000},,,,TRUE,,,,,,,2/17/21,,,0
Timmy Hospital,Timmy Hospital,FALSE,FALSE,,,,,IBADAN,,,,,,,,,,,,,,,,,,,11000,,0,,0,FALSE,FALSE,FALSE,FALSE,30,0,0.00000,10000000.00,1,FALSE,FALSE,,,,,,,,{00000000-0000-0000-0000-000000000000},,,,TRUE,,,,,,,1/1/19,,,0
Timoteik Pharmacy,Timoteik Pharmacy,FALSE,FALSE,,,"1A,Tinubu Street off Bola",Owodunni street Alapere,Ketu,,,,,,,,,,,,,,,,,,,11000,,0,,0,FALSE,FALSE,FALSE,FALSE,30,0,0.00000,10000000.00,1,FALSE,FALSE,,,,,,,,{00000000-0000-0000-0000-000000000000},,,,TRUE,,,,,,,1/1/19,,,0
Tin can Hospital,Tin can Hospital,FALSE,FALSE,,,"47,Calcuta Crescent,Off Kofo",Abayomi St Apapa. 07084717080,,,,NIGERIA,,,,,,,,,,7084717080,,,,,,40000,,0,,0,FALSE,FALSE,FALSE,FALSE,30,0,0.00000,10000000.00,1,FALSE,FALSE,,,,,,,,{00000000-0000-0000-0000-000000000000},,,,TRUE,,,,,,,1/1/19,,,0
Tino Pharmacy,Tino Pharmacy,FALSE,FALSE,,,"17/19, Wuraola Street off",Lawanson,Lawanson,,,,,,,,,,,,,,,,,,,11000,,0,,0,FALSE,FALSE,FALSE,FALSE,30,0,0.00000,10000000.00,1,FALSE,FALSE,,,,,,,,{00000000-0000-0000-0000-000000000000},,,,TRUE,,,,,,,1/1/19,,,0
TITO  Pharmacy,TITO  Pharmacy,FALSE,FALSE,,,"53, charity road new oko oba",busstop abule egba,,,,,,,,,,,,,,8124651793,,,,,,11000,,0,,0,FALSE,FALSE,FALSE,FALSE,30,0,0.00000,10000000.00,1,FALSE,FALSE,,,,,,,,{00000000-0000-0000-0000-000000000000},,,,TRUE,,,,,,,1/1/19,,,0
Titobi Pharmacy,Titobi Pharmacy,FALSE,FALSE,,,"53, Charity Road.",,,,,,,,,,,,,,,,,,,,,11000,,0,,0,FALSE,FALSE,FALSE,FALSE,30,0,0.00000,10000000.00,1,FALSE,FALSE,,,,,,,,{00000000-0000-0000-0000-000000000000},,,,TRUE,,,,,,,1/1/19,,,0
TLC Clinic,TLC Clinic,FALSE,FALSE,,,Atunwa Street Opposite Customs,near Toyin Street,IKEJA,,,,,,,,,,,,,8137675449,,,,,,11000,,0,,0,FALSE,FALSE,FALSE,FALSE,30,0,0.00000,10000000.00,1,FALSE,FALSE,,,,,,,,{00000000-0000-0000-0000-000000000000},,,,TRUE,,,,,,,1/1/19,,,0
Tobiloba Hospital,Tobiloba Hospital,FALSE,FALSE,,,Abeokuta,,,,,NIGERIA,,,,,,,,,,,,,,,,40000,,0,,0,FALSE,FALSE,FALSE,FALSE,30,0,0.00000,10000000.00,1,FALSE,FALSE,,,,,,,,{00000000-0000-0000-0000-000000000000},,,,TRUE,,,,,,,1/1/19,,,0
Toki Hospital,Toki Hospital,FALSE,FALSE,,,"16, Sabiu Ajose crescent",off Bode Thomas,Surulere,,Lagos,,,,,,,,,,,,,,,,,11000,,0,,0,FALSE,FALSE,FALSE,FALSE,30,0,0.00000,10000000.00,1,FALSE,FALSE,,,,,,,,{00000000-0000-0000-0000-000000000000},,,,TRUE,,,,,,,1/1/19,,,0
Tola Crescent Med Hx,Tola Crescent Med Hospital,FALSE,FALSE,,,"7, Abimbola Street",Jibowu,Yaba,,,,,,,,,,,,,,,,,,,11000,,0,,0,FALSE,FALSE,FALSE,FALSE,30,0,0.00000,10000000.00,1,FALSE,FALSE,,,,,,,,{00000000-0000-0000-0000-000000000000},,,,TRUE,,,,,,,1/1/19,,,0
Tonyson Pharmacy,Tonyson Pharmacy,FALSE,FALSE,,,"35, Simpson Street",Ebute Meta,Surulere,,,,,,,,,,,,,,,,,,,11000,,0,,0,FALSE,FALSE,FALSE,FALSE,30,0,0.00000,10000000.00,1,FALSE,FALSE,,,,,,,,{00000000-0000-0000-0000-000000000000},,,,TRUE,,,,,,,1/1/19,,,0
TOP CARE HOSPITAL,TOP CARE HOSPITAL,FALSE,FALSE,,,"LISA CLOSE, IKORODU",,,,,,,,,,,,,,,,,,,,,11000,,0,,0,FALSE,FALSE,FALSE,FALSE,30,0,0.00000,10000000.00,1,FALSE,FALSE,,,,,,,,{00000000-0000-0000-0000-000000000000},,,,TRUE,,,,,,,1/1/19,,,0
Topaz Clinic,Topaz Clinic,FALSE,FALSE,,,"19, ADENIJI STREET, SURULERE",LAGOS,,,,,,,,,,,,,,,,,,,,11000,,0,,0,FALSE,FALSE,FALSE,FALSE,30,0,0.00000,10000000.00,1,FALSE,FALSE,,,,,,,,{00000000-0000-0000-0000-000000000000},,,,TRUE,,,,,,,1/1/19,,,0
Tope Sanofi,Tope Sanofi,FALSE,FALSE,,,,,,,,,,,,,,,,,,,,,,,,11000,,0,,0,FALSE,FALSE,FALSE,FALSE,30,0,0.00000,10000000.00,1,FALSE,FALSE,,,,,,,,{00000000-0000-0000-0000-000000000000},,,,TRUE,,,,,,,1/1/19,,,0
Topspring Specialist,TOPSPRING SPECIALIST HX c/o Dr Charles,FALSE,FALSE,,,67B AKIN TOMIDE STR IJEGUN,SATELITE TOWN,,,,,,,,,,,,,,8062630075,,,,,,11000,,0,,0,FALSE,FALSE,FALSE,FALSE,30,0,0.00000,10000000.00,1,FALSE,FALSE,,,,,,,,{00000000-0000-0000-0000-000000000000},,,,TRUE,,,,,,,1/1/19,,,0
Torrent pharmacy,Torrent pharmacy,FALSE,FALSE,,,"26,GLOBA STREET,ISOLO, LAGOS",,,,,,,,,,,,,,,8141349058,8060256252,,,,,11000,,0,,0,FALSE,FALSE,FALSE,FALSE,30,0,0.00000,10000000.00,1,FALSE,FALSE,,,,,,,,{00000000-0000-0000-0000-000000000000},,,,TRUE,,,,,,,1/1/19,,,0
Total Care Pharmacy,Total Care Pharmacy,FALSE,FALSE,,,Opposite General Hospital,Gbagada,,,,,,,,,,,,,,,,,,,,11000,,0,,0,FALSE,FALSE,FALSE,FALSE,30,0,0.00000,10000000.00,1,FALSE,FALSE,,,,,,,,{00000000-0000-0000-0000-000000000000},,,,TRUE,,,,,,,1/1/19,,,0
Total Family Special,Total Family Specialist,FALSE,FALSE,,,Bashorun  Iwo Road Ibadan,08077768212,IBADAN,,,,,,,,,,,,,,,,,,,11000,,0,,0,FALSE,TRUE,FALSE,FALSE,30,0,0.00000,2500.00,1,FALSE,FALSE,,,,,,,,{00000000-0000-0000-0000-000000000000},,,,TRUE,,,,,,,5/25/26,,,0
Total Health Hospita,Total Health Hospital,FALSE,FALSE,,,"1, Hamza Close Temidare Estate",Oremeji B/Stop Alagbole,Akute,,,,,,,,,,,,,8181037070,,,,,,11000,,0,,0,FALSE,FALSE,FALSE,FALSE,30,0,0.00000,10000000.00,1,FALSE,FALSE,,,,,,,,{00000000-0000-0000-0000-000000000000},,,,TRUE,,,,,,,1/1/19,,,0
Total Health Trust,Total Health Trust,FALSE,FALSE,,,Palm Grove,,,,,,,,,,,,,,,,,,,,,11000,,0,,0,FALSE,FALSE,FALSE,FALSE,30,0,0.00000,10000000.00,1,FALSE,FALSE,,,,,,,,{00000000-0000-0000-0000-000000000000},,,,TRUE,,,,,,,1/1/19,,,0
Tots Ville School,Tots Ville School,FALSE,FALSE,,,"5, Alabi off Toyin Street,",Opp Water Park,IKEJA,,,Lagos,,,,,,,,,,,,,,,,11000,,0,,0,FALSE,FALSE,FALSE,FALSE,30,0,0.00000,10000000.00,1,FALSE,FALSE,,,,,,,,{00000000-0000-0000-0000-000000000000},,,,TRUE,,,,,,,1/1/19,,,0
Touchgood Healthcare,Touchgood Healthcare 360 ltd,FALSE,FALSE,,,"5, Imgbi Road Amarata",Yenagoa Bayelsa State,08037771957,,,Pharm Anthony,,,,,,,,,,,,,,,,11000,,2,,0,FALSE,TRUE,FALSE,FALSE,30,0,0.00000,2500.00,1,FALSE,FALSE,,,,,,,,{00000000-0000-0000-0000-000000000000},,,,TRUE,,,,,,,9/9/22,,,0
Trican Hospital,Trican Hospital,FALSE,FALSE,,,"47,Calcuta Crescent,Off Kofo",Abayomi St Apapa. 07084717080,,,,NIGERIA,,,,,,,,,,7084717080,,,,,,40000,,0,,0,FALSE,FALSE,FALSE,FALSE,30,0,0.00000,10000000.00,1,FALSE,FALSE,,,,,,,,{00000000-0000-0000-0000-000000000000},,,,TRUE,,,,,,,1/1/19,,,0
Trinity Medix Pharma,Trinity Medix Pharmacy,FALSE,FALSE,,,"2, toyin Balogun off old otta","road, alagbado.",,,,09092086816,,,,,,,,,,,,,,,,11000,,2,,0,FALSE,TRUE,FALSE,FALSE,30,0,0.00000,2500.00,1,FALSE,FALSE,,,,,,,,{00000000-0000-0000-0000-000000000000},,,,TRUE,,,,,,,5/24/22,,,0
Triple A Medical Cli,Triple A Medical Clinic,FALSE,FALSE,,,"Block N, Sparklight-Gateway","Estate, Magboro, Ogun State",Magboro,,,,,,,,,,,,,,,,,,,11000,,0,,0,FALSE,FALSE,FALSE,FALSE,30,0,0.00000,10000000.00,1,FALSE,FALSE,,,,,,,,{00000000-0000-0000-0000-000000000000},,,,TRUE,,,,,,,1/1/19,,,0
Tristar Hospital,Tristar Hospital,FALSE,FALSE,,,"49, Nicon B/stop off",Akowonjo Rd,Akowonjo,,,,,,,,,,,,,,,,,,,11000,,0,,0,FALSE,FALSE,FALSE,FALSE,30,0,0.00000,10000000.00,1,FALSE,FALSE,,,,,,,,{00000000-0000-0000-0000-000000000000},,,,TRUE,,,,,,,1/1/19,,,0
TRIUMPH MEDICAL,TRIUMPH MEDICAL CENTRE,FALSE,FALSE,,,"32,UNITY ROAD,IKEJA",,,,,,,,,,,,,,,8033114802,,,,,,11000,,0,,0,FALSE,FALSE,FALSE,FALSE,30,0,0.00000,10000000.00,1,FALSE,FALSE,,,,,,,,{00000000-0000-0000-0000-000000000000},,,,TRUE,,,,,,,1/1/19,,,0
Troop Pharmacy,Troop Pharmacy,FALSE,FALSE,8037187889,,"2, Dr Faseun Street",Ago Palace way,Okota,,,,,,,,,,,,,,,,,,,11000,,0,,0,FALSE,FALSE,FALSE,FALSE,30,0,0.00000,10000000.00,1,FALSE,FALSE,,,,,,,,{00000000-0000-0000-0000-000000000000},,,,TRUE,,,,,,,1/1/19,,,0
Truimph Medical Cent,Truimph Medical Center,FALSE,FALSE,,,"32,Unity Rd, Off Toyin","703,355,358,207,086,000,000",IKEJA,,,NIGERIA,,,,,,,,,,,,,,,,40000,,0,,0,FALSE,FALSE,FALSE,FALSE,30,0,0.00000,10000000.00,1,FALSE,FALSE,,,,,,,,{00000000-0000-0000-0000-000000000000},,,,TRUE,,,,,,,1/1/19,,,0
Trust In God Med,Trust In God Medical Centre,FALSE,FALSE,,,"18, Cele Street mile",10 busstop Ojo Lagos,,,,,,,,,,,,,,,,,,,,11000,,0,,0,FALSE,FALSE,FALSE,FALSE,30,0,0.00000,10000000.00,1,FALSE,FALSE,,,,,,,,{00000000-0000-0000-0000-000000000000},,,,TRUE,,,,,,,1/1/19,,,0
Tumise Sanofi,Tumise Sanofi,FALSE,FALSE,,,,,,,,,,,,,,,,,,,,,,,,11000,,0,,0,FALSE,FALSE,FALSE,FALSE,30,0,0.00000,10000000.00,1,FALSE,FALSE,,,,,,,,{00000000-0000-0000-0000-000000000000},,,,TRUE,,,,,,,1/1/19,,,0
Tunslam Scienific,TUNSLAM SCIENIFIC CONSULTING LTD,FALSE,FALSE,,,No 21 Abdulsalam Street Isheri,Egbeda 08036314245,,,,,,,,,,,,,,,,,,,,11000,,0,,0,FALSE,FALSE,FALSE,FALSE,30,0,0.00000,10000000.00,1,FALSE,FALSE,,,,,,,,{00000000-0000-0000-0000-000000000000},,,,TRUE,,,,,,,1/1/19,,,0
Turmeric Pharmacy,Turmeric Pharmacy,FALSE,FALSE,,,8182989540,Ireakare,Isolo,,,,,,,,,,,,,,,,,,,11000,,0,,0,FALSE,FALSE,FALSE,FALSE,30,0,0.00000,10000000.00,1,FALSE,FALSE,,,,,,,,{00000000-0000-0000-0000-000000000000},,,,TRUE,,,,,,,1/1/19,,,0
U & I Pharmacy,U & I Pharmacy,FALSE,FALSE,8034077237,,1 Ologuro B/Stop by LASU,Isheri Express Rd Akesan,,,,,,,,,,,,,,,,,,,,11000,,0,,0,FALSE,FALSE,FALSE,FALSE,30,0,0.00000,10000000.00,1,FALSE,FALSE,,,,,,,,{00000000-0000-0000-0000-000000000000},,,,TRUE,,,,,,,1/1/19,,,0
U.C.H,U.C.H,FALSE,FALSE,,,IBADAN,,,,,,,,,,,,,,,,,,,,,11000,,0,,0,FALSE,FALSE,FALSE,FALSE,30,0,0.00000,10000000.00,1,FALSE,FALSE,,,,,,,,{00000000-0000-0000-0000-000000000000},,,,TRUE,,,,,,,1/1/19,,,0
UAC NIG PLC,UAC NIG PLC,FALSE,FALSE,,,Marina,,Lagos,,,,,,,,,,,,,,,,,,,11000,,0,,0,FALSE,FALSE,FALSE,FALSE,30,0,0.00000,10000000.00,1,FALSE,FALSE,,,,,,,,{00000000-0000-0000-0000-000000000000},,,,TRUE,,,,,,,1/1/19,,,0
UAC NIG PLC c/o Itua,UAC NIG PLC c/o Itua,FALSE,FALSE,,,Lagos Island,,,,,,,,,,,,,,,,,,,,,11000,,0,,0,FALSE,FALSE,FALSE,FALSE,30,0,0.00000,10000000.00,1,FALSE,FALSE,,,,,,,,{00000000-0000-0000-0000-000000000000},,,,TRUE,,,,,,,1/1/19,,,0
UBA PHARMACY,UBA PHARMACY,FALSE,FALSE,,,AWOYAYA,,,,,,,,,,,,,,,,,,,,,11000,,0,,0,FALSE,FALSE,FALSE,FALSE,30,0,0.00000,10000000.00,1,FALSE,FALSE,,,,,,,,{00000000-0000-0000-0000-000000000000},,,,TRUE,,,,,,,1/1/19,,,0
Uche Zolon,Uche Zolon,FALSE,FALSE,,,,,,,,,,,,,,,,,,,,,,,,11000,,0,,0,FALSE,FALSE,FALSE,FALSE,30,0,0.00000,10000000.00,1,FALSE,FALSE,,,,,,,,{00000000-0000-0000-0000-000000000000},,,,TRUE,,,,,,,1/1/19,,,0
Ufoma Hospital,Ufoma Hospital,FALSE,FALSE,Agobe,,"89, MUYIBI STREET, APAPA",LAGOS,,,,,,,,,,,,,,,,,,,,11000,,0,,0,FALSE,FALSE,FALSE,FALSE,30,0,0.00000,10000000.00,1,FALSE,FALSE,,,,,,,,{00000000-0000-0000-0000-000000000000},,,,TRUE,,,,,,,1/1/19,,,0
Ukamu Pharmacy,Ukamu Pharmacy,FALSE,FALSE,,,"5,Avenue,Festac 08037302029",,FESTAC,,,NIGERIA,,,,,,,,,,,,,,,,40000,,0,,0,FALSE,FALSE,FALSE,FALSE,30,0,0.00000,10000000.00,1,FALSE,FALSE,,,,,,,,{00000000-0000-0000-0000-000000000000},,,,TRUE,,,,,,,1/1/19,,,0
Ultima Medicare Hosp,Ultima Medicare Hospital,FALSE,FALSE,,,"3, Palmgrove Estate",,Ilupeju,,,,,,,,,,,,,,,,,,,11000,,0,,0,FALSE,FALSE,FALSE,FALSE,30,0,0.00000,10000000.00,1,FALSE,FALSE,,,,,,,,{00000000-0000-0000-0000-000000000000},,,,TRUE,,,,,,,1/1/19,,,0
Uni Osun Teaching,Uni Osun Teaching Hospital,FALSE,FALSE,,,08032297517,"Mrs Sangolade, Oshogbo...",,,,,,,,,,,,,,,,,,,,11000,,2,,0,FALSE,TRUE,FALSE,FALSE,30,0,0.00000,2500.00,1,FALSE,FALSE,,,,,,,,{00000000-0000-0000-0000-000000000000},,,,TRUE,,,,,,,2/13/23,,,0
Unilag Medical Centr,Unilag Medical Centre,FALSE,FALSE,,,,,,,,,,,,,,,,,,,,,,,,11000,,0,,0,FALSE,FALSE,FALSE,FALSE,30,0,0.00000,10000000.00,1,FALSE,FALSE,,,,,,,,{00000000-0000-0000-0000-000000000000},,,,TRUE,,,,,,,1/1/19,,,0
Unilag Pharmaceutica,Unilag Pharmaceutical Ltd,FALSE,FALSE,,,Next to the bus terminus,"inside campus,Akoka Main Camp",Akoka,,,,,,,,,,,,,,,,,,,11000,,0,,0,FALSE,FALSE,FALSE,FALSE,30,0,0.00000,10000000.00,1,FALSE,FALSE,,,,,,,,{00000000-0000-0000-0000-000000000000},,,,TRUE,,,,,,,1/1/19,,,0
Unilever Nig,Unilever Nig,FALSE,FALSE,,,,,,,,,,,,,,,,,,,,,,,,11000,,0,,0,FALSE,FALSE,FALSE,FALSE,30,0,0.00000,10000000.00,1,FALSE,FALSE,,,,,,,,{00000000-0000-0000-0000-000000000000},,,,TRUE,,,,,,,1/1/19,,,0
Unita Hospital,Unita Hospital,FALSE,FALSE,,,"63,Oodua Street College B/Stop","Off Governor Road, Ikotun",Lagos,,,,,,,,,,,,,8091151257,8121242755,,,,,11000,,0,,0,FALSE,FALSE,FALSE,FALSE,30,0,0.00000,10000000.00,1,FALSE,FALSE,,,,,,,,{00000000-0000-0000-0000-000000000000},,,,TRUE,,,,,,,1/1/19,,,0
United Heart Hospita,United Heart Hospital.,FALSE,FALSE,,,"14c, Kayode Abraham Street,off","Ligali Ayorinde, V.I.",,,,,,,,,,,,,,09036061556,,,,,,11000,,0,,0,FALSE,TRUE,FALSE,FALSE,30,0,0.00000,2500.00,1,FALSE,FALSE,,,,,,,,{00000000-0000-0000-0000-000000000000},,,,TRUE,,,Dr Eugine Nwosu,,,,8/3/20,,,0
Unity Hospital,Unity HospitaL Ikeja,FALSE,FALSE,,,Ikeja,Lagos,,,,,,,,,,,,,,,,,,,,11000,,0,,0,FALSE,FALSE,FALSE,FALSE,30,0,0.00000,10000000.00,1,FALSE,FALSE,,,,,,,,{00000000-0000-0000-0000-000000000000},,,,TRUE,,,,,,,1/1/19,,,0
University of Benin,University of Benin,FALSE,FALSE,,,Teaching Hospital,,Benin,,,Nigeria,,,,,,,,,,,,,,,,11000,,0,,0,FALSE,FALSE,FALSE,FALSE,30,0,0.00000,10000000.00,1,FALSE,FALSE,,,,,,,,{00000000-0000-0000-0000-000000000000},,,,TRUE,,,,,,,1/1/19,,,0
Urban Comprehensive,Urban Comprehensive health centre,FALSE,FALSE,,,U.C.H.C Eleyele OAUTHC,8035015988,Ile Ife,,,,,,,,,,,,,,,,,,,11000,,0,,0,FALSE,FALSE,FALSE,FALSE,30,0,0.00000,10000000.00,1,FALSE,FALSE,,,,,,,,{00000000-0000-0000-0000-000000000000},,,,TRUE,,,,,,,1/1/19,,,0
Urbane Med. Centre,Urbane Med. Centre,FALSE,FALSE,,,"16, Bayewu Close Off Ajayi Rd",08154147273,Ogba,,,,,,,,,,,,,,,,,,,11000,,0,,0,FALSE,TRUE,FALSE,FALSE,30,0,0.00000,2500.00,1,FALSE,FALSE,,,,,,,,{00000000-0000-0000-0000-000000000000},,,,TRUE,,,,,,,10/20/21,,,0
Uyoyo Novo Nordisk,Uyoyo Novo Nordisk,FALSE,FALSE,,,Matori,,,,,,,,,,,,,,,,,,,,,11000,,0,,0,FALSE,FALSE,FALSE,FALSE,30,0,0.00000,10000000.00,1,FALSE,FALSE,,,,,,,,{00000000-0000-0000-0000-000000000000},,,,TRUE,,,,,,,1/1/19,,,0
Uzopean Specialist,Uzopean Specialist Hospital,FALSE,FALSE,,,Ikorodu,09014155340,,,,,,,,,,,,,,,,,,,,11000,,2,,0,FALSE,TRUE,FALSE,FALSE,30,0,0.00000,2500.00,1,FALSE,FALSE,,,,,,,,{00000000-0000-0000-0000-000000000000},,,,TRUE,,,,,,,8/20/20,,,0
Vaccination Centre,Vaccination Centre,FALSE,FALSE,,,"155, Akowonjo Road",Egbeda,LAGOS,,,,,,,,,,,,,9039909554,,,,,,11000,,0,,0,FALSE,FALSE,FALSE,FALSE,30,0,0.00000,10000000.00,1,FALSE,FALSE,,,,,,,,{00000000-0000-0000-0000-000000000000},,,,TRUE,,,,,,,1/1/19,,,0
Vaccines Place,Vaccines Place,FALSE,FALSE,,,Tolbert Specialist Hospital.,"Plot 17, Democracy Crescent.",GADUWA ESTATE,,ABUJA,NIGERIA,,,,,,,,,,,,,,,,11000,,2,,0,FALSE,TRUE,FALSE,FALSE,30,0,0.00000,2500.00,1,FALSE,FALSE,,,,,,,,{00000000-0000-0000-0000-000000000000},,,,TRUE,,,,,,,7/15/20,,,0
Vaccipharm Nig Ltd,Vaccipharm Nig Ltd,FALSE,FALSE,,,Ikoyi,,,,,,,,,,,,,,,,,,,,,40000,,0,,0,FALSE,FALSE,FALSE,FALSE,30,0,0.00000,10000000.00,1,FALSE,FALSE,,,,,,,,{00000000-0000-0000-0000-000000000000},,,,TRUE,,,,,,,1/1/19,,,0
Vacipharm,Vacipharm,FALSE,FALSE,,,Lagos,,,,,,,,,,,,,,,,,,,,,11000,,0,,0,FALSE,FALSE,FALSE,FALSE,30,0,0.00000,10000000.00,1,FALSE,FALSE,,,,,,,,{00000000-0000-0000-0000-000000000000},,,,TRUE,,,,,,,1/1/19,,,0
Valentina Marinze,Valentina Marinze,FALSE,FALSE,,,09139334272,Sanofi,,,,,,,,,,,,,,,,,,,,11000,,0,,0,FALSE,TRUE,FALSE,FALSE,30,0,0.00000,2500.00,1,FALSE,FALSE,,,,,,,,{00000000-0000-0000-0000-000000000000},,,,TRUE,,,,,,,8/5/22,,,0
Valid Oak Hospital,Valid Oak Hospital,FALSE,FALSE,,,River Valley Gate,Ojodu Berger,Berger,,,,,,,,,,,,,,,,,,,11000,,0,,0,FALSE,FALSE,FALSE,FALSE,30,0,0.00000,10000000.00,1,FALSE,FALSE,,,,,,,,{00000000-0000-0000-0000-000000000000},,,,TRUE,,,,,,,1/1/19,,,0
Valley Oak Hospital,VALLEY OAK HOSPITAL,FALSE,FALSE,,,"2, Kayode anifowose st,river",valley estate ojodu berger,,,,8091706872,,,,,,,,,,,,,,,,11000,,0,,0,FALSE,FALSE,FALSE,FALSE,30,0,0.00000,10000000.00,1,FALSE,FALSE,,,,,,,,{00000000-0000-0000-0000-000000000000},,,,TRUE,,,,,,,1/1/19,,,0
Vantage Chemists Ltd,Vantage Chemists Limited,FALSE,FALSE,,,"45,Abeokuta Road,Ifo",Ogun State,,,,,,,,,,,,,,8033189939,,,,,,11000,,0,,0,FALSE,FALSE,FALSE,FALSE,30,0,0.00000,10000000.00,1,FALSE,FALSE,,,,,,,,{00000000-0000-0000-0000-000000000000},,,,TRUE,,,,,,,1/1/19,,,0
Vantagemed Pharmacy,Vantagemed Pharmacy,FALSE,FALSE,,,"168, Iju Road OTS Plaza",,,,,,,,,,,,,,,,,,,,,11000,,0,,0,FALSE,FALSE,FALSE,FALSE,30,0,0.00000,10000000.00,1,FALSE,FALSE,,,,,,,,{00000000-0000-0000-0000-000000000000},,,,TRUE,,,,,,,1/1/19,,,0
Vatican Bells,Vatican Bells Pharmacy,FALSE,FALSE,,,Surulere,,,,,,,,,,,,,,,,,,,,,40000,,0,,0,FALSE,FALSE,FALSE,FALSE,30,0,0.00000,10000000.00,1,FALSE,FALSE,,,,,,,,{00000000-0000-0000-0000-000000000000},,,,TRUE,,,,,,,1/1/19,,,0
Vedick Health Care,Vedick Health Care,FALSE,FALSE,,,Block 105 Plot 6 Olabanji,Olajide Str Phase 1,Lekki,,,,,,,,,,,,,,,,,,,11000,,0,,0,FALSE,FALSE,FALSE,FALSE,30,0,0.00000,10000000.00,1,FALSE,FALSE,,,,,,,,{00000000-0000-0000-0000-000000000000},,,,TRUE,,,,,,,1/1/19,,,0
Veritas Medical,Veritas Medical Clinic,FALSE,FALSE,,,"21, Abimbola Odunsi Str Coker",Rd off College Road,Ifako-Ijaiye,,,,,,,,,,,,,,,,,,,11000,,0,,0,FALSE,FALSE,FALSE,FALSE,30,0,0.00000,10000000.00,1,FALSE,FALSE,,,,,,,,{00000000-0000-0000-0000-000000000000},,,,TRUE,,,,,,,1/1/19,,,0
Victory Drugs Pharma,Victory Drugs Pharmacy,FALSE,FALSE,,,"57A, 11 Road",Festac Town,LAGOS,,,,,,,,,,,,,8023424425,,,,,,40000,,0,,0,FALSE,FALSE,FALSE,FALSE,30,0,0.00000,10000000.00,1,FALSE,FALSE,,,,,,,,{00000000-0000-0000-0000-000000000000},,,,TRUE,,,,,,,1/1/19,,,0
Victory Life,Victory Life Specialist Hosptial,FALSE,FALSE,,,"Ilupeju Bus stop, Abule Eko",Ijede 07032283009,Ikorodu,,,,,,,,,,,,,,,,,,,11000,,0,,0,FALSE,FALSE,FALSE,FALSE,30,0,0.00000,10000000.00,1,FALSE,FALSE,,,,,,,,{00000000-0000-0000-0000-000000000000},,,,TRUE,,,,,,,1/1/19,,,0
Victory Medical Cent,Victory Medical Centre,FALSE,FALSE,,,IBADAN,,,,,,,,,,,,,,,,,,,,,11000,,0,,0,FALSE,FALSE,FALSE,FALSE,30,0,0.00000,10000000.00,1,FALSE,FALSE,,,,,,,,{00000000-0000-0000-0000-000000000000},,,,TRUE,,,,,,,1/1/19,,,0
VICTORY VACCINE CLIN,VICTORY VACCINE CLINIC,FALSE,FALSE,,,"57A, 11 Road",FESTAC,,,,,,,,,,,,,,,,,,,,11000,,2,,0,FALSE,TRUE,FALSE,FALSE,30,0,0.00000,2500.00,1,FALSE,FALSE,,,,,,,,{00000000-0000-0000-0000-000000000000},,,,TRUE,,,,,,,9/5/22,,,0
Vin-Kay Pharmacy,Vin-kay Pharmacy,FALSE,FALSE,,,"3,G.R.A Road, Sabo Sagamu,",Ogun State,,,,,,,,,,,,,,,,,,,,11000,,0,,0,FALSE,FALSE,FALSE,FALSE,30,0,0.00000,10000000.00,1,FALSE,FALSE,,,,,,,,{00000000-0000-0000-0000-000000000000},,,,TRUE,,,,,,,1/1/19,,,0
Vine Branch Med.Cent,Vine Branch Med Centre,FALSE,FALSE,,,"1,Olubadan Palace Rd,off Queen",Elizabeth Rd Mokola,IBADAN,,,,,,,,,,,,,,,,,,,11000,,0,,0,FALSE,FALSE,FALSE,FALSE,30,0,0.00000,10000000.00,1,FALSE,FALSE,,,,,,,,{00000000-0000-0000-0000-000000000000},,,,TRUE,,,,,,,1/1/19,,,0
Vine Yard Hospital,VINE YARD HOSPITAL,FALSE,FALSE,,,"4, gbemi ogunbeyi",idimu near christland college,Idimu,,,,,,,,,,,,,,,,,,,11000,,0,,0,FALSE,FALSE,FALSE,FALSE,30,0,0.00000,10000000.00,1,FALSE,FALSE,,,,,,,,{00000000-0000-0000-0000-000000000000},,,,TRUE,,,,,,,1/1/19,,,0
Viral Hepatitis,VIRAL HEPATITIS,FALSE,FALSE,,,"No 2, Bayode Oluwole",Street off Balogun 08038136140,,,,,,,,,,,,,,,,,,,,11000,,0,,0,FALSE,FALSE,FALSE,FALSE,30,0,0.00000,10000000.00,1,FALSE,FALSE,,,,,,,,{00000000-0000-0000-0000-000000000000},,,,TRUE,,,,,,,1/1/19,,,0
Viral Hepatitus,,FALSE,FALSE,,,,,,,,,,,,,,,,,,,,,,,,11000,,0,,0,FALSE,FALSE,FALSE,FALSE,30,0,0.00000,10000000.00,1,FALSE,FALSE,,,,,,,,{00000000-0000-0000-0000-000000000000},,,,TRUE,,,,,,,1/1/19,,,0
Vita Chemist,Vita Chemist,FALSE,FALSE,,,"18,Seriki Aro Avenue Off Ajao",Road Ikeja.,,,,NIGERIA,,,,,,,,,,7084310535,,,,,,40000,,0,,0,FALSE,FALSE,FALSE,FALSE,30,0,0.00000,10000000.00,1,FALSE,FALSE,,,,,,,,{00000000-0000-0000-0000-000000000000},,,,TRUE,,,,,,,1/1/19,,,0
Vita Chemists Ltd,Vita Chemists Ltd,FALSE,FALSE,,,"18, Seriki Aro Avenue Off",Afariogun,IKEJA,,,,,,,,,,,,,,,,,,,11000,,0,,0,FALSE,FALSE,FALSE,FALSE,30,0,0.00000,10000000.00,1,FALSE,FALSE,,,,,,,,{00000000-0000-0000-0000-000000000000},,,,TRUE,,,,,,,1/1/19,,,0
Wapco/wwcv,Wapco/wwcv,FALSE,FALSE,,,,,,,,,,,,,,,,,,,,,,,,11000,,0,,0,FALSE,FALSE,FALSE,FALSE,30,0,0.00000,10000000.00,1,FALSE,FALSE,,,,,,,,{00000000-0000-0000-0000-000000000000},,,,TRUE,,,,,,,1/1/19,,,0
WATS Ipaja,WATS Ipaja,FALSE,FALSE,,,Ipaja 08037126344,,,,,,,,,,,,,,,,,,,,,11000,,0,,0,FALSE,FALSE,FALSE,FALSE,30,0,0.00000,10000000.00,1,FALSE,FALSE,,,,,,,,{00000000-0000-0000-0000-000000000000},,,,TRUE,,,,,,,1/1/19,,,0
We-Care Hospital,We-Care Hospital,FALSE,FALSE,,,"38, Oguntona Street",Gbagada,Lagos,,,,,,,,,,,,,,,,,,,11000,,0,,0,FALSE,FALSE,FALSE,FALSE,30,0,0.00000,10000000.00,1,FALSE,FALSE,,,,,,,,{00000000-0000-0000-0000-000000000000},,,,TRUE,,,,,,,1/1/19,,,0
Wealthy Lily Pharma,Wealthy Lily Pharmacy,FALSE,FALSE,,,Orile Agege beside,Adide Supermarket,,,,,,,,,,,,,,,,,,,,11000,,0,,0,FALSE,FALSE,FALSE,FALSE,30,0,0.00000,10000000.00,1,FALSE,FALSE,,,,,,,,{00000000-0000-0000-0000-000000000000},,,,TRUE,,,,,,,1/1/19,,,0
Welfort Pharmacy,Welfort Pharmacy,FALSE,FALSE,Ayika,,"38,Amudalatu Str beside D-Echo","Agodo Egbe, Cele B/stop",Ikotun-Egbe,,,,,,,,,,,,,08037299801,,,,,,11000,,0,,0,FALSE,TRUE,FALSE,FALSE,30,0,0.00000,2500.00,1,FALSE,FALSE,,,,,,,,{00000000-0000-0000-0000-000000000000},,,,TRUE,,,,,,,8/3/22,,,0
Well Berth Pharmacy,Well Berth Pharmacy,FALSE,FALSE,,,"36, Benson Str off Akerele S/L",By Mother & Child HX Gbaja,SURULERE,,,,,,,,,,,,,,,,,,,11000,,0,,0,FALSE,TRUE,FALSE,FALSE,30,0,0.00000,2500.00,1,FALSE,FALSE,,,,,,,,{00000000-0000-0000-0000-000000000000},,,,TRUE,,,,,,,7/12/21,,,0
Wellness HMO,Wellness HMO,FALSE,FALSE,,,"9, Gbagada Phase 11",,LAGOS,,,,,,,,,,,,,,,,,,,11000,,0,,0,FALSE,FALSE,FALSE,FALSE,30,0,0.00000,10000000.00,1,FALSE,FALSE,,,,,,,,{00000000-0000-0000-0000-000000000000},,,,TRUE,,,,,,,1/1/19,,,0
Wellness Pharmacy,Wellness Pharmacy,FALSE,FALSE,,,Ketu Alapere,,,,,,,,,,,,,,,,,,,,,11000,,0,,0,FALSE,FALSE,FALSE,FALSE,30,0,0.00000,10000000.00,1,FALSE,FALSE,,,,,,,,{00000000-0000-0000-0000-000000000000},,,,TRUE,,,,,,,1/1/19,,,0
welprose Care Clinic,welprose Care Clinic,FALSE,FALSE,,,"9B,Kayode Taiwo Str Magodo GRA","Phase 2,Shangisha Lagos",,,,NIGERIA,,,,,,,,,,,,,,,,11000,,0,,0,FALSE,FALSE,FALSE,FALSE,30,0,0.00000,10000000.00,1,FALSE,FALSE,,,,,,,,{00000000-0000-0000-0000-000000000000},,,,TRUE,,,,,,,1/1/19,,,0
West Africa Theologi,West Africa Theological Security clinic,FALSE,FALSE,,,Olukunle Akinola street ipaja,8037126344,,,,,,,,,,,,,,,,,,,,11000,,0,,0,FALSE,FALSE,FALSE,FALSE,30,0,0.00000,10000000.00,1,FALSE,FALSE,,,,,,,,{00000000-0000-0000-0000-000000000000},,,,TRUE,,,,,,,1/1/19,,,0
West Care Hospital,West Care Hospital,FALSE,FALSE,,,"32, Samuel Street",,Akowonjo,,,,,,,,,,,,,8034027980,,,,,,11000,,0,,0,FALSE,FALSE,FALSE,FALSE,30,0,0.00000,10000000.00,1,FALSE,FALSE,,,,,,,,{00000000-0000-0000-0000-000000000000},,,,TRUE,,,,,,,1/1/19,,,0
WEST CARE HX,,FALSE,FALSE,,,,,,,,,,,,,,,,,,,,,,,,40000,,0,,0,FALSE,FALSE,FALSE,FALSE,30,0,0.00000,10000000.00,1,FALSE,FALSE,,,,,,,,{00000000-0000-0000-0000-000000000000},,,,TRUE,,,,,,,1/1/19,,,0
WEST CARE HX EJIGBO,WEST CARE HX EJIGBO.,FALSE,FALSE,,,"31, IFOSHI ROAD, EJIGBO",,,,,,,,,,,,,,,,,,,,,11000,,0,,0,FALSE,FALSE,FALSE,FALSE,30,0,0.00000,10000000.00,1,FALSE,FALSE,,,,,,,,{00000000-0000-0000-0000-000000000000},,,,TRUE,,,,,,,1/1/19,,,0
Westend Hospital,Westend Hospital,FALSE,FALSE,,,Warri,,,,,,,,,,,,,,,,,,,,,11000,,0,,0,FALSE,FALSE,FALSE,FALSE,30,0,0.00000,10000000.00,1,FALSE,FALSE,,,,,,,,{00000000-0000-0000-0000-000000000000},,,,TRUE,,,,,,,1/1/19,,,0
White Hope Hospital,White Hope Hospital,FALSE,FALSE,,,,,IKEJA,,,,,,,,,,,,,,,,,,,11000,,0,,0,FALSE,FALSE,FALSE,FALSE,30,0,0.00000,10000000.00,1,FALSE,FALSE,,,,,,,,{00000000-0000-0000-0000-000000000000},,,,TRUE,,,,,,,1/1/19,,,0
Winan Hospital,Winan Hospital,FALSE,FALSE,,,"2,Niyi Ayeye Street Channel TV",Opic bus-stop.,,,,,,,,,,,,,,,,,,,,11000,,0,,0,FALSE,FALSE,FALSE,FALSE,30,0,0.00000,10000000.00,1,FALSE,FALSE,,,,,,,,{00000000-0000-0000-0000-000000000000},,,,TRUE,,,,,,,1/1/19,,,0
Wise Consultant,Wise Consultant,FALSE,FALSE,,,"9, Abiodun Close",Ikeja,IKEJA,,,,,,,,,,,,,07085955302,,,,,,11000,,0,,0,FALSE,TRUE,FALSE,FALSE,30,0,0.00000,2500.00,1,FALSE,FALSE,,,,,,,,{00000000-0000-0000-0000-000000000000},,,,TRUE,,,,,,,2/21/20,,,0
Witcom Clinic,Witcom Clinic,FALSE,FALSE,,,"15, Lola Holloway Str Omole",08118681765,Omole Phase 1,,,,,,,,,,,,,08118681765,09072625572,,,,,11000,,0,,0,FALSE,TRUE,FALSE,FALSE,30,0,0.00000,2500.00,1,FALSE,FALSE,,,,,,,,{00000000-0000-0000-0000-000000000000},,,,TRUE,,,,,,,12/4/20,,,0
Wole Fagbola,Wole Fagbola,FALSE,FALSE,,,,,,,,,,,,,,,,,,,,,,,,11000,,0,,0,FALSE,FALSE,FALSE,FALSE,30,0,0.00000,10000000.00,1,FALSE,FALSE,,,,,,,,{00000000-0000-0000-0000-000000000000},,,,TRUE,,,,,,,1/1/19,,,0
Women's Health Point,Women's Health Point,FALSE,FALSE,,,Abuja,,,,,,,,,,,,,,,,,,,,,11000,,0,,0,FALSE,FALSE,FALSE,FALSE,30,0,0.00000,10000000.00,1,FALSE,FALSE,,,,,,,,{00000000-0000-0000-0000-000000000000},,,,TRUE,,,,,,,1/1/19,,,0
Wonderful Direct Px,Wonderful Direct Pharmacy c/o John,FALSE,FALSE,,,Abeokuta,,Abeokuta,,,,,,,,,,,,,,,,,,,11000,,0,,0,FALSE,FALSE,FALSE,FALSE,30,0,0.00000,10000000.00,1,FALSE,FALSE,,,,,,,,{00000000-0000-0000-0000-000000000000},,,,TRUE,,,,,,,1/1/19,,,0
Working Together Hea,Working Together Health Foundation,FALSE,FALSE,,,7041314717,UBA House Marina,"Marina, Lagos",,,,,,,,,,,,,,,,,,,11000,,0,,0,FALSE,FALSE,FALSE,FALSE,30,0,0.00000,10000000.00,1,FALSE,FALSE,,,,,,,,{00000000-0000-0000-0000-000000000000},,,,TRUE,,,,,,,1/1/19,,,0
Wunmi c/o Elvis,Wunmi c/o Elvis,FALSE,FALSE,,,,,,,,,,,,,,,,,,,,,,,,11000,,0,,0,FALSE,FALSE,FALSE,FALSE,30,0,0.00000,10000000.00,1,FALSE,FALSE,,,,,,,,{00000000-0000-0000-0000-000000000000},,,,TRUE,,,,,,,1/1/19,,,0
X-Serve Children's,X-Serve Children's Hospital,FALSE,FALSE,,,"House 3C, Chevron Alt Route",Beside Waterbrook School,,,,Lekki,,,,,,,,,,09153216531,09040001816,,,,,11000,,0,,0,FALSE,TRUE,FALSE,FALSE,30,0,0.00000,2500.00,1,FALSE,FALSE,,,,,,,,{00000000-0000-0000-0000-000000000000},,,,TRUE,,,,,,,3/24/23,,,0
X-Serve Clinics 0704,X-Serve Clinics 07046236098,FALSE,FALSE,Dr Uzodinma,,"4/5 WesternAvenue,Between Ipon",ri & Alaka B/Stop surulere Lag,,,,NIGERIA,,,,,,,,,,8023186501,,,,,,40000,,0,,0,FALSE,FALSE,FALSE,FALSE,30,0,0.00000,10000000.00,1,FALSE,FALSE,,,,,,,,{00000000-0000-0000-0000-000000000000},,,,TRUE,,,,,,,1/1/19,,,0
Xthetix Medical,Xthetix Medical Consumables,FALSE,FALSE,,,"11,Agba Oku Str; Opebi",Ikeja,,,,,,,,,,,,,,,,,,,,11000,,0,,0,FALSE,FALSE,FALSE,FALSE,30,0,0.00000,10000000.00,1,FALSE,FALSE,,,,,,,,{00000000-0000-0000-0000-000000000000},,,,TRUE,,,,,,,1/1/19,,,0
Yankee Pharmacy,Yankee Pharmacy,FALSE,FALSE,,,,,Badagry,,,,,,,,,,,,,,,,,,,11000,,0,,0,FALSE,FALSE,FALSE,FALSE,30,0,0.00000,10000000.00,1,FALSE,FALSE,,,,,,,,{00000000-0000-0000-0000-000000000000},,,,TRUE,,,,,,,1/1/19,,,0
YEMISI WILLIAMS.,YEMISI WILLIAMS.,FALSE,FALSE,,,,,,,,,,,,,,,,,,,,,,,,11000,,0,,0,FALSE,FALSE,FALSE,FALSE,30,0,0.00000,10000000.00,1,FALSE,FALSE,,,,,,,,{00000000-0000-0000-0000-000000000000},,,,TRUE,,,,,,,1/1/19,,,0
Yombo Hospital,Yombo Hospitals,FALSE,FALSE,,,"23, Oluyombo Street,",Ikosi Ketu,08162303424.,,,Matron Okorie,,,,,,,,,,,,,,,,11000,,2,,0,FALSE,TRUE,FALSE,FALSE,30,0,0.00000,2500.00,1,FALSE,FALSE,,,,,,,,{00000000-0000-0000-0000-000000000000},,,,TRUE,,,,,,,8/6/21,,,0
You And Lord Phamacy,You And Lord Phamacy,FALSE,FALSE,,,opposite GH Orile Agege.,08142068615,,,,,,,,,,,,,,,,,,,,11000,,3,,0,FALSE,TRUE,FALSE,FALSE,30,0,0.00000,2500.00,1,FALSE,FALSE,,,,,,,,{00000000-0000-0000-0000-000000000000},,,,TRUE,,,,,,,3/8/21,,,0
Zevis Phamaceutical,Zevis Phamaceuticals,FALSE,FALSE,,,Lagos,,,,,,,,,,,,,,,,,,,,,11000,,2,,0,FALSE,TRUE,FALSE,FALSE,30,0,0.00000,2500.00,1,FALSE,FALSE,,,,,,,,{00000000-0000-0000-0000-000000000000},,,,TRUE,,,,,,,9/10/24,,,0
Zicron Pharmacy,Zicron Pharmacy,FALSE,FALSE,,,Berger bus/stop beside,Diamond Bank 08033327373,,,,,,,,,,,,,,,,,,,,11000,,0,,0,FALSE,FALSE,FALSE,FALSE,30,0,0.00000,10000000.00,1,FALSE,FALSE,,,,,,,,{00000000-0000-0000-0000-000000000000},,,,TRUE,,,,,,,1/1/19,,,0
ZIon Citizen Special,Zion Citizen Specialist Hosp,FALSE,FALSE,,,"No 1, Omoyemi Adesoga Close,","Off Olowu Street, OFF Oladosu",,,,,,,,,,,,,,8052682932,,,,,,11000,,0,,0,FALSE,FALSE,FALSE,FALSE,30,0,0.00000,10000000.00,1,FALSE,FALSE,,,,,,,,{00000000-0000-0000-0000-000000000000},,,,TRUE,,,,,,,1/1/19,,,0
