Item ID,Item Description,Item Class,Inactive,Subject to Commission,Description for Sales,Blank Field,Description for Purchases,Sales Price 1,Sales Price 1 Calculation,Sales Price 1 Rounding,Sales Price 1 Rounding #,Sales Price 2,Sales Price 2 Calculation,Sales Price 2 Rounding,Sales Price 2 Rounding #,Sales Price 3,Sales Price 3 Calculation,Sales Price 3 Rounding,Sales Price 3 Rounding #,Sales Price 4,Sales Price 4 Calculation,Sales Price 4 Rounding,Sales Price 4 Rounding #,Sales Price 5,Sales Price 5 Calculation,Sales Price 5 Rounding,Sales Price 5 Rounding #,Sales Price 6,Sales Price 6 Calculation,Sales Price 6 Rounding,Sales Price 6 Rounding #,Sales Price 7,Sales Price 7 Calculation,Sales Price 7 Rounding,Sales Price 7 Rounding #,Sales Price 8,Sales Price 8 Calculation,Sales Price 8 Rounding,Sales Price 8 Rounding #,Sales Price 9,Sales Price 9 Calculation,Sales Price 9 Rounding,Sales Price 9 Rounding #,Sales Price 10,Sales Price 10 Calculation,Sales Price 10 Rounding,Sales Price 10 Rounding #,Qty Discount ID,Item Tax Type,Last Unit Cost,Costing Method,G/L Sales Account,G/L Inventory Account,G/L COGS/Salary Acct,UPC / SKU,Item Type,Location,Stocking U/M,Use Multi-Packs,Purchasing U/M,Purchasing U/M Description,Purch U/M No. of Stocking Units,Purchasing Weight,Purchasing UPC / SCC,Use Purchasing U/M as Default,Sales U/M,Sales U/M Description,Sales U/M No. of Stocking Units,Sales Weight,Sales UPC / SCC,Use Sales U/M as Default,Weight,Minimum Stock,Reorder Quantity,Vendor ID,Buyer ID,Alternate Vendor,Substitution,Special Note,Master Stock Item ID,Primary Attrib. ID 1,Primary Attrib. Desc. 1,Primary Attrib. ID 2,Primary Attrib. Desc. 2,Primary Attrib. ID 3,Primary Attrib. Desc. 3,Primary Attrib. ID 4,Primary Attrib. Desc. 4,Primary Attrib. ID 5,Primary Attrib. Desc. 5,Primary Attrib. ID 6,Primary Attrib. Desc. 6,Primary Attrib. ID 7,Primary Attrib. Desc. 7,Primary Attrib. ID 8,Primary Attrib. Desc. 8,Primary Attrib. ID 9,Primary Attrib. Desc. 9,Primary Attrib. ID 10,Primary Attrib. Desc. 10,Primary Attrib. ID 11,Primary Attrib. Desc. 11,Primary Attrib. ID 12,Primary Attrib. Desc. 12,Primary Attrib. ID 13,Primary Attrib. Desc. 13,Primary Attrib. ID 14,Primary Attrib. Desc. 14,Primary Attrib. ID 15,Primary Attrib. Desc. 15,Primary Attrib. ID 16,Primary Attrib. Desc. 16,Primary Attrib. ID 17,Primary Attrib. Desc. 17,Primary Attrib. ID 18,Primary Attrib. Desc. 18,Primary Attrib. ID 19,Primary Attrib. Desc. 19,Primary Attrib. ID 20,Primary Attrib. Desc. 20,Secondary Attrib. ID 1,Secondary Attrib. Desc. 1,Secondary Attrib. ID 2,Secondary Attrib. Desc. 2,Secondary Attrib. ID 3,Secondary Attrib. Desc. 3,Secondary Attrib. ID 4,Secondary Attrib. Desc. 4,Secondary Attrib. ID 5,Secondary Attrib. Desc. 5,Secondary Attrib. ID 6,Secondary Attrib. Desc. 6,Secondary Attrib. ID 7,Secondary Attrib. Desc. 7,Secondary Attrib. ID 8,Secondary Attrib. Desc. 8,Secondary Attrib. ID 9,Secondary Attrib. Desc. 9,Secondary Attrib. ID 10,Secondary Attrib. Desc. 10,Secondary Attrib. ID 11,Secondary Attrib. Desc. 11,Secondary Attrib. ID 12,Secondary Attrib. Desc. 12,Secondary Attrib. ID 13,Secondary Attrib. Desc. 13,Secondary Attrib. ID 14,Secondary Attrib. Desc. 14,Secondary Attrib. ID 15,Secondary Attrib. Desc. 15,Secondary Attrib. ID 16,Secondary Attrib. Desc. 16,Secondary Attrib. ID 17,Secondary Attrib. Desc. 17,Secondary Attrib. ID 18,Secondary Attrib. Desc. 18,Secondary Attrib. ID 19,Secondary Attrib. Desc. 19,Secondary Attrib. ID 20,Secondary Attrib. Desc. 20,Item Note,Print Components,Number of Components,Primary Attrib. Name,Substock Primary Attrib. ID,Substock Primary Attrib. Desc.,Secondary Attrib. Name,Substock Second Attrib. ID,Substock Second Attrib. Desc.,Quantity on Sales Orders,Quantity on Purchase Orders,Quantity On Hand,Is Taxable,Warranty Period,Revision Number,Effective Date,Component Number,Component ID,Quantity Needed,Part Number
ABC,ABC,10,FALSE,FALSE,ABC,,,0.00,NC,0,0.00,0.00,NC,0,0.00,0.00,NC,0,0.00,0.00,NC,0,0.00,0.00,NC,0,0.00,0.00,NC,0,0.00,0.00,NC,0,0.00,0.00,NC,0,0.00,0.00,NC,0,0.00,0.00,NC,0,0.00,,0,0.00,3,40000,12000,50000,,,,,FALSE,,,0.00,0.00,,FALSE,,,0.00,0.00,,FALSE,0.00,0.00,0.00,,,,,,,,,,,,,,,,,,,,,,,,,,,,,,,,,,,,,,,,,,,,,,,,,,,,,,,,,,,,,,,,,,,,,,,,,,,,,,,,,,,,,,,,FALSE,0,,,,,,,0.00,0.00,0.00,TRUE,19 Months,,,0,,0.00,
ACRETIN 0.025% CREAM,ACRETIN 0.025% CREAM,1,FALSE,FALSE,,,,5000.00,NC,0,0.00,0.00,NC,0,0.00,0.00,NC,0,0.00,0.00,NC,0,0.00,0.00,NC,0,0.00,0.00,NC,0,0.00,0.00,NC,0,0.00,0.00,NC,0,0.00,0.00,NC,0,0.00,0.00,NC,0,0.00,,0,4500.00,1,49908,12364,59911,12/23,"12/25,",,,FALSE,,,0.00,0.00,,FALSE,,,0.00,0.00,,FALSE,0.00,0.00,0.00,,,,,,,,,,,,,,,,,,,,,,,,,,,,,,,,,,,,,,,,,,,,,,,,,,,,,,,,,,,,,,,,,,,,,,,,,,,,,,,,,,,,,,,,FALSE,0,,,,,,,0.00,0.00,0.00,TRUE,,,,0,,0.00,AN0239
ACRETIN 0.05% CREAM,ACRETIN 0.05% CREAM(A),1,FALSE,FALSE,,,,5000.00,NC,0,0.00,0.00,NC,0,0.00,0.00,NC,0,0.00,0.00,NC,0,0.00,0.00,NC,0,0.00,0.00,NC,0,0.00,0.00,NC,0,0.00,0.00,NC,0,0.00,0.00,NC,0,0.00,0.00,NC,0,0.00,,0,4500.00,1,49909,12365,59912,09/23.,09/25...,,,FALSE,,,0.00,0.00,,FALSE,,,0.00,0.00,,FALSE,0.00,0.00,0.00,,,,,,,,,,,,,,,,,,,,,,,,,,,,,,,,,,,,,,,,,,,,,,,,,,,,,,,,,,,,,,,,,,,,,,,,,,,,,,,,,,,,,,,,FALSE,0,,,,,,,0.00,0.00,0.00,TRUE,,,,0,,0.00,AKO354
ACTRAPI PENF 100 I.U,ACTRAPID PENFIL 100 I.U,1,FALSE,FALSE,,,,16100.00,NC,0,0.00,0.00,NC,0,0.00,0.00,NC,0,0.00,0.00,NC,0,0.00,0.00,NC,0,0.00,0.00,NC,0,0.00,0.00,NC,0,0.00,0.00,NC,0,0.00,0.00,NC,0,0.00,0.00,NC,0,0.00,,0,6200.00,1,40525,12325,50725,,,,,FALSE,,,0.00,0.00,,FALSE,,,0.00,0.00,,FALSE,0.00,0.00,0.00,,,,,,,,,,,,,,,,,,,,,,,,,,,,,,,,,,,,,,,,,,,,,,,,,,,,,,,,,,,,,,,,,,,,,,,,,,,,,,,,,,,,,,,,FALSE,0,,,,,,,0.00,0.00,0.00,TRUE,,,,0,,0.00,
ACTRAPID 100 I.U,ACTRAPID 100 I.U,1,FALSE,FALSE,,,,3223.00,NC,0,0.00,0.00,NC,0,0.00,0.00,NC,0,0.00,0.00,NC,0,0.00,0.00,NC,0,0.00,0.00,NC,0,0.00,0.00,NC,0,0.00,0.00,NC,0,0.00,0.00,NC,0,0.00,0.00,NC,0,0.00,,0,2930.00,1,40516,12316,50716,9/18,02/21,,,FALSE,,,0.00,0.00,,FALSE,,,0.00,0.00,,FALSE,0.00,0.00,0.00,,,,,,,,,,,,,,,,,,,,,,,,,,,,,,,,,,,,,,,,,,,,,,,,,,,,,,,,,,,,,,,,,,,,,,,,,,,,,,,,,,,,,,,,FALSE,0,,,,,,,0.00,0.00,0.00,TRUE,,,,0,,0.00,HT6J640
ACTRAPID 100 I.U (A),ACTRAPID 100 I.U,1,FALSE,FALSE,,,,4212.00,NC,0,0.00,0.00,NC,0,0.00,0.00,NC,0,0.00,0.00,NC,0,0.00,0.00,NC,0,0.00,0.00,NC,0,0.00,0.00,NC,0,0.00,0.00,NC,0,0.00,0.00,NC,0,0.00,0.00,NC,0,0.00,,0,2930.00,1,40516,12316,50716,12/18,05/21,,,FALSE,,,0.00,0.00,,FALSE,,,0.00,0.00,,FALSE,0.00,0.00,0.00,,,,,,,,,,,,,,,,,,,,,,,,,,,,,,,,,,,,,,,,,,,,,,,,,,,,,,,,,,,,,,,,,,,,,,,,,,,,,,,,,,,,,,,,FALSE,0,,,,,,,0.00,0.00,0.00,TRUE,,,,0,,0.00,JT6L650
ACTRAPID 100 I.U (B),ACTRAPID 100 I.U,1,FALSE,FALSE,,,,4212.00,NC,0,0.00,0.00,NC,0,0.00,0.00,NC,0,0.00,0.00,NC,0,0.00,0.00,NC,0,0.00,0.00,NC,0,0.00,0.00,NC,0,0.00,0.00,NC,0,0.00,0.00,NC,0,0.00,0.00,NC,0,0.00,,0,3600.00,1,40516,12316,50716,12/19,05/22,,,FALSE,,,0.00,0.00,,FALSE,,,0.00,0.00,,FALSE,0.00,0.00,0.00,,,,,,,,,,,,,,,,,,,,,,,,,,,,,,,,,,,,,,,,,,,,,,,,,,,,,,,,,,,,,,,,,,,,,,,,,,,,,,,,,,,,,,,,FALSE,0,,,,,,,0.00,0.00,0.00,TRUE,,,,0,,0.00,KT6V108
ACTRAPID 100 I.U (C),ACTRAPID 100 I.U,1,FALSE,FALSE,,,,4212.00,NC,0,0.00,0.00,NC,0,0.00,0.00,NC,0,0.00,0.00,NC,0,0.00,0.00,NC,0,0.00,0.00,NC,0,0.00,0.00,NC,0,0.00,0.00,NC,0,0.00,0.00,NC,0,0.00,0.00,NC,0,0.00,,0,3612.00,1,40516,12316,50716,02/20...,07/22..,,,FALSE,,,0.00,0.00,,FALSE,,,0.00,0.00,,FALSE,0.00,0.00,0.00,,,,,,,,,,,,,,,,,,,,,,,,,,,,,,,,,,,,,,,,,,,,,,,,,,,,,,,,,,,,,,,,,,,,,,,,,,,,,,,,,,,,,,,,FALSE,0,,,,,,,0.00,0.00,0.00,TRUE,,,,0,,0.00,KT6W535
ACTRAPID 100 I.U (D),ACTRAPID 100 I.U,1,FALSE,FALSE,,,,4212.00,NC,0,0.00,0.00,NC,0,0.00,0.00,NC,0,0.00,0.00,NC,0,0.00,0.00,NC,0,0.00,0.00,NC,0,0.00,0.00,NC,0,0.00,0.00,NC,0,0.00,0.00,NC,0,0.00,0.00,NC,0,0.00,,0,3612.00,1,40516,12316,50716,06/20..,11/  22,,,FALSE,,,0.00,0.00,,FALSE,,,0.00,0.00,,FALSE,0.00,0.00,0.00,,,,,,,,,,,,,,,,,,,,,,,,,,,,,,,,,,,,,,,,,,,,,,,,,,,,,,,,,,,,,,,,,,,,,,,,,,,,,,,,,,,,,,,,FALSE,0,,,,,,,0.00,0.00,0.00,TRUE,,,,0,,0.00,KT60B85
ACTRAPID 100 I.U (E),ACTRAPID 100 I.U,1,FALSE,FALSE,,,,4212.00,NC,0,0.00,0.00,NC,0,0.00,0.00,NC,0,0.00,0.00,NC,0,0.00,0.00,NC,0,0.00,0.00,NC,0,0.00,0.00,NC,0,0.00,0.00,NC,0,0.00,0.00,NC,0,0.00,0.00,NC,0,0.00,,0,3829.00,1,40516,12316,50716,02//21,07//23,,,FALSE,,,0.00,0.00,,FALSE,,,0.00,0.00,,FALSE,0.00,0.00,0.00,,,,,,,,,,,,,,,,,,,,,,,,,,,,,,,,,,,,,,,,,,,,,,,,,,,,,,,,,,,,,,,,,,,,,,,,,,,,,,,,,,,,,,,,FALSE,0,,,,,,,0.00,0.00,0.00,TRUE,,,,0,,0.00,LT62G24
ACTRAPID 100 I.U (F),ACTRAPID 100 I.U,1,FALSE,FALSE,,,,4212.00,NC,0,0.00,0.00,NC,0,0.00,0.00,NC,0,0.00,0.00,NC,0,0.00,0.00,NC,0,0.00,0.00,NC,0,0.00,0.00,NC,0,0.00,0.00,NC,0,0.00,0.00,NC,0,0.00,0.00,NC,0,0.00,,0,3829.00,1,40516,12316,50716,03//21..,08//23,,,FALSE,,,0.00,0.00,,FALSE,,,0.00,0.00,,FALSE,0.00,0.00,0.00,,,,,,,,,,,,,,,,,,,,,,,,,,,,,,,,,,,,,,,,,,,,,,,,,,,,,,,,,,,,,,,,,,,,,,,,,,,,,,,,,,,,,,,,FALSE,0,,,,,,,0.00,0.00,0.00,TRUE,,,,0,,0.00,LT63N95
ACTRAPID 100 I.U (G),ACTRAPID 100 I.U,1,FALSE,FALSE,,,,4212.00,NC,0,0.00,0.00,NC,0,0.00,0.00,NC,0,0.00,0.00,NC,0,0.00,0.00,NC,0,0.00,0.00,NC,0,0.00,0.00,NC,0,0.00,0.00,NC,0,0.00,0.00,NC,0,0.00,0.00,NC,0,0.00,,0,3829.00,1,40516,12316,50716,03//21...,08//23,,,FALSE,,,0.00,0.00,,FALSE,,,0.00,0.00,,FALSE,0.00,0.00,0.00,,,,,,,,,,,,,,,,,,,,,,,,,,,,,,,,,,,,,,,,,,,,,,,,,,,,,,,,,,,,,,,,,,,,,,,,,,,,,,,,,,,,,,,,FALSE,0,,,,,,,0.00,0.00,0.00,TRUE,,,,0,,0.00,LT63N16
ACTRAPID 100 I.U (H),ACTRAPID 100 I.U,1,FALSE,FALSE,,,,4212.00,NC,0,0.00,0.00,NC,0,0.00,0.00,NC,0,0.00,0.00,NC,0,0.00,0.00,NC,0,0.00,0.00,NC,0,0.00,0.00,NC,0,0.00,0.00,NC,0,0.00,0.00,NC,0,0.00,0.00,NC,0,0.00,,0,3829.00,1,40516,12316,50716,08/21...,01//24,,,FALSE,,,0.00,0.00,,FALSE,,,0.00,0.00,,FALSE,0.00,0.00,0.00,,,,,,,,,,,,,,,,,,,,,,,,,,,,,,,,,,,,,,,,,,,,,,,,,,,,,,,,,,,,,,,,,,,,,,,,,,,,,,,,,,,,,,,,FALSE,0,,,,,,,0.00,0.00,0.00,TRUE,,,,0,,0.00,LT64D61
ACTRAPID 100 I.U (I),ACTRAPID 100 I.U,1,FALSE,FALSE,,,,4212.00,NC,0,0.00,0.00,NC,0,0.00,0.00,NC,0,0.00,0.00,NC,0,0.00,0.00,NC,0,0.00,0.00,NC,0,0.00,0.00,NC,0,0.00,0.00,NC,0,0.00,0.00,NC,0,0.00,0.00,NC,0,0.00,,0,3829.00,1,40516,12316,50716,11/21...,04//24,,,FALSE,,,0.00,0.00,,FALSE,,,0.00,0.00,,FALSE,0.00,0.00,0.00,,,,,,,,,,,,,,,,,,,,,,,,,,,,,,,,,,,,,,,,,,,,,,,,,,,,,,,,,,,,,,,,,,,,,,,,,,,,,,,,,,,,,,,,FALSE,0,,,,,,,0.00,0.00,0.00,TRUE,,,,0,,0.00,MT65J05
ACTRAPID 100 I.U (J),ACTRAPID 100 I.U,1,FALSE,FALSE,,,,4794.00,NC,0,0.00,0.00,NC,0,0.00,0.00,NC,0,0.00,0.00,NC,0,0.00,0.00,NC,0,0.00,0.00,NC,0,0.00,0.00,NC,0,0.00,0.00,NC,0,0.00,0.00,NC,0,0.00,0.00,NC,0,0.00,,0,3829.00,1,40516,12316,50716,01/22........,06//24,,,FALSE,,,0.00,0.00,,FALSE,,,0.00,0.00,,FALSE,0.00,0.00,0.00,,,,,,,,,,,,,,,,,,,,,,,,,,,,,,,,,,,,,,,,,,,,,,,,,,,,,,,,,,,,,,,,,,,,,,,,,,,,,,,,,,,,,,,,FALSE,0,,,,,,,0.00,0.00,0.00,TRUE,,,,0,,0.00,MT66H58
ACTRAPID 100 I.U (K),ACTRAPID 100 I.U,1,FALSE,FALSE,,,,4794.00,NC,0,0.00,0.00,NC,0,0.00,0.00,NC,0,0.00,0.00,NC,0,0.00,0.00,NC,0,0.00,0.00,NC,0,0.00,0.00,NC,0,0.00,0.00,NC,0,0.00,0.00,NC,0,0.00,0.00,NC,0,0.00,,0,4358.00,1,40516,12316,50716,06/ 22.,11/24,,,FALSE,,,0.00,0.00,,FALSE,,,0.00,0.00,,FALSE,0.00,0.00,0.00,,,,,,,,,,,,,,,,,,,,,,,,,,,,,,,,,,,,,,,,,,,,,,,,,,,,,,,,,,,,,,,,,,,,,,,,,,,,,,,,,,,,,,,,FALSE,0,,,,,,,0.00,0.00,0.00,TRUE,,,,0,,0.00,MT67P20
ACTRAPID 100 I.U (L),ACTRAPID 100 I.U,1,FALSE,FALSE,,,,7932.00,NC,0,0.00,0.00,NC,0,0.00,0.00,NC,0,0.00,0.00,NC,0,0.00,0.00,NC,0,0.00,0.00,NC,0,0.00,0.00,NC,0,0.00,0.00,NC,0,0.00,0.00,NC,0,0.00,0.00,NC,0,0.00,,0,6260.00,1,40516,12316,50716,10/ 22.,03/25..,,,FALSE,,,0.00,0.00,,FALSE,,,0.00,0.00,,FALSE,0.00,0.00,0.00,,,,,,,,,,,,,,,,,,,,,,,,,,,,,,,,,,,,,,,,,,,,,,,,,,,,,,,,,,,,,,,,,,,,,,,,,,,,,,,,,,,,,,,,FALSE,0,,,,,,,0.00,0.00,0.00,TRUE,,,,0,,0.00,NT68N66
ACTRAPID 100 I.U (M),ACTRAPID 100 I.U,1,FALSE,FALSE,,,,15203.00,NC,0,0.00,0.00,NC,0,0.00,0.00,NC,0,0.00,0.00,NC,0,0.00,0.00,NC,0,0.00,0.00,NC,0,0.00,0.00,NC,0,0.00,0.00,NC,0,0.00,0.00,NC,0,0.00,0.00,NC,0,0.00,,0,13821.00,1,40516,12316,50716,"10/ 22.,",03/25..,,,FALSE,,,0.00,0.00,,FALSE,,,0.00,0.00,,FALSE,0.00,0.00,0.00,,,,,,,,,,,,,,,,,,,,,,,,,,,,,,,,,,,,,,,,,,,,,,,,,,,,,,,,,,,,,,,,,,,,,,,,,,,,,,,,,,,,,,,,FALSE,0,,,,,,,0.00,0.00,0.00,TRUE,,,,0,,0.00,NT6AG94
ACTRAPID 100 I.U (N),ACTRAPID 100 I.U,1,FALSE,FALSE,,,,15203.00,NC,0,0.00,0.00,NC,0,0.00,0.00,NC,0,0.00,0.00,NC,0,0.00,0.00,NC,0,0.00,0.00,NC,0,0.00,0.00,NC,0,0.00,0.00,NC,0,0.00,0.00,NC,0,0.00,0.00,NC,0,0.00,,0,12195.00,1,40516,12316,50716,"08/ 23.,",01/26...,,,FALSE,,,0.00,0.00,,FALSE,,,0.00,0.00,,FALSE,0.00,0.00,0.00,,,,,,,,,,,,,,,,,,,,,,,,,,,,,,,,,,,,,,,,,,,,,,,,,,,,,,,,,,,,,,,,,,,,,,,,,,,,,,,,,,,,,,,,FALSE,0,,,,,,,0.00,0.00,0.00,TRUE,,,,0,,0.00,NT6BW72
ACTRAPID 100 I.U (O),ACTRAPID 100 I.U,1,FALSE,FALSE,,,,15203.00,NC,0,0.00,0.00,NC,0,0.00,0.00,NC,0,0.00,0.00,NC,0,0.00,0.00,NC,0,0.00,0.00,NC,0,0.00,0.00,NC,0,0.00,0.00,NC,0,0.00,0.00,NC,0,0.00,0.00,NC,0,0.00,,0,13821.00,1,40516,12316,50716,"10/ 23.,",03/26...,,,FALSE,,,0.00,0.00,,FALSE,,,0.00,0.00,,FALSE,0.00,0.00,0.00,,,,,,,,,,,,,,,,,,,,,,,,,,,,,,,,,,,,,,,,,,,,,,,,,,,,,,,,,,,,,,,,,,,,,,,,,,,,,,,,,,,,,,,,FALSE,0,,,,,,,0.00,0.00,0.00,TRUE,,,,0,,0.00,NT6CG32
ACTRAPID 100 I.U (P),ACTRAPID 100 I.U,1,FALSE,FALSE,,,,15203.00,NC,0,0.00,0.00,NC,0,0.00,0.00,NC,0,0.00,0.00,NC,0,0.00,0.00,NC,0,0.00,0.00,NC,0,0.00,0.00,NC,0,0.00,0.00,NC,0,0.00,0.00,NC,0,0.00,0.00,NC,0,0.00,,0,13162.86,1,40516,12316,50716,"04/ 24.,",09/26...,,,FALSE,,,0.00,0.00,,FALSE,,,0.00,0.00,,FALSE,0.00,0.00,0.00,,,,,,,,,,,,,,,,,,,,,,,,,,,,,,,,,,,,,,,,,,,,,,,,,,,,,,,,,,,,,,,,,,,,,,,,,,,,,,,,,,,,,,,,FALSE,0,,,,,,,0.00,0.00,0.00,TRUE,,,,0,,0.00,PT6EH75
ACTRAPID 100 I.U (Q),ACTRAPID 100 I.U,1,FALSE,FALSE,,,,15203.00,NC,0,0.00,0.00,NC,0,0.00,0.00,NC,0,0.00,0.00,NC,0,0.00,0.00,NC,0,0.00,0.00,NC,0,0.00,0.00,NC,0,0.00,0.00,NC,0,0.00,0.00,NC,0,0.00,0.00,NC,0,0.00,,0,13821.00,1,40516,12316,50716,"09/ 24.,",02/27...,,,FALSE,,,0.00,0.00,,FALSE,,,0.00,0.00,,FALSE,0.00,0.00,0.00,,,,,,,,,,,,,,,,,,,,,,,,,,,,,,,,,,,,,,,,,,,,,,,,,,,,,,,,,,,,,,,,,,,,,,,,,,,,,,,,,,,,,,,,FALSE,0,,,,,,,0.00,0.00,0.00,TRUE,,,,0,,0.00,PT6FS04
ACTRAPID 100 I.U (R),ACTRAPID 100 I.U,1,FALSE,FALSE,,,,15203.00,NC,0,0.00,0.00,NC,0,0.00,0.00,NC,0,0.00,0.00,NC,0,0.00,0.00,NC,0,0.00,0.00,NC,0,0.00,0.00,NC,0,0.00,0.00,NC,0,0.00,0.00,NC,0,0.00,0.00,NC,0,0.00,,0,13821.00,1,40516,12316,50716,"04/ 25.,",09/27...,,,FALSE,,,0.00,0.00,,FALSE,,,0.00,0.00,,FALSE,0.00,0.00,0.00,,,,,,,,,,,,,,,,,,,,,,,,,,,,,,,,,,,,,,,,,,,,,,,,,,,,,,,,,,,,,,,,,,,,,,,,,,,,,,,,,,,,,,,,FALSE,0,,,,,,,0.00,0.00,0.00,TRUE,,,,0,,0.00,RT6JM53
ACTRAPID 100 I.U (S),ACTRAPID 100 I.U,1,FALSE,FALSE,,,,15203.00,NC,0,0.00,0.00,NC,0,0.00,0.00,NC,0,0.00,0.00,NC,0,0.00,0.00,NC,0,0.00,0.00,NC,0,0.00,0.00,NC,0,0.00,0.00,NC,0,0.00,0.00,NC,0,0.00,0.00,NC,0,0.00,,0,12442.00,1,40516,12316,50716,"06/ 25.,",11/27...,,,FALSE,,,0.00,0.00,,FALSE,,,0.00,0.00,,FALSE,0.00,0.00,0.00,,,,,,,,,,,,,,,,,,,,,,,,,,,,,,,,,,,,,,,,,,,,,,,,,,,,,,,,,,,,,,,,,,,,,,,,,,,,,,,,,,,,,,,,FALSE,0,,,,,,,0.00,0.00,0.00,TRUE,,,,0,,0.00,RT6KB76
ACTRAPID 100 I.U (T),ACTRAPID 100 I.U,1,FALSE,FALSE,,,,13687.00,NC,0,0.00,0.00,NC,0,0.00,0.00,NC,0,0.00,0.00,NC,0,0.00,0.00,NC,0,0.00,0.00,NC,0,0.00,0.00,NC,0,0.00,0.00,NC,0,0.00,0.00,NC,0,0.00,0.00,NC,0,0.00,,0,12442.00,1,40516,12316,50716,06/ 25.,11/27..,,,FALSE,,,0.00,0.00,,FALSE,,,0.00,0.00,,FALSE,0.00,0.00,0.00,,,,,,,,,,,,,,,,,,,,,,,,,,,,,,,,,,,,,,,,,,,,,,,,,,,,,,,,,,,,,,,,,,,,,,,,,,,,,,,,,,,,,,,,FALSE,0,,,,,,,0.00,0.00,7.00,TRUE,,,,0,,0.00,RT6KT83
ACTRAPID 100 I.U (U),ACTRAPID 100 I.U,1,FALSE,FALSE,,,,13687.00,NC,0,0.00,0.00,NC,0,0.00,0.00,NC,0,0.00,0.00,NC,0,0.00,0.00,NC,0,0.00,0.00,NC,0,0.00,0.00,NC,0,0.00,0.00,NC,0,0.00,0.00,NC,0,0.00,0.00,NC,0,0.00,,0,12442.00,1,40516,12316,50716,09/ 25.,02/28..,,,FALSE,,,0.00,0.00,,FALSE,,,0.00,0.00,,FALSE,0.00,0.00,0.00,,,,,,,,,,,,,,,,,,,,,,,,,,,,,,,,,,,,,,,,,,,,,,,,,,,,,,,,,,,,,,,,,,,,,,,,,,,,,,,,,,,,,,,,FALSE,0,,,,,,,0.00,0.00,200.00,TRUE,,,,0,,0.00,RT6LN88
ACTRAPID 40 I.U,ACTRAPID 40 I.U,1,FALSE,FALSE,,,,1958.00,NC,0,0.00,0.00,NC,0,0.00,0.00,NC,0,0.00,0.00,NC,0,0.00,0.00,NC,0,0.00,0.00,NC,0,0.00,0.00,NC,0,0.00,0.00,NC,0,0.00,0.00,NC,0,0.00,0.00,NC,0,0.00,,0,1780.00,1,40519,12319,50719,,,,,FALSE,,,0.00,0.00,,FALSE,,,0.00,0.00,,FALSE,0.00,0.00,0.00,,,,,,,,,,,,,,,,,,,,,,,,,,,,,,,,,,,,,,,,,,,,,,,,,,,,,,,,,,,,,,,,,,,,,,,,,,,,,,,,,,,,,,,,FALSE,0,,,,,,,0.00,0.00,0.00,TRUE,,,,0,,0.00,
ACTRAPID Flexpen 100,ACTRAPID Flexpen 100,1,FALSE,FALSE,,,,11501.00,NC,0,0.00,0.00,NC,0,0.00,0.00,NC,0,0.00,0.00,NC,0,0.00,0.00,NC,0,0.00,0.00,NC,0,0.00,0.00,NC,0,0.00,0.00,NC,0,0.00,0.00,NC,0,0.00,0.00,NC,0,0.00,,0,4000.00,1,49300,12349,59700,06/07,11/19,,,FALSE,,,0.00,0.00,,FALSE,,,0.00,0.00,,FALSE,0.00,0.00,0.00,,,,,,,,,,,,,,,,,,,,,,,,,,,,,,,,,,,,,,,,,,,,,,,,,,,,,,,,,,,,,,,,,,,,,,,,,,,,,,,,,,,,,,,,FALSE,0,,,,,,,0.00,0.00,0.00,TRUE,,,,0,,0.00,GP53545
ADACEL POLIO,ADACEL POLIO TDAP/IPV,1,FALSE,FALSE,,,,9796.24,NC,0,0.00,0.00,NC,0,0.00,0.00,NC,0,0.00,0.00,NC,0,0.00,0.00,NC,0,0.00,0.00,NC,0,0.00,0.00,NC,0,0.00,0.00,NC,0,0.00,0.00,NC,0,0.00,0.00,NC,0,0.00,,0,8326.80,1,40000,12000,50000,08/17.,04/20,,,FALSE,,,0.00,0.00,,FALSE,,,0.00,0.00,,FALSE,0.00,0.00,0.00,,,,,,,,,,,,,,,,,,,,,,,,,,,,,,,,,,,,,,,,,,,,,,,,,,,,,,,,,,,,,,,,,,,,,,,,,,,,,,,,,,,,,,,,FALSE,0,,,,,,,0.00,0.00,0.00,TRUE,,,,0,,0.00,P3H661V
ADACEL POLIO(A),ADACEL POLIO TDAP/IPV,1,FALSE,FALSE,,,,9989.82,NC,0,0.00,0.00,NC,0,0.00,0.00,NC,0,0.00,0.00,NC,0,0.00,0.00,NC,0,0.00,0.00,NC,0,0.00,0.00,NC,0,0.00,0.00,NC,0,0.00,0.00,NC,0,0.00,0.00,NC,0,0.00,,0,9121.14,1,40000,12000,50000,09/  17.,05/20,,,FALSE,,,0.00,0.00,,FALSE,,,0.00,0.00,,FALSE,0.00,0.00,0.00,,,,,,,,,,,,,,,,,,,,,,,,,,,,,,,,,,,,,,,,,,,,,,,,,,,,,,,,,,,,,,,,,,,,,,,,,,,,,,,,,,,,,,,,FALSE,0,,,,,,,0.00,0.00,0.00,TRUE,,,,0,,0.00,P3K113V
ADACEL POLIO(B),ADACEL POLIO TDAP/IPV,1,FALSE,FALSE,,,,9989.82,NC,0,0.00,0.00,NC,0,0.00,0.00,NC,0,0.00,0.00,NC,0,0.00,0.00,NC,0,0.00,0.00,NC,0,0.00,0.00,NC,0,0.00,0.00,NC,0,0.00,0.00,NC,0,0.00,0.00,NC,0,0.00,,0,9121.14,1,40000,12000,50000,,09/21,,,FALSE,,,0.00,0.00,,FALSE,,,0.00,0.00,,FALSE,0.00,0.00,0.00,,,,,,,,,,,,,,,,,,,,,,,,,,,,,,,,,,,,,,,,,,,,,,,,,,,,,,,,,,,,,,,,,,,,,,,,,,,,,,,,,,,,,,,,FALSE,0,,,,,,,0.00,0.00,0.00,TRUE,,,,0,,0.00,T3A155V
ADACEL POLIO(C),ADACEL POLIO TDAP/IPV,1,FALSE,FALSE,,,,9989.82,NC,0,0.00,0.00,NC,0,0.00,0.00,NC,0,0.00,0.00,NC,0,0.00,0.00,NC,0,0.00,0.00,NC,0,0.00,0.00,NC,0,0.00,0.00,NC,0,0.00,0.00,NC,0,0.00,0.00,NC,0,0.00,,0,8686.80,1,40000,12000,50000,07/19,01/22,,,FALSE,,,0.00,0.00,,FALSE,,,0.00,0.00,,FALSE,0.00,0.00,0.00,,,,,,,,,,,,,,,,,,,,,,,,,,,,,,,,,,,,,,,,,,,,,,,,,,,,,,,,,,,,,,,,,,,,,,,,,,,,,,,,,,,,,,,,FALSE,0,,,,,,,0.00,0.00,0.00,TRUE,,,,0,,0.00,T3G36IV
ADACEL POLIO(D),ADACEL POLIO TDAP/IPV,1,FALSE,FALSE,,,,10005.00,NC,0,0.00,0.00,NC,0,0.00,0.00,NC,0,0.00,0.00,NC,0,0.00,0.00,NC,0,0.00,0.00,NC,0,0.00,0.00,NC,0,0.00,0.00,NC,0,0.00,0.00,NC,0,0.00,0.00,NC,0,0.00,,0,8686.80,1,40000,12000,50000,09//19,03//22,,,FALSE,,,0.00,0.00,,FALSE,,,0.00,0.00,,FALSE,0.00,0.00,0.00,,,,,,,,,,,,,,,,,,,,,,,,,,,,,,,,,,,,,,,,,,,,,,,,,,,,,,,,,,,,,,,,,,,,,,,,,,,,,,,,,,,,,,,,FALSE,0,,,,,,,0.00,0.00,0.00,TRUE,,,,0,,0.00,T3J953V
ADACEL POLIO(E),ADACEL POLIO TDAP/IPV,1,FALSE,FALSE,,,,10005.00,NC,0,0.00,0.00,NC,0,0.00,0.00,NC,0,0.00,0.00,NC,0,0.00,0.00,NC,0,0.00,0.00,NC,0,0.00,0.00,NC,0,0.00,0.00,NC,0,0.00,0.00,NC,0,0.00,0.00,NC,0,0.00,,0,8686.80,1,40000,12000,50000,,08/22,,,FALSE,,,0.00,0.00,,FALSE,,,0.00,0.00,,FALSE,0.00,0.00,0.00,,,,,,,,,,,,,,,,,,,,,,,,,,,,,,,,,,,,,,,,,,,,,,,,,,,,,,,,,,,,,,,,,,,,,,,,,,,,,,,,,,,,,,,,FALSE,0,,,,,,,0.00,0.00,0.00,TRUE,,,,0,,0.00,T3M884V
ADACEL POLIO(F),ADACEL POLIO TDAP/IPV,1,FALSE,FALSE,,,,11484.00,NC,0,0.00,0.00,NC,0,0.00,0.00,NC,0,0.00,0.00,NC,0,0.00,0.00,NC,0,0.00,0.00,NC,0,0.00,0.00,NC,0,0.00,0.00,NC,0,0.00,0.00,NC,0,0.00,0.00,NC,0,0.00,,0,8700.00,1,40000,12000,50000,11//19..,10/22..,,,FALSE,,,0.00,0.00,,FALSE,,,0.00,0.00,,FALSE,0.00,0.00,0.00,,,,,,,,,,,,,,,,,,,,,,,,,,,,,,,,,,,,,,,,,,,,,,,,,,,,,,,,,,,,,,,,,,,,,,,,,,,,,,,,,,,,,,,,FALSE,0,,,,,,,0.00,0.00,0.00,TRUE,,,,0,,0.00,U3C041V
ADACEL POLIO(G),ADACEL POLIO TDAP/IPV,1,FALSE,FALSE,,,,12348.00,NC,0,0.00,0.00,NC,0,0.00,0.00,NC,0,0.00,0.00,NC,0,0.00,0.00,NC,0,0.00,0.00,NC,0,0.00,0.00,NC,0,0.00,0.00,NC,0,0.00,0.00,NC,0,0.00,0.00,NC,0,0.00,,0,9570.00,1,40000,12000,50000,,01/23,,,FALSE,,,0.00,0.00,,FALSE,,,0.00,0.00,,FALSE,0.00,0.00,0.00,,,,,,,,,,,,,,,,,,,,,,,,,,,,,,,,,,,,,,,,,,,,,,,,,,,,,,,,,,,,,,,,,,,,,,,,,,,,,,,,,,,,,,,,FALSE,0,,,,,,,0.00,0.00,0.00,TRUE,,,,0,,0.00,U3E115V
ADACEL POLIO(H),ADACEL POLIO TDAP/IPV,1,FALSE,FALSE,,,,16330.00,NC,0,0.00,0.00,NC,0,0.00,0.00,NC,0,0.00,0.00,NC,0,0.00,0.00,NC,0,0.00,0.00,NC,0,0.00,0.00,NC,0,0.00,0.00,NC,0,0.00,0.00,NC,0,0.00,0.00,NC,0,0.00,,0,10290.00,1,40546,12346,50746,06/21.,03/24..,,,FALSE,,,0.00,0.00,,FALSE,,,0.00,0.00,,FALSE,0.00,0.00,0.00,,,,,,,,,,,,,,,,,,,,,,,,,,,,,,,,,,,,,,,,,,,,,,,,,,,,,,,,,,,,,,,,,,,,,,,,,,,,,,,,,,,,,,,,FALSE,0,,,,,,,0.00,0.00,0.00,TRUE,,,,0,,0.00,V3G815V
ADACEL POLIO(I),ADACEL POLIO TDAP/IPV,1,FALSE,FALSE,,,,23814.00,NC,0,0.00,0.00,NC,0,0.00,0.00,NC,0,0.00,0.00,NC,0,0.00,0.00,NC,0,0.00,0.00,NC,0,0.00,0.00,NC,0,0.00,0.00,NC,0,0.00,0.00,NC,0,0.00,0.00,NC,0,0.00,,0,10290.00,1,40546,12346,50746,04/21.,03/24..,,,FALSE,,,0.00,0.00,,FALSE,,,0.00,0.00,,FALSE,0.00,0.00,0.00,,,,,,,,,,,,,,,,,,,,,,,,,,,,,,,,,,,,,,,,,,,,,,,,,,,,,,,,,,,,,,,,,,,,,,,,,,,,,,,,,,,,,,,,FALSE,0,,,,,,,0.00,0.00,0.00,TRUE,,,,0,,0.00,V3G8110V
ADACEL POLIO(J),ADACEL POLIO TDAP/IPV,1,FALSE,FALSE,,,,34181.00,NC,0,0.00,0.00,NC,0,0.00,0.00,NC,0,0.00,0.00,NC,0,0.00,0.00,NC,0,0.00,0.00,NC,0,0.00,0.00,NC,0,0.00,0.00,NC,0,0.00,0.00,NC,0,0.00,0.00,NC,0,0.00,,0,29431.08,1,40546,12346,50746,,01/26..,,,FALSE,,,0.00,0.00,,FALSE,,,0.00,0.00,,FALSE,0.00,0.00,0.00,,,,,,,,,,,,,,,,,,,,,,,,,,,,,,,,,,,,,,,,,,,,,,,,,,,,,,,,,,,,,,,,,,,,,,,,,,,,,,,,,,,,,,,,FALSE,0,,,,,,,0.00,0.00,0.00,TRUE,,,,0,,0.00,W3D59IV
ADACEL POLIO(K),ADACEL POLIO TDAP/IPV,1,FALSE,FALSE,,,,34622.58,NC,0,0.00,0.00,NC,0,0.00,0.00,NC,0,0.00,0.00,NC,0,0.00,0.00,NC,0,0.00,0.00,NC,0,0.00,0.00,NC,0,0.00,0.00,NC,0,0.00,0.00,NC,0,0.00,0.00,NC,0,0.00,,0,29458.45,1,40546,12346,50746,,05/26...,,,FALSE,,,0.00,0.00,,FALSE,,,0.00,0.00,,FALSE,0.00,0.00,0.00,,,,,,,,,,,,,,,,,,,,,,,,,,,,,,,,,,,,,,,,,,,,,,,,,,,,,,,,,,,,,,,,,,,,,,,,,,,,,,,,,,,,,,,,FALSE,0,,,,,,,0.00,0.00,0.00,TRUE,,,,0,,0.00,W3G464V
ADACEL POLIO(L),ADACEL POLIO TDAP/IPV,1,FALSE,FALSE,,,,34622.58,NC,0,0.00,0.00,NC,0,0.00,0.00,NC,0,0.00,0.00,NC,0,0.00,0.00,NC,0,0.00,0.00,NC,0,0.00,0.00,NC,0,0.00,0.00,NC,0,0.00,0.00,NC,0,0.00,0.00,NC,0,0.00,,0,29431.08,1,40546,12346,50746,12/23.,11/27...,,,FALSE,,,0.00,0.00,,FALSE,,,0.00,0.00,,FALSE,0.00,0.00,0.00,,,,,,,,,,,,,,,,,,,,,,,,,,,,,,,,,,,,,,,,,,,,,,,,,,,,,,,,,,,,,,,,,,,,,,,,,,,,,,,,,,,,,,,,FALSE,0,,,,,,,0.00,0.00,0.00,TRUE,,,,0,,0.00,Y3C00D5
ADACEL POLIO(M),ADACEL POLIO TDAP/IPV,1,FALSE,FALSE,,,,34622.58,NC,0,0.00,0.00,NC,0,0.00,0.00,NC,0,0.00,0.00,NC,0,0.00,0.00,NC,0,0.00,0.00,NC,0,0.00,0.00,NC,0,0.00,0.00,NC,0,0.00,0.00,NC,0,0.00,0.00,NC,0,0.00,,0,23994.00,1,40546,12346,50746,07/24...,06/28...,,,FALSE,,,0.00,0.00,,FALSE,,,0.00,0.00,,FALSE,0.00,0.00,0.00,,,,,,,,,,,,,,,,,,,,,,,,,,,,,,,,,,,,,,,,,,,,,,,,,,,,,,,,,,,,,,,,,,,,,,,,,,,,,,,,,,,,,,,,FALSE,0,,,,,,,0.00,0.00,155.00,TRUE,,,,0,,0.00,Y3H62D3
AMARYL 1MG TAB,AMARYL 1MG TAB,1,FALSE,FALSE,,,,1531.00,NC,0,0.00,0.00,NC,0,0.00,0.00,NC,0,0.00,0.00,NC,0,0.00,0.00,NC,0,0.00,0.00,NC,0,0.00,0.00,NC,0,0.00,0.00,NC,0,0.00,0.00,NC,0,0.00,0.00,NC,0,0.00,,0,970.00,1,40542,12342,50742,05 / 18,04/21,,,FALSE,,,0.00,0.00,,FALSE,,,0.00,0.00,,FALSE,0.00,0.00,0.00,,,,,,,,,,,,,,,,,,,,,,,,,,,,,,,,,,,,,,,,,,,,,,,,,,,,,,,,,,,,,,,,,,,,,,,,,,,,,,,,,,,,,,,,FALSE,0,,,,,,,0.00,0.00,0.00,TRUE,,,,0,,0.00,U629
AMARYL 2MG TABS,AMARYL 2MG TABS,1,FALSE,FALSE,,,,2937.00,NC,0,0.00,0.00,NC,0,0.00,0.00,NC,0,0.00,0.00,NC,0,0.00,0.00,NC,0,0.00,0.00,NC,0,0.00,0.00,NC,0,0.00,0.00,NC,0,0.00,0.00,NC,0,0.00,0.00,NC,0,0.00,,0,1875.00,1,40542,12342,50742,07/18,06/21,,,FALSE,,,0.00,0.00,,FALSE,,,0.00,0.00,,FALSE,0.00,0.00,0.00,,,,,,,,,,,,,,,,,,,,,,,,,,,,,,,,,,,,,,,,,,,,,,,,,,,,,,,,,,,,,,,,,,,,,,,,,,,,,,,,,,,,,,,,FALSE,0,,,,,,,0.00,0.00,0.00,TRUE,,,,0,,0.00,U718
AMARYL 2MG TABS(A),AMARYL 2MG TABS,1,FALSE,FALSE,,,,2595.00,NC,0,0.00,0.00,NC,0,0.00,0.00,NC,0,0.00,0.00,NC,0,0.00,0.00,NC,0,0.00,0.00,NC,0,0.00,0.00,NC,0,0.00,0.00,NC,0,0.00,0.00,NC,0,0.00,0.00,NC,0,0.00,,0,2416.75,1,40542,12342,50742,05/20..,03/23,,,FALSE,,,0.00,0.00,,FALSE,,,0.00,0.00,,FALSE,0.00,0.00,0.00,,,,,,,,,,,,,,,,,,,,,,,,,,,,,,,,,,,,,,,,,,,,,,,,,,,,,,,,,,,,,,,,,,,,,,,,,,,,,,,,,,,,,,,,FALSE,0,,,,,,,0.00,0.00,0.00,TRUE,,,,0,,0.00,OU005
AMARYL 2MG TABS(B),AMARYL 2MG TABS,1,FALSE,FALSE,,,,2595.00,NC,0,0.00,0.00,NC,0,0.00,0.00,NC,0,0.00,0.00,NC,0,0.00,0.00,NC,0,0.00,0.00,NC,0,0.00,0.00,NC,0,0.00,0.00,NC,0,0.00,0.00,NC,0,0.00,0.00,NC,0,0.00,,0,4168.70,1,40542,12342,50742,10/22..,09/25,,,FALSE,,,0.00,0.00,,FALSE,,,0.00,0.00,,FALSE,0.00,0.00,0.00,,,,,,,,,,,,,,,,,,,,,,,,,,,,,,,,,,,,,,,,,,,,,,,,,,,,,,,,,,,,,,,,,,,,,,,,,,,,,,,,,,,,,,,,FALSE,0,,,,,,,0.00,0.00,0.00,TRUE,,,,0,,0.00,2U003
AMARYL 3MG TABS 2X15,AMARYL 3MG TABS 2X15,1,FALSE,FALSE,,,,2938.00,NC,0,0.00,0.00,NC,0,0.00,0.00,NC,0,0.00,0.00,NC,0,0.00,0.00,NC,0,0.00,0.00,NC,0,0.00,0.00,NC,0,0.00,0.00,NC,0,0.00,0.00,NC,0,0.00,0.00,NC,0,0.00,,0,2591.00,1,40542,12342,50742,03 / 18,02/21,,,FALSE,,,0.00,0.00,,FALSE,,,0.00,0.00,,FALSE,0.00,0.00,0.00,,,,,,,,,,,,,,,,,,,,,,,,,,,,,,,,,,,,,,,,,,,,,,,,,,,,,,,,,,,,,,,,,,,,,,,,,,,,,,,,,,,,,,,,FALSE,0,,,,,,,0.00,0.00,0.00,TRUE,,,,0,,0.00,1U717
AMARYL 4MG TABS,AMARYL 4MG TABS,1,FALSE,FALSE,,,,4791.00,NC,0,0.00,0.00,NC,0,0.00,0.00,NC,0,0.00,0.00,NC,0,0.00,0.00,NC,0,0.00,0.00,NC,0,0.00,0.00,NC,0,0.00,0.00,NC,0,0.00,0.00,NC,0,0.00,0.00,NC,0,0.00,,0,3140.00,1,40542,12342,50742,11/16,10/19,,,FALSE,,,0.00,0.00,,FALSE,,,0.00,0.00,,FALSE,0.00,0.00,0.00,,,,,,,,,,,,,,,,,,,,,,,,,,,,,,,,,,,,,,,,,,,,,,,,,,,,,,,,,,,,,,,,,,,,,,,,,,,,,,,,,,,,,,,,FALSE,0,,,,,,,0.00,0.00,0.00,TRUE,,,,0,,0.00,N674
AMARYL 4MG TABS (A),AMARYL 4MG TABS,1,FALSE,FALSE,,,,4521.00,NC,0,0.00,0.00,NC,0,0.00,0.00,NC,0,0.00,0.00,NC,0,0.00,0.00,NC,0,0.00,0.00,NC,0,0.00,0.00,NC,0,0.00,0.00,NC,0,0.00,0.00,NC,0,0.00,0.00,NC,0,0.00,,0,3600.00,1,40542,12342,50742,04/16,03/21,,,FALSE,,,0.00,0.00,,FALSE,,,0.00,0.00,,FALSE,0.00,0.00,0.00,,,,,,,,,,,,,,,,,,,,,,,,,,,,,,,,,,,,,,,,,,,,,,,,,,,,,,,,,,,,,,,,,,,,,,,,,,,,,,,,,,,,,,,,FALSE,0,,,,,,,0.00,0.00,0.00,TRUE,,,,0,,0.00,U704
AMARYL 4MG TABS (B),AMARYL 4MG TABS,1,FALSE,FALSE,,,,4521.00,NC,0,0.00,0.00,NC,0,0.00,0.00,NC,0,0.00,0.00,NC,0,0.00,0.00,NC,0,0.00,0.00,NC,0,0.00,0.00,NC,0,0.00,0.00,NC,0,0.00,0.00,NC,0,0.00,0.00,NC,0,0.00,,0,3954.17,1,40542,12342,50742,06//20...,05//23,,,FALSE,,,0.00,0.00,,FALSE,,,0.00,0.00,,FALSE,0.00,0.00,0.00,,,,,,,,,,,,,,,,,,,,,,,,,,,,,,,,,,,,,,,,,,,,,,,,,,,,,,,,,,,,,,,,,,,,,,,,,,,,,,,,,,,,,,,,FALSE,0,,,,,,,0.00,0.00,0.00,TRUE,,,,0,,0.00,0U005.
AMARYL MG TABS,AMARYL 2MG TABS,1,FALSE,FALSE,,,,2595.00,NC,0,0.00,0.00,NC,0,0.00,0.00,NC,0,0.00,0.00,NC,0,0.00,0.00,NC,0,0.00,0.00,NC,0,0.00,0.00,NC,0,0.00,0.00,NC,0,0.00,0.00,NC,0,0.00,0.00,NC,0,0.00,,0,2355.00,1,40542,12342,50742,,,,,FALSE,,,0.00,0.00,,FALSE,,,0.00,0.00,,FALSE,0.00,0.00,0.00,,,,,,,,,,,,,,,,,,,,,,,,,,,,,,,,,,,,,,,,,,,,,,,,,,,,,,,,,,,,,,,,,,,,,,,,,,,,,,,,,,,,,,,,FALSE,0,,,,,,,0.00,0.00,0.00,TRUE,,,,0,,0.00,
Androgel 1.62% (A),Androgel 1.62% Pump(A),1,FALSE,FALSE,,,,43700.00,NC,0,0.00,0.00,NC,0,0.00,0.00,NC,0,0.00,0.00,NC,0,0.00,0.00,NC,0,0.00,0.00,NC,0,0.00,0.00,NC,0,0.00,0.00,NC,0,0.00,0.00,NC,0,0.00,0.00,NC,0,0.00,,0,38000.00,1,49901,12357,59904,05/24,05/27...,,,FALSE,,,0.00,0.00,,FALSE,,,0.00,0.00,,FALSE,0.00,0.00,0.00,,,,,,,,,,,,,,,,,,,,,,,,,,,,,,,,,,,,,,,,,,,,,,,,,,,,,,,,,,,,,,,,,,,,,,,,,,,,,,,,,,,,,,,,FALSE,0,,,,,,,0.00,0.00,0.00,TRUE,,,,0,,0.00,91813
Androgel 1.62% Pump,Androgel 1.62% Pump,1,FALSE,FALSE,,,,40250.00,NC,0,0.00,0.00,NC,0,0.00,0.00,NC,0,0.00,0.00,NC,0,0.00,0.00,NC,0,0.00,0.00,NC,0,0.00,0.00,NC,0,0.00,0.00,NC,0,0.00,0.00,NC,0,0.00,0.00,NC,0,0.00,,0,35000.00,1,49901,12357,59904,01/23,01/26...,,,FALSE,,,0.00,0.00,,FALSE,,,0.00,0.00,,FALSE,0.00,0.00,0.00,,,,,,,,,,,,,,,,,,,,,,,,,,,,,,,,,,,,,,,,,,,,,,,,,,,,,,,,,,,,,,,,,,,,,,,,,,,,,,,,,,,,,,,,FALSE,0,,,,,,,0.00,0.00,0.00,TRUE,,,,0,,0.00,91640
APIDRA SOLOSTAR,APIDRA SOLOSTAR 300IU 3ML,1,FALSE,FALSE,,,,13288.00,NC,0,0.00,0.00,NC,0,0.00,0.00,NC,0,0.00,0.00,NC,0,0.00,0.00,NC,0,0.00,0.00,NC,0,0.00,0.00,NC,0,0.00,0.00,NC,0,0.00,0.00,NC,0,0.00,0.00,NC,0,0.00,,0,9687.04,1,40543,12343,50743,11/17,10/19,,,FALSE,,,0.00,0.00,,FALSE,,,0.00,0.00,,FALSE,0.00,0.00,0.00,,,,,,,,,,,,,,,,,,,,,,,,,,,,,,,,,,,,,,,,,,,,,,,,,,,,,,,,,,,,,,,,,,,,,,,,,,,,,,,,,,,,,,,,FALSE,0,,,,,,,0.00,0.00,0.00,TRUE,,,,0,,0.00,8F288A
APIDRA SOLOSTAR(A),APIDRA SOLOSTAR 300IU 3ML,1,FALSE,FALSE,,,,13288.00,NC,0,0.00,0.00,NC,0,0.00,0.00,NC,0,0.00,0.00,NC,0,0.00,0.00,NC,0,0.00,0.00,NC,0,0.00,0.00,NC,0,0.00,0.00,NC,0,0.00,0.00,NC,0,0.00,0.00,NC,0,0.00,,0,9687.04,1,40543,12343,50743,07/ 17,07/20,,,FALSE,,,0.00,0.00,,FALSE,,,0.00,0.00,,FALSE,0.00,0.00,0.00,,,,,,,,,,,,,,,,,,,,,,,,,,,,,,,,,,,,,,,,,,,,,,,,,,,,,,,,,,,,,,,,,,,,,,,,,,,,,,,,,,,,,,,,FALSE,0,,,,,,,0.00,0.00,0.00,TRUE,,,,0,,0.00,8F619A
APIDRA SOLOSTAR(B),APIDRA SOLOSTAR 300IU 3ML,1,FALSE,FALSE,,,,13288.00,NC,0,0.00,0.00,NC,0,0.00,0.00,NC,0,0.00,0.00,NC,0,0.00,0.00,NC,0,0.00,0.00,NC,0,0.00,0.00,NC,0,0.00,0.00,NC,0,0.00,0.00,NC,0,0.00,0.00,NC,0,0.00,,0,10342.00,1,40543,12343,50743,07 / 18,06/20,,,FALSE,,,0.00,0.00,,FALSE,,,0.00,0.00,,FALSE,0.00,0.00,0.00,,,,,,,,,,,,,,,,,,,,,,,,,,,,,,,,,,,,,,,,,,,,,,,,,,,,,,,,,,,,,,,,,,,,,,,,,,,,,,,,,,,,,,,,FALSE,0,,,,,,,0.00,0.00,0.00,TRUE,,,,0,,0.00,8F649A
APIDRA SOLOSTAR(C),APIDRA SOLOSTAR 300IU 3ML,1,FALSE,FALSE,,,,13288.00,NC,0,0.00,0.00,NC,0,0.00,0.00,NC,0,0.00,0.00,NC,0,0.00,0.00,NC,0,0.00,0.00,NC,0,0.00,0.00,NC,0,0.00,0.00,NC,0,0.00,0.00,NC,0,0.00,0.00,NC,0,0.00,,0,9687.04,1,40543,12343,50743,10  /18,09/20,,,FALSE,,,0.00,0.00,,FALSE,,,0.00,0.00,,FALSE,0.00,0.00,0.00,,,,,,,,,,,,,,,,,,,,,,,,,,,,,,,,,,,,,,,,,,,,,,,,,,,,,,,,,,,,,,,,,,,,,,,,,,,,,,,,,,,,,,,,FALSE,0,,,,,,,0.00,0.00,0.00,TRUE,,,,0,,0.00,9F706A
APIDRA SOLOSTAR(D),APIDRA SOLOSTAR 300IU 3ML,1,FALSE,FALSE,,,,13288.00,NC,0,0.00,0.00,NC,0,0.00,0.00,NC,0,0.00,0.00,NC,0,0.00,0.00,NC,0,0.00,0.00,NC,0,0.00,0.00,NC,0,0.00,0.00,NC,0,0.00,0.00,NC,0,0.00,0.00,NC,0,0.00,,0,12080.00,1,40543,12343,50743,12  /18..,11/20,,,FALSE,,,0.00,0.00,,FALSE,,,0.00,0.00,,FALSE,0.00,0.00,0.00,,,,,,,,,,,,,,,,,,,,,,,,,,,,,,,,,,,,,,,,,,,,,,,,,,,,,,,,,,,,,,,,,,,,,,,,,,,,,,,,,,,,,,,,FALSE,0,,,,,,,0.00,0.00,0.00,TRUE,,,,0,,0.00,9F748B
APIDRA SOLOSTAR(E),APIDRA SOLOSTAR 300IU 3ML,1,FALSE,FALSE,,,,14618.00,NC,0,0.00,0.00,NC,0,0.00,0.00,NC,0,0.00,0.00,NC,0,0.00,0.00,NC,0,0.00,0.00,NC,0,0.00,0.00,NC,0,0.00,0.00,NC,0,0.00,0.00,NC,0,0.00,0.00,NC,0,0.00,,0,12080.00,1,40543,12343,50743,11/ 19..,10/21,,,FALSE,,,0.00,0.00,,FALSE,,,0.00,0.00,,FALSE,0.00,0.00,0.00,,,,,,,,,,,,,,,,,,,,,,,,,,,,,,,,,,,,,,,,,,,,,,,,,,,,,,,,,,,,,,,,,,,,,,,,,,,,,,,,,,,,,,,,FALSE,0,,,,,,,0.00,0.00,0.00,TRUE,,,,0,,0.00,OF020A
APIDRA SOLOSTAR(F),APIDRA SOLOSTAR 300IU 3ML,1,FALSE,FALSE,,,,14618.00,NC,0,0.00,0.00,NC,0,0.00,0.00,NC,0,0.00,0.00,NC,0,0.00,0.00,NC,0,0.00,0.00,NC,0,0.00,0.00,NC,0,0.00,0.00,NC,0,0.00,0.00,NC,0,0.00,0.00,NC,0,0.00,,0,11295.09,1,40543,12343,50743,09//20,08/22,,,FALSE,,,0.00,0.00,,FALSE,,,0.00,0.00,,FALSE,0.00,0.00,0.00,,,,,,,,,,,,,,,,,,,,,,,,,,,,,,,,,,,,,,,,,,,,,,,,,,,,,,,,,,,,,,,,,,,,,,,,,,,,,,,,,,,,,,,,FALSE,0,,,,,,,0.00,0.00,0.00,TRUE,,,,0,,0.00,OF239A
APIDRA SOLOSTAR(G),APIDRA SOLOSTAR 300IU 3ML,1,FALSE,FALSE,,,,19153.00,NC,0,0.00,0.00,NC,0,0.00,0.00,NC,0,0.00,0.00,NC,0,0.00,0.00,NC,0,0.00,0.00,NC,0,0.00,0.00,NC,0,0.00,0.00,NC,0,0.00,0.00,NC,0,0.00,0.00,NC,0,0.00,,0,14800.00,1,40543,12343,50743,02//22,01/24...,,,FALSE,,,0.00,0.00,,FALSE,,,0.00,0.00,,FALSE,0.00,0.00,0.00,,,,,,,,,,,,,,,,,,,,,,,,,,,,,,,,,,,,,,,,,,,,,,,,,,,,,,,,,,,,,,,,,,,,,,,,,,,,,,,,,,,,,,,,FALSE,0,,,,,,,0.00,0.00,0.00,TRUE,,,,0,,0.00,2F611A
APROVASC 150MG/10(A),APROVASC 150MG/10MG,1,FALSE,FALSE,,,,6036.00,NC,0,0.00,0.00,NC,0,0.00,0.00,NC,0,0.00,0.00,NC,0,0.00,0.00,NC,0,0.00,0.00,NC,0,0.00,0.00,NC,0,0.00,0.00,NC,0,0.00,0.00,NC,0,0.00,0.00,NC,0,0.00,,0,5177.00,1,40541,12341,50741,10 /18,09/21,,,FALSE,,,0.00,0.00,,FALSE,,,0.00,0.00,,FALSE,0.00,0.00,0.00,,,,,,,,,,,,,,,,,,,,,,,,,,,,,,,,,,,,,,,,,,,,,,,,,,,,,,,,,,,,,,,,,,,,,,,,,,,,,,,,,,,,,,,,FALSE,0,,,,,,,0.00,0.00,0.00,TRUE,,,,0,,0.00,8MXA003
APROVASC 150MG/10MG,APROVASC 150MG/10mg(B),1,FALSE,FALSE,,,,6036.00,NC,0,0.00,0.00,NC,0,0.00,0.00,NC,0,0.00,0.00,NC,0,0.00,0.00,NC,0,0.00,0.00,NC,0,0.00,0.00,NC,0,0.00,0.00,NC,0,0.00,0.00,NC,0,0.00,0.00,NC,0,0.00,,0,21650.00,1,40541,12341,50741,"08/23,",07/26...,,,FALSE,,,0.00,0.00,,FALSE,,,0.00,0.00,,FALSE,0.00,0.00,0.00,,,,,,,,,,,,,,,,,,,,,,,,,,,,,,,,,,,,,,,,,,,,,,,,,,,,,,,,,,,,,,,,,,,,,,,,,,,,,,,,,,,,,,,,FALSE,0,,,,,,,0.00,0.00,0.00,TRUE,,,,0,,0.00,DMXA001
APROVASC 150MG/5MG,APROVASC 150MG/5MG,1,FALSE,FALSE,,,,5175.00,NC,0,0.00,0.00,NC,0,0.00,0.00,NC,0,0.00,0.00,NC,0,0.00,0.00,NC,0,0.00,0.00,NC,0,0.00,0.00,NC,0,0.00,0.00,NC,0,0.00,0.00,NC,0,0.00,0.00,NC,0,0.00,,0,4704.00,1,40541,12341,50741,06/18,05/21,,,FALSE,,,0.00,0.00,,FALSE,,,0.00,0.00,,FALSE,0.00,0.00,0.00,,,,,,,,,,,,,,,,,,,,,,,,,,,,,,,,,,,,,,,,,,,,,,,,,,,,,,,,,,,,,,,,,,,,,,,,,,,,,,,,,,,,,,,,FALSE,0,,,,,,,0.00,0.00,0.00,TRUE,,,,0,,0.00,8MXA004
APROVASC 300MG/10MG,APROVASC 300MG/10/28MG,1,FALSE,FALSE,,,,6100.00,NC,0,0.00,0.00,NC,0,0.00,0.00,NC,0,0.00,0.00,NC,0,0.00,0.00,NC,0,0.00,0.00,NC,0,0.00,0.00,NC,0,0.00,0.00,NC,0,0.00,0.00,NC,0,0.00,0.00,NC,0,0.00,,0,5545.00,1,40541,12341,50741,07/17..,06/20,,,FALSE,,,0.00,0.00,,FALSE,,,0.00,0.00,,FALSE,0.00,0.00,0.00,,,,,,,,,,,,,,,,,,,,,,,,,,,,,,,,,,,,,,,,,,,,,,,,,,,,,,,,,,,,,,,,,,,,,,,,,,,,,,,,,,,,,,,,FALSE,0,,,,,,,0.00,0.00,0.00,TRUE,,,,0,,0.00,7MXA005.
APROVASC 300MG/5MG,APROVASC 300MG/5MG,1,FALSE,FALSE,,,,5690.00,NC,0,0.00,0.00,NC,0,0.00,0.00,NC,0,0.00,0.00,NC,0,0.00,0.00,NC,0,0.00,0.00,NC,0,0.00,0.00,NC,0,0.00,0.00,NC,0,0.00,0.00,NC,0,0.00,0.00,NC,0,0.00,,0,4789.00,1,40541,12341,50741,,,,,FALSE,,,0.00,0.00,,FALSE,,,0.00,0.00,,FALSE,0.00,0.00,0.00,,,,,,,,,,,,,,,,,,,,,,,,,,,,,,,,,,,,,,,,,,,,,,,,,,,,,,,,,,,,,,,,,,,,,,,,,,,,,,,,,,,,,,,,FALSE,0,,,,,,,0.00,0.00,0.00,TRUE,,,,0,,0.00,
APROVASC300MG/10M(A),APROVASC 300MG/10/28MG,1,FALSE,FALSE,,,,6100.00,NC,0,0.00,0.00,NC,0,0.00,0.00,NC,0,0.00,0.00,NC,0,0.00,0.00,NC,0,0.00,0.00,NC,0,0.00,0.00,NC,0,0.00,0.00,NC,0,0.00,0.00,NC,0,0.00,0.00,NC,0,0.00,,0,5545.00,1,40541,12341,50741,07/17 .,06/20,,,FALSE,,,0.00,0.00,,FALSE,,,0.00,0.00,,FALSE,0.00,0.00,0.00,,,,,,,,,,,,,,,,,,,,,,,,,,,,,,,,,,,,,,,,,,,,,,,,,,,,,,,,,,,,,,,,,,,,,,,,,,,,,,,,,,,,,,,,FALSE,0,,,,,,,0.00,0.00,0.00,TRUE,,,,0,,0.00,7MXA005
APROVASC300MG/10M(B),APROVASC 300MG/10/28MG,1,FALSE,FALSE,,,,6100.00,NC,0,0.00,0.00,NC,0,0.00,0.00,NC,0,0.00,0.00,NC,0,0.00,0.00,NC,0,0.00,0.00,NC,0,0.00,0.00,NC,0,0.00,0.00,NC,0,0.00,0.00,NC,0,0.00,0.00,NC,0,0.00,,0,5545.00,1,40541,12341,50741,08/17 .,07/20,,,FALSE,,,0.00,0.00,,FALSE,,,0.00,0.00,,FALSE,0.00,0.00,0.00,,,,,,,,,,,,,,,,,,,,,,,,,,,,,,,,,,,,,,,,,,,,,,,,,,,,,,,,,,,,,,,,,,,,,,,,,,,,,,,,,,,,,,,,FALSE,0,,,,,,,0.00,0.00,0.00,TRUE,,,,0,,0.00,7MXA008
APROVASC300MG/10M(D),APROVASC 300MG/10/28MG,1,FALSE,FALSE,,,,7522.00,NC,0,0.00,0.00,NC,0,0.00,0.00,NC,0,0.00,0.00,NC,0,0.00,0.00,NC,0,0.00,0.00,NC,0,0.00,0.00,NC,0,0.00,0.00,NC,0,0.00,0.00,NC,0,0.00,0.00,NC,0,0.00,,0,5545.00,1,40541,12341,50741,10/  18,09/21,,,FALSE,,,0.00,0.00,,FALSE,,,0.00,0.00,,FALSE,0.00,0.00,0.00,,,,,,,,,,,,,,,,,,,,,,,,,,,,,,,,,,,,,,,,,,,,,,,,,,,,,,,,,,,,,,,,,,,,,,,,,,,,,,,,,,,,,,,,FALSE,0,,,,,,,0.00,0.00,0.00,TRUE,,,,0,,0.00,8MXA010
APROVASC300MG/10M(E),APROVASC 300MG/10/28MG,1,FALSE,FALSE,,,,7522.00,NC,0,0.00,0.00,NC,0,0.00,0.00,NC,0,0.00,0.00,NC,0,0.00,0.00,NC,0,0.00,0.00,NC,0,0.00,0.00,NC,0,0.00,0.00,NC,0,0.00,0.00,NC,0,0.00,0.00,NC,0,0.00,,0,6838.00,1,40541,12341,50741,11/ 21,10/24..,,,FALSE,,,0.00,0.00,,FALSE,,,0.00,0.00,,FALSE,0.00,0.00,0.00,,,,,,,,,,,,,,,,,,,,,,,,,,,,,,,,,,,,,,,,,,,,,,,,,,,,,,,,,,,,,,,,,,,,,,,,,,,,,,,,,,,,,,,,FALSE,0,,,,,,,0.00,0.00,0.00,TRUE,,,,0,,0.00,CMXA002
APROVASC300MG/10M(F),APROVASC 300MG/10/28MG,1,FALSE,FALSE,,,,8813.00,NC,0,0.00,0.00,NC,0,0.00,0.00,NC,0,0.00,0.00,NC,0,0.00,0.00,NC,0,0.00,0.00,NC,0,0.00,0.00,NC,0,0.00,0.00,NC,0,0.00,0.00,NC,0,0.00,0.00,NC,0,0.00,,0,8012.00,1,40541,12341,50741,04/ 22,03/25..,,,FALSE,,,0.00,0.00,,FALSE,,,0.00,0.00,,FALSE,0.00,0.00,0.00,,,,,,,,,,,,,,,,,,,,,,,,,,,,,,,,,,,,,,,,,,,,,,,,,,,,,,,,,,,,,,,,,,,,,,,,,,,,,,,,,,,,,,,,FALSE,0,,,,,,,0.00,0.00,0.00,TRUE,,,,0,,0.00,CMXA004
APROVASC300MG/10M(G),APROVASC 300MG/10/28MG,1,FALSE,FALSE,,,,26278.00,NC,0,0.00,0.00,NC,0,0.00,0.00,NC,0,0.00,0.00,NC,0,0.00,0.00,NC,0,0.00,0.00,NC,0,0.00,0.00,NC,0,0.00,0.00,NC,0,0.00,0.00,NC,0,0.00,0.00,NC,0,0.00,,0,8725.00,1,40541,12341,50741,04 /22,03/25..,,,FALSE,,,0.00,0.00,,FALSE,,,0.00,0.00,,FALSE,0.00,0.00,0.00,,,,,,,,,,,,,,,,,,,,,,,,,,,,,,,,,,,,,,,,,,,,,,,,,,,,,,,,,,,,,,,,,,,,,,,,,,,,,,,,,,,,,,,,FALSE,0,,,,,,,0.00,0.00,0.00,TRUE,,,,0,,0.00,CMXA005
APROVASC300MG/10M(H),APROVASC 300MG/10/28MG,1,FALSE,FALSE,,,,26278.00,NC,0,0.00,0.00,NC,0,0.00,0.00,NC,0,0.00,0.00,NC,0,0.00,0.00,NC,0,0.00,0.00,NC,0,0.00,0.00,NC,0,0.00,0.00,NC,0,0.00,0.00,NC,0,0.00,0.00,NC,0,0.00,,0,22850.00,1,40541,12341,50741,08 /25,07/26..,,,FALSE,,,0.00,0.00,,FALSE,,,0.00,0.00,,FALSE,0.00,0.00,0.00,,,,,,,,,,,,,,,,,,,,,,,,,,,,,,,,,,,,,,,,,,,,,,,,,,,,,,,,,,,,,,,,,,,,,,,,,,,,,,,,,,,,,,,,FALSE,0,,,,,,,0.00,0.00,0.00,TRUE,,,,0,,0.00,DMXA003
APROVEL TAB 150/(A),APROVEL TAB 150/28MG,1,FALSE,FALSE,,,,4582.00,NC,0,0.00,0.00,NC,0,0.00,0.00,NC,0,0.00,0.00,NC,0,0.00,0.00,NC,0,0.00,0.00,NC,0,0.00,0.00,NC,0,0.00,0.00,NC,0,0.00,0.00,NC,0,0.00,0.00,NC,0,0.00,,0,3929.00,1,40541,12341,50741,11 / 18,10/ 21,,,FALSE,,,0.00,0.00,,FALSE,,,0.00,0.00,,FALSE,0.00,0.00,0.00,,,,,,,,,,,,,,,,,,,,,,,,,,,,,,,,,,,,,,,,,,,,,,,,,,,,,,,,,,,,,,,,,,,,,,,,,,,,,,,,,,,,,,,,FALSE,0,,,,,,,0.00,0.00,0.00,TRUE,,,,0,,0.00,8A470
APROVEL TAB 150/(B),APROVEL TAB 150/28MG,1,FALSE,FALSE,,,,4582.00,NC,0,0.00,0.00,NC,0,0.00,0.00,NC,0,0.00,0.00,NC,0,0.00,0.00,NC,0,0.00,0.00,NC,0,0.00,0.00,NC,0,0.00,0.00,NC,0,0.00,0.00,NC,0,0.00,0.00,NC,0,0.00,,0,4165.00,1,40541,12341,50741,11 / 19.,10/ 22,,,FALSE,,,0.00,0.00,,FALSE,,,0.00,0.00,,FALSE,0.00,0.00,0.00,,,,,,,,,,,,,,,,,,,,,,,,,,,,,,,,,,,,,,,,,,,,,,,,,,,,,,,,,,,,,,,,,,,,,,,,,,,,,,,,,,,,,,,,FALSE,0,,,,,,,0.00,0.00,0.00,TRUE,,,,0,,0.00,9A423
APROVEL TAB 150/(C),APROVEL TAB 150/28MG(C),1,FALSE,FALSE,,,,4582.00,NC,0,0.00,0.00,NC,0,0.00,0.00,NC,0,0.00,0.00,NC,0,0.00,0.00,NC,0,0.00,0.00,NC,0,0.00,0.00,NC,0,0.00,0.00,NC,0,0.00,0.00,NC,0,0.00,0.00,NC,0,0.00,,0,15780.00,1,40541,12341,50741,08 /23.,07/26..,,,FALSE,,,0.00,0.00,,FALSE,,,0.00,0.00,,FALSE,0.00,0.00,0.00,,,,,,,,,,,,,,,,,,,,,,,,,,,,,,,,,,,,,,,,,,,,,,,,,,,,,,,,,,,,,,,,,,,,,,,,,,,,,,,,,,,,,,,,FALSE,0,,,,,,,0.00,0.00,0.00,TRUE,,,,0,,0.00,EA3966
APROVEL TAB 150/28MG,APROVEL TAB 150/28MG,1,FALSE,FALSE,,,,6082.00,NC,0,0.00,0.00,NC,0,0.00,0.00,NC,0,0.00,0.00,NC,0,0.00,0.00,NC,0,0.00,0.00,NC,0,0.00,0.00,NC,0,0.00,0.00,NC,0,0.00,0.00,NC,0,0.00,0.00,NC,0,0.00,,0,3929.00,1,40541,12341,50741,02/18.,01/21,,,FALSE,,,0.00,0.00,,FALSE,,,0.00,0.00,,FALSE,0.00,0.00,0.00,,,,,,,,,,,,,,,,,,,,,,,,,,,,,,,,,,,,,,,,,,,,,,,,,,,,,,,,,,,,,,,,,,,,,,,,,,,,,,,,,,,,,,,,FALSE,0,,,,,,,0.00,0.00,0.00,TRUE,,,,0,,0.00,8A200
APROVEL TAB 300MG(A),APROVEL TAB 300MG/28,1,FALSE,FALSE,,,,5507.00,NC,0,0.00,0.00,NC,0,0.00,0.00,NC,0,0.00,0.00,NC,0,0.00,0.00,NC,0,0.00,0.00,NC,0,0.00,0.00,NC,0,0.00,0.00,NC,0,0.00,0.00,NC,0,0.00,0.00,NC,0,0.00,,0,4723.00,1,40541,12341,50741,1 /19,12 / 21,,,FALSE,,,0.00,0.00,,FALSE,,,0.00,0.00,,FALSE,0.00,0.00,0.00,,,,,,,,,,,,,,,,,,,,,,,,,,,,,,,,,,,,,,,,,,,,,,,,,,,,,,,,,,,,,,,,,,,,,,,,,,,,,,,,,,,,,,,,FALSE,0,,,,,,,0.00,0.00,0.00,TRUE,,,,0,,0.00,9A607
APROVEL TAB 300MG(B),APROVEL TAB 300MG/28,1,FALSE,FALSE,,,,7738.00,NC,0,0.00,0.00,NC,0,0.00,0.00,NC,0,0.00,0.00,NC,0,0.00,0.00,NC,0,0.00,0.00,NC,0,0.00,0.00,NC,0,0.00,0.00,NC,0,0.00,0.00,NC,0,0.00,0.00,NC,0,0.00,,0,5006.00,1,40541,12341,50741,10   / 19,09./ 22.,,,FALSE,,,0.00,0.00,,FALSE,,,0.00,0.00,,FALSE,0.00,0.00,0.00,,,,,,,,,,,,,,,,,,,,,,,,,,,,,,,,,,,,,,,,,,,,,,,,,,,,,,,,,,,,,,,,,,,,,,,,,,,,,,,,,,,,,,,,FALSE,0,,,,,,,0.00,0.00,0.00,TRUE,,,,0,,0.00,9A679
APROVEL TAB 300MG(C),APROVEL TAB 300MG/28,1,FALSE,FALSE,,,,7738.00,NC,0,0.00,0.00,NC,0,0.00,0.00,NC,0,0.00,0.00,NC,0,0.00,0.00,NC,0,0.00,0.00,NC,0,0.00,0.00,NC,0,0.00,0.00,NC,0,0.00,0.00,NC,0,0.00,0.00,NC,0,0.00,,0,19600.00,1,40541,12341,50741,01/24,12/ 26..,,,FALSE,,,0.00,0.00,,FALSE,,,0.00,0.00,,FALSE,0.00,0.00,0.00,,,,,,,,,,,,,,,,,,,,,,,,,,,,,,,,,,,,,,,,,,,,,,,,,,,,,,,,,,,,,,,,,,,,,,,,,,,,,,,,,,,,,,,,FALSE,0,,,,,,,0.00,0.00,0.00,TRUE,,,,0,,0.00,EA6083
APROVEL TAB 300MG/28,APROVEL TAB 300MG/28,1,FALSE,FALSE,,,,5195.00,NC,0,0.00,0.00,NC,0,0.00,0.00,NC,0,0.00,0.00,NC,0,0.00,0.00,NC,0,0.00,0.00,NC,0,0.00,0.00,NC,0,0.00,0.00,NC,0,0.00,0.00,NC,0,0.00,0.00,NC,0,0.00,,0,4723.00,1,40541,12341,50741,10/17,09/20,,,FALSE,,,0.00,0.00,,FALSE,,,0.00,0.00,,FALSE,0.00,0.00,0.00,,,,,,,,,,,,,,,,,,,,,,,,,,,,,,,,,,,,,,,,,,,,,,,,,,,,,,,,,,,,,,,,,,,,,,,,,,,,,,,,,,,,,,,,FALSE,0,,,,,,,0.00,0.00,0.00,TRUE,,,,0,,0.00,7A651
"ATS  SYRUM 10,000","ATS SYRUM 10,000",1,FALSE,FALSE,,,,11500.00,NC,0,0.00,0.00,NC,0,0.00,0.00,NC,0,0.00,0.00,NC,0,0.00,0.00,NC,0,0.00,0.00,NC,0,0.00,0.00,NC,0,0.00,0.00,NC,0,0.00,0.00,NC,0,0.00,0.00,NC,0,0.00,,0,9500.00,1,40531,12331,50731,,,,,FALSE,,,0.00,0.00,,FALSE,,,0.00,0.00,,FALSE,0.00,0.00,0.00,,,,,,,,,,,,,,,,,,,,,,,,,,,,,,,,,,,,,,,,,,,,,,,,,,,,,,,,,,,,,,,,,,,,,,,,,,,,,,,,,,,,,,,,FALSE,0,,,,,,,0.00,0.00,0.00,TRUE,,,,0,,0.00,
AUGMENTIN,AUGMENTIN,1,FALSE,FALSE,,,,0.00,NC,0,0.00,0.00,NC,0,0.00,0.00,NC,0,0.00,0.00,NC,0,0.00,0.00,NC,0,0.00,0.00,NC,0,0.00,0.00,NC,0,0.00,0.00,NC,0,0.00,0.00,NC,0,0.00,0.00,NC,0,0.00,,0,2976.00,1,40528,12328,50728,,,,,FALSE,,,0.00,0.00,,FALSE,,,0.00,0.00,,FALSE,0.00,0.00,0.00,,,,,,,,,,,,,,,,,,,,,,,,,,,,,,,,,,,,,,,,,,,,,,,,,,,,,,,,,,,,,,,,,,,,,,,,,,,,,,,,,,,,,,,,FALSE,0,,,,,,,0.00,0.00,0.00,TRUE,,,,0,,0.00,
AVAMYS SPRAY,AVAMYS SPRAY,1,FALSE,FALSE,,,,0.00,NC,0,0.00,0.00,NC,0,0.00,0.00,NC,0,0.00,0.00,NC,0,0.00,0.00,NC,0,0.00,0.00,NC,0,0.00,0.00,NC,0,0.00,0.00,NC,0,0.00,0.00,NC,0,0.00,0.00,NC,0,0.00,,0,1484.00,1,40528,12328,50728,,,,,FALSE,,,0.00,0.00,,FALSE,,,0.00,0.00,,FALSE,0.00,0.00,0.00,,,,,,,,,,,,,,,,,,,,,,,,,,,,,,,,,,,,,,,,,,,,,,,,,,,,,,,,,,,,,,,,,,,,,,,,,,,,,,,,,,,,,,,,FALSE,0,,,,,,,0.00,0.00,0.00,TRUE,,,,0,,0.00,
Avaxim 160 0.5ML (A),Avaxim 160 0.5ML,1,FALSE,FALSE,,,,8591.00,NC,0,0.00,0.00,NC,0,0.00,0.00,NC,0,0.00,0.00,NC,0,0.00,0.00,NC,0,0.00,0.00,NC,0,0.00,0.00,NC,0,0.00,0.00,NC,0,0.00,0.00,NC,0,0.00,0.00,NC,0,0.00,,0,5400.00,1,40200,12100,50500,04    /18,03/ 21,,,FALSE,,,0.00,0.00,,FALSE,,,0.00,0.00,,FALSE,0.00,0.00,0.00,,,,,,,,,,,,,,,,,,,,,,,,,,,,,,,,,,,,,,,,,,,,,,,,,,,,,,,,,,,,,,,,,,,,,,,,,,,,,,,,,,,,,,,,FALSE,0,,,,,,,0.00,0.00,0.00,TRUE,,,,0,,0.00,R3E1410V
Avaxim 160 0.5ML (B),Avaxim 160 0.5ML,1,FALSE,FALSE,,,,8591.00,NC,0,0.00,0.00,NC,0,0.00,0.00,NC,0,0.00,0.00,NC,0,0.00,0.00,NC,0,0.00,0.00,NC,0,0.00,0.00,NC,0,0.00,0.00,NC,0,0.00,0.00,NC,0,0.00,0.00,NC,0,0.00,,0,5400.00,1,40200,12100,50500,09//18,08/21,,,FALSE,,,0.00,0.00,,FALSE,,,0.00,0.00,,FALSE,0.00,0.00,0.00,,,,,,,,,,,,,,,,,,,,,,,,,,,,,,,,,,,,,,,,,,,,,,,,,,,,,,,,,,,,,,,,,,,,,,,,,,,,,,,,,,,,,,,,FALSE,0,,,,,,,0.00,0.00,0.00,TRUE,,,,0,,0.00,R3K286V
Avaxim 160 0.5ML (C),Avaxim 160 0.5ML,1,FALSE,FALSE,,,,8591.00,NC,0,0.00,0.00,NC,0,0.00,0.00,NC,0,0.00,0.00,NC,0,0.00,0.00,NC,0,0.00,0.00,NC,0,0.00,0.00,NC,0,0.00,0.00,NC,0,0.00,0.00,NC,0,0.00,0.00,NC,0,0.00,,0,7470.00,1,40200,12100,50500,5/20..,4/23..,,,FALSE,,,0.00,0.00,,FALSE,,,0.00,0.00,,FALSE,0.00,0.00,0.00,,,,,,,,,,,,,,,,,,,,,,,,,,,,,,,,,,,,,,,,,,,,,,,,,,,,,,,,,,,,,,,,,,,,,,,,,,,,,,,,,,,,,,,,FALSE,0,,,,,,,0.00,0.00,0.00,TRUE,,,,0,,0.00,U3F923V
Avaxim 160 0.5ML (D),Avaxim 160 0.5ML,1,FALSE,FALSE,,,,11345.00,NC,0,0.00,0.00,NC,0,0.00,0.00,NC,0,0.00,0.00,NC,0,0.00,0.00,NC,0,0.00,0.00,NC,0,0.00,0.00,NC,0,0.00,0.00,NC,0,0.00,0.00,NC,0,0.00,0.00,NC,0,0.00,,0,7470.00,1,40200,12100,50500,4/20..,3/23..,,,FALSE,,,0.00,0.00,,FALSE,,,0.00,0.00,,FALSE,0.00,0.00,0.00,,,,,,,,,,,,,,,,,,,,,,,,,,,,,,,,,,,,,,,,,,,,,,,,,,,,,,,,,,,,,,,,,,,,,,,,,,,,,,,,,,,,,,,,FALSE,0,,,,,,,0.00,0.00,0.00,TRUE,,,,0,,0.00,U3E204V
Avaxim 160 0.5ML (E),Avaxim 160 0.5ML,1,FALSE,FALSE,,,,37229.00,NC,0,0.00,0.00,NC,0,0.00,0.00,NC,0,0.00,0.00,NC,0,0.00,0.00,NC,0,0.00,0.00,NC,0,0.00,0.00,NC,0,0.00,0.00,NC,0,0.00,0.00,NC,0,0.00,0.00,NC,0,0.00,,0,30845.11,1,40200,12100,50500,8/24..,"07/27..,",,,FALSE,,,0.00,0.00,,FALSE,,,0.00,0.00,,FALSE,0.00,0.00,0.00,,,,,,,,,,,,,,,,,,,,,,,,,,,,,,,,,,,,,,,,,,,,,,,,,,,,,,,,,,,,,,,,,,,,,,,,,,,,,,,,,,,,,,,,FALSE,0,,,,,,,0.00,0.00,31.00,TRUE,,,,0,,0.00,Y3G38D1
Avaxim 160 0.5MLADUL,Avaxim 160 0.5ML,1,FALSE,FALSE,,,,6210.00,NC,0,0.00,0.00,NC,0,0.00,0.00,NC,0,0.00,0.00,NC,0,0.00,0.00,NC,0,0.00,0.00,NC,0,0.00,0.00,NC,0,0.00,0.00,NC,0,0.00,0.00,NC,0,0.00,0.00,NC,0,0.00,,0,5400.00,1,40200,12100,50500,04  /18,03/ 21,,,FALSE,,,0.00,0.00,,FALSE,,,0.00,0.00,,FALSE,0.00,0.00,0.00,,,,,,,,,,,,,,,,,,,,,,,,,,,,,,,,,,,,,,,,,,,,,,,,,,,,,,,,,,,,,,,,,,,,,,,,,,,,,,,,,,,,,,,,FALSE,0,,,,,,,0.00,0.00,0.00,TRUE,,,,0,,0.00,R3D941V
Avaxim inj. Ped,Avaxim inj. Ped,1,FALSE,FALSE,,,,4673.86,NC,0,0.00,0.00,NC,0,0.00,0.00,NC,0,0.00,0.00,NC,0,0.00,0.00,NC,0,0.00,0.00,NC,0,0.00,0.00,NC,0,0.00,0.00,NC,0,0.00,0.00,NC,0,0.00,0.00,NC,0,0.00,,0,3960.00,1,40200,12100,50500,12/17,11/20,,,FALSE,,,0.00,0.00,,FALSE,,,0.00,0.00,,FALSE,0.00,0.00,0.00,,,,,,,,,,,,,,,,,,,,,,,,,,,,,,,,,,,,,,,,,,,,,,,,,,,,,,,,,,,,,,,,,,,,,,,,,,,,,,,,,,,,,,,,FALSE,0,,,,,,,0.00,0.00,0.00,TRUE,,,,0,,0.00,P3N582V
Avaxim inj. Ped (A),Avaxim inj. Ped,1,FALSE,FALSE,,,,4673.86,NC,0,0.00,0.00,NC,0,0.00,0.00,NC,0,0.00,0.00,NC,0,0.00,0.00,NC,0,0.00,0.00,NC,0,0.00,0.00,NC,0,0.00,0.00,NC,0,0.00,0.00,NC,0,0.00,0.00,NC,0,0.00,,0,3960.00,1,40200,12100,50500,12/  16,11/19,,,FALSE,,,0.00,0.00,,FALSE,,,0.00,0.00,,FALSE,0.00,0.00,0.00,,,,,,,,,,,,,,,,,,,,,,,,,,,,,,,,,,,,,,,,,,,,,,,,,,,,,,,,,,,,,,,,,,,,,,,,,,,,,,,,,,,,,,,,FALSE,0,,,,,,,0.00,0.00,0.00,TRUE,,,,0,,0.00,N1M031V
Avaxim inj. Ped (B),Avaxim inj. Ped,1,FALSE,FALSE,,,,4675.00,NC,0,0.00,0.00,NC,0,0.00,0.00,NC,0,0.00,0.00,NC,0,0.00,0.00,NC,0,0.00,0.00,NC,0,0.00,0.00,NC,0,0.00,0.00,NC,0,0.00,0.00,NC,0,0.00,0.00,NC,0,0.00,,0,3596.67,1,40200,12100,50500,10/     18,09/21,,,FALSE,,,0.00,0.00,,FALSE,,,0.00,0.00,,FALSE,0.00,0.00,0.00,,,,,,,,,,,,,,,,,,,,,,,,,,,,,,,,,,,,,,,,,,,,,,,,,,,,,,,,,,,,,,,,,,,,,,,,,,,,,,,,,,,,,,,,FALSE,0,,,,,,,0.00,0.00,0.00,TRUE,,,,0,,0.00,R3M3910V
Avaxim inj. Ped (C),Avaxim inj. Ped,1,FALSE,FALSE,,,,4675.00,NC,0,0.00,0.00,NC,0,0.00,0.00,NC,0,0.00,0.00,NC,0,0.00,0.00,NC,0,0.00,0.00,NC,0,0.00,0.00,NC,0,0.00,0.00,NC,0,0.00,0.00,NC,0,0.00,0.00,NC,0,0.00,,0,3960.00,1,40200,12100,50500,08/     18.,07/21,,,FALSE,,,0.00,0.00,,FALSE,,,0.00,0.00,,FALSE,0.00,0.00,0.00,,,,,,,,,,,,,,,,,,,,,,,,,,,,,,,,,,,,,,,,,,,,,,,,,,,,,,,,,,,,,,,,,,,,,,,,,,,,,,,,,,,,,,,,FALSE,0,,,,,,,0.00,0.00,0.00,TRUE,,,,0,,0.00,R3K131V
Avaxim inj. Ped (D),Avaxim inj. Ped,1,FALSE,FALSE,,,,6205.00,NC,0,0.00,0.00,NC,0,0.00,0.00,NC,0,0.00,0.00,NC,0,0.00,0.00,NC,0,0.00,0.00,NC,0,0.00,0.00,NC,0,0.00,0.00,NC,0,0.00,0.00,NC,0,0.00,0.00,NC,0,0.00,,0,5395.00,1,40200,12100,50500,02///20,01/23,,,FALSE,,,0.00,0.00,,FALSE,,,0.00,0.00,,FALSE,0.00,0.00,0.00,,,,,,,,,,,,,,,,,,,,,,,,,,,,,,,,,,,,,,,,,,,,,,,,,,,,,,,,,,,,,,,,,,,,,,,,,,,,,,,,,,,,,,,,FALSE,0,,,,,,,0.00,0.00,0.00,TRUE,,,,0,,0.00,U3C252V
Avaxim inj. Ped (E),Avaxim inj. Ped,1,FALSE,FALSE,,,,6205.00,NC,0,0.00,0.00,NC,0,0.00,0.00,NC,0,0.00,0.00,NC,0,0.00,0.00,NC,0,0.00,0.00,NC,0,0.00,0.00,NC,0,0.00,0.00,NC,0,0.00,0.00,NC,0,0.00,0.00,NC,0,0.00,,0,5395.00,1,40200,12100,50500,2/20..,1//23..,,,FALSE,,,0.00,0.00,,FALSE,,,0.00,0.00,,FALSE,0.00,0.00,0.00,,,,,,,,,,,,,,,,,,,,,,,,,,,,,,,,,,,,,,,,,,,,,,,,,,,,,,,,,,,,,,,,,,,,,,,,,,,,,,,,,,,,,,,,FALSE,0,,,,,,,0.00,0.00,0.00,TRUE,,,,0,,0.00,U3C254V
Avaxim inj. Ped (F),Avaxim inj. Ped,1,FALSE,FALSE,,,,5708.60,NC,0,0.00,0.00,NC,0,0.00,0.00,NC,0,0.00,0.00,NC,0,0.00,0.00,NC,0,0.00,0.00,NC,0,0.00,0.00,NC,0,0.00,0.00,NC,0,0.00,0.00,NC,0,0.00,0.00,NC,0,0.00,,0,4964.00,1,40200,12100,50500,2//20..,1//23..,,,FALSE,,,0.00,0.00,,FALSE,,,0.00,0.00,,FALSE,0.00,0.00,0.00,,,,,,,,,,,,,,,,,,,,,,,,,,,,,,,,,,,,,,,,,,,,,,,,,,,,,,,,,,,,,,,,,,,,,,,,,,,,,,,,,,,,,,,,FALSE,0,,,,,,,0.00,0.00,0.00,TRUE,,,,0,,0.00,U3C274V
Avaxim inj. Ped (G),Avaxim inj. Ped,1,FALSE,FALSE,,,,5708.60,NC,0,0.00,0.00,NC,0,0.00,0.00,NC,0,0.00,0.00,NC,0,0.00,0.00,NC,0,0.00,0.00,NC,0,0.00,0.00,NC,0,0.00,0.00,NC,0,0.00,0.00,NC,0,0.00,0.00,NC,0,0.00,,0,4964.00,1,40200,12100,50500,09//20..,08//23..,,,FALSE,,,0.00,0.00,,FALSE,,,0.00,0.00,,FALSE,0.00,0.00,0.00,,,,,,,,,,,,,,,,,,,,,,,,,,,,,,,,,,,,,,,,,,,,,,,,,,,,,,,,,,,,,,,,,,,,,,,,,,,,,,,,,,,,,,,,FALSE,0,,,,,,,0.00,0.00,0.00,TRUE,,,,0,,0.00,U3L944V
Avaxim inj. Ped (H),Avaxim inj. Ped,1,FALSE,FALSE,,,,20935.00,NC,0,0.00,0.00,NC,0,0.00,0.00,NC,0,0.00,0.00,NC,0,0.00,0.00,NC,0,0.00,0.00,NC,0,0.00,0.00,NC,0,0.00,0.00,NC,0,0.00,0.00,NC,0,0.00,0.00,NC,0,0.00,,0,11686.50,1,40200,12100,50500,09//21..,08//24..,,,FALSE,,,0.00,0.00,,FALSE,,,0.00,0.00,,FALSE,0.00,0.00,0.00,,,,,,,,,,,,,,,,,,,,,,,,,,,,,,,,,,,,,,,,,,,,,,,,,,,,,,,,,,,,,,,,,,,,,,,,,,,,,,,,,,,,,,,,FALSE,0,,,,,,,0.00,0.00,0.00,TRUE,,,,0,,0.00,V3K641V
Avaxim inj. Ped (I),Avaxim inj. Ped,1,FALSE,FALSE,,,,13440.00,NC,0,0.00,0.00,NC,0,0.00,0.00,NC,0,0.00,0.00,NC,0,0.00,0.00,NC,0,0.00,0.00,NC,0,0.00,0.00,NC,0,0.00,0.00,NC,0,0.00,0.00,NC,0,0.00,0.00,NC,0,0.00,,0,5880.00,1,40200,12100,50500,11//21..,10/24..,,,FALSE,,,0.00,0.00,,FALSE,,,0.00,0.00,,FALSE,0.00,0.00,0.00,,,,,,,,,,,,,,,,,,,,,,,,,,,,,,,,,,,,,,,,,,,,,,,,,,,,,,,,,,,,,,,,,,,,,,,,,,,,,,,,,,,,,,,,FALSE,0,,,,,,,0.00,0.00,0.00,TRUE,,,,0,,0.00,V3M683V
Avaxim inj. Ped (J),Avaxim inj. Ped,1,FALSE,FALSE,,,,9216.00,NC,0,0.00,0.00,NC,0,0.00,0.00,NC,0,0.00,0.00,NC,0,0.00,0.00,NC,0,0.00,0.00,NC,0,0.00,0.00,NC,0,0.00,0.00,NC,0,0.00,0.00,NC,0,0.00,0.00,NC,0,0.00,,0,5880.00,1,40200,12100,50500,09-21..,08/24..,,,FALSE,,,0.00,0.00,,FALSE,,,0.00,0.00,,FALSE,0.00,0.00,0.00,,,,,,,,,,,,,,,,,,,,,,,,,,,,,,,,,,,,,,,,,,,,,,,,,,,,,,,,,,,,,,,,,,,,,,,,,,,,,,,,,,,,,,,,FALSE,0,,,,,,,0.00,0.00,0.00,TRUE,,,,0,,0.00,V3L462V
Avaxim inj. Ped (K),Avaxim inj. Ped,1,FALSE,FALSE,,,,9216.00,NC,0,0.00,0.00,NC,0,0.00,0.00,NC,0,0.00,0.00,NC,0,0.00,0.00,NC,0,0.00,0.00,NC,0,0.00,0.00,NC,0,0.00,0.00,NC,0,0.00,0.00,NC,0,0.00,0.00,NC,0,0.00,,0,5880.00,1,40200,12100,50500,09-21...,08/24..,,,FALSE,,,0.00,0.00,,FALSE,,,0.00,0.00,,FALSE,0.00,0.00,0.00,,,,,,,,,,,,,,,,,,,,,,,,,,,,,,,,,,,,,,,,,,,,,,,,,,,,,,,,,,,,,,,,,,,,,,,,,,,,,,,,,,,,,,,,FALSE,0,,,,,,,0.00,0.00,0.00,TRUE,,,,0,,0.00,V3L174V
Avaxim inj. Ped (L),Avaxim inj. Ped,1,FALSE,FALSE,,,,20935.00,NC,0,0.00,0.00,NC,0,0.00,0.00,NC,0,0.00,0.00,NC,0,0.00,0.00,NC,0,0.00,0.00,NC,0,0.00,0.00,NC,0,0.00,0.00,NC,0,0.00,0.00,NC,0,0.00,0.00,NC,0,0.00,,0,18025.16,1,40200,12100,50500,11/22...,10/25..,,,FALSE,,,0.00,0.00,,FALSE,,,0.00,0.00,,FALSE,0.00,0.00,0.00,,,,,,,,,,,,,,,,,,,,,,,,,,,,,,,,,,,,,,,,,,,,,,,,,,,,,,,,,,,,,,,,,,,,,,,,,,,,,,,,,,,,,,,,FALSE,0,,,,,,,0.00,0.00,0.00,TRUE,,,,0,,0.00,W3J312V
Avaxim inj. Ped (M),Avaxim inj. Ped,1,FALSE,FALSE,,,,22824.00,NC,0,0.00,0.00,NC,0,0.00,0.00,NC,0,0.00,0.00,NC,0,0.00,0.00,NC,0,0.00,0.00,NC,0,0.00,0.00,NC,0,0.00,0.00,NC,0,0.00,0.00,NC,0,0.00,0.00,NC,0,0.00,,0,18025.16,1,40200,12100,50500,04/23...,03/26...,,,FALSE,,,0.00,0.00,,FALSE,,,0.00,0.00,,FALSE,0.00,0.00,0.00,,,,,,,,,,,,,,,,,,,,,,,,,,,,,,,,,,,,,,,,,,,,,,,,,,,,,,,,,,,,,,,,,,,,,,,,,,,,,,,,,,,,,,,,FALSE,0,,,,,,,0.00,0.00,0.00,TRUE,,,,0,,0.00,X3C762V
Avaxim inj. Ped (N),Avaxim inj. Ped,1,FALSE,FALSE,,,,22824.00,NC,0,0.00,0.00,NC,0,0.00,0.00,NC,0,0.00,0.00,NC,0,0.00,0.00,NC,0,0.00,0.00,NC,0,0.00,0.00,NC,0,0.00,0.00,NC,0,0.00,0.00,NC,0,0.00,0.00,NC,0,0.00,,0,18025.16,1,40200,12100,50500,08/23...,07/26...,,,FALSE,,,0.00,0.00,,FALSE,,,0.00,0.00,,FALSE,0.00,0.00,0.00,,,,,,,,,,,,,,,,,,,,,,,,,,,,,,,,,,,,,,,,,,,,,,,,,,,,,,,,,,,,,,,,,,,,,,,,,,,,,,,,,,,,,,,,FALSE,0,,,,,,,0.00,0.00,0.00,TRUE,,,,0,,0.00,X3G304V
Avaxim inj. Ped (O),Avaxim inj. Ped,1,FALSE,FALSE,,,,22824.00,NC,0,0.00,0.00,NC,0,0.00,0.00,NC,0,0.00,0.00,NC,0,0.00,0.00,NC,0,0.00,0.00,NC,0,0.00,0.00,NC,0,0.00,0.00,NC,0,0.00,0.00,NC,0,0.00,0.00,NC,0,0.00,,0,16810.00,1,40200,12100,50500,"04/23...,",03/26...,,,FALSE,,,0.00,0.00,,FALSE,,,0.00,0.00,,FALSE,0.00,0.00,0.00,,,,,,,,,,,,,,,,,,,,,,,,,,,,,,,,,,,,,,,,,,,,,,,,,,,,,,,,,,,,,,,,,,,,,,,,,,,,,,,,,,,,,,,,FALSE,0,,,,,,,0.00,0.00,0.00,TRUE,,,,0,,0.00,X3C763V
Avaxim inj. Ped (P),Avaxim inj. Ped,1,FALSE,FALSE,,,,22824.00,NC,0,0.00,0.00,NC,0,0.00,0.00,NC,0,0.00,0.00,NC,0,0.00,0.00,NC,0,0.00,0.00,NC,0,0.00,0.00,NC,0,0.00,0.00,NC,0,0.00,0.00,NC,0,0.00,0.00,NC,0,0.00,,0,16810.00,1,40200,12100,50500,"10/23...,",09/26...,,,FALSE,,,0.00,0.00,,FALSE,,,0.00,0.00,,FALSE,0.00,0.00,0.00,,,,,,,,,,,,,,,,,,,,,,,,,,,,,,,,,,,,,,,,,,,,,,,,,,,,,,,,,,,,,,,,,,,,,,,,,,,,,,,,,,,,,,,,FALSE,0,,,,,,,0.00,0.00,0.00,TRUE,,,,0,,0.00,X3H285V
Avaxim inj. Ped (Q),Avaxim inj. Ped,1,FALSE,FALSE,,,,22824.00,NC,0,0.00,0.00,NC,0,0.00,0.00,NC,0,0.00,0.00,NC,0,0.00,0.00,NC,0,0.00,0.00,NC,0,0.00,0.00,NC,0,0.00,0.00,NC,0,0.00,0.00,NC,0,0.00,0.00,NC,0,0.00,,0,17389.00,1,40200,12100,50500,"09/23...,",08/26...,,,FALSE,,,0.00,0.00,,FALSE,,,0.00,0.00,,FALSE,0.00,0.00,0.00,,,,,,,,,,,,,,,,,,,,,,,,,,,,,,,,,,,,,,,,,,,,,,,,,,,,,,,,,,,,,,,,,,,,,,,,,,,,,,,,,,,,,,,,FALSE,0,,,,,,,0.00,0.00,1802.00,TRUE,,,,0,,0.00,X3G491V
AVODART,AVODART,1,FALSE,FALSE,,,,0.00,NC,0,0.00,0.00,NC,0,0.00,0.00,NC,0,0.00,0.00,NC,0,0.00,0.00,NC,0,0.00,0.00,NC,0,0.00,0.00,NC,0,0.00,0.00,NC,0,0.00,0.00,NC,0,0.00,0.00,NC,0,0.00,,0,4194.00,1,40528,12328,50728,,,,,FALSE,,,0.00,0.00,,FALSE,,,0.00,0.00,,FALSE,0.00,0.00,0.00,,,,,,,,,,,,,,,,,,,,,,,,,,,,,,,,,,,,,,,,,,,,,,,,,,,,,,,,,,,,,,,,,,,,,,,,,,,,,,,,,,,,,,,,FALSE,0,,,,,,,0.00,0.00,0.00,TRUE,,,,0,,0.00,
AVSAR 160/10mg Tab,AVSAR 160/10mg Tab,1,FALSE,FALSE,,,,8700.00,NC,0,0.00,0.00,NC,0,0.00,0.00,NC,0,0.00,0.00,NC,0,0.00,0.00,NC,0,0.00,0.00,NC,0,0.00,0.00,NC,0,0.00,0.00,NC,0,0.00,0.00,NC,0,0.00,0.00,NC,0,0.00,,0,4090.00,1,49902,12358,59905,03/23...,02/26..,,,FALSE,,,0.00,0.00,,FALSE,,,0.00,0.00,,FALSE,0.00,0.00,0.00,,,,,,,,,,,,,,,,,,,,,,,,,,,,,,,,,,,,,,,,,,,,,,,,,,,,,,,,,,,,,,,,,,,,,,,,,,,,,,,,,,,,,,,,FALSE,0,,,,,,,0.00,0.00,0.00,TRUE,,,,0,,0.00,3C148
AVSAR 160/10mg Tab(A,AVSAR 160/10mg Tab (A),1,FALSE,FALSE,,,,8700.00,NC,0,0.00,0.00,NC,0,0.00,0.00,NC,0,0.00,0.00,NC,0,0.00,0.00,NC,0,0.00,0.00,NC,0,0.00,0.00,NC,0,0.00,0.00,NC,0,0.00,0.00,NC,0,0.00,0.00,NC,0,0.00,,0,4090.00,1,49902,12358,59905,10/22...,09/24..,,,FALSE,,,0.00,0.00,,FALSE,,,0.00,0.00,,FALSE,0.00,0.00,0.00,,,,,,,,,,,,,,,,,,,,,,,,,,,,,,,,,,,,,,,,,,,,,,,,,,,,,,,,,,,,,,,,,,,,,,,,,,,,,,,,,,,,,,,,FALSE,0,,,,,,,0.00,0.00,0.00,TRUE,,,,0,,0.00,2L047
AXACEF 250MG TAB1X10,AXACEF 250MG TAB1X10,1,FALSE,FALSE,,,,0.00,NC,0,0.00,0.00,NC,0,0.00,0.00,NC,0,0.00,0.00,NC,0,0.00,0.00,NC,0,0.00,0.00,NC,0,0.00,0.00,NC,0,0.00,0.00,NC,0,0.00,0.00,NC,0,0.00,0.00,NC,0,0.00,,0,765.00,1,40507,12307,50707,03/ 18.,02/21..,,,FALSE,,,0.00,0.00,,FALSE,,,0.00,0.00,,FALSE,0.00,0.00,0.00,,,,,,,,,,,,,,,,,,,,,,,,,,,,,,,,,,,,,,,,,,,,,,,,,,,,,,,,,,,,,,,,,,,,,,,,,,,,,,,,,,,,,,,,FALSE,0,,,,,,,0.00,0.00,0.00,TRUE,,,,0,,0.00,850028
AXACEF 500MG TABCO,AXACEF 500MG TABCO BL1X10M,1,FALSE,FALSE,,,,0.00,NC,0,0.00,0.00,NC,0,0.00,0.00,NC,0,0.00,0.00,NC,0,0.00,0.00,NC,0,0.00,0.00,NC,0,0.00,0.00,NC,0,0.00,0.00,NC,0,0.00,0.00,NC,0,0.00,0.00,NC,0,0.00,,0,1353.00,1,40507,12307,50707,10 / 18,9/21,,,FALSE,,,0.00,0.00,,FALSE,,,0.00,0.00,,FALSE,0.00,0.00,0.00,,,,,,,,,,,,,,,,,,,,,,,,,,,,,,,,,,,,,,,,,,,,,,,,,,,,,,,,,,,,,,,,,,,,,,,,,,,,,,,,,,,,,,,,FALSE,0,,,,,,,0.00,0.00,0.00,TRUE,,,,0,,0.00,850066
BCG,BCG,1,FALSE,FALSE,,,,0.00,NC,0,0.00,0.00,NC,0,0.00,0.00,NC,0,0.00,0.00,NC,0,0.00,0.00,NC,0,0.00,0.00,NC,0,0.00,0.00,NC,0,0.00,0.00,NC,0,0.00,0.00,NC,0,0.00,0.00,NC,0,0.00,,0,2500.00,1,40501,12301,50701,,,,,FALSE,,,0.00,0.00,,FALSE,,,0.00,0.00,,FALSE,0.00,0.00,0.00,,,,,,,,,,,,,,,,,,,,,,,,,,,,,,,,,,,,,,,,,,,,,,,,,,,,,,,,,,,,,,,,,,,,,,,,,,,,,,,,,,,,,,,,FALSE,0,,,,,,,0.00,0.00,-4.00,TRUE,,,,0,,0.00,
BUS,BUS,1,FALSE,FALSE,,,,3000.00,NC,0,0.00,0.00,NC,0,0.00,0.00,NC,0,0.00,0.00,NC,0,0.00,0.00,NC,0,0.00,0.00,NC,0,0.00,0.00,NC,0,0.00,0.00,NC,0,0.00,0.00,NC,0,0.00,0.00,NC,0,0.00,,0,2000.00,1,40000,12000,50000,,,,,FALSE,,,0.00,0.00,,FALSE,,,0.00,0.00,,FALSE,0.00,0.00,0.00,,,,,,,,,,,,,,,,,,,,,,,,,,,,,,,,,,,,,,,,,,,,,,,,,,,,,,,,,,,,,,,,,,,,,,,,,,,,,,,,,,,,,,,,FALSE,0,,,,,,,0.00,0.00,0.00,TRUE,,,,0,,0.00,
Calpol Suspension,Calpol Suspension 60ml,1,FALSE,FALSE,,,,0.00,NC,0,0.00,0.00,NC,0,0.00,0.00,NC,0,0.00,0.00,NC,0,0.00,0.00,NC,0,0.00,0.00,NC,0,0.00,0.00,NC,0,0.00,0.00,NC,0,0.00,0.00,NC,0,0.00,0.00,NC,0,0.00,,0,0.00,1,40505,12305,50705,,,,,FALSE,,,0.00,0.00,,FALSE,,,0.00,0.00,,FALSE,0.00,0.00,0.00,,,,,,,,,,,,,,,,,,,,,,,,,,,,,,,,,,,,,,,,,,,,,,,,,,,,,,,,,,,,,,,,,,,,,,,,,,,,,,,,,,,,,,,,FALSE,0,,,,,,,0.00,0.00,0.00,TRUE,,,,0,,0.00,
CAPROVEL 150/12.5(A),CO APROVEL TAB 150/12.5MG,1,FALSE,FALSE,,,,6244.00,NC,0,0.00,0.00,NC,0,0.00,0.00,NC,0,0.00,0.00,NC,0,0.00,0.00,NC,0,0.00,0.00,NC,0,0.00,0.00,NC,0,0.00,0.00,NC,0,0.00,0.00,NC,0,0.00,0.00,NC,0,0.00,,0,3929.00,1,40541,12341,50741,06/17.,05/20,,,FALSE,,,0.00,0.00,,FALSE,,,0.00,0.00,,FALSE,0.00,0.00,0.00,,,,,,,,,,,,,,,,,,,,,,,,,,,,,,,,,,,,,,,,,,,,,,,,,,,,,,,,,,,,,,,,,,,,,,,,,,,,,,,,,,,,,,,,FALSE,0,,,,,,,0.00,0.00,0.00,TRUE,,,,0,,0.00,7A485
CAPROVEL 150/12.5(B),CO APROVEL TAB 150/12.5MG,1,FALSE,FALSE,,,,6244.00,NC,0,0.00,0.00,NC,0,0.00,0.00,NC,0,0.00,0.00,NC,0,0.00,0.00,NC,0,0.00,0.00,NC,0,0.00,0.00,NC,0,0.00,0.00,NC,0,0.00,0.00,NC,0,0.00,0.00,NC,0,0.00,,0,16480.00,1,40541,12341,50741,09/22.,08/25,,,FALSE,,,0.00,0.00,,FALSE,,,0.00,0.00,,FALSE,0.00,0.00,0.00,,,,,,,,,,,,,,,,,,,,,,,,,,,,,,,,,,,,,,,,,,,,,,,,,,,,,,,,,,,,,,,,,,,,,,,,,,,,,,,,,,,,,,,,FALSE,0,,,,,,,0.00,0.00,0.00,TRUE,,,,0,,0.00,DA609
CAPROVEL TAB150/12.5,CO APROVEL TAB 150/12.5MG,1,FALSE,FALSE,,,,4582.00,NC,0,0.00,0.00,NC,0,0.00,0.00,NC,0,0.00,0.00,NC,0,0.00,0.00,NC,0,0.00,0.00,NC,0,0.00,0.00,NC,0,0.00,0.00,NC,0,0.00,0.00,NC,0,0.00,0.00,NC,0,0.00,,0,3929.00,1,40541,12341,50741,12/17.,11/20,,,FALSE,,,0.00,0.00,,FALSE,,,0.00,0.00,,FALSE,0.00,0.00,0.00,,,,,,,,,,,,,,,,,,,,,,,,,,,,,,,,,,,,,,,,,,,,,,,,,,,,,,,,,,,,,,,,,,,,,,,,,,,,,,,,,,,,,,,,FALSE,0,,,,,,,0.00,0.00,0.00,TRUE,,,,0,,0.00,7A552
CERVARIX 0.5ml,CERVARIX 0.5ml,1,FALSE,FALSE,,,,8140.00,NC,0,0.00,0.00,NC,0,0.00,0.00,NC,0,0.00,0.00,NC,0,0.00,0.00,NC,0,0.00,0.00,NC,0,0.00,0.00,NC,0,0.00,0.00,NC,0,0.00,0.00,NC,0,0.00,0.00,NC,0,0.00,,0,6900.00,1,40300,12150,50550,10/16,09/20,,,FALSE,,,0.00,0.00,,FALSE,,,0.00,0.00,,FALSE,0.00,0.00,0.00,,,,,,,,,,,,,,,,,,,,,,,,,,,,,,,,,,,,,,,,,,,,,,,,,,,,,,,,,,,,,,,,,,,,,,,,,,,,,,,,,,,,,,,,FALSE,0,,,,,,,0.00,0.00,0.00,TRUE,,,,0,,0.00,AHPVA319BK
CERVARIX 0.5ml(A),CERVARIX 0.5ml,1,FALSE,FALSE,,,,8140.00,NC,0,0.00,0.00,NC,0,0.00,0.00,NC,0,0.00,0.00,NC,0,0.00,0.00,NC,0,0.00,0.00,NC,0,0.00,0.00,NC,0,0.00,0.00,NC,0,0.00,0.00,NC,0,0.00,0.00,NC,0,0.00,,0,6900.00,1,40300,12150,50550,04 / 17,03/21,,,FALSE,,,0.00,0.00,,FALSE,,,0.00,0.00,,FALSE,0.00,0.00,0.00,,,,,,,,,,,,,,,,,,,,,,,,,,,,,,,,,,,,,,,,,,,,,,,,,,,,,,,,,,,,,,,,,,,,,,,,,,,,,,,,,,,,,,,,FALSE,0,,,,,,,0.00,0.00,0.00,TRUE,,,,0,,0.00,AHPVA340AP
CERVARIX 0.5ml(B),CERVARIX 0.5ml,1,FALSE,FALSE,,,,8140.00,NC,0,0.00,0.00,NC,0,0.00,0.00,NC,0,0.00,0.00,NC,0,0.00,0.00,NC,0,0.00,0.00,NC,0,0.00,0.00,NC,0,0.00,0.00,NC,0,0.00,0.00,NC,0,0.00,0.00,NC,0,0.00,,0,6900.00,1,40300,12150,50550,02/2020.,01/2025,,,FALSE,,,0.00,0.00,,FALSE,,,0.00,0.00,,FALSE,0.00,0.00,0.00,,,,,,,,,,,,,,,,,,,,,,,,,,,,,,,,,,,,,,,,,,,,,,,,,,,,,,,,,,,,,,,,,,,,,,,,,,,,,,,,,,,,,,,,FALSE,0,,,,,,,0.00,0.00,0.00,TRUE,,,,0,,0.00,AHPVA408AB.
CERVARIX 0.5ml(C),CERVARIX 0.5ml,1,FALSE,FALSE,,,,8140.00,NC,0,0.00,0.00,NC,0,0.00,0.00,NC,0,0.00,0.00,NC,0,0.00,0.00,NC,0,0.00,0.00,NC,0,0.00,0.00,NC,0,0.00,0.00,NC,0,0.00,0.00,NC,0,0.00,0.00,NC,0,0.00,,0,6900.00,1,40300,12150,50550,02/2020..,01/2025,,,FALSE,,,0.00,0.00,,FALSE,,,0.00,0.00,,FALSE,0.00,0.00,0.00,,,,,,,,,,,,,,,,,,,,,,,,,,,,,,,,,,,,,,,,,,,,,,,,,,,,,,,,,,,,,,,,,,,,,,,,,,,,,,,,,,,,,,,,FALSE,0,,,,,,,0.00,0.00,0.00,TRUE,,,,0,,0.00,AHPVA408AD.
CERVARIX 0.5ml(D),CERVARIX 0.5ml,1,FALSE,FALSE,,,,11213.00,NC,0,0.00,0.00,NC,0,0.00,0.00,NC,0,0.00,0.00,NC,0,0.00,0.00,NC,0,0.00,0.00,NC,0,0.00,0.00,NC,0,0.00,0.00,NC,0,0.00,0.00,NC,0,0.00,0.00,NC,0,0.00,,0,6900.00,1,40300,12150,50550,02/2020,01/2025,,,FALSE,,,0.00,0.00,,FALSE,,,0.00,0.00,,FALSE,0.00,0.00,0.00,,,,,,,,,,,,,,,,,,,,,,,,,,,,,,,,,,,,,,,,,,,,,,,,,,,,,,,,,,,,,,,,,,,,,,,,,,,,,,,,,,,,,,,,FALSE,0,,,,,,,0.00,0.00,0.00,TRUE,,,,0,,0.00,AHPVA408AJ.
CERVARIX 0.5ml(E),CERVARIX 0.5ml,1,FALSE,FALSE,,,,11213.00,NC,0,0.00,0.00,NC,0,0.00,0.00,NC,0,0.00,0.00,NC,0,0.00,0.00,NC,0,0.00,0.00,NC,0,0.00,0.00,NC,0,0.00,0.00,NC,0,0.00,0.00,NC,0,0.00,0.00,NC,0,0.00,,0,6900.00,1,40300,12150,50550,06/2020.....,05/2025,,,FALSE,,,0.00,0.00,,FALSE,,,0.00,0.00,,FALSE,0.00,0.00,0.00,,,,,,,,,,,,,,,,,,,,,,,,,,,,,,,,,,,,,,,,,,,,,,,,,,,,,,,,,,,,,,,,,,,,,,,,,,,,,,,,,,,,,,,,FALSE,0,,,,,,,0.00,0.00,0.00,TRUE,,,,0,,0.00,AHPVA415AC
CERVARIX 0.5ml(F),CERVARIX 0.5ml,1,FALSE,FALSE,,,,18837.00,NC,0,0.00,0.00,NC,0,0.00,0.00,NC,0,0.00,0.00,NC,0,0.00,0.00,NC,0,0.00,0.00,NC,0,0.00,0.00,NC,0,0.00,0.00,NC,0,0.00,0.00,NC,0,0.00,0.00,NC,0,0.00,,0,8970.00,1,40300,12150,50550,03/2022.....,02/2027,,,FALSE,,,0.00,0.00,,FALSE,,,0.00,0.00,,FALSE,0.00,0.00,0.00,,,,,,,,,,,,,,,,,,,,,,,,,,,,,,,,,,,,,,,,,,,,,,,,,,,,,,,,,,,,,,,,,,,,,,,,,,,,,,,,,,,,,,,,FALSE,0,,,,,,,0.00,0.00,0.00,TRUE,,,,0,,0.00,AHPVA442AG
CERVARIX 0.5ml(G),CERVARIX 0.5ml,1,FALSE,FALSE,,,,55690.00,NC,0,0.00,0.00,NC,0,0.00,0.00,NC,0,0.00,0.00,NC,0,0.00,0.00,NC,0,0.00,0.00,NC,0,0.00,0.00,NC,0,0.00,0.00,NC,0,0.00,0.00,NC,0,0.00,0.00,NC,0,0.00,,0,8970.00,1,40300,12150,50550,08/2022.....,07/2027,,,FALSE,,,0.00,0.00,,FALSE,,,0.00,0.00,,FALSE,0.00,0.00,0.00,,,,,,,,,,,,,,,,,,,,,,,,,,,,,,,,,,,,,,,,,,,,,,,,,,,,,,,,,,,,,,,,,,,,,,,,,,,,,,,,,,,,,,,,FALSE,0,,,,,,,0.00,0.00,0.00,TRUE,,,,0,,0.00,AHPVA458AC
CERVARIX 0.5ml(H),CERVARIX 0.5ml,1,FALSE,FALSE,,,,55690.00,NC,0,0.00,0.00,NC,0,0.00,0.00,NC,0,0.00,0.00,NC,0,0.00,0.00,NC,0,0.00,0.00,NC,0,0.00,0.00,NC,0,0.00,0.00,NC,0,0.00,0.00,NC,0,0.00,0.00,NC,0,0.00,,0,48430.00,1,40300,12150,50550,02/2024.....,01/2029,,,FALSE,,,0.00,0.00,,FALSE,,,0.00,0.00,,FALSE,0.00,0.00,0.00,,,,,,,,,,,,,,,,,,,,,,,,,,,,,,,,,,,,,,,,,,,,,,,,,,,,,,,,,,,,,,,,,,,,,,,,,,,,,,,,,,,,,,,,FALSE,0,,,,,,,0.00,0.00,60.00,TRUE,,,,0,,0.00,AHPVA504AD
Clavulin 625mg,Clavulin 625mg,1,FALSE,FALSE,,,,0.00,NC,0,0.00,0.00,NC,0,0.00,0.00,NC,0,0.00,0.00,NC,0,0.00,0.00,NC,0,0.00,0.00,NC,0,0.00,0.00,NC,0,0.00,0.00,NC,0,0.00,0.00,NC,0,0.00,0.00,NC,0,0.00,,0,752.00,1,40528,12328,50728,,,,,FALSE,,,0.00,0.00,,FALSE,,,0.00,0.00,,FALSE,0.00,0.00,0.00,,,,,,,,,,,,,,,,,,,,,,,,,,,,,,,,,,,,,,,,,,,,,,,,,,,,,,,,,,,,,,,,,,,,,,,,,,,,,,,,,,,,,,,,FALSE,0,,,,,,,0.00,0.00,0.00,TRUE,,,,0,,0.00,
CLEXANE,CLEXANE,1,FALSE,FALSE,,,,4530.00,NC,0,0.00,0.00,NC,0,0.00,0.00,NC,0,0.00,0.00,NC,0,0.00,0.00,NC,0,0.00,0.00,NC,0,0.00,0.00,NC,0,0.00,0.00,NC,0,0.00,0.00,NC,0,0.00,0.00,NC,0,0.00,,0,3700.00,1,40538,12338,50738,05/18,04/20,,,FALSE,,,0.00,0.00,,FALSE,,,0.00,0.00,,FALSE,0.00,0.00,0.00,,,,,,,,,,,,,,,,,,,,,,,,,,,,,,,,,,,,,,,,,,,,,,,,,,,,,,,,,,,,,,,,,,,,,,,,,,,,,,,,,,,,,,,,FALSE,0,,,,,,,0.00,0.00,0.00,TRUE,,,,0,,0.00,8S466
CLEXANE (A),CLEXANE,1,FALSE,FALSE,,,,4530.00,NC,0,0.00,0.00,NC,0,0.00,0.00,NC,0,0.00,0.00,NC,0,0.00,0.00,NC,0,0.00,0.00,NC,0,0.00,0.00,NC,0,0.00,0.00,NC,0,0.00,0.00,NC,0,0.00,0.00,NC,0,0.00,,0,3444.00,1,40538,12338,50738,09/18,08/20,,,FALSE,,,0.00,0.00,,FALSE,,,0.00,0.00,,FALSE,0.00,0.00,0.00,,,,,,,,,,,,,,,,,,,,,,,,,,,,,,,,,,,,,,,,,,,,,,,,,,,,,,,,,,,,,,,,,,,,,,,,,,,,,,,,,,,,,,,,FALSE,0,,,,,,,0.00,0.00,0.00,TRUE,,,,0,,0.00,8S883
CLEXANE (B),CLEXANE,1,FALSE,FALSE,,,,4530.00,NC,0,0.00,0.00,NC,0,0.00,0.00,NC,0,0.00,0.00,NC,0,0.00,0.00,NC,0,0.00,0.00,NC,0,0.00,0.00,NC,0,0.00,0.00,NC,0,0.00,0.00,NC,0,0.00,0.00,NC,0,0.00,,0,3100.00,1,40538,12338,50738,11/ 18,10/20,,,FALSE,,,0.00,0.00,,FALSE,,,0.00,0.00,,FALSE,0.00,0.00,0.00,,,,,,,,,,,,,,,,,,,,,,,,,,,,,,,,,,,,,,,,,,,,,,,,,,,,,,,,,,,,,,,,,,,,,,,,,,,,,,,,,,,,,,,,FALSE,0,,,,,,,0.00,0.00,0.00,TRUE,,,,0,,0.00,8S18V
CLEXANE (C),CLEXANE,1,FALSE,FALSE,,,,4530.00,NC,0,0.00,0.00,NC,0,0.00,0.00,NC,0,0.00,0.00,NC,0,0.00,0.00,NC,0,0.00,0.00,NC,0,0.00,0.00,NC,0,0.00,0.00,NC,0,0.00,0.00,NC,0,0.00,0.00,NC,0,0.00,,0,3600.00,1,40538,12338,50738,03 / 19,02 /21,,,FALSE,,,0.00,0.00,,FALSE,,,0.00,0.00,,FALSE,0.00,0.00,0.00,,,,,,,,,,,,,,,,,,,,,,,,,,,,,,,,,,,,,,,,,,,,,,,,,,,,,,,,,,,,,,,,,,,,,,,,,,,,,,,,,,,,,,,,FALSE,0,,,,,,,0.00,0.00,0.00,TRUE,,,,0,,0.00,9S219
CLEXANE (D),CLEXANE,1,FALSE,FALSE,,,,4530.00,NC,0,0.00,0.00,NC,0,0.00,0.00,NC,0,0.00,0.00,NC,0,0.00,0.00,NC,0,0.00,0.00,NC,0,0.00,0.00,NC,0,0.00,0.00,NC,0,0.00,0.00,NC,0,0.00,0.00,NC,0,0.00,,0,3600.00,1,40538,12338,50738,03 / 19..,02 /21,,,FALSE,,,0.00,0.00,,FALSE,,,0.00,0.00,,FALSE,0.00,0.00,0.00,,,,,,,,,,,,,,,,,,,,,,,,,,,,,,,,,,,,,,,,,,,,,,,,,,,,,,,,,,,,,,,,,,,,,,,,,,,,,,,,,,,,,,,,FALSE,0,,,,,,,0.00,0.00,0.00,TRUE,,,,0,,0.00,9S221
CLEXANE (E),CLEXANE,1,FALSE,FALSE,,,,4801.00,NC,0,0.00,0.00,NC,0,0.00,0.00,NC,0,0.00,0.00,NC,0,0.00,0.00,NC,0,0.00,0.00,NC,0,0.00,0.00,NC,0,0.00,0.00,NC,0,0.00,0.00,NC,0,0.00,0.00,NC,0,0.00,,0,3710.00,1,40538,12338,50738,07 / 19..,06/21...,,,FALSE,,,0.00,0.00,,FALSE,,,0.00,0.00,,FALSE,0.00,0.00,0.00,,,,,,,,,,,,,,,,,,,,,,,,,,,,,,,,,,,,,,,,,,,,,,,,,,,,,,,,,,,,,,,,,,,,,,,,,,,,,,,,,,,,,,,,FALSE,0,,,,,,,0.00,0.00,0.00,TRUE,,,,0,,0.00,9S576
CLEXANE (F),CLEXANE,1,FALSE,FALSE,,,,4801.00,NC,0,0.00,0.00,NC,0,0.00,0.00,NC,0,0.00,0.00,NC,0,0.00,0.00,NC,0,0.00,0.00,NC,0,0.00,0.00,NC,0,0.00,0.00,NC,0,0.00,0.00,NC,0,0.00,0.00,NC,0,0.00,,0,3274.00,1,40538,12338,50738,08/  19..,07/21..,,,FALSE,,,0.00,0.00,,FALSE,,,0.00,0.00,,FALSE,0.00,0.00,0.00,,,,,,,,,,,,,,,,,,,,,,,,,,,,,,,,,,,,,,,,,,,,,,,,,,,,,,,,,,,,,,,,,,,,,,,,,,,,,,,,,,,,,,,,FALSE,0,,,,,,,0.00,0.00,0.00,TRUE,,,,0,,0.00,9S742.
CLEXANE (G),CLEXANE,1,FALSE,FALSE,,,,5282.00,NC,0,0.00,0.00,NC,0,0.00,0.00,NC,0,0.00,0.00,NC,0,0.00,0.00,NC,0,0.00,0.00,NC,0,0.00,0.00,NC,0,0.00,0.00,NC,0,0.00,0.00,NC,0,0.00,0.00,NC,0,0.00,,0,4081.00,1,40538,12338,50738,12/20,11/22..,,,FALSE,,,0.00,0.00,,FALSE,,,0.00,0.00,,FALSE,0.00,0.00,0.00,,,,,,,,,,,,,,,,,,,,,,,,,,,,,,,,,,,,,,,,,,,,,,,,,,,,,,,,,,,,,,,,,,,,,,,,,,,,,,,,,,,,,,,,FALSE,0,,,,,,,0.00,0.00,0.00,TRUE,,,,0,,0.00,AS19F
CLEXANE (H),CLEXANE,1,FALSE,FALSE,,,,5282.00,NC,0,0.00,0.00,NC,0,0.00,0.00,NC,0,0.00,0.00,NC,0,0.00,0.00,NC,0,0.00,0.00,NC,0,0.00,0.00,NC,0,0.00,0.00,NC,0,0.00,0.00,NC,0,0.00,0.00,NC,0,0.00,,0,4081.00,1,40538,12338,50738,07/20,06/22...,,,FALSE,,,0.00,0.00,,FALSE,,,0.00,0.00,,FALSE,0.00,0.00,0.00,,,,,,,,,,,,,,,,,,,,,,,,,,,,,,,,,,,,,,,,,,,,,,,,,,,,,,,,,,,,,,,,,,,,,,,,,,,,,,,,,,,,,,,,FALSE,0,,,,,,,0.00,0.00,0.00,TRUE,,,,0,,0.00,AS646
CLEXANE (I),CLEXANE,1,FALSE,FALSE,,,,5282.00,NC,0,0.00,0.00,NC,0,0.00,0.00,NC,0,0.00,0.00,NC,0,0.00,0.00,NC,0,0.00,0.00,NC,0,0.00,0.00,NC,0,0.00,0.00,NC,0,0.00,0.00,NC,0,0.00,0.00,NC,0,0.00,,0,4081.00,1,40538,12338,50738,12  /20,11/22...,,,FALSE,,,0.00,0.00,,FALSE,,,0.00,0.00,,FALSE,0.00,0.00,0.00,,,,,,,,,,,,,,,,,,,,,,,,,,,,,,,,,,,,,,,,,,,,,,,,,,,,,,,,,,,,,,,,,,,,,,,,,,,,,,,,,,,,,,,,FALSE,0,,,,,,,0.00,0.00,0.00,TRUE,,,,0,,0.00,AS1AY
CLEXANE (J),CLEXANE,1,FALSE,FALSE,,,,6030.00,NC,0,0.00,0.00,NC,0,0.00,0.00,NC,0,0.00,0.00,NC,0,0.00,0.00,NC,0,0.00,0.00,NC,0,0.00,0.00,NC,0,0.00,0.00,NC,0,0.00,0.00,NC,0,0.00,0.00,NC,0,0.00,,0,4081.00,1,40538,12338,50738,01//21..,12/22...,,,FALSE,,,0.00,0.00,,FALSE,,,0.00,0.00,,FALSE,0.00,0.00,0.00,,,,,,,,,,,,,,,,,,,,,,,,,,,,,,,,,,,,,,,,,,,,,,,,,,,,,,,,,,,,,,,,,,,,,,,,,,,,,,,,,,,,,,,,FALSE,0,,,,,,,0.00,0.00,0.00,TRUE,,,,0,,0.00,CS111A
CLEXANE 20mg,CLEXANE 20mg,1,FALSE,FALSE,,,,4115.00,NC,0,0.00,0.00,NC,0,0.00,0.00,NC,0,0.00,0.00,NC,0,0.00,0.00,NC,0,0.00,0.00,NC,0,0.00,0.00,NC,0,0.00,0.00,NC,0,0.00,0.00,NC,0,0.00,0.00,NC,0,0.00,,0,3180.00,1,40538,12338,50738,04 / 19,03/21,,,FALSE,,,0.00,0.00,,FALSE,,,0.00,0.00,,FALSE,0.00,0.00,0.00,,,,,,,,,,,,,,,,,,,,,,,,,,,,,,,,,,,,,,,,,,,,,,,,,,,,,,,,,,,,,,,,,,,,,,,,,,,,,,,,,,,,,,,,FALSE,0,,,,,,,0.00,0.00,0.00,TRUE,,,,0,,0.00,9S369
CLEXANE 20mg (A),CLEXANE 20mg,1,FALSE,FALSE,,,,4669.00,NC,0,0.00,0.00,NC,0,0.00,0.00,NC,0,0.00,0.00,NC,0,0.00,0.00,NC,0,0.00,0.00,NC,0,0.00,0.00,NC,0,0.00,0.00,NC,0,0.00,0.00,NC,0,0.00,0.00,NC,0,0.00,,0,3498.00,1,40538,12338,50738,09 ./ 19,08/ 21..,,,FALSE,,,0.00,0.00,,FALSE,,,0.00,0.00,,FALSE,0.00,0.00,0.00,,,,,,,,,,,,,,,,,,,,,,,,,,,,,,,,,,,,,,,,,,,,,,,,,,,,,,,,,,,,,,,,,,,,,,,,,,,,,,,,,,,,,,,,FALSE,0,,,,,,,0.00,0.00,0.00,TRUE,,,,0,,0.00,9S771
CLEXANE 40mg(K),CLEXANE 40mg,1,FALSE,FALSE,,,,5282.00,NC,0,0.00,0.00,NC,0,0.00,0.00,NC,0,0.00,0.00,NC,0,0.00,0.00,NC,0,0.00,0.00,NC,0,0.00,0.00,NC,0,0.00,0.00,NC,0,0.00,0.00,NC,0,0.00,0.00,NC,0,0.00,,0,4081.00,1,40538,12338,50738,5/21,04/23..,,,FALSE,,,0.00,0.00,,FALSE,,,0.00,0.00,,FALSE,0.00,0.00,0.00,,,,,,,,,,,,,,,,,,,,,,,,,,,,,,,,,,,,,,,,,,,,,,,,,,,,,,,,,,,,,,,,,,,,,,,,,,,,,,,,,,,,,,,,FALSE,0,,,,,,,0.00,0.00,0.00,TRUE,,,,0,,0.00,CS449C
CLEXANE 40mg(L),CLEXANE 40mg,1,FALSE,FALSE,,,,6030.00,NC,0,0.00,0.00,NC,0,0.00,0.00,NC,0,0.00,0.00,NC,0,0.00,0.00,NC,0,0.00,0.00,NC,0,0.00,0.00,NC,0,0.00,0.00,NC,0,0.00,0.00,NC,0,0.00,0.00,NC,0,0.00,,0,4081.00,1,40538,12338,50738,08/21,07/23..,,,FALSE,,,0.00,0.00,,FALSE,,,0.00,0.00,,FALSE,0.00,0.00,0.00,,,,,,,,,,,,,,,,,,,,,,,,,,,,,,,,,,,,,,,,,,,,,,,,,,,,,,,,,,,,,,,,,,,,,,,,,,,,,,,,,,,,,,,,FALSE,0,,,,,,,0.00,0.00,0.00,TRUE,,,,0,,0.00,CS682A
CLEXANE 40mg(M),CLEXANE 40mg,1,FALSE,FALSE,,,,6030.00,NC,0,0.00,0.00,NC,0,0.00,0.00,NC,0,0.00,0.00,NC,0,0.00,0.00,NC,0,0.00,0.00,NC,0,0.00,0.00,NC,0,0.00,0.00,NC,0,0.00,0.00,NC,0,0.00,0.00,NC,0,0.00,,0,4657.74,1,40538,12338,50738,11/21,10/23..,,,FALSE,,,0.00,0.00,,FALSE,,,0.00,0.00,,FALSE,0.00,0.00,0.00,,,,,,,,,,,,,,,,,,,,,,,,,,,,,,,,,,,,,,,,,,,,,,,,,,,,,,,,,,,,,,,,,,,,,,,,,,,,,,,,,,,,,,,,FALSE,0,,,,,,,0.00,0.00,0.00,TRUE,,,,0,,0.00,CS11RA
CLEXANE 40mg(N),CLEXANE 40mg,1,FALSE,FALSE,,,,6030.00,NC,0,0.00,0.00,NC,0,0.00,0.00,NC,0,0.00,0.00,NC,0,0.00,0.00,NC,0,0.00,0.00,NC,0,0.00,0.00,NC,0,0.00,0.00,NC,0,0.00,0.00,NC,0,0.00,0.00,NC,0,0.00,,0,4657.74,1,40538,12338,50738,11/21.,10/23..,,,FALSE,,,0.00,0.00,,FALSE,,,0.00,0.00,,FALSE,0.00,0.00,0.00,,,,,,,,,,,,,,,,,,,,,,,,,,,,,,,,,,,,,,,,,,,,,,,,,,,,,,,,,,,,,,,,,,,,,,,,,,,,,,,,,,,,,,,,FALSE,0,,,,,,,0.00,0.00,0.00,TRUE,,,,0,,0.00,CS984C
CLEXANE 40mg(O),CLEXANE 40mg,1,FALSE,FALSE,,,,6030.00,NC,0,0.00,0.00,NC,0,0.00,0.00,NC,0,0.00,0.00,NC,0,0.00,0.00,NC,0,0.00,0.00,NC,0,0.00,0.00,NC,0,0.00,0.00,NC,0,0.00,0.00,NC,0,0.00,0.00,NC,0,0.00,,0,4657.74,1,40538,12338,50738,01/22.,12/23..,,,FALSE,,,0.00,0.00,,FALSE,,,0.00,0.00,,FALSE,0.00,0.00,0.00,,,,,,,,,,,,,,,,,,,,,,,,,,,,,,,,,,,,,,,,,,,,,,,,,,,,,,,,,,,,,,,,,,,,,,,,,,,,,,,,,,,,,,,,FALSE,0,,,,,,,0.00,0.00,0.00,TRUE,,,,0,,0.00,FS004F
CLEXANE 40mg(P),CLEXANE 40mg,1,FALSE,FALSE,,,,6030.00,NC,0,0.00,0.00,NC,0,0.00,0.00,NC,0,0.00,0.00,NC,0,0.00,0.00,NC,0,0.00,0.00,NC,0,0.00,0.00,NC,0,0.00,0.00,NC,0,0.00,0.00,NC,0,0.00,0.00,NC,0,0.00,,0,4657.74,1,40538,12338,50738,03/21.,02/23..,,,FALSE,,,0.00,0.00,,FALSE,,,0.00,0.00,,FALSE,0.00,0.00,0.00,,,,,,,,,,,,,,,,,,,,,,,,,,,,,,,,,,,,,,,,,,,,,,,,,,,,,,,,,,,,,,,,,,,,,,,,,,,,,,,,,,,,,,,,FALSE,0,,,,,,,0.00,0.00,0.00,TRUE,,,,0,,0.00,CS256A
CLEXANE 40mg(Q),CLEXANE 40mg,1,FALSE,FALSE,,,,7113.00,NC,0,0.00,0.00,NC,0,0.00,0.00,NC,0,0.00,0.00,NC,0,0.00,0.00,NC,0,0.00,0.00,NC,0,0.00,0.00,NC,0,0.00,0.00,NC,0,0.00,0.00,NC,0,0.00,0.00,NC,0,0.00,,0,5496.13,1,40538,12338,50738,03/22.,02/24..,,,FALSE,,,0.00,0.00,,FALSE,,,0.00,0.00,,FALSE,0.00,0.00,0.00,,,,,,,,,,,,,,,,,,,,,,,,,,,,,,,,,,,,,,,,,,,,,,,,,,,,,,,,,,,,,,,,,,,,,,,,,,,,,,,,,,,,,,,,FALSE,0,,,,,,,0.00,0.00,0.00,TRUE,,,,0,,0.00,FSI84A
CLEXANE 40mg(R),CLEXANE 40mg,1,FALSE,FALSE,,,,7113.00,NC,0,0.00,0.00,NC,0,0.00,0.00,NC,0,0.00,0.00,NC,0,0.00,0.00,NC,0,0.00,0.00,NC,0,0.00,0.00,NC,0,0.00,0.00,NC,0,0.00,0.00,NC,0,0.00,0.00,NC,0,0.00,,0,5633.54,1,40538,12338,50738,08/22.,03/24..,,,FALSE,,,0.00,0.00,,FALSE,,,0.00,0.00,,FALSE,0.00,0.00,0.00,,,,,,,,,,,,,,,,,,,,,,,,,,,,,,,,,,,,,,,,,,,,,,,,,,,,,,,,,,,,,,,,,,,,,,,,,,,,,,,,,,,,,,,,FALSE,0,,,,,,,0.00,0.00,0.00,TRUE,,,,0,,0.00,FS291A
CLEXANE 40mg(S),CLEXANE 40mg,1,FALSE,FALSE,,,,10069.00,NC,0,0.00,0.00,NC,0,0.00,0.00,NC,0,0.00,0.00,NC,0,0.00,0.00,NC,0,0.00,0.00,NC,0,0.00,0.00,NC,0,0.00,0.00,NC,0,0.00,0.00,NC,0,0.00,0.00,NC,0,0.00,,0,5633.54,1,40538,12338,50738,07/22.,05/24..,,,FALSE,,,0.00,0.00,,FALSE,,,0.00,0.00,,FALSE,0.00,0.00,0.00,,,,,,,,,,,,,,,,,,,,,,,,,,,,,,,,,,,,,,,,,,,,,,,,,,,,,,,,,,,,,,,,,,,,,,,,,,,,,,,,,,,,,,,,FALSE,0,,,,,,,0.00,0.00,0.00,TRUE,,,,0,,0.00,FS502A
CLEXANE 40mg(T),CLEXANE 40mg,1,FALSE,FALSE,,,,10069.00,NC,0,0.00,0.00,NC,0,0.00,0.00,NC,0,0.00,0.00,NC,0,0.00,0.00,NC,0,0.00,0.00,NC,0,0.00,0.00,NC,0,0.00,0.00,NC,0,0.00,0.00,NC,0,0.00,0.00,NC,0,0.00,,0,3661.80,1,40538,12338,50738,"07/22.,",06/24..,,,FALSE,,,0.00,0.00,,FALSE,,,0.00,0.00,,FALSE,0.00,0.00,0.00,,,,,,,,,,,,,,,,,,,,,,,,,,,,,,,,,,,,,,,,,,,,,,,,,,,,,,,,,,,,,,,,,,,,,,,,,,,,,,,,,,,,,,,,FALSE,0,,,,,,,0.00,0.00,0.00,TRUE,,,,0,,0.00,FS503C
CLEXANE 40mg(U),CLEXANE 40mg,1,FALSE,FALSE,,,,19286.00,NC,0,0.00,0.00,NC,0,0.00,0.00,NC,0,0.00,0.00,NC,0,0.00,0.00,NC,0,0.00,0.00,NC,0,0.00,0.00,NC,0,0.00,0.00,NC,0,0.00,0.00,NC,0,0.00,0.00,NC,0,0.00,,0,16770.00,1,40538,12338,50738,"09/23.,",08/25...,,,FALSE,,,0.00,0.00,,FALSE,,,0.00,0.00,,FALSE,0.00,0.00,0.00,,,,,,,,,,,,,,,,,,,,,,,,,,,,,,,,,,,,,,,,,,,,,,,,,,,,,,,,,,,,,,,,,,,,,,,,,,,,,,,,,,,,,,,,FALSE,0,,,,,,,0.00,0.00,0.00,TRUE,,,,0,,0.00,HS594J
CLEXANE 40mg(V),CLEXANE 40mg,1,FALSE,FALSE,,,,19286.00,NC,0,0.00,0.00,NC,0,0.00,0.00,NC,0,0.00,0.00,NC,0,0.00,0.00,NC,0,0.00,0.00,NC,0,0.00,0.00,NC,0,0.00,0.00,NC,0,0.00,0.00,NC,0,0.00,0.00,NC,0,0.00,,0,16770.00,1,40538,12338,50738,"10/23.,",09/25...,,,FALSE,,,0.00,0.00,,FALSE,,,0.00,0.00,,FALSE,0.00,0.00,0.00,,,,,,,,,,,,,,,,,,,,,,,,,,,,,,,,,,,,,,,,,,,,,,,,,,,,,,,,,,,,,,,,,,,,,,,,,,,,,,,,,,,,,,,,FALSE,0,,,,,,,0.00,0.00,0.00,TRUE,,,,0,,0.00,HS639A
CLEXANE 40mg(W),CLEXANE 40mg,1,FALSE,FALSE,,,,17370.00,NC,0,0.00,0.00,NC,0,0.00,0.00,NC,0,0.00,0.00,NC,0,0.00,0.00,NC,0,0.00,0.00,NC,0,0.00,0.00,NC,0,0.00,0.00,NC,0,0.00,0.00,NC,0,0.00,0.00,NC,0,0.00,,0,13590.00,1,40538,12338,50738,"11/23.,",10/25...,,,FALSE,,,0.00,0.00,,FALSE,,,0.00,0.00,,FALSE,0.00,0.00,0.00,,,,,,,,,,,,,,,,,,,,,,,,,,,,,,,,,,,,,,,,,,,,,,,,,,,,,,,,,,,,,,,,,,,,,,,,,,,,,,,,,,,,,,,,FALSE,0,,,,,,,0.00,0.00,0.00,TRUE,,,,0,,0.00,HS705A
CLEXANE 40mg(X),CLEXANE 40mg,1,FALSE,FALSE,,,,17370.00,NC,0,0.00,0.00,NC,0,0.00,0.00,NC,0,0.00,0.00,NC,0,0.00,0.00,NC,0,0.00,0.00,NC,0,0.00,0.00,NC,0,0.00,0.00,NC,0,0.00,0.00,NC,0,0.00,0.00,NC,0,0.00,,0,13590.00,1,40538,12338,50738,"01/24..,",12/25...,,,FALSE,,,0.00,0.00,,FALSE,,,0.00,0.00,,FALSE,0.00,0.00,0.00,,,,,,,,,,,,,,,,,,,,,,,,,,,,,,,,,,,,,,,,,,,,,,,,,,,,,,,,,,,,,,,,,,,,,,,,,,,,,,,,,,,,,,,,FALSE,0,,,,,,,0.00,0.00,0.00,TRUE,,,,0,,0.00,JSO42C
CLEXANE 40mg(Y),CLEXANE 40mg,1,FALSE,FALSE,,,,17370.00,NC,0,0.00,0.00,NC,0,0.00,0.00,NC,0,0.00,0.00,NC,0,0.00,0.00,NC,0,0.00,0.00,NC,0,0.00,0.00,NC,0,0.00,0.00,NC,0,0.00,0.00,NC,0,0.00,0.00,NC,0,0.00,,0,13590.00,1,40538,12338,50738,"02/24..,",01/26...,,,FALSE,,,0.00,0.00,,FALSE,,,0.00,0.00,,FALSE,0.00,0.00,0.00,,,,,,,,,,,,,,,,,,,,,,,,,,,,,,,,,,,,,,,,,,,,,,,,,,,,,,,,,,,,,,,,,,,,,,,,,,,,,,,,,,,,,,,,FALSE,0,,,,,,,0.00,0.00,0.00,TRUE,,,,0,,0.00,JSO89A
CLEXANE 40mg(Z),CLEXANE 40mg,1,FALSE,FALSE,,,,17370.00,NC,0,0.00,0.00,NC,0,0.00,0.00,NC,0,0.00,0.00,NC,0,0.00,0.00,NC,0,0.00,0.00,NC,0,0.00,0.00,NC,0,0.00,0.00,NC,0,0.00,0.00,NC,0,0.00,0.00,NC,0,0.00,,0,13590.00,1,40538,12338,50738,"04/24..,",03/26...,,,FALSE,,,0.00,0.00,,FALSE,,,0.00,0.00,,FALSE,0.00,0.00,0.00,,,,,,,,,,,,,,,,,,,,,,,,,,,,,,,,,,,,,,,,,,,,,,,,,,,,,,,,,,,,,,,,,,,,,,,,,,,,,,,,,,,,,,,,FALSE,0,,,,,,,0.00,0.00,0.00,TRUE,,,,0,,0.00,J236C
CLEXANE 40mg(Z)i,CLEXANE 40mg,1,FALSE,FALSE,,,,17370.00,NC,0,0.00,0.00,NC,0,0.00,0.00,NC,0,0.00,0.00,NC,0,0.00,0.00,NC,0,0.00,0.00,NC,0,0.00,0.00,NC,0,0.00,0.00,NC,0,0.00,0.00,NC,0,0.00,0.00,NC,0,0.00,,0,13590.00,1,40538,12338,50738,"05/24..,",04/26...,,,FALSE,,,0.00,0.00,,FALSE,,,0.00,0.00,,FALSE,0.00,0.00,0.00,,,,,,,,,,,,,,,,,,,,,,,,,,,,,,,,,,,,,,,,,,,,,,,,,,,,,,,,,,,,,,,,,,,,,,,,,,,,,,,,,,,,,,,,FALSE,0,,,,,,,0.00,0.00,0.00,TRUE,,,,0,,0.00,JS290A
CLEXANE 40mg(Z)ii,CLEXANE 40mg,1,FALSE,FALSE,,,,17370.00,NC,0,0.00,0.00,NC,0,0.00,0.00,NC,0,0.00,0.00,NC,0,0.00,0.00,NC,0,0.00,0.00,NC,0,0.00,0.00,NC,0,0.00,0.00,NC,0,0.00,0.00,NC,0,0.00,0.00,NC,0,0.00,,0,13590.00,1,40538,12338,50738,"07/24..,",06/26...,,,FALSE,,,0.00,0.00,,FALSE,,,0.00,0.00,,FALSE,0.00,0.00,0.00,,,,,,,,,,,,,,,,,,,,,,,,,,,,,,,,,,,,,,,,,,,,,,,,,,,,,,,,,,,,,,,,,,,,,,,,,,,,,,,,,,,,,,,,FALSE,0,,,,,,,0.00,0.00,0.00,TRUE,,,,0,,0.00,JS373A
CLEXANE 40mg(Z)iii,CLEXANE 40mg,1,FALSE,FALSE,,,,18271.00,NC,0,0.00,0.00,NC,0,0.00,0.00,NC,0,0.00,0.00,NC,0,0.00,0.00,NC,0,0.00,0.00,NC,0,0.00,0.00,NC,0,0.00,0.00,NC,0,0.00,0.00,NC,0,0.00,0.00,NC,0,0.00,,0,16610.00,1,40538,12338,50738,"06/25..,",05/27...,,,FALSE,,,0.00,0.00,,FALSE,,,0.00,0.00,,FALSE,0.00,0.00,0.00,,,,,,,,,,,,,,,,,,,,,,,,,,,,,,,,,,,,,,,,,,,,,,,,,,,,,,,,,,,,,,,,,,,,,,,,,,,,,,,,,,,,,,,,FALSE,0,,,,,,,0.00,0.00,164.00,TRUE,,,,0,,0.00,KS264A
CLEXANE 40mg(Z)iv,CLEXANE 40mg,1,FALSE,FALSE,,,,18271.00,NC,0,0.00,0.00,NC,0,0.00,0.00,NC,0,0.00,0.00,NC,0,0.00,0.00,NC,0,0.00,0.00,NC,0,0.00,0.00,NC,0,0.00,0.00,NC,0,0.00,0.00,NC,0,0.00,0.00,NC,0,0.00,,0,16610.00,1,40538,12338,50738,"01/26..,",12/27...,,,FALSE,,,0.00,0.00,,FALSE,,,0.00,0.00,,FALSE,0.00,0.00,0.00,,,,,,,,,,,,,,,,,,,,,,,,,,,,,,,,,,,,,,,,,,,,,,,,,,,,,,,,,,,,,,,,,,,,,,,,,,,,,,,,,,,,,,,,FALSE,0,,,,,,,0.00,0.00,200.00,TRUE,,,,0,,0.00,LS050A
CLEXANE 60mg,CLEXANE 60mg,1,FALSE,FALSE,,,,5487.00,NC,0,0.00,0.00,NC,0,0.00,0.00,NC,0,0.00,0.00,NC,0,0.00,0.00,NC,0,0.00,0.00,NC,0,0.00,0.00,NC,0,0.00,0.00,NC,0,0.00,0.00,NC,0,0.00,0.00,NC,0,0.00,,0,4240.00,1,40538,12338,50738,11 / 18.,10/ 20,,,FALSE,,,0.00,0.00,,FALSE,,,0.00,0.00,,FALSE,0.00,0.00,0.00,,,,,,,,,,,,,,,,,,,,,,,,,,,,,,,,,,,,,,,,,,,,,,,,,,,,,,,,,,,,,,,,,,,,,,,,,,,,,,,,,,,,,,,,FALSE,0,,,,,,,0.00,0.00,0.00,TRUE,,,,0,,0.00,8S12G
CLEXANE 60mg (A),CLEXANE 60mg,1,FALSE,FALSE,,,,5487.00,NC,0,0.00,0.00,NC,0,0.00,0.00,NC,0,0.00,0.00,NC,0,0.00,0.00,NC,0,0.00,0.00,NC,0,0.00,0.00,NC,0,0.00,0.00,NC,0,0.00,0.00,NC,0,0.00,0.00,NC,0,0.00,,0,4664.00,1,40538,12338,50738,09/ 19,08/21,,,FALSE,,,0.00,0.00,,FALSE,,,0.00,0.00,,FALSE,0.00,0.00,0.00,,,,,,,,,,,,,,,,,,,,,,,,,,,,,,,,,,,,,,,,,,,,,,,,,,,,,,,,,,,,,,,,,,,,,,,,,,,,,,,,,,,,,,,,FALSE,0,,,,,,,0.00,0.00,0.00,TRUE,,,,0,,0.00,9S778
CLEXANE 60mg (B),CLEXANE 60mg,1,FALSE,FALSE,,,,6942.00,NC,0,0.00,0.00,NC,0,0.00,0.00,NC,0,0.00,0.00,NC,0,0.00,0.00,NC,0,0.00,0.00,NC,0,0.00,0.00,NC,0,0.00,0.00,NC,0,0.00,0.00,NC,0,0.00,0.00,NC,0,0.00,,0,4664.00,1,40538,12338,50738,"10/19,",09/21,,,FALSE,,,0.00,0.00,,FALSE,,,0.00,0.00,,FALSE,0.00,0.00,0.00,,,,,,,,,,,,,,,,,,,,,,,,,,,,,,,,,,,,,,,,,,,,,,,,,,,,,,,,,,,,,,,,,,,,,,,,,,,,,,,,,,,,,,,,FALSE,0,,,,,,,0.00,0.00,0.00,TRUE,,,,0,,0.00,9S931
CLEXANE 60mg (C),CLEXANE 60mg,1,FALSE,FALSE,,,,8152.00,NC,0,0.00,0.00,NC,0,0.00,0.00,NC,0,0.00,0.00,NC,0,0.00,0.00,NC,0,0.00,0.00,NC,0,0.00,0.00,NC,0,0.00,0.00,NC,0,0.00,0.00,NC,0,0.00,0.00,NC,0,0.00,,0,6150.00,1,40538,12338,50738,"05/22,",04/24..,,,FALSE,,,0.00,0.00,,FALSE,,,0.00,0.00,,FALSE,0.00,0.00,0.00,,,,,,,,,,,,,,,,,,,,,,,,,,,,,,,,,,,,,,,,,,,,,,,,,,,,,,,,,,,,,,,,,,,,,,,,,,,,,,,,,,,,,,,,FALSE,0,,,,,,,0.00,0.00,0.00,TRUE,,,,0,,0.00,FS367
CLEXANE 60mg (D),CLEXANE 60mg,1,FALSE,FALSE,,,,21045.00,NC,0,0.00,0.00,NC,0,0.00,0.00,NC,0,0.00,0.00,NC,0,0.00,0.00,NC,0,0.00,0.00,NC,0,0.00,0.00,NC,0,0.00,0.00,NC,0,0.00,0.00,NC,0,0.00,0.00,NC,0,0.00,,0,18300.00,1,40538,12338,50738,"09/23,",08/25...,,,FALSE,,,0.00,0.00,,FALSE,,,0.00,0.00,,FALSE,0.00,0.00,0.00,,,,,,,,,,,,,,,,,,,,,,,,,,,,,,,,,,,,,,,,,,,,,,,,,,,,,,,,,,,,,,,,,,,,,,,,,,,,,,,,,,,,,,,,FALSE,0,,,,,,,0.00,0.00,0.00,TRUE,,,,0,,0.00,HS601A
CLEXANE 60mg (E),CLEXANE 60mg,1,FALSE,FALSE,,,,20125.00,NC,0,0.00,0.00,NC,0,0.00,0.00,NC,0,0.00,0.00,NC,0,0.00,0.00,NC,0,0.00,0.00,NC,0,0.00,0.00,NC,0,0.00,0.00,NC,0,0.00,0.00,NC,0,0.00,0.00,NC,0,0.00,,0,18900.00,1,40538,12338,50738,"07/24,",06/26...,,,FALSE,,,0.00,0.00,,FALSE,,,0.00,0.00,,FALSE,0.00,0.00,0.00,,,,,,,,,,,,,,,,,,,,,,,,,,,,,,,,,,,,,,,,,,,,,,,,,,,,,,,,,,,,,,,,,,,,,,,,,,,,,,,,,,,,,,,,FALSE,0,,,,,,,0.00,0.00,0.00,TRUE,,,,0,,0.00,JS365A
CLEXANE 80mg,CLEXANE 80mg,1,FALSE,FALSE,,,,6172.00,NC,0,0.00,0.00,NC,0,0.00,0.00,NC,0,0.00,0.00,NC,0,0.00,0.00,NC,0,0.00,0.00,NC,0,0.00,0.00,NC,0,0.00,0.00,NC,0,0.00,0.00,NC,0,0.00,0.00,NC,0,0.00,,0,4770.00,1,40538,12338,50738,03 /19,02/ 21,,,FALSE,,,0.00,0.00,,FALSE,,,0.00,0.00,,FALSE,0.00,0.00,0.00,,,,,,,,,,,,,,,,,,,,,,,,,,,,,,,,,,,,,,,,,,,,,,,,,,,,,,,,,,,,,,,,,,,,,,,,,,,,,,,,,,,,,,,,FALSE,0,,,,,,,0.00,0.00,0.00,TRUE,,,,0,,0.00,9S213
CLEXANE 80mg(A),CLEXANE 80mg,1,FALSE,FALSE,,,,6172.00,NC,0,0.00,0.00,NC,0,0.00,0.00,NC,0,0.00,0.00,NC,0,0.00,0.00,NC,0,0.00,0.00,NC,0,0.00,0.00,NC,0,0.00,0.00,NC,0,0.00,0.00,NC,0,0.00,0.00,NC,0,0.00,,0,5247.00,1,40538,12338,50738,12/ 19..,11/ 21..,,,FALSE,,,0.00,0.00,,FALSE,,,0.00,0.00,,FALSE,0.00,0.00,0.00,,,,,,,,,,,,,,,,,,,,,,,,,,,,,,,,,,,,,,,,,,,,,,,,,,,,,,,,,,,,,,,,,,,,,,,,,,,,,,,,,,,,,,,,FALSE,0,,,,,,,0.00,0.00,0.00,TRUE,,,,0,,0.00,9S17T.
CLEXANE 80mg(B),CLEXANE 80mg,1,FALSE,FALSE,,,,6172.00,NC,0,0.00,0.00,NC,0,0.00,0.00,NC,0,0.00,0.00,NC,0,0.00,0.00,NC,0,0.00,0.00,NC,0,0.00,0.00,NC,0,0.00,0.00,NC,0,0.00,0.00,NC,0,0.00,0.00,NC,0,0.00,,0,5247.00,1,40538,12338,50738,08/ 20..,07/22..,,,FALSE,,,0.00,0.00,,FALSE,,,0.00,0.00,,FALSE,0.00,0.00,0.00,,,,,,,,,,,,,,,,,,,,,,,,,,,,,,,,,,,,,,,,,,,,,,,,,,,,,,,,,,,,,,,,,,,,,,,,,,,,,,,,,,,,,,,,FALSE,0,,,,,,,0.00,0.00,0.00,TRUE,,,,0,,0.00,AS681C.
CLEXANE 80mg(C),CLEXANE 80mg,1,FALSE,FALSE,,,,8800.00,NC,0,0.00,0.00,NC,0,0.00,0.00,NC,0,0.00,0.00,NC,0,0.00,0.00,NC,0,0.00,0.00,NC,0,0.00,0.00,NC,0,0.00,0.00,NC,0,0.00,0.00,NC,0,0.00,0.00,NC,0,0.00,,0,6034.05,1,40538,12338,50738,08/ 21..,07/23..,,,FALSE,,,0.00,0.00,,FALSE,,,0.00,0.00,,FALSE,0.00,0.00,0.00,,,,,,,,,,,,,,,,,,,,,,,,,,,,,,,,,,,,,,,,,,,,,,,,,,,,,,,,,,,,,,,,,,,,,,,,,,,,,,,,,,,,,,,,FALSE,0,,,,,,,0.00,0.00,0.00,TRUE,,,,0,,0.00,CS747
CLEXANE 80mg(D),CLEXANE 80mg,1,FALSE,FALSE,,,,8800.00,NC,0,0.00,0.00,NC,0,0.00,0.00,NC,0,0.00,0.00,NC,0,0.00,0.00,NC,0,0.00,0.00,NC,0,0.00,0.00,NC,0,0.00,0.00,NC,0,0.00,0.00,NC,0,0.00,0.00,NC,0,0.00,,0,6970.00,1,40538,12338,50738,01/ 22..,12/23..,,,FALSE,,,0.00,0.00,,FALSE,,,0.00,0.00,,FALSE,0.00,0.00,0.00,,,,,,,,,,,,,,,,,,,,,,,,,,,,,,,,,,,,,,,,,,,,,,,,,,,,,,,,,,,,,,,,,,,,,,,,,,,,,,,,,,,,,,,,FALSE,0,,,,,,,0.00,0.00,0.00,TRUE,,,,0,,0.00,FS047
CLEXANE 80mg(E),CLEXANE 80mg,1,FALSE,FALSE,,,,23863.00,NC,0,0.00,0.00,NC,0,0.00,0.00,NC,0,0.00,0.00,NC,0,0.00,0.00,NC,0,0.00,0.00,NC,0,0.00,0.00,NC,0,0.00,0.00,NC,0,0.00,0.00,NC,0,0.00,0.00,NC,0,0.00,,0,20750.00,1,40538,12338,50738,11/ 23..,10/25..,,,FALSE,,,0.00,0.00,,FALSE,,,0.00,0.00,,FALSE,0.00,0.00,0.00,,,,,,,,,,,,,,,,,,,,,,,,,,,,,,,,,,,,,,,,,,,,,,,,,,,,,,,,,,,,,,,,,,,,,,,,,,,,,,,,,,,,,,,,FALSE,0,,,,,,,0.00,0.00,0.00,TRUE,,,,0,,0.00,HS694E
COAPROVEL TAB 300(A),CO APROVEL TAB 300MG/12.5,1,FALSE,FALSE,,,,7505.00,NC,0,0.00,0.00,NC,0,0.00,0.00,NC,0,0.00,0.00,NC,0,0.00,0.00,NC,0,0.00,0.00,NC,0,0.00,0.00,NC,0,0.00,0.00,NC,0,0.00,0.00,NC,0,0.00,0.00,NC,0,0.00,,0,5006.00,1,40541,12341,50741,10/19.,09/22,,,FALSE,,,0.00,0.00,,FALSE,,,0.00,0.00,,FALSE,0.00,0.00,0.00,,,,,,,,,,,,,,,,,,,,,,,,,,,,,,,,,,,,,,,,,,,,,,,,,,,,,,,,,,,,,,,,,,,,,,,,,,,,,,,,,,,,,,,,FALSE,0,,,,,,,0.00,0.00,0.00,TRUE,,,,0,,0.00,9A571
COAPROVEL TAB 300/12,CO APROVEL TAB 300MG/12.5,1,FALSE,FALSE,,,,5195.00,NC,0,0.00,0.00,NC,0,0.00,0.00,NC,0,0.00,0.00,NC,0,0.00,0.00,NC,0,0.00,0.00,NC,0,0.00,0.00,NC,0,0.00,0.00,NC,0,0.00,0.00,NC,0,0.00,0.00,NC,0,0.00,,0,4723.00,1,40541,12341,50741,10/17.,09/20,,,FALSE,,,0.00,0.00,,FALSE,,,0.00,0.00,,FALSE,0.00,0.00,0.00,,,,,,,,,,,,,,,,,,,,,,,,,,,,,,,,,,,,,,,,,,,,,,,,,,,,,,,,,,,,,,,,,,,,,,,,,,,,,,,,,,,,,,,,FALSE,0,,,,,,,0.00,0.00,0.00,TRUE,,,,0,,0.00,7A570
CYPLOX 500MG,CYPLOX 500MG/CIPROFLOXACIN,1,FALSE,FALSE,,,,285.00,NC,0,0.00,0.00,NC,0,0.00,0.00,NC,0,0.00,0.00,NC,0,0.00,0.00,NC,0,0.00,0.00,NC,0,0.00,0.00,NC,0,0.00,0.00,NC,0,0.00,0.00,NC,0,0.00,0.00,NC,0,0.00,,0,384.00,1,40528,12328,50728,07/ 18,06/21,,,FALSE,,,0.00,0.00,,FALSE,,,0.00,0.00,,FALSE,0.00,0.00,0.00,,,,,,,,,,,,,,,,,,,,,,,,,,,,,,,,,,,,,,,,,,,,,,,,,,,,,,,,,,,,,,,,,,,,,,,,,,,,,,,,,,,,,,,,FALSE,0,,,,,,,0.00,0.00,0.00,TRUE,,,,0,,0.00,830702
DULTAVAX 0.5ML,DULTAVAX 0.5ML,1,FALSE,FALSE,,,,10710.00,NC,0,0.00,0.00,NC,0,0.00,0.00,NC,0,0.00,0.00,NC,0,0.00,0.00,NC,0,0.00,0.00,NC,0,0.00,0.00,NC,0,0.00,0.00,NC,0,0.00,0.00,NC,0,0.00,0.00,NC,0,0.00,,0,4980.00,1,40522,12322,50722,,,,,FALSE,,,0.00,0.00,,FALSE,,,0.00,0.00,,FALSE,0.00,0.00,0.00,,,,,,,,,,,,,,,,,,,,,,,,,,,,,,,,,,,,,,,,,,,,,,,,,,,,,,,,,,,,,,,,,,,,,,,,,,,,,,,,,,,,,,,,FALSE,0,,,,,,,0.00,0.00,0.00,TRUE,,,,0,,0.00,
DUODART,DUODANT,1,FALSE,FALSE,,,,0.00,NC,0,0.00,0.00,NC,0,0.00,0.00,NC,0,0.00,0.00,NC,0,0.00,0.00,NC,0,0.00,0.00,NC,0,0.00,0.00,NC,0,0.00,0.00,NC,0,0.00,0.00,NC,0,0.00,0.00,NC,0,0.00,,0,5256.00,1,40528,12328,50728,,,,,FALSE,,,0.00,0.00,,FALSE,,,0.00,0.00,,FALSE,0.00,0.00,0.00,,,,,,,,,,,,,,,,,,,,,,,,,,,,,,,,,,,,,,,,,,,,,,,,,,,,,,,,,,,,,,,,,,,,,,,,,,,,,,,,,,,,,,,,FALSE,0,,,,,,,0.00,0.00,0.00,TRUE,,,,0,,0.00,
ELICASAL OINTMENT,ELICASAL OINTMENT,1,FALSE,FALSE,,,,8400.00,NC,0,0.00,0.00,NC,0,0.00,0.00,NC,0,0.00,0.00,NC,0,0.00,0.00,NC,0,0.00,0.00,NC,0,0.00,0.00,NC,0,0.00,0.00,NC,0,0.00,0.00,NC,0,0.00,0.00,NC,0,0.00,,0,8000.00,1,49916,12372,59919,"08/23.,",08/26,,,FALSE,,,0.00,0.00,,FALSE,,,0.00,0.00,,FALSE,0.00,0.00,0.00,,,,,,,,,,,,,,,,,,,,,,,,,,,,,,,,,,,,,,,,,,,,,,,,,,,,,,,,,,,,,,,,,,,,,,,,,,,,,,,,,,,,,,,,FALSE,0,,,,,,,0.00,0.00,0.00,TRUE,,,,0,,0.00,AH0022
ELOXATINE 100MG/20ML,ELOXATINE 100MG/20ML,1,FALSE,FALSE,,,,0.00,NC,0,0.00,0.00,NC,0,0.00,0.00,NC,0,0.00,0.00,NC,0,0.00,0.00,NC,0,0.00,0.00,NC,0,0.00,0.00,NC,0,0.00,0.00,NC,0,0.00,0.00,NC,0,0.00,0.00,NC,0,0.00,,0,75000.00,1,40000,12000,50000,08/ 18...,7/20.,,,FALSE,,,0.00,0.00,,FALSE,,,0.00,0.00,,FALSE,0.00,0.00,0.00,,,,,,,,,,,,,,,,,,,,,,,,,,,,,,,,,,,,,,,,,,,,,,,,,,,,,,,,,,,,,,,,,,,,,,,,,,,,,,,,,,,,,,,,FALSE,0,,,,,,,0.00,0.00,0.00,TRUE,,,,0,,0.00,8F245A
ELOXATINE 50MG/20ML,ELOXATINE 50MG/20ML,1,FALSE,FALSE,,,,0.00,NC,0,0.00,0.00,NC,0,0.00,0.00,NC,0,0.00,0.00,NC,0,0.00,0.00,NC,0,0.00,0.00,NC,0,0.00,0.00,NC,0,0.00,0.00,NC,0,0.00,0.00,NC,0,0.00,0.00,NC,0,0.00,,0,40000.00,1,40000,12000,50000,03/ 19...,2/21,,,FALSE,,,0.00,0.00,,FALSE,,,0.00,0.00,,FALSE,0.00,0.00,0.00,,,,,,,,,,,,,,,,,,,,,,,,,,,,,,,,,,,,,,,,,,,,,,,,,,,,,,,,,,,,,,,,,,,,,,,,,,,,,,,,,,,,,,,,FALSE,0,,,,,,,0.00,0.00,0.00,TRUE,,,,0,,0.00,9F256A
Emzor Hepatiti A JNR,Emzor Hepatiti A JNR,1,FALSE,FALSE,,,,5150.00,NC,0,0.00,0.00,NC,0,0.00,0.00,NC,0,0.00,0.00,NC,0,0.00,0.00,NC,0,0.00,0.00,NC,0,0.00,0.00,NC,0,0.00,0.00,NC,0,0.00,0.00,NC,0,0.00,0.00,NC,0,0.00,,0,4150.00,1,40200,12100,50500,03/2021,09 / 23,,,FALSE,,,0.00,0.00,,FALSE,,,0.00,0.00,,FALSE,0.00,0.00,0.00,,,,,,,,,,,,,,,,,,,,,,,,,,,,,,,,,,,,,,,,,,,,,,,,,,,,,,,,,,,,,,,,,,,,,,,,,,,,,,,,,,,,,,,,FALSE,0,,,,,,,0.00,0.00,0.00,TRUE,,,,0,,0.00,202003008
Emzor Hepatitis A,Emzor Hepatitis A,1,FALSE,FALSE,,,,5940.00,NC,0,0.00,0.00,NC,0,0.00,0.00,NC,0,0.00,0.00,NC,0,0.00,0.00,NC,0,0.00,0.00,NC,0,0.00,0.00,NC,0,0.00,0.00,NC,0,0.00,0.00,NC,0,0.00,0.00,NC,0,0.00,,0,4500.00,1,40200,12100,50500,05/17,11/20,,,FALSE,,,0.00,0.00,,FALSE,,,0.00,0.00,,FALSE,0.00,0.00,0.00,,,,,,,,,,,,,,,,,,,,,,,,,,,,,,,,,,,,,,,,,,,,,,,,,,,,,,,,,,,,,,,,,,,,,,,,,,,,,,,,,,,,,,,,FALSE,0,,,,,,,0.00,0.00,0.00,TRUE,,,,0,,0.00,201705009
Emzor Hepatitis A(A),Emzor Hepatitis A,1,FALSE,FALSE,,,,5940.00,NC,0,0.00,0.00,NC,0,0.00,0.00,NC,0,0.00,0.00,NC,0,0.00,0.00,NC,0,0.00,0.00,NC,0,0.00,0.00,NC,0,0.00,0.00,NC,0,0.00,0.00,NC,0,0.00,0.00,NC,0,0.00,,0,4950.00,1,40200,12100,50500,06/ 18,12/ 21,,,FALSE,,,0.00,0.00,,FALSE,,,0.00,0.00,,FALSE,0.00,0.00,0.00,,,,,,,,,,,,,,,,,,,,,,,,,,,,,,,,,,,,,,,,,,,,,,,,,,,,,,,,,,,,,,,,,,,,,,,,,,,,,,,,,,,,,,,,FALSE,0,,,,,,,0.00,0.00,0.00,TRUE,,,,0,,0.00,201806024
Emzor Hepatitis A(B),Emzor Hepatitis A,1,FALSE,FALSE,,,,6380.00,NC,0,0.00,0.00,NC,0,0.00,0.00,NC,0,0.00,0.00,NC,0,0.00,0.00,NC,0,0.00,0.00,NC,0,0.00,0.00,NC,0,0.00,0.00,NC,0,0.00,0.00,NC,0,0.00,0.00,NC,0,0.00,,0,4950.00,1,40200,12100,50500,05/2019,11/  22,,,FALSE,,,0.00,0.00,,FALSE,,,0.00,0.00,,FALSE,0.00,0.00,0.00,,,,,,,,,,,,,,,,,,,,,,,,,,,,,,,,,,,,,,,,,,,,,,,,,,,,,,,,,,,,,,,,,,,,,,,,,,,,,,,,,,,,,,,,FALSE,0,,,,,,,0.00,0.00,0.00,TRUE,,,,0,,0.00,201905026
Emzor Hepatitis B,Emzor Hep B M/DOSE,1,FALSE,FALSE,,,,9000.00,NC,0,0.00,0.00,NC,0,0.00,0.00,NC,0,0.00,0.00,NC,0,0.00,0.00,NC,0,0.00,0.00,NC,0,0.00,0.00,NC,0,0.00,0.00,NC,0,0.00,0.00,NC,0,0.00,0.00,NC,0,0.00,,0,8000.00,1,50000,12000,50000,11  /17...,10 / 20.,,,FALSE,,,0.00,0.00,,FALSE,,,0.00,0.00,,FALSE,0.00,0.00,0.00,,,,,,,,,,,,,,,,,,,,,,,,,,,,,,,,,,,,,,,,,,,,,,,,,,,,,,,,,,,,,,,,,,,,,,,,,,,,,,,,,,,,,,,,FALSE,0,,,,,,,0.00,0.00,0.00,TRUE,,,,0,,0.00,035L7038
Emzor Hepatitis B(A),Emzor Hep B M/DOSE,1,FALSE,FALSE,,,,11250.00,NC,0,0.00,0.00,NC,0,0.00,0.00,NC,0,0.00,0.00,NC,0,0.00,0.00,NC,0,0.00,0.00,NC,0,0.00,0.00,NC,0,0.00,0.00,NC,0,0.00,0.00,NC,0,0.00,0.00,NC,0,0.00,,0,9000.00,1,50000,12000,50000,07/19..,06/22...,,,FALSE,,,0.00,0.00,,FALSE,,,0.00,0.00,,FALSE,0.00,0.00,0.00,,,,,,,,,,,,,,,,,,,,,,,,,,,,,,,,,,,,,,,,,,,,,,,,,,,,,,,,,,,,,,,,,,,,,,,,,,,,,,,,,,,,,,,,FALSE,0,,,,,,,0.00,0.00,0.00,TRUE,,,,0,,0.00,0359X013
ENG B 20 mcg,ENGERIX B 20mcg,1,FALSE,FALSE,,,,2000.00,NC,0,0.00,0.00,NC,0,0.00,0.00,NC,0,0.00,0.00,NC,0,0.00,0.00,NC,0,0.00,0.00,NC,0,0.00,0.00,NC,0,0.00,0.00,NC,0,0.00,0.00,NC,0,0.00,0.00,NC,0,0.00,,0,1654.60,1,40000,12000,50000,09/17.,08/20,,,FALSE,,,0.00,0.00,,FALSE,,,0.00,0.00,,FALSE,0.00,0.00,0.00,,,,,,,,,,,,,,,,,,,,,,,,,,,,,,,,,,,,,,,,,,,,,,,,,,,,,,,,,,,,,,,,,,,,,,,,,,,,,,,,,,,,,,,,FALSE,0,,,,,,,0.00,0.00,0.00,TRUE,,,,0,,0.00,AHBVC690AD
ENG B 20 mcg(A),ENGERIX B 20mcg,1,FALSE,FALSE,,,,2000.00,NC,0,0.00,0.00,NC,0,0.00,0.00,NC,0,0.00,0.00,NC,0,0.00,0.00,NC,0,0.00,0.00,NC,0,0.00,0.00,NC,0,0.00,0.00,NC,0,0.00,0.00,NC,0,0.00,0.00,NC,0,0.00,,0,1654.60,1,40000,12000,50000,04/18..,03/21,,,FALSE,,,0.00,0.00,,FALSE,,,0.00,0.00,,FALSE,0.00,0.00,0.00,,,,,,,,,,,,,,,,,,,,,,,,,,,,,,,,,,,,,,,,,,,,,,,,,,,,,,,,,,,,,,,,,,,,,,,,,,,,,,,,,,,,,,,,FALSE,0,,,,,,,0.00,0.00,0.00,TRUE,,,,0,,0.00,AHBVC771AB
ENG B 20 mcg(B),ENGERIX B 20mcg,1,FALSE,FALSE,,,,2000.00,NC,0,0.00,0.00,NC,0,0.00,0.00,NC,0,0.00,0.00,NC,0,0.00,0.00,NC,0,0.00,0.00,NC,0,0.00,0.00,NC,0,0.00,0.00,NC,0,0.00,0.00,NC,0,0.00,0.00,NC,0,0.00,,0,1654.60,1,40000,12000,50000,12/18..,11/20,,,FALSE,,,0.00,0.00,,FALSE,,,0.00,0.00,,FALSE,0.00,0.00,0.00,,,,,,,,,,,,,,,,,,,,,,,,,,,,,,,,,,,,,,,,,,,,,,,,,,,,,,,,,,,,,,,,,,,,,,,,,,,,,,,,,,,,,,,,FALSE,0,,,,,,,0.00,0.00,0.00,TRUE,,,,0,,0.00,AHBVC714AF
ENG B 20 mcg(C),ENGERIX B 20mcg,1,FALSE,FALSE,,,,2000.00,NC,0,0.00,0.00,NC,0,0.00,0.00,NC,0,0.00,0.00,NC,0,0.00,0.00,NC,0,0.00,0.00,NC,0,0.00,0.00,NC,0,0.00,0.00,NC,0,0.00,0.00,NC,0,0.00,0.00,NC,0,0.00,,0,1654.60,1,40000,12000,50000,4/18..,3/21..,,,FALSE,,,0.00,0.00,,FALSE,,,0.00,0.00,,FALSE,0.00,0.00,0.00,,,,,,,,,,,,,,,,,,,,,,,,,,,,,,,,,,,,,,,,,,,,,,,,,,,,,,,,,,,,,,,,,,,,,,,,,,,,,,,,,,,,,,,,FALSE,0,,,,,,,0.00,0.00,0.00,TRUE,,,,0,,0.00,AHBVC771AB..
ENG B 20 mcg(D),ENGERIX B 20mcg,1,FALSE,FALSE,,,,2000.00,NC,0,0.00,0.00,NC,0,0.00,0.00,NC,0,0.00,0.00,NC,0,0.00,0.00,NC,0,0.00,0.00,NC,0,0.00,0.00,NC,0,0.00,0.00,NC,0,0.00,0.00,NC,0,0.00,0.00,NC,0,0.00,,0,1654.60,1,40000,12000,50000,4//19,3/22..,,,FALSE,,,0.00,0.00,,FALSE,,,0.00,0.00,,FALSE,0.00,0.00,0.00,,,,,,,,,,,,,,,,,,,,,,,,,,,,,,,,,,,,,,,,,,,,,,,,,,,,,,,,,,,,,,,,,,,,,,,,,,,,,,,,,,,,,,,,FALSE,0,,,,,,,0.00,0.00,0.00,TRUE,,,,0,,0.00,AHBVC872AL.
ENG B 20 mcg(E),ENGERIX B 20mcg,1,FALSE,FALSE,,,,1995.00,NC,0,0.00,0.00,NC,0,0.00,0.00,NC,0,0.00,0.00,NC,0,0.00,0.00,NC,0,0.00,0.00,NC,0,0.00,0.00,NC,0,0.00,0.00,NC,0,0.00,0.00,NC,0,0.00,0.00,NC,0,0.00,,0,1654.60,1,40000,12000,50000,12//20,11/23,,,FALSE,,,0.00,0.00,,FALSE,,,0.00,0.00,,FALSE,0.00,0.00,0.00,,,,,,,,,,,,,,,,,,,,,,,,,,,,,,,,,,,,,,,,,,,,,,,,,,,,,,,,,,,,,,,,,,,,,,,,,,,,,,,,,,,,,,,,FALSE,0,,,,,,,0.00,0.00,0.00,TRUE,,,,0,,0.00,AHBVC987BG
ENG B 20 mcg(F),ENGERIX B 20mcg,1,FALSE,FALSE,,,,1995.00,NC,0,0.00,0.00,NC,0,0.00,0.00,NC,0,0.00,0.00,NC,0,0.00,0.00,NC,0,0.00,0.00,NC,0,0.00,0.00,NC,0,0.00,0.00,NC,0,0.00,0.00,NC,0,0.00,0.00,NC,0,0.00,,0,1654.60,1,40000,12000,50000,12//20..,02/24,,,FALSE,,,0.00,0.00,,FALSE,,,0.00,0.00,,FALSE,0.00,0.00,0.00,,,,,,,,,,,,,,,,,,,,,,,,,,,,,,,,,,,,,,,,,,,,,,,,,,,,,,,,,,,,,,,,,,,,,,,,,,,,,,,,,,,,,,,,FALSE,0,,,,,,,0.00,0.00,0.00,TRUE,,,,0,,0.00,AHBVC999AM
ENG B 20 mcg(G),ENGERIX B 20mcg,1,FALSE,FALSE,,,,1995.00,NC,0,0.00,0.00,NC,0,0.00,0.00,NC,0,0.00,0.00,NC,0,0.00,0.00,NC,0,0.00,0.00,NC,0,0.00,0.00,NC,0,0.00,0.00,NC,0,0.00,0.00,NC,0,0.00,0.00,NC,0,0.00,,0,1654.60,1,40000,12000,50000,05//21..,04/24,,,FALSE,,,0.00,0.00,,FALSE,,,0.00,0.00,,FALSE,0.00,0.00,0.00,,,,,,,,,,,,,,,,,,,,,,,,,,,,,,,,,,,,,,,,,,,,,,,,,,,,,,,,,,,,,,,,,,,,,,,,,,,,,,,,,,,,,,,,FALSE,0,,,,,,,0.00,0.00,0.00,TRUE,,,,0,,0.00,AHBVDO27AS
ENG B 20 mcg(H),Engerix B 20mcg,1,FALSE,FALSE,,,,3105.00,NC,0,0.00,0.00,NC,0,0.00,0.00,NC,0,0.00,0.00,NC,0,0.00,0.00,NC,0,0.00,0.00,NC,0,0.00,0.00,NC,0,0.00,0.00,NC,0,0.00,0.00,NC,0,0.00,0.00,NC,0,0.00,,0,2069.00,1,40000,12000,50000,12//21..,11/24,,,FALSE,,,0.00,0.00,,FALSE,,,0.00,0.00,,FALSE,0.00,0.00,0.00,,,,,,,,,,,,,,,,,,,,,,,,,,,,,,,,,,,,,,,,,,,,,,,,,,,,,,,,,,,,,,,,,,,,,,,,,,,,,,,,,,,,,,,,FALSE,0,,,,,,,0.00,0.00,0.00,TRUE,,,,0,,0.00,AHBVDO61AM
ENG10mcg,ENGERIX B 10 mcg,1,FALSE,FALSE,,,,1320.00,NC,0,0.00,0.00,NC,0,0.00,0.00,NC,0,0.00,0.00,NC,0,0.00,0.00,NC,0,0.00,0.00,NC,0,0.00,0.00,NC,0,0.00,0.00,NC,0,0.00,0.00,NC,0,0.00,0.00,NC,0,0.00,,0,1087.78,1,40000,12000,50000,09/17,08/20,,,FALSE,,,0.00,0.00,,FALSE,,,0.00,0.00,,FALSE,0.00,0.00,0.00,,,,,,,,,,,,,,,,,,,,,,,,,,,,,,,,,,,,,,,,,,,,,,,,,,,,,,,,,,,,,,,,,,,,,,,,,,,,,,,,,,,,,,,,FALSE,0,,,,,,,0.00,0.00,0.00,TRUE,,,,0,,0.00,AHBVC689AM
ENG10mcg (A),ENGERIX B 10 mcg,1,FALSE,FALSE,,,,1320.00,NC,0,0.00,0.00,NC,0,0.00,0.00,NC,0,0.00,0.00,NC,0,0.00,0.00,NC,0,0.00,0.00,NC,0,0.00,0.00,NC,0,0.00,0.00,NC,0,0.00,0.00,NC,0,0.00,0.00,NC,0,0.00,,0,1087.78,1,40000,12000,50000,10 /17.,9/.20,,,FALSE,,,0.00,0.00,,FALSE,,,0.00,0.00,,FALSE,0.00,0.00,0.00,,,,,,,,,,,,,,,,,,,,,,,,,,,,,,,,,,,,,,,,,,,,,,,,,,,,,,,,,,,,,,,,,,,,,,,,,,,,,,,,,,,,,,,,FALSE,0,,,,,,,0.00,0.00,0.00,TRUE,,,,0,,0.00,AHBVC704AJ.
EPILIM 200mg,EPILIM 200mg,1,FALSE,FALSE,,,,0.00,NC,0,0.00,0.00,NC,0,0.00,0.00,NC,0,0.00,0.00,NC,0,0.00,0.00,NC,0,0.00,0.00,NC,0,0.00,0.00,NC,0,0.00,0.00,NC,0,0.00,0.00,NC,0,0.00,0.00,NC,0,0.00,,0,6557.00,1,40000,12000,50000,04//20,03/23,,,FALSE,,,0.00,0.00,,FALSE,,,0.00,0.00,,FALSE,0.00,0.00,0.00,,,,,,,,,,,,,,,,,,,,,,,,,,,,,,,,,,,,,,,,,,,,,,,,,,,,,,,,,,,,,,,,,,,,,,,,,,,,,,,,,,,,,,,,FALSE,0,,,,,,,0.00,0.00,0.00,TRUE,,,,0,,0.00,OR684
EPILIM 200mg(A),EPILIM 200mg,1,FALSE,FALSE,,,,8800.00,NC,0,0.00,0.00,NC,0,0.00,0.00,NC,0,0.00,0.00,NC,0,0.00,0.00,NC,0,0.00,0.00,NC,0,0.00,0.00,NC,0,0.00,0.00,NC,0,0.00,0.00,NC,0,0.00,0.00,NC,0,0.00,,0,6558.00,1,40000,12000,50000,05/20...,04/23..,,,FALSE,,,0.00,0.00,,FALSE,,,0.00,0.00,,FALSE,0.00,0.00,0.00,,,,,,,,,,,,,,,,,,,,,,,,,,,,,,,,,,,,,,,,,,,,,,,,,,,,,,,,,,,,,,,,,,,,,,,,,,,,,,,,,,,,,,,,FALSE,0,,,,,,,0.00,0.00,0.00,TRUE,,,,0,,0.00,0R899
EPILIM CHRO 333,EPILIM CHRO 333-145MG,1,FALSE,FALSE,,,,0.00,NC,0,0.00,0.00,NC,0,0.00,0.00,NC,0,0.00,0.00,NC,0,0.00,0.00,NC,0,0.00,0.00,NC,0,0.00,0.00,NC,0,0.00,0.00,NC,0,0.00,0.00,NC,0,0.00,0.00,NC,0,0.00,,0,8014.65,1,40000,12000,50000,06 /18,05/21,,,FALSE,,,0.00,0.00,,FALSE,,,0.00,0.00,,FALSE,0.00,0.00,0.00,,,,,,,,,,,,,,,,,,,,,,,,,,,,,,,,,,,,,,,,,,,,,,,,,,,,,,,,,,,,,,,,,,,,,,,,,,,,,,,,,,,,,,,,FALSE,0,,,,,,,0.00,0.00,0.00,TRUE,,,,0,,0.00,8A521
EPILIM CHRO 500M(A),EPILIM CHRO 500MG,1,FALSE,FALSE,,,,25105.00,NC,0,0.00,0.00,NC,0,0.00,0.00,NC,0,0.00,0.00,NC,0,0.00,0.00,NC,0,0.00,0.00,NC,0,0.00,0.00,NC,0,0.00,0.00,NC,0,0.00,0.00,NC,0,0.00,0.00,NC,0,0.00,,0,18188.00,1,40000,12000,50000,01//20..,12/22..,,,FALSE,,,0.00,0.00,,FALSE,,,0.00,0.00,,FALSE,0.00,0.00,0.00,,,,,,,,,,,,,,,,,,,,,,,,,,,,,,,,,,,,,,,,,,,,,,,,,,,,,,,,,,,,,,,,,,,,,,,,,,,,,,,,,,,,,,,,FALSE,0,,,,,,,0.00,0.00,0.00,TRUE,,,,0,,0.00,AA503
EPILIM CHRO 500MG,EPILIM CHRO 500MG,1,FALSE,FALSE,,,,25105.00,NC,0,0.00,0.00,NC,0,0.00,0.00,NC,0,0.00,0.00,NC,0,0.00,0.00,NC,0,0.00,0.00,NC,0,0.00,0.00,NC,0,0.00,0.00,NC,0,0.00,0.00,NC,0,0.00,0.00,NC,0,0.00,,0,18187.00,1,40000,12000,50000,04//20..,03/23,,,FALSE,,,0.00,0.00,,FALSE,,,0.00,0.00,,FALSE,0.00,0.00,0.00,,,,,,,,,,,,,,,,,,,,,,,,,,,,,,,,,,,,,,,,,,,,,,,,,,,,,,,,,,,,,,,,,,,,,,,,,,,,,,,,,,,,,,,,FALSE,0,,,,,,,0.00,0.00,0.00,TRUE,,,,0,,0.00,AA506
EPILIM Syrup,EPILIM Syrup,1,FALSE,FALSE,,,,0.00,NC,0,0.00,0.00,NC,0,0.00,0.00,NC,0,0.00,0.00,NC,0,0.00,0.00,NC,0,0.00,0.00,NC,0,0.00,0.00,NC,0,0.00,0.00,NC,0,0.00,0.00,NC,0,0.00,0.00,NC,0,0.00,,0,4591.00,1,40000,12000,50000,01/21,12/23,,,FALSE,,,0.00,0.00,,FALSE,,,0.00,0.00,,FALSE,0.00,0.00,0.00,,,,,,,,,,,,,,,,,,,,,,,,,,,,,,,,,,,,,,,,,,,,,,,,,,,,,,,,,,,,,,,,,,,,,,,,,,,,,,,,,,,,,,,,FALSE,0,,,,,,,0.00,0.00,0.00,TRUE,,,,0,,0.00,348
EUVAX B ADULT X 1ML,EUVAX B ADUL,1,FALSE,FALSE,,,,1730.00,NC,0,0.00,0.00,NC,0,0.00,0.00,NC,0,0.00,0.00,NC,0,0.00,0.00,NC,0,0.00,0.00,NC,0,0.00,0.00,NC,0,0.00,0.00,NC,0,0.00,0.00,NC,0,0.00,0.00,NC,0,0.00,,0,1440.00,1,40000,12000,50000,03/2020,03/2023,,,FALSE,,,0.00,0.00,,FALSE,,,0.00,0.00,,FALSE,0.00,0.00,0.00,,,,,,,,,,,,,,,,,,,,,,,,,,,,,,,,,,,,,,,,,,,,,,,,,,,,,,,,,,,,,,,,,,,,,,,,,,,,,,,,,,,,,,,,FALSE,0,,,,,,,0.00,0.00,-2.00,TRUE,,,,0,,0.00,UFX20003
Euvichol - S,Euvichol - S,1,FALSE,FALSE,,,,12918.00,NC,0,0.00,0.00,NC,0,0.00,0.00,NC,0,0.00,0.00,NC,0,0.00,0.00,NC,0,0.00,0.00,NC,0,0.00,0.00,NC,0,0.00,0.00,NC,0,0.00,0.00,NC,0,0.00,0.00,NC,0,0.00,,0,9394.58,1,49921,12377,59924,10/25,10/27,,,FALSE,,,0.00,0.00,,FALSE,,,0.00,0.00,,FALSE,0.00,0.00,0.00,,,,,,,,,,,,,,,,,,,,,,,,,,,,,,,,,,,,,,,,,,,,,,,,,,,,,,,,,,,,,,,,,,,,,,,,,,,,,,,,,,,,,,,,FALSE,0,,,,,,,0.00,0.00,611.00,TRUE,,,,0,,0.00,ES48-25070
EVOFIX CAP 400MG,EVOFIX CAP 400MG,1,FALSE,FALSE,,,,0.00,NC,0,0.00,0.00,NC,0,0.00,0.00,NC,0,0.00,0.00,NC,0,0.00,0.00,NC,0,0.00,0.00,NC,0,0.00,0.00,NC,0,0.00,0.00,NC,0,0.00,0.00,NC,0,0.00,0.00,NC,0,0.00,,0,6210.00,1,49910,12366,59913,06/23,05/26,,,FALSE,,,0.00,0.00,,FALSE,,,0.00,0.00,,FALSE,0.00,0.00,0.00,,,,,,,,,,,,,,,,,,,,,,,,,,,,,,,,,,,,,,,,,,,,,,,,,,,,,,,,,,,,,,,,,,,,,,,,,,,,,,,,,,,,,,,,FALSE,0,,,,,,,0.00,0.00,0.00,TRUE,,,,0,,0.00,3G262
EVOFIX SUSP 100MG/5M,EVOFIX SUSP 100MG/5ML,1,FALSE,FALSE,,,,0.00,NC,0,0.00,0.00,NC,0,0.00,0.00,NC,0,0.00,0.00,NC,0,0.00,0.00,NC,0,0.00,0.00,NC,0,0.00,0.00,NC,0,0.00,0.00,NC,0,0.00,0.00,NC,0,0.00,0.00,NC,0,0.00,,0,0.00,1,49911,12367,59914,"12/24,.",11/26...,,,FALSE,,,0.00,0.00,,FALSE,,,0.00,0.00,,FALSE,0.00,0.00,0.00,,,,,,,,,,,,,,,,,,,,,,,,,,,,,,,,,,,,,,,,,,,,,,,,,,,,,,,,,,,,,,,,,,,,,,,,,,,,,,,,,,,,,,,,FALSE,0,,,,,,,0.00,0.00,0.00,TRUE,,,,0,,0.00,4N129
FLEMIN INJ. 1G,FLEMIN INJ. 1G/875-125MG,1,FALSE,FALSE,,,,0.00,NC,0,0.00,0.00,NC,0,0.00,0.00,NC,0,0.00,0.00,NC,0,0.00,0.00,NC,0,0.00,0.00,NC,0,0.00,0.00,NC,0,0.00,0.00,NC,0,0.00,0.00,NC,0,0.00,0.00,NC,0,0.00,,0,1050.00,1,40539,12339,50739,,,,,FALSE,,,0.00,0.00,,FALSE,,,0.00,0.00,,FALSE,0.00,0.00,0.00,,,,,,,,,,,,,,,,,,,,,,,,,,,,,,,,,,,,,,,,,,,,,,,,,,,,,,,,,,,,,,,,,,,,,,,,,,,,,,,,,,,,,,,,FALSE,0,,,,,,,0.00,0.00,0.00,TRUE,,,,0,,0.00,
FLEMIN INJ. 1G 200MG,FLEMIN INJ. 1G 200MG,1,FALSE,FALSE,,,,4316.00,NC,0,0.00,0.00,NC,0,0.00,0.00,NC,0,0.00,0.00,NC,0,0.00,0.00,NC,0,0.00,0.00,NC,0,0.00,0.00,NC,0,0.00,0.00,NC,0,0.00,0.00,NC,0,0.00,0.00,NC,0,0.00,,0,2550.00,1,40539,12339,50739,04/18,03/20,,,FALSE,,,0.00,0.00,,FALSE,,,0.00,0.00,,FALSE,0.00,0.00,0.00,,,,,,,,,,,,,,,,,,,,,,,,,,,,,,,,,,,,,,,,,,,,,,,,,,,,,,,,,,,,,,,,,,,,,,,,,,,,,,,,,,,,,,,,FALSE,0,,,,,,,0.00,0.00,0.00,TRUE,,,,0,,0.00,N180057
FLEMIN INJ. 600G,FLEMIN INJ. 600MG,1,FALSE,FALSE,,,,3000.00,NC,0,0.00,0.00,NC,0,0.00,0.00,NC,0,0.00,0.00,NC,0,0.00,0.00,NC,0,0.00,0.00,NC,0,0.00,0.00,NC,0,0.00,0.00,NC,0,0.00,0.00,NC,0,0.00,0.00,NC,0,0.00,,0,2728.00,1,40539,12339,50739,3/18,02/20,,,FALSE,,,0.00,0.00,,FALSE,,,0.00,0.00,,FALSE,0.00,0.00,0.00,,,,,,,,,,,,,,,,,,,,,,,,,,,,,,,,,,,,,,,,,,,,,,,,,,,,,,,,,,,,,,,,,,,,,,,,,,,,,,,,,,,,,,,,FALSE,0,,,,,,,0.00,0.00,0.00,TRUE,,,,0,,0.00,N180040
FLEMIN INJ.228 SUSPE,SUSPENSON FLEMIN INJ 2.8G/70ML,1,FALSE,FALSE,,,,517.50,NC,0,0.00,0.00,NC,0,0.00,0.00,NC,0,0.00,0.00,NC,0,0.00,0.00,NC,0,0.00,0.00,NC,0,0.00,0.00,NC,0,0.00,0.00,NC,0,0.00,0.00,NC,0,0.00,0.00,NC,0,0.00,,0,691.00,1,40539,12339,50739,01 /18,07/20,,,FALSE,,,0.00,0.00,,FALSE,,,0.00,0.00,,FALSE,0.00,0.00,0.00,,,,,,,,,,,,,,,,,,,,,,,,,,,,,,,,,,,,,,,,,,,,,,,,,,,,,,,,,,,,,,,,,,,,,,,,,,,,,,,,,,,,,,,,FALSE,0,,,,,,,0.00,0.00,0.00,TRUE,,,,0,,0.00,811066
FLEMIN INJ.625MG,FLEMIN INJ.625MG/500-125MG TAB,1,FALSE,FALSE,,,,862.50,NC,0,0.00,0.00,NC,0,0.00,0.00,NC,0,0.00,0.00,NC,0,0.00,0.00,NC,0,0.00,0.00,NC,0,0.00,0.00,NC,0,0.00,0.00,NC,0,0.00,0.00,NC,0,0.00,0.00,NC,0,0.00,,0,862.50,1,40539,12339,50739,10/ 18,09/20,,,FALSE,,,0.00,0.00,,FALSE,,,0.00,0.00,,FALSE,0.00,0.00,0.00,,,,,,,,,,,,,,,,,,,,,,,,,,,,,,,,,,,,,,,,,,,,,,,,,,,,,,,,,,,,,,,,,,,,,,,,,,,,,,,,,,,,,,,,FALSE,0,,,,,,,0.00,0.00,0.00,TRUE,,,,0,,0.00,811262
FLEMIN INJ.625MG(A),FLEMING.625MG/500-125MG TAB,1,FALSE,FALSE,,,,862.50,NC,0,0.00,0.00,NC,0,0.00,0.00,NC,0,0.00,0.00,NC,0,0.00,0.00,NC,0,0.00,0.00,NC,0,0.00,0.00,NC,0,0.00,0.00,NC,0,0.00,0.00,NC,0,0.00,0.00,NC,0,0.00,,0,2271.91,1,40539,12339,50739,12/ 22,11/24,,,FALSE,,,0.00,0.00,,FALSE,,,0.00,0.00,,FALSE,0.00,0.00,0.00,,,,,,,,,,,,,,,,,,,,,,,,,,,,,,,,,,,,,,,,,,,,,,,,,,,,,,,,,,,,,,,,,,,,,,,,,,,,,,,,,,,,,,,,FALSE,0,,,,,,,0.00,0.00,0.00,TRUE,,,,0,,0.00,E20540
FLEMIN. 1G 200MG (A),FLEMIN INJ. 1G 200MG,1,FALSE,FALSE,,,,4316.00,NC,0,0.00,0.00,NC,0,0.00,0.00,NC,0,0.00,0.00,NC,0,0.00,0.00,NC,0,0.00,0.00,NC,0,0.00,0.00,NC,0,0.00,0.00,NC,0,0.00,0.00,NC,0,0.00,0.00,NC,0,0.00,,0,2550.00,1,40539,12339,50739,04/ 18,03/20,,,FALSE,,,0.00,0.00,,FALSE,,,0.00,0.00,,FALSE,0.00,0.00,0.00,,,,,,,,,,,,,,,,,,,,,,,,,,,,,,,,,,,,,,,,,,,,,,,,,,,,,,,,,,,,,,,,,,,,,,,,,,,,,,,,,,,,,,,,FALSE,0,,,,,,,0.00,0.00,0.00,TRUE,,,,0,,0.00,N180058
FLEMIN. 1G 200MG (B),FLEMIN INJ. 1G 200MG,1,FALSE,FALSE,,,,4316.00,NC,0,0.00,0.00,NC,0,0.00,0.00,NC,0,0.00,0.00,NC,0,0.00,0.00,NC,0,0.00,0.00,NC,0,0.00,0.00,NC,0,0.00,0.00,NC,0,0.00,0.00,NC,0,0.00,0.00,NC,0,0.00,,0,3923.00,1,40539,12339,50739,5/ 18,4/ 20,,,FALSE,,,0.00,0.00,,FALSE,,,0.00,0.00,,FALSE,0.00,0.00,0.00,,,,,,,,,,,,,,,,,,,,,,,,,,,,,,,,,,,,,,,,,,,,,,,,,,,,,,,,,,,,,,,,,,,,,,,,,,,,,,,,,,,,,,,,FALSE,0,,,,,,,0.00,0.00,0.00,TRUE,,,,0,,0.00,N180073
FLEMIN. 1G 200MG(C),FLEMIN INJ. 1G 200MG,1,FALSE,FALSE,,,,4709.00,NC,0,0.00,0.00,NC,0,0.00,0.00,NC,0,0.00,0.00,NC,0,0.00,0.00,NC,0,0.00,0.00,NC,0,0.00,0.00,NC,0,0.00,0.00,NC,0,0.00,0.00,NC,0,0.00,0.00,NC,0,0.00,,0,2688.55,1,40539,12339,50739,05/ 18..,04/20,,,FALSE,,,0.00,0.00,,FALSE,,,0.00,0.00,,FALSE,0.00,0.00,0.00,,,,,,,,,,,,,,,,,,,,,,,,,,,,,,,,,,,,,,,,,,,,,,,,,,,,,,,,,,,,,,,,,,,,,,,,,,,,,,,,,,,,,,,,FALSE,0,,,,,,,0.00,0.00,0.00,TRUE,,,,0,,0.00,N180075
FLEMIN. 1G 200MG(D),FLEMIN INJ. 1G 200MG,1,FALSE,FALSE,,,,4709.00,NC,0,0.00,0.00,NC,0,0.00,0.00,NC,0,0.00,0.00,NC,0,0.00,0.00,NC,0,0.00,0.00,NC,0,0.00,0.00,NC,0,0.00,0.00,NC,0,0.00,0.00,NC,0,0.00,0.00,NC,0,0.00,,0,2688.55,1,40539,12339,50739,04/ 18..,04/20,,,FALSE,,,0.00,0.00,,FALSE,,,0.00,0.00,,FALSE,0.00,0.00,0.00,,,,,,,,,,,,,,,,,,,,,,,,,,,,,,,,,,,,,,,,,,,,,,,,,,,,,,,,,,,,,,,,,,,,,,,,,,,,,,,,,,,,,,,,FALSE,0,,,,,,,0.00,0.00,0.00,TRUE,,,,0,,0.00,N180076
FLEMIN. 1G 200MG(E),FLEMIN INJ. 1G 200MG,1,FALSE,FALSE,,,,4316.00,NC,0,0.00,0.00,NC,0,0.00,0.00,NC,0,0.00,0.00,NC,0,0.00,0.00,NC,0,0.00,0.00,NC,0,0.00,0.00,NC,0,0.00,0.00,NC,0,0.00,0.00,NC,0,0.00,0.00,NC,0,0.00,,0,3433.01,1,40539,12339,50739,06/19..,05/21,,,FALSE,,,0.00,0.00,,FALSE,,,0.00,0.00,,FALSE,0.00,0.00,0.00,,,,,,,,,,,,,,,,,,,,,,,,,,,,,,,,,,,,,,,,,,,,,,,,,,,,,,,,,,,,,,,,,,,,,,,,,,,,,,,,,,,,,,,,FALSE,0,,,,,,,0.00,0.00,0.00,TRUE,,,,0,,0.00,N190047
FLEMIN. 1G 200MG(F),FLEMIN INJ. 1G 200MG,1,FALSE,FALSE,,,,4709.00,NC,0,0.00,0.00,NC,0,0.00,0.00,NC,0,0.00,0.00,NC,0,0.00,0.00,NC,0,0.00,0.00,NC,0,0.00,0.00,NC,0,0.00,0.00,NC,0,0.00,0.00,NC,0,0.00,0.00,NC,0,0.00,,0,3433.01,1,40539,12339,50739,06/ 19..,05/21,,,FALSE,,,0.00,0.00,,FALSE,,,0.00,0.00,,FALSE,0.00,0.00,0.00,,,,,,,,,,,,,,,,,,,,,,,,,,,,,,,,,,,,,,,,,,,,,,,,,,,,,,,,,,,,,,,,,,,,,,,,,,,,,,,,,,,,,,,,FALSE,0,,,,,,,0.00,0.00,0.00,TRUE,,,,0,,0.00,N190049
FLEMIN. 1G 200MG(G),FLEMIN INJ. 1G 200MG,1,FALSE,FALSE,,,,5033.00,NC,0,0.00,0.00,NC,0,0.00,0.00,NC,0,0.00,0.00,NC,0,0.00,0.00,NC,0,0.00,0.00,NC,0,0.00,0.00,NC,0,0.00,0.00,NC,0,0.00,0.00,NC,0,0.00,0.00,NC,0,0.00,,0,4002.88,1,40539,12339,50739,11/20,10/22..,,,FALSE,,,0.00,0.00,,FALSE,,,0.00,0.00,,FALSE,0.00,0.00,0.00,,,,,,,,,,,,,,,,,,,,,,,,,,,,,,,,,,,,,,,,,,,,,,,,,,,,,,,,,,,,,,,,,,,,,,,,,,,,,,,,,,,,,,,,FALSE,0,,,,,,,0.00,0.00,0.00,TRUE,,,,0,,0.00,N200050
FLEMIN. 1G 200MG(H),FLEMIN INJ. 1G 200MG,1,FALSE,FALSE,,,,5547.00,NC,0,0.00,0.00,NC,0,0.00,0.00,NC,0,0.00,0.00,NC,0,0.00,0.00,NC,0,0.00,0.00,NC,0,0.00,0.00,NC,0,0.00,0.00,NC,0,0.00,0.00,NC,0,0.00,0.00,NC,0,0.00,,0,4002.88,1,40539,12339,50739,11/20..,10/22..,,,FALSE,,,0.00,0.00,,FALSE,,,0.00,0.00,,FALSE,0.00,0.00,0.00,,,,,,,,,,,,,,,,,,,,,,,,,,,,,,,,,,,,,,,,,,,,,,,,,,,,,,,,,,,,,,,,,,,,,,,,,,,,,,,,,,,,,,,,FALSE,0,,,,,,,0.00,0.00,0.00,TRUE,,,,0,,0.00,N200052
FLEMIN. 1G 200MG(I),FLEMIN INJ. 1G 200MG,1,FALSE,FALSE,,,,6160.00,NC,0,0.00,0.00,NC,0,0.00,0.00,NC,0,0.00,0.00,NC,0,0.00,0.00,NC,0,0.00,0.00,NC,0,0.00,0.00,NC,0,0.00,0.00,NC,0,0.00,0.00,NC,0,0.00,0.00,NC,0,0.00,,0,4411.78,1,40539,12339,50739,01/22..,12/23..,,,FALSE,,,0.00,0.00,,FALSE,,,0.00,0.00,,FALSE,0.00,0.00,0.00,,,,,,,,,,,,,,,,,,,,,,,,,,,,,,,,,,,,,,,,,,,,,,,,,,,,,,,,,,,,,,,,,,,,,,,,,,,,,,,,,,,,,,,,FALSE,0,,,,,,,0.00,0.00,0.00,TRUE,,,,0,,0.00,N220007
FLEMIN. 1G 200MG(J),FLEMIN INJ. 1G 200MG,1,FALSE,FALSE,,,,6160.00,NC,0,0.00,0.00,NC,0,0.00,0.00,NC,0,0.00,0.00,NC,0,0.00,0.00,NC,0,0.00,0.00,NC,0,0.00,0.00,NC,0,0.00,0.00,NC,0,0.00,0.00,NC,0,0.00,0.00,NC,0,0.00,,0,4900.00,1,40539,12339,50739,1/22..,12/23..,,,FALSE,,,0.00,0.00,,FALSE,,,0.00,0.00,,FALSE,0.00,0.00,0.00,,,,,,,,,,,,,,,,,,,,,,,,,,,,,,,,,,,,,,,,,,,,,,,,,,,,,,,,,,,,,,,,,,,,,,,,,,,,,,,,,,,,,,,,FALSE,0,,,,,,,0.00,0.00,0.00,TRUE,,,,0,,0.00,N220008
FLEMIN. 1G 200MG(K),FLEMIN INJ. 1G 200MG,1,FALSE,FALSE,,,,6697.00,NC,0,0.00,0.00,NC,0,0.00,0.00,NC,0,0.00,0.00,NC,0,0.00,0.00,NC,0,0.00,0.00,NC,0,0.00,0.00,NC,0,0.00,0.00,NC,0,0.00,0.00,NC,0,0.00,0.00,NC,0,0.00,,0,5022.50,1,40539,12339,50739,2/22..,01/24..,,,FALSE,,,0.00,0.00,,FALSE,,,0.00,0.00,,FALSE,0.00,0.00,0.00,,,,,,,,,,,,,,,,,,,,,,,,,,,,,,,,,,,,,,,,,,,,,,,,,,,,,,,,,,,,,,,,,,,,,,,,,,,,,,,,,,,,,,,,FALSE,0,,,,,,,0.00,0.00,0.00,TRUE,,,,0,,0.00,N220010
FLEMIN. 1G 200MG(L),FLEMIN INJ. 1G 200MG,1,FALSE,FALSE,,,,6697.00,NC,0,0.00,0.00,NC,0,0.00,0.00,NC,0,0.00,0.00,NC,0,0.00,0.00,NC,0,0.00,0.00,NC,0,0.00,0.00,NC,0,0.00,0.00,NC,0,0.00,0.00,NC,0,0.00,0.00,NC,0,0.00,,0,5022.50,1,40539,12339,50739,2/22...,01/24..,,,FALSE,,,0.00,0.00,,FALSE,,,0.00,0.00,,FALSE,0.00,0.00,0.00,,,,,,,,,,,,,,,,,,,,,,,,,,,,,,,,,,,,,,,,,,,,,,,,,,,,,,,,,,,,,,,,,,,,,,,,,,,,,,,,,,,,,,,,FALSE,0,,,,,,,0.00,0.00,0.00,TRUE,,,,0,,0.00,N220011
FLEMIN. 1G 200MG(M),FLEMIN INJ. 1G 200MG,1,FALSE,FALSE,,,,17101.00,NC,0,0.00,0.00,NC,0,0.00,0.00,NC,0,0.00,0.00,NC,0,0.00,0.00,NC,0,0.00,0.00,NC,0,0.00,0.00,NC,0,0.00,0.00,NC,0,0.00,0.00,NC,0,0.00,0.00,NC,0,0.00,,0,6692.48,1,40539,12339,50739,07/22;,06/24..,,,FALSE,,,0.00,0.00,,FALSE,,,0.00,0.00,,FALSE,0.00,0.00,0.00,,,,,,,,,,,,,,,,,,,,,,,,,,,,,,,,,,,,,,,,,,,,,,,,,,,,,,,,,,,,,,,,,,,,,,,,,,,,,,,,,,,,,,,,FALSE,0,,,,,,,0.00,0.00,0.00,TRUE,,,,0,,0.00,N22064
FLEMING 457MG/5ML,FLEMING 457MG/5ML DS 70ML,1,FALSE,FALSE,,,,0.00,NC,0,0.00,0.00,NC,0,0.00,0.00,NC,0,0.00,0.00,NC,0,0.00,0.00,NC,0,0.00,0.00,NC,0,0.00,0.00,NC,0,0.00,0.00,NC,0,0.00,0.00,NC,0,0.00,0.00,NC,0,0.00,,0,1030.00,1,40000,12000,50000,12 /18,11/ 20,,,FALSE,,,0.00,0.00,,FALSE,,,0.00,0.00,,FALSE,0.00,0.00,0.00,,,,,,,,,,,,,,,,,,,,,,,,,,,,,,,,,,,,,,,,,,,,,,,,,,,,,,,,,,,,,,,,,,,,,,,,,,,,,,,,,,,,,,,,FALSE,0,,,,,,,0.00,0.00,0.00,TRUE,,,,0,,0.00,811496
FLEMING 457MG/5ML(A),FLEMING 457MG/5ML 70ML,1,FALSE,FALSE,,,,0.00,NC,0,0.00,0.00,NC,0,0.00,0.00,NC,0,0.00,0.00,NC,0,0.00,0.00,NC,0,0.00,0.00,NC,0,0.00,0.00,NC,0,0.00,0.00,NC,0,0.00,0.00,NC,0,0.00,0.00,NC,0,0.00,,0,2089.15,1,40000,12000,50000,01 /23,12/ 24,,,FALSE,,,0.00,0.00,,FALSE,,,0.00,0.00,,FALSE,0.00,0.00,0.00,,,,,,,,,,,,,,,,,,,,,,,,,,,,,,,,,,,,,,,,,,,,,,,,,,,,,,,,,,,,,,,,,,,,,,,,,,,,,,,,,,,,,,,,FALSE,0,,,,,,,0.00,0.00,0.00,TRUE,,,,0,,0.00,A30067
FLEMING 5.7G/70ML,FLEMING 5.7G/70ML,1,FALSE,FALSE,,,,0.00,NC,0,0.00,0.00,NC,0,0.00,0.00,NC,0,0.00,0.00,NC,0,0.00,0.00,NC,0,0.00,0.00,NC,0,0.00,0.00,NC,0,0.00,0.00,NC,0,0.00,0.00,NC,0,0.00,0.00,NC,0,0.00,,0,789.40,1,40507,12307,50707,11/18,10/20,,,FALSE,,,0.00,0.00,,FALSE,,,0.00,0.00,,FALSE,0.00,0.00,0.00,,,,,,,,,,,,,,,,,,,,,,,,,,,,,,,,,,,,,,,,,,,,,,,,,,,,,,,,,,,,,,,,,,,,,,,,,,,,,,,,,,,,,,,,FALSE,0,,,,,,,0.00,0.00,0.00,TRUE,,,,0,,0.00,811450
FLEMING 5.7G/70ML(A),FLEMING 5.7G/70ML,1,FALSE,FALSE,,,,0.00,NC,0,0.00,0.00,NC,0,0.00,0.00,NC,0,0.00,0.00,NC,0,0.00,0.00,NC,0,0.00,0.00,NC,0,0.00,0.00,NC,0,0.00,0.00,NC,0,0.00,0.00,NC,0,0.00,0.00,NC,0,0.00,,0,873.25,1,40507,12307,50707,12 /  18,11/20,,,FALSE,,,0.00,0.00,,FALSE,,,0.00,0.00,,FALSE,0.00,0.00,0.00,,,,,,,,,,,,,,,,,,,,,,,,,,,,,,,,,,,,,,,,,,,,,,,,,,,,,,,,,,,,,,,,,,,,,,,,,,,,,,,,,,,,,,,,FALSE,0,,,,,,,0.00,0.00,0.00,TRUE,,,,0,,0.00,811450.
FLEMING.625MG TAB(A),FLEMING.625MG/500-125MG TAB,1,FALSE,FALSE,,,,862.50,NC,0,0.00,0.00,NC,0,0.00,0.00,NC,0,0.00,0.00,NC,0,0.00,0.00,NC,0,0.00,0.00,NC,0,0.00,0.00,NC,0,0.00,0.00,NC,0,0.00,0.00,NC,0,0.00,0.00,NC,0,0.00,,0,2271.91,1,40539,12339,50739,"12/22,,",11/24,,,FALSE,,,0.00,0.00,,FALSE,,,0.00,0.00,,FALSE,0.00,0.00,0.00,,,,,,,,,,,,,,,,,,,,,,,,,,,,,,,,,,,,,,,,,,,,,,,,,,,,,,,,,,,,,,,,,,,,,,,,,,,,,,,,,,,,,,,,FALSE,0,,,,,,,0.00,0.00,0.00,TRUE,,,,0,,0.00,"E20540,"
FUSIBACT  CREAM 15G,FUSIBACT  CREAM 15G (A),1,FALSE,FALSE,,,,5780.00,NC,0,0.00,0.00,NC,0,0.00,0.00,NC,0,0.00,0.00,NC,0,0.00,0.00,NC,0,0.00,0.00,NC,0,0.00,0.00,NC,0,0.00,0.00,NC,0,0.00,0.00,NC,0,0.00,0.00,NC,0,0.00,,0,5500.00,1,49920,12376,59923,12/23...,"12/25,",,,FALSE,,,0.00,0.00,,FALSE,,,0.00,0.00,,FALSE,0.00,0.00,0.00,,,,,,,,,,,,,,,,,,,,,,,,,,,,,,,,,,,,,,,,,,,,,,,,,,,,,,,,,,,,,,,,,,,,,,,,,,,,,,,,,,,,,,,,FALSE,0,,,,,,,0.00,0.00,0.00,TRUE,,,,0,,0.00,ANO367
FUSIBACT B CREAM,FUSIBACT B  CREAM,1,FALSE,FALSE,,,,7880.00,NC,0,0.00,0.00,NC,0,0.00,0.00,NC,0,0.00,0.00,NC,0,0.00,0.00,NC,0,0.00,0.00,NC,0,0.00,0.00,NC,0,0.00,0.00,NC,0,0.00,0.00,NC,0,0.00,0.00,NC,0,0.00,,0,7500.00,1,49915,12371,59918,01/24.,01/26,,,FALSE,,,0.00,0.00,,FALSE,,,0.00,0.00,,FALSE,0.00,0.00,0.00,,,,,,,,,,,,,,,,,,,,,,,,,,,,,,,,,,,,,,,,,,,,,,,,,,,,,,,,,,,,,,,,,,,,,,,,,,,,,,,,,,,,,,,,FALSE,0,,,,,,,0.00,0.00,0.00,TRUE,,,,0,,0.00,BA0252
FUSIBACT CREAM 15G,FUSIBACT CREAM 15G (B),1,FALSE,FALSE,,,,5780.00,NC,0,0.00,0.00,NC,0,0.00,0.00,NC,0,0.00,0.00,NC,0,0.00,0.00,NC,0,0.00,0.00,NC,0,0.00,0.00,NC,0,0.00,0.00,NC,0,0.00,0.00,NC,0,0.00,0.00,NC,0,0.00,,0,5500.00,1,49915,12371,59918,"08/23,.,","08/25,",,,FALSE,,,0.00,0.00,,FALSE,,,0.00,0.00,,FALSE,0.00,0.00,0.00,,,,,,,,,,,,,,,,,,,,,,,,,,,,,,,,,,,,,,,,,,,,,,,,,,,,,,,,,,,,,,,,,,,,,,,,,,,,,,,,,,,,,,,,FALSE,0,,,,,,,0.00,0.00,0.00,TRUE,,,,0,,0.00,AH0057
FUSIBACT OINTMENT,FUSIBACT OINTMENT,1,FALSE,FALSE,,,,5780.00,NC,0,0.00,0.00,NC,0,0.00,0.00,NC,0,0.00,0.00,NC,0,0.00,0.00,NC,0,0.00,0.00,NC,0,0.00,0.00,NC,0,0.00,0.00,NC,0,0.00,0.00,NC,0,0.00,0.00,NC,0,0.00,,0,5500.00,1,49919,12375,59922,"10/23,",10/26,,,FALSE,,,0.00,0.00,,FALSE,,,0.00,0.00,,FALSE,0.00,0.00,0.00,,,,,,,,,,,,,,,,,,,,,,,,,,,,,,,,,,,,,,,,,,,,,,,,,,,,,,,,,,,,,,,,,,,,,,,,,,,,,,,,,,,,,,,,FALSE,0,,,,,,,0.00,0.00,97.00,TRUE,,,,0,,0.00,AL0003
GARDASIL 4  HPV(A),GARDASIL  4  HPV,1,FALSE,FALSE,,,,25000.00,NC,0,0.00,0.00,NC,0,0.00,0.00,NC,0,0.00,0.00,NC,0,0.00,0.00,NC,0,0.00,0.00,NC,0,0.00,0.00,NC,0,0.00,0.00,NC,0,0.00,0.00,NC,0,0.00,0.00,NC,0,0.00,,0,20000.00,1,40350,12160,50560,02/22.,09/26.,,,FALSE,,,0.00,0.00,,FALSE,,,0.00,0.00,,FALSE,0.00,0.00,0.00,,,,,,,,,,,,,,,,,,,,,,,,,,,,,,,,,,,,,,,,,,,,,,,,,,,,,,,,,,,,,,,,,,,,,,,,,,,,,,,,,,,,,,,,FALSE,0,,,,,,,0.00,0.00,-38.00,TRUE,,,,0,,0.00,XO27257.
GARDASIL 9  HPV(A),GARDASIL  9 HPV,1,FALSE,FALSE,,,,25000.00,NC,0,0.00,0.00,NC,0,0.00,0.00,NC,0,0.00,0.00,NC,0,0.00,0.00,NC,0,0.00,0.00,NC,0,0.00,0.00,NC,0,0.00,0.00,NC,0,0.00,0.00,NC,0,0.00,0.00,NC,0,0.00,,0,20000.00,1,40300,12150,50550,02 /22.,09/26..,,,FALSE,,,0.00,0.00,,FALSE,,,0.00,0.00,,FALSE,0.00,0.00,0.00,,,,,,,,,,,,,,,,,,,,,,,,,,,,,,,,,,,,,,,,,,,,,,,,,,,,,,,,,,,,,,,,,,,,,,,,,,,,,,,,,,,,,,,,FALSE,0,,,,,,,0.00,0.00,0.00,TRUE,,,,0,,0.00,XO27257
GARDASIL HPV,GARDASIL  HPV,1,FALSE,FALSE,,,,10000.00,NC,0,0.00,0.00,NC,0,0.00,0.00,NC,0,0.00,0.00,NC,0,0.00,0.00,NC,0,0.00,0.00,NC,0,0.00,0.00,NC,0,0.00,0.00,NC,0,0.00,0.00,NC,0,0.00,0.00,NC,0,0.00,,0,8400.00,1,40300,12150,50550,,,,,FALSE,,,0.00,0.00,,FALSE,,,0.00,0.00,,FALSE,0.00,0.00,0.00,,,,,,,,,,,,,,,,,,,,,,,,,,,,,,,,,,,,,,,,,,,,,,,,,,,,,,,,,,,,,,,,,,,,,,,,,,,,,,,,,,,,,,,,FALSE,0,,,,,,,0.00,0.00,0.00,TRUE,,,,0,,0.00,
GARDASIL HPV(A),GARDASIL  HPV,1,FALSE,FALSE,,,,76000.00,NC,0,0.00,0.00,NC,0,0.00,0.00,NC,0,0.00,0.00,NC,0,0.00,0.00,NC,0,0.00,0.00,NC,0,0.00,0.00,NC,0,0.00,0.00,NC,0,0.00,0.00,NC,0,0.00,0.00,NC,0,0.00,,0,69500.00,1,40300,12150,50550,02 /22,01/25,,,FALSE,,,0.00,0.00,,FALSE,,,0.00,0.00,,FALSE,0.00,0.00,0.00,,,,,,,,,,,,,,,,,,,,,,,,,,,,,,,,,,,,,,,,,,,,,,,,,,,,,,,,,,,,,,,,,,,,,,,,,,,,,,,,,,,,,,,,FALSE,0,,,,,,,0.00,0.00,0.00,TRUE,,,,0,,0.00,W019288
GENEVAC (HEP. B ADUL,GENEVAC-B(HEP. B. ADULT),1,FALSE,FALSE,,,,1750.00,NC,0,0.00,0.00,NC,0,0.00,0.00,NC,0,0.00,0.00,NC,0,0.00,0.00,NC,0,0.00,0.00,NC,0,0.00,0.00,NC,0,0.00,0.00,NC,0,0.00,0.00,NC,0,0.00,0.00,NC,0,0.00,,0,1295.00,1,40000,12000,50000,01/ 18,12/ 20..,,,FALSE,,,0.00,0.00,,FALSE,,,0.00,0.00,,FALSE,0.00,0.00,0.00,,,,,,,,,,,,,,,,,,,,,,,,,,,,,,,,,,,,,,,,,,,,,,,,,,,,,,,,,,,,,,,,,,,,,,,,,,,,,,,,,,,,,,,,FALSE,0,,,,,,,0.00,0.00,0.00,TRUE,,,,0,,0.00,0348Q003AE
GENEVAC (HEP. B PAED,GENEVAC-B(HEP. B. PAED.),1,FALSE,FALSE,,,,765.00,NC,0,0.00,0.00,NC,0,0.00,0.00,NC,0,0.00,0.00,NC,0,0.00,0.00,NC,0,0.00,0.00,NC,0,0.00,0.00,NC,0,0.00,0.00,NC,0,0.00,0.00,NC,0,0.00,0.00,NC,0,0.00,,0,635.12,1,40000,12000,50000,,,,,FALSE,,,0.00,0.00,,FALSE,,,0.00,0.00,,FALSE,0.00,0.00,0.00,,,,,,,,,,,,,,,,,,,,,,,,,,,,,,,,,,,,,,,,,,,,,,,,,,,,,,,,,,,,,,,,,,,,,,,,,,,,,,,,,,,,,,,,FALSE,0,,,,,,,0.00,0.00,0.00,TRUE,,,,0,,0.00,
GENEVAC (HEP. B(A),GENEVAC-B(HEP. B. ADULT),1,FALSE,FALSE,,,,1750.00,NC,0,0.00,0.00,NC,0,0.00,0.00,NC,0,0.00,0.00,NC,0,0.00,0.00,NC,0,0.00,0.00,NC,0,0.00,0.00,NC,0,0.00,0.00,NC,0,0.00,0.00,NC,0,0.00,0.00,NC,0,0.00,,0,1295.00,1,40000,12000,50000,10 / 18..,09/ 21..,,,FALSE,,,0.00,0.00,,FALSE,,,0.00,0.00,,FALSE,0.00,0.00,0.00,,,,,,,,,,,,,,,,,,,,,,,,,,,,,,,,,,,,,,,,,,,,,,,,,,,,,,,,,,,,,,,,,,,,,,,,,,,,,,,,,,,,,,,,FALSE,0,,,,,,,0.00,0.00,0.00,TRUE,,,,0,,0.00,0348Y016E
GENEVAC (HEP. B(B),GENEVAC-B(HEP. B. ADULT),1,FALSE,FALSE,,,,1750.00,NC,0,0.00,0.00,NC,0,0.00,0.00,NC,0,0.00,0.00,NC,0,0.00,0.00,NC,0,0.00,0.00,NC,0,0.00,0.00,NC,0,0.00,0.00,NC,0,0.00,0.00,NC,0,0.00,0.00,NC,0,0.00,,0,1400.00,1,40000,12000,50000,01./ 19..,12. / 21,,,FALSE,,,0.00,0.00,,FALSE,,,0.00,0.00,,FALSE,0.00,0.00,0.00,,,,,,,,,,,,,,,,,,,,,,,,,,,,,,,,,,,,,,,,,,,,,,,,,,,,,,,,,,,,,,,,,,,,,,,,,,,,,,,,,,,,,,,,FALSE,0,,,,,,,0.00,0.00,0.00,TRUE,,,,0,,0.00,0349QOO2C
GENEVAC (HEP. B(C),GENEVAC-B(HEP. B. ADULT),1,FALSE,FALSE,,,,2750.00,NC,0,0.00,0.00,NC,0,0.00,0.00,NC,0,0.00,0.00,NC,0,0.00,0.00,NC,0,0.00,0.00,NC,0,0.00,0.00,NC,0,0.00,0.00,NC,0,0.00,0.00,NC,0,0.00,0.00,NC,0,0.00,,0,1400.00,1,40000,12000,50000,07-20...,06/23...,,,FALSE,,,0.00,0.00,,FALSE,,,0.00,0.00,,FALSE,0.00,0.00,0.00,,,,,,,,,,,,,,,,,,,,,,,,,,,,,,,,,,,,,,,,,,,,,,,,,,,,,,,,,,,,,,,,,,,,,,,,,,,,,,,,,,,,,,,,FALSE,0,,,,,,,0.00,0.00,0.00,TRUE,,,,0,,0.00,034OL006B..
GENEVAC (HEP. B(D),GENEVAC-B(HEP. B. ADULT),1,FALSE,FALSE,,,,8631.00,NC,0,0.00,0.00,NC,0,0.00,0.00,NC,0,0.00,0.00,NC,0,0.00,0.00,NC,0,0.00,0.00,NC,0,0.00,0.00,NC,0,0.00,0.00,NC,0,0.00,0.00,NC,0,0.00,0.00,NC,0,0.00,,0,3080.00,1,40000,12000,50000,02-22...,01/25...,,,FALSE,,,0.00,0.00,,FALSE,,,0.00,0.00,,FALSE,0.00,0.00,0.00,,,,,,,,,,,,,,,,,,,,,,,,,,,,,,,,,,,,,,,,,,,,,,,,,,,,,,,,,,,,,,,,,,,,,,,,,,,,,,,,,,,,,,,,FALSE,0,,,,,,,0.00,0.00,0.00,TRUE,,,,0,,0.00,0342Q003D..
GENEVAC (HEP. B(E),GENEVAC-B(HEP. B. ADULT),1,FALSE,FALSE,,,,8631.00,NC,0,0.00,0.00,NC,0,0.00,0.00,NC,0,0.00,0.00,NC,0,0.00,0.00,NC,0,0.00,0.00,NC,0,0.00,0.00,NC,0,0.00,0.00,NC,0,0.00,0.00,NC,0,0.00,0.00,NC,0,0.00,,0,7055.50,1,40000,12000,50000,05-23...,04/26...,,,FALSE,,,0.00,0.00,,FALSE,,,0.00,0.00,,FALSE,0.00,0.00,0.00,,,,,,,,,,,,,,,,,,,,,,,,,,,,,,,,,,,,,,,,,,,,,,,,,,,,,,,,,,,,,,,,,,,,,,,,,,,,,,,,,,,,,,,,FALSE,0,,,,,,,0.00,0.00,0.00,TRUE,,,,0,,0.00,0343Q004C..
GENEVAC (HEP. B(F),GENEVAC-B(HEP. B. ADULT),1,FALSE,FALSE,,,,9387.00,NC,0,0.00,0.00,NC,0,0.00,0.00,NC,0,0.00,0.00,NC,0,0.00,0.00,NC,0,0.00,0.00,NC,0,0.00,0.00,NC,0,0.00,0.00,NC,0,0.00,0.00,NC,0,0.00,0.00,NC,0,0.00,,0,7450.00,1,40000,12000,50000,01-25..,12/27...,,,FALSE,,,0.00,0.00,,FALSE,,,0.00,0.00,,FALSE,0.00,0.00,0.00,,,,,,,,,,,,,,,,,,,,,,,,,,,,,,,,,,,,,,,,,,,,,,,,,,,,,,,,,,,,,,,,,,,,,,,,,,,,,,,,,,,,,,,,FALSE,0,,,,,,,0.00,0.00,0.00,TRUE,,,,0,,0.00,0345L002C..
Genevac B(10ml),Genevac B (10ml) 10Dose Vial,1,FALSE,FALSE,,,,20000.00,NC,0,0.00,0.00,NC,0,0.00,0.00,NC,0,0.00,0.00,NC,0,0.00,0.00,NC,0,0.00,0.00,NC,0,0.00,0.00,NC,0,0.00,0.00,NC,0,0.00,0.00,NC,0,0.00,0.00,NC,0,0.00,,0,10950.00,1,40000,12000,50000,10/22,09/25,,,FALSE,,,0.00,0.00,,FALSE,,,0.00,0.00,,FALSE,0.00,0.00,0.00,,,,,,,,,,,,,,,,,,,,,,,,,,,,,,,,,,,,,,,,,,,,,,,,,,,,,,,,,,,,,,,,,,,,,,,,,,,,,,,,,,,,,,,,FALSE,0,,,,,,,0.00,0.00,0.00,TRUE,,,,0,,0.00,0352L009
Genevac B(10ml) A,Genevac B (10ml) 10Dose Vial,1,FALSE,FALSE,,,,30763.00,NC,0,0.00,0.00,NC,0,0.00,0.00,NC,0,0.00,0.00,NC,0,0.00,0.00,NC,0,0.00,0.00,NC,0,0.00,0.00,NC,0,0.00,0.00,NC,0,0.00,0.00,NC,0,0.00,0.00,NC,0,0.00,,0,16520.00,1,40000,12000,50000,07/23,03/25..,,,FALSE,,,0.00,0.00,,FALSE,,,0.00,0.00,,FALSE,0.00,0.00,0.00,,,,,,,,,,,,,,,,,,,,,,,,,,,,,,,,,,,,,,,,,,,,,,,,,,,,,,,,,,,,,,,,,,,,,,,,,,,,,,,,,,,,,,,,FALSE,0,,,,,,,0.00,0.00,0.00,TRUE,,,,0,,0.00,0353L010
HAVRIX,HAVRIX,1,FALSE,FALSE,,,,6015.00,NC,0,0.00,0.00,NC,0,0.00,0.00,NC,0,0.00,0.00,NC,0,0.00,0.00,NC,0,0.00,0.00,NC,0,0.00,0.00,NC,0,0.00,0.00,NC,0,0.00,0.00,NC,0,0.00,0.00,NC,0,0.00,,0,5098.00,1,40200,12100,50500,05/ 18.,04/21,,,FALSE,,,0.00,0.00,,FALSE,,,0.00,0.00,,FALSE,0.00,0.00,0.00,,,,,,,,,,,,,,,,,,,,,,,,,,,,,,,,,,,,,,,,,,,,,,,,,,,,,,,,,,,,,,,,,,,,,,,,,,,,,,,,,,,,,,,,FALSE,0,,,,,,,0.00,0.00,0.00,TRUE,,,,0,,0.00,AHAVB965BI
HAVRIX(A),HAVRIX,1,FALSE,FALSE,,,,8400.00,NC,0,0.00,0.00,NC,0,0.00,0.00,NC,0,0.00,0.00,NC,0,0.00,0.00,NC,0,0.00,0.00,NC,0,0.00,0.00,NC,0,0.00,0.00,NC,0,0.00,0.00,NC,0,0.00,0.00,NC,0,0.00,,0,5583.60,1,40200,12100,50500,01/2020,12/2022,,,FALSE,,,0.00,0.00,,FALSE,,,0.00,0.00,,FALSE,0.00,0.00,0.00,,,,,,,,,,,,,,,,,,,,,,,,,,,,,,,,,,,,,,,,,,,,,,,,,,,,,,,,,,,,,,,,,,,,,,,,,,,,,,,,,,,,,,,,FALSE,0,,,,,,,0.00,0.00,0.00,TRUE,,,,0,,0.00,AHAVC047BL
HAVRIX(B),HAVRIX,1,FALSE,FALSE,,,,14112.00,NC,0,0.00,0.00,NC,0,0.00,0.00,NC,0,0.00,0.00,NC,0,0.00,0.00,NC,0,0.00,0.00,NC,0,0.00,0.00,NC,0,0.00,0.00,NC,0,0.00,0.00,NC,0,0.00,0.00,NC,0,0.00,,0,6980.00,1,40200,12100,50500,12/2021,11/2024,,,FALSE,,,0.00,0.00,,FALSE,,,0.00,0.00,,FALSE,0.00,0.00,0.00,,,,,,,,,,,,,,,,,,,,,,,,,,,,,,,,,,,,,,,,,,,,,,,,,,,,,,,,,,,,,,,,,,,,,,,,,,,,,,,,,,,,,,,,FALSE,0,,,,,,,0.00,0.00,0.00,TRUE,,,,0,,0.00,AHAVC111BB
HEPATIS B (MULTIPLE),HEPATITIS B (MULTIPLE),1,FALSE,FALSE,,,,0.00,NC,0,0.00,0.00,NC,0,0.00,0.00,NC,0,0.00,0.00,NC,0,0.00,0.00,NC,0,0.00,0.00,NC,0,0.00,0.00,NC,0,0.00,0.00,NC,0,0.00,0.00,NC,0,0.00,0.00,NC,0,0.00,,0,3000.00,1,50000,12000,50000,03/24,02/27,,,FALSE,,,0.00,0.00,,FALSE,,,0.00,0.00,,FALSE,0.00,0.00,0.00,,,,,,,,,,,,,,,,,,,,,,,,,,,,,,,,,,,,,,,,,,,,,,,,,,,,,,,,,,,,,,,,,,,,,,,,,,,,,,,,,,,,,,,,FALSE,0,,,,,,,0.00,0.00,-5.00,TRUE,,,,0,,0.00,WVA24501
HEPATIS B IMMUNGLOBU,HEPATITIS B IMMUNGLOBULIN 200,1,FALSE,FALSE,,,,0.00,NC,0,0.00,0.00,NC,0,0.00,0.00,NC,0,0.00,0.00,NC,0,0.00,0.00,NC,0,0.00,0.00,NC,0,0.00,0.00,NC,0,0.00,0.00,NC,0,0.00,0.00,NC,0,0.00,0.00,NC,0,0.00,,0,70000.00,1,50000,12000,50000,02 /21,08/23,,,FALSE,,,0.00,0.00,,FALSE,,,0.00,0.00,,FALSE,0.00,0.00,0.00,,,,,,,,,,,,,,,,,,,,,,,,,,,,,,,,,,,,,,,,,,,,,,,,,,,,,,,,,,,,,,,,,,,,,,,,,,,,,,,,,,,,,,,,FALSE,0,,,,,,,0.00,0.00,-4.00,TRUE,,,,0,,0.00,230H21001
HEPATITIS B (M/D),HEPATITIS B (MULTIPLE),1,FALSE,FALSE,,,,0.00,NC,0,0.00,0.00,NC,0,0.00,0.00,NC,0,0.00,0.00,NC,0,0.00,0.00,NC,0,0.00,0.00,NC,0,0.00,0.00,NC,0,0.00,0.00,NC,0,0.00,0.00,NC,0,0.00,0.00,NC,0,0.00,,0,5000.00,1,50000,12000,50000,03/24.,02/27,,,FALSE,,,0.00,0.00,,FALSE,,,0.00,0.00,,FALSE,0.00,0.00,0.00,,,,,,,,,,,,,,,,,,,,,,,,,,,,,,,,,,,,,,,,,,,,,,,,,,,,,,,,,,,,,,,,,,,,,,,,,,,,,,,,,,,,,,,,FALSE,0,,,,,,,0.00,0.00,-100.00,TRUE,,,,0,,0.00,WVA24501.
HEPATITIS B IMMUNGLO,HEPATITIS B IMMUNGLOBU 100I.U,1,FALSE,FALSE,,,,0.00,NC,0,0.00,0.00,NC,0,0.00,0.00,NC,0,0.00,0.00,NC,0,0.00,0.00,NC,0,0.00,0.00,NC,0,0.00,0.00,NC,0,0.00,0.00,NC,0,0.00,0.00,NC,0,0.00,0.00,NC,0,0.00,,0,58000.00,1,50000,12000,50000,01/26.,12/28,,,FALSE,,,0.00,0.00,,FALSE,,,0.00,0.00,,FALSE,0.00,0.00,0.00,,,,,,,,,,,,,,,,,,,,,,,,,,,,,,,,,,,,,,,,,,,,,,,,,,,,,,,,,,,,,,,,,,,,,,,,,,,,,,,,,,,,,,,,FALSE,0,,,,,,,0.00,0.00,-8.00,TRUE,,,,0,,0.00,HID10A2601
HEXAXIM,HEXAXIM,1,FALSE,FALSE,,,,9960.00,NC,0,0.00,0.00,NC,0,0.00,0.00,NC,0,0.00,0.00,NC,0,0.00,0.00,NC,0,0.00,0.00,NC,0,0.00,0.00,NC,0,0.00,0.00,NC,0,0.00,0.00,NC,0,0.00,0.00,NC,0,0.00,,0,8775.35,1,40548,12352,50748,12/16,08/19,,,FALSE,,,0.00,0.00,,FALSE,,,0.00,0.00,,FALSE,0.00,0.00,0.00,,,,,,,,,,,,,,,,,,,,,,,,,,,,,,,,,,,,,,,,,,,,,,,,,,,,,,,,,,,,,,,,,,,,,,,,,,,,,,,,,,,,,,,,FALSE,0,,,,,,,0.00,0.00,0.00,TRUE,,,,0,,0.00,N3N662V
HEXAXIM (A),HEXAXIM,1,FALSE,FALSE,,,,9960.00,NC,0,0.00,0.00,NC,0,0.00,0.00,NC,0,0.00,0.00,NC,0,0.00,0.00,NC,0,0.00,0.00,NC,0,0.00,0.00,NC,0,0.00,0.00,NC,0,0.00,0.00,NC,0,0.00,0.00,NC,0,0.00,,0,11700.45,1,40548,12352,50748,02/17,08/19,,,FALSE,,,0.00,0.00,,FALSE,,,0.00,0.00,,FALSE,0.00,0.00,0.00,,,,,,,,,,,,,,,,,,,,,,,,,,,,,,,,,,,,,,,,,,,,,,,,,,,,,,,,,,,,,,,,,,,,,,,,,,,,,,,,,,,,,,,,FALSE,0,,,,,,,0.00,0.00,0.00,TRUE,,,,0,,0.00,P3B403V
HEXAXIM (B),HEXAXIM,1,FALSE,FALSE,,,,10577.00,NC,0,0.00,0.00,NC,0,0.00,0.00,NC,0,0.00,0.00,NC,0,0.00,0.00,NC,0,0.00,0.00,NC,0,0.00,0.00,NC,0,0.00,0.00,NC,0,0.00,0.00,NC,0,0.00,0.00,NC,0,0.00,,0,9360.00,1,40548,12352,50748,09/ 17,07/20.,,,FALSE,,,0.00,0.00,,FALSE,,,0.00,0.00,,FALSE,0.00,0.00,0.00,,,,,,,,,,,,,,,,,,,,,,,,,,,,,,,,,,,,,,,,,,,,,,,,,,,,,,,,,,,,,,,,,,,,,,,,,,,,,,,,,,,,,,,,FALSE,0,,,,,,,0.00,0.00,0.00,TRUE,,,,0,,0.00,P3K282V
HEXAXIM (C),HEXAXIM,1,FALSE,FALSE,,,,10350.00,NC,0,0.00,0.00,NC,0,0.00,0.00,NC,0,0.00,0.00,NC,0,0.00,0.00,NC,0,0.00,0.00,NC,0,0.00,0.00,NC,0,0.00,0.00,NC,0,0.00,0.00,NC,0,0.00,0.00,NC,0,0.00,,0,9360.00,1,40548,12352,50748,08/  17,06/20,,,FALSE,,,0.00,0.00,,FALSE,,,0.00,0.00,,FALSE,0.00,0.00,0.00,,,,,,,,,,,,,,,,,,,,,,,,,,,,,,,,,,,,,,,,,,,,,,,,,,,,,,,,,,,,,,,,,,,,,,,,,,,,,,,,,,,,,,,,FALSE,0,,,,,,,0.00,0.00,0.00,TRUE,,,,0,,0.00,P3J075V
HEXAXIM (D),HEXAXIM,1,FALSE,FALSE,,,,10947.20,NC,0,0.00,0.00,NC,0,0.00,0.00,NC,0,0.00,0.00,NC,0,0.00,0.00,NC,0,0.00,0.00,NC,0,0.00,0.00,NC,0,0.00,0.00,NC,0,0.00,0.00,NC,0,0.00,0.00,NC,0,0.00,,0,9952.00,1,40548,12352,50748,03//19.,02/22,,,FALSE,,,0.00,0.00,,FALSE,,,0.00,0.00,,FALSE,0.00,0.00,0.00,,,,,,,,,,,,,,,,,,,,,,,,,,,,,,,,,,,,,,,,,,,,,,,,,,,,,,,,,,,,,,,,,,,,,,,,,,,,,,,,,,,,,,,,FALSE,0,,,,,,,0.00,0.00,0.00,TRUE,,,,0,,0.00,T3D062V
HEXAXIM (E),HEXAXIM,1,FALSE,FALSE,,,,10947.20,NC,0,0.00,0.00,NC,0,0.00,0.00,NC,0,0.00,0.00,NC,0,0.00,0.00,NC,0,0.00,0.00,NC,0,0.00,0.00,NC,0,0.00,0.00,NC,0,0.00,0.00,NC,0,0.00,0.00,NC,0,0.00,,0,9000.00,1,40548,12352,50748,09 /  18,05/21,,,FALSE,,,0.00,0.00,,FALSE,,,0.00,0.00,,FALSE,0.00,0.00,0.00,,,,,,,,,,,,,,,,,,,,,,,,,,,,,,,,,,,,,,,,,,,,,,,,,,,,,,,,,,,,,,,,,,,,,,,,,,,,,,,,,,,,,,,,FALSE,0,,,,,,,0.00,0.00,0.00,TRUE,,,,0,,0.00,R3K305V
HEXAXIM (F),HEXAXIM,1,FALSE,FALSE,,,,10997.00,NC,0,0.00,0.00,NC,0,0.00,0.00,NC,0,0.00,0.00,NC,0,0.00,0.00,NC,0,0.00,0.00,NC,0,0.00,0.00,NC,0,0.00,0.00,NC,0,0.00,0.00,NC,0,0.00,0.00,NC,0,0.00,,0,9952.00,1,40548,12352,50748,08//19...,07//22.,,,FALSE,,,0.00,0.00,,FALSE,,,0.00,0.00,,FALSE,0.00,0.00,0.00,,,,,,,,,,,,,,,,,,,,,,,,,,,,,,,,,,,,,,,,,,,,,,,,,,,,,,,,,,,,,,,,,,,,,,,,,,,,,,,,,,,,,,,,FALSE,0,,,,,,,0.00,0.00,0.00,TRUE,,,,0,,0.00,T3M263V
HEXAXIM (G),HEXAXIM,1,FALSE,FALSE,,,,10997.00,NC,0,0.00,0.00,NC,0,0.00,0.00,NC,0,0.00,0.00,NC,0,0.00,0.00,NC,0,0.00,0.00,NC,0,0.00,0.00,NC,0,0.00,0.00,NC,0,0.00,0.00,NC,0,0.00,0.00,NC,0,0.00,,0,9952.00,1,40548,12352,50748,03///20,11/22.,,,FALSE,,,0.00,0.00,,FALSE,,,0.00,0.00,,FALSE,0.00,0.00,0.00,,,,,,,,,,,,,,,,,,,,,,,,,,,,,,,,,,,,,,,,,,,,,,,,,,,,,,,,,,,,,,,,,,,,,,,,,,,,,,,,,,,,,,,,FALSE,0,,,,,,,0.00,0.00,0.00,TRUE,,,,0,,0.00,U3C481V
HEXAXIM (H),HEXAXIM,1,FALSE,FALSE,,,,10997.00,NC,0,0.00,0.00,NC,0,0.00,0.00,NC,0,0.00,0.00,NC,0,0.00,0.00,NC,0,0.00,0.00,NC,0,0.00,0.00,NC,0,0.00,0.00,NC,0,0.00,0.00,NC,0,0.00,0.00,NC,0,0.00,,0,10052.00,1,40548,12352,50748,08/19.,07/23..,,,FALSE,,,0.00,0.00,,FALSE,,,0.00,0.00,,FALSE,0.00,0.00,0.00,,,,,,,,,,,,,,,,,,,,,,,,,,,,,,,,,,,,,,,,,,,,,,,,,,,,,,,,,,,,,,,,,,,,,,,,,,,,,,,,,,,,,,,,FALSE,0,,,,,,,0.00,0.00,0.00,TRUE,,,,0,,0.00,T3M594V
HEXAXIM (I),HEXAXIM,1,FALSE,FALSE,,,,11588.00,NC,0,0.00,0.00,NC,0,0.00,0.00,NC,0,0.00,0.00,NC,0,0.00,0.00,NC,0,0.00,0.00,NC,0,0.00,0.00,NC,0,0.00,0.00,NC,0,0.00,0.00,NC,0,0.00,0.00,NC,0,0.00,,0,10052.00,1,40548,12352,50748,11/20.,03/24..,,,FALSE,,,0.00,0.00,,FALSE,,,0.00,0.00,,FALSE,0.00,0.00,0.00,,,,,,,,,,,,,,,,,,,,,,,,,,,,,,,,,,,,,,,,,,,,,,,,,,,,,,,,,,,,,,,,,,,,,,,,,,,,,,,,,,,,,,,,FALSE,0,,,,,,,0.00,0.00,0.00,TRUE,,,,0,,0.00,U3P162V
HEXAXIM (J),HEXAXIM,1,FALSE,FALSE,,,,11588.00,NC,0,0.00,0.00,NC,0,0.00,0.00,NC,0,0.00,0.00,NC,0,0.00,0.00,NC,0,0.00,0.00,NC,0,0.00,0.00,NC,0,0.00,0.00,NC,0,0.00,0.00,NC,0,0.00,0.00,NC,0,0.00,,0,10535.00,1,40548,12352,50748,05/20.....,04/24..,,,FALSE,,,0.00,0.00,,FALSE,,,0.00,0.00,,FALSE,0.00,0.00,0.00,,,,,,,,,,,,,,,,,,,,,,,,,,,,,,,,,,,,,,,,,,,,,,,,,,,,,,,,,,,,,,,,,,,,,,,,,,,,,,,,,,,,,,,,FALSE,0,,,,,,,0.00,0.00,0.00,TRUE,,,,0,,0.00,U3MO11V
HEXAXIM (K),HEXAXIM,1,FALSE,FALSE,,,,15365.00,NC,0,0.00,0.00,NC,0,0.00,0.00,NC,0,0.00,0.00,NC,0,0.00,0.00,NC,0,0.00,0.00,NC,0,0.00,0.00,NC,0,0.00,0.00,NC,0,0.00,0.00,NC,0,0.00,0.00,NC,0,0.00,,0,10535.00,1,40548,12352,50748,12/20.....,11/24...,,,FALSE,,,0.00,0.00,,FALSE,,,0.00,0.00,,FALSE,0.00,0.00,0.00,,,,,,,,,,,,,,,,,,,,,,,,,,,,,,,,,,,,,,,,,,,,,,,,,,,,,,,,,,,,,,,,,,,,,,,,,,,,,,,,,,,,,,,,FALSE,0,,,,,,,0.00,0.00,0.00,TRUE,,,,0,,0.00,V3D411V
HEXAXIM (L),HEXAXIM,1,FALSE,FALSE,,,,34843.00,NC,0,0.00,0.00,NC,0,0.00,0.00,NC,0,0.00,0.00,NC,0,0.00,0.00,NC,0,0.00,0.00,NC,0,0.00,0.00,NC,0,0.00,0.00,NC,0,0.00,0.00,NC,0,0.00,0.00,NC,0,0.00,,0,20370.00,1,40548,12352,50748,09/21.....,08/25...,,,FALSE,,,0.00,0.00,,FALSE,,,0.00,0.00,,FALSE,0.00,0.00,0.00,,,,,,,,,,,,,,,,,,,,,,,,,,,,,,,,,,,,,,,,,,,,,,,,,,,,,,,,,,,,,,,,,,,,,,,,,,,,,,,,,,,,,,,,FALSE,0,,,,,,,0.00,0.00,0.00,TRUE,,,,0,,0.00,V3M541V
HEXAXIM (M),HEXAXIM,1,FALSE,FALSE,,,,34843.00,NC,0,0.00,0.00,NC,0,0.00,0.00,NC,0,0.00,0.00,NC,0,0.00,0.00,NC,0,0.00,0.00,NC,0,0.00,0.00,NC,0,0.00,0.00,NC,0,0.00,0.00,NC,0,0.00,0.00,NC,0,0.00,,0,22522.68,1,40548,12352,50748,10/21.....,09/25...,,,FALSE,,,0.00,0.00,,FALSE,,,0.00,0.00,,FALSE,0.00,0.00,0.00,,,,,,,,,,,,,,,,,,,,,,,,,,,,,,,,,,,,,,,,,,,,,,,,,,,,,,,,,,,,,,,,,,,,,,,,,,,,,,,,,,,,,,,,FALSE,0,,,,,,,0.00,0.00,0.00,TRUE,,,,0,,0.00,V3M763V
HEXAXIM (N),HEXAXIM,1,FALSE,FALSE,,,,34843.00,NC,0,0.00,0.00,NC,0,0.00,0.00,NC,0,0.00,0.00,NC,0,0.00,0.00,NC,0,0.00,0.00,NC,0,0.00,0.00,NC,0,0.00,0.00,NC,0,0.00,0.00,NC,0,0.00,0.00,NC,0,0.00,,0,30264.33,1,40548,12352,50748,02/22.....,01/26...,,,FALSE,,,0.00,0.00,,FALSE,,,0.00,0.00,,FALSE,0.00,0.00,0.00,,,,,,,,,,,,,,,,,,,,,,,,,,,,,,,,,,,,,,,,,,,,,,,,,,,,,,,,,,,,,,,,,,,,,,,,,,,,,,,,,,,,,,,,FALSE,0,,,,,,,0.00,0.00,0.00,TRUE,,,,0,,0.00,W3C443V
HEXAXIM (O),HEXAXIM,1,FALSE,FALSE,,,,34843.00,NC,0,0.00,0.00,NC,0,0.00,0.00,NC,0,0.00,0.00,NC,0,0.00,0.00,NC,0,0.00,0.00,NC,0,0.00,0.00,NC,0,0.00,0.00,NC,0,0.00,0.00,NC,0,0.00,0.00,NC,0,0.00,,0,31605.00,1,40548,12352,50748,07/23.....,06/27...,,,FALSE,,,0.00,0.00,,FALSE,,,0.00,0.00,,FALSE,0.00,0.00,0.00,,,,,,,,,,,,,,,,,,,,,,,,,,,,,,,,,,,,,,,,,,,,,,,,,,,,,,,,,,,,,,,,,,,,,,,,,,,,,,,,,,,,,,,,FALSE,0,,,,,,,0.00,0.00,0.00,TRUE,,,,0,,0.00,X3G842V
HEXAXIM (P),HEXAXIM,1,FALSE,FALSE,,,,34843.00,NC,0,0.00,0.00,NC,0,0.00,0.00,NC,0,0.00,0.00,NC,0,0.00,0.00,NC,0,0.00,0.00,NC,0,0.00,0.00,NC,0,0.00,0.00,NC,0,0.00,0.00,NC,0,0.00,0.00,NC,0,0.00,,0,30772.00,1,40548,12352,50748,01/24.....,12/27...,,,FALSE,,,0.00,0.00,,FALSE,,,0.00,0.00,,FALSE,0.00,0.00,0.00,,,,,,,,,,,,,,,,,,,,,,,,,,,,,,,,,,,,,,,,,,,,,,,,,,,,,,,,,,,,,,,,,,,,,,,,,,,,,,,,,,,,,,,,FALSE,0,,,,,,,0.00,0.00,0.00,TRUE,,,,0,,0.00,Y3CO7D1
HEXAXIM (Q),HEXAXIM,1,FALSE,FALSE,,,,34843.00,NC,0,0.00,0.00,NC,0,0.00,0.00,NC,0,0.00,0.00,NC,0,0.00,0.00,NC,0,0.00,0.00,NC,0,0.00,0.00,NC,0,0.00,0.00,NC,0,0.00,0.00,NC,0,0.00,0.00,NC,0,0.00,,0,30772.00,1,40548,12352,50748,04/24.....,03/28...,,,FALSE,,,0.00,0.00,,FALSE,,,0.00,0.00,,FALSE,0.00,0.00,0.00,,,,,,,,,,,,,,,,,,,,,,,,,,,,,,,,,,,,,,,,,,,,,,,,,,,,,,,,,,,,,,,,,,,,,,,,,,,,,,,,,,,,,,,,FALSE,0,,,,,,,0.00,0.00,-939.00,TRUE,,,,0,,0.00,Y3K36D1
HIBERIX,HIBERIX,1,FALSE,FALSE,,,,3380.00,NC,0,0.00,0.00,NC,0,0.00,0.00,NC,0,0.00,0.00,NC,0,0.00,0.00,NC,0,0.00,0.00,NC,0,0.00,0.00,NC,0,0.00,0.00,NC,0,0.00,0.00,NC,0,0.00,0.00,NC,0,0.00,,0,2233.00,1,40400,12200,50600,,,,,FALSE,,,0.00,0.00,,FALSE,,,0.00,0.00,,FALSE,0.00,0.00,0.00,,,,,,,,,,,,,,,,,,,,,,,,,,,,,,,,,,,,,,,,,,,,,,,,,,,,,,,,,,,,,,,,,,,,,,,,,,,,,,,,,,,,,,,,FALSE,0,,,,,,,0.00,0.00,0.00,TRUE,,,,0,,0.00,
Humalog Mix 25,Himalog Mix 25,1,FALSE,FALSE,,,,17250.00,NC,0,0.00,0.00,NC,0,0.00,0.00,NC,0,0.00,0.00,NC,0,0.00,0.00,NC,0,0.00,0.00,NC,0,0.00,0.00,NC,0,0.00,0.00,NC,0,0.00,0.00,NC,0,0.00,0.00,NC,0,0.00,,0,15000.00,1,49200,12348,59600,10 / 17,09/20,,,FALSE,,,0.00,0.00,,FALSE,,,0.00,0.00,,FALSE,0.00,0.00,0.00,,,,,,,,,,,,,,,,,,,,,,,,,,,,,,,,,,,,,,,,,,,,,,,,,,,,,,,,,,,,,,,,,,,,,,,,,,,,,,,,,,,,,,,,FALSE,0,,,,,,,0.00,0.00,0.00,TRUE,,,,0,,0.00,C838698D
Humulin 70/30 10mls,Humulin 70/30 10mls,1,FALSE,FALSE,,,,4025.00,NC,0,0.00,0.00,NC,0,0.00,0.00,NC,0,0.00,0.00,NC,0,0.00,0.00,NC,0,0.00,0.00,NC,0,0.00,0.00,NC,0,0.00,0.00,NC,0,0.00,0.00,NC,0,0.00,0.00,NC,0,0.00,,0,3500.00,1,49200,12348,59600,10/ 17,09/20,,,FALSE,,,0.00,0.00,,FALSE,,,0.00,0.00,,FALSE,0.00,0.00,0.00,,,,,,,,,,,,,,,,,,,,,,,,,,,,,,,,,,,,,,,,,,,,,,,,,,,,,,,,,,,,,,,,,,,,,,,,,,,,,,,,,,,,,,,,FALSE,0,,,,,,,0.00,0.00,0.00,TRUE,,,,0,,0.00,C826687C
Humulin 70/30 Cat,Humulin 70/30 Cat,1,FALSE,FALSE,,,,13800.00,NC,0,0.00,0.00,NC,0,0.00,0.00,NC,0,0.00,0.00,NC,0,0.00,0.00,NC,0,0.00,0.00,NC,0,0.00,0.00,NC,0,0.00,0.00,NC,0,0.00,0.00,NC,0,0.00,0.00,NC,0,0.00,,0,12000.00,1,49200,12348,59600,04/ 17,03/20,,,FALSE,,,0.00,0.00,,FALSE,,,0.00,0.00,,FALSE,0.00,0.00,0.00,,,,,,,,,,,,,,,,,,,,,,,,,,,,,,,,,,,,,,,,,,,,,,,,,,,,,,,,,,,,,,,,,,,,,,,,,,,,,,,,,,,,,,,,FALSE,0,,,,,,,0.00,0.00,0.00,TRUE,,,,0,,0.00,C750136W
INDIRAB (ANTI RABIS),INDIRAB (ANTI RABIS),1,FALSE,FALSE,,,,5400.00,NC,0,0.00,0.00,NC,0,0.00,0.00,NC,0,0.00,0.00,NC,0,0.00,0.00,NC,0,0.00,0.00,NC,0,0.00,0.00,NC,0,0.00,0.00,NC,0,0.00,0.00,NC,0,0.00,0.00,NC,0,0.00,,0,4500.00,1,40533,12333,50733,03/17,02/20,,,FALSE,,,0.00,0.00,,FALSE,,,0.00,0.00,,FALSE,0.00,0.00,0.00,,,,,,,,,,,,,,,,,,,,,,,,,,,,,,,,,,,,,,,,,,,,,,,,,,,,,,,,,,,,,,,,,,,,,,,,,,,,,,,,,,,,,,,,FALSE,0,,,,,,,0.00,0.00,0.00,TRUE,,,,0,,0.00,62AN17017A
INDIRAB(ANTI RABIS)A,INDIRAB (ANTI RABIS)(A),1,FALSE,FALSE,,,,23225.00,NC,0,0.00,0.00,NC,0,0.00,0.00,NC,0,0.00,0.00,NC,0,0.00,0.00,NC,0,0.00,0.00,NC,0,0.00,0.00,NC,0,0.00,0.00,NC,0,0.00,0.00,NC,0,0.00,0.00,NC,0,0.00,,0,22500.00,1,40533,12333,50733,"08/23.,,",07/26..,,,FALSE,,,0.00,0.00,,FALSE,,,0.00,0.00,,FALSE,0.00,0.00,0.00,,,,,,,,,,,,,,,,,,,,,,,,,,,,,,,,,,,,,,,,,,,,,,,,,,,,,,,,,,,,,,,,,,,,,,,,,,,,,,,,,,,,,,,,FALSE,0,,,,,,,0.00,0.00,9.00,TRUE,,,,0,,0.00,62C23052A
INDIRAB(ANTI RABIS)B,INDIRAB (ANTI RABIS)(A),1,FALSE,FALSE,,,,23225.00,NC,0,0.00,0.00,NC,0,0.00,0.00,NC,0,0.00,0.00,NC,0,0.00,0.00,NC,0,0.00,0.00,NC,0,0.00,0.00,NC,0,0.00,0.00,NC,0,0.00,0.00,NC,0,0.00,0.00,NC,0,0.00,,0,18275.00,1,40533,12333,50733,"03/25.,,",02/28..,,,FALSE,,,0.00,0.00,,FALSE,,,0.00,0.00,,FALSE,0.00,0.00,0.00,,,,,,,,,,,,,,,,,,,,,,,,,,,,,,,,,,,,,,,,,,,,,,,,,,,,,,,,,,,,,,,,,,,,,,,,,,,,,,,,,,,,,,,,FALSE,0,,,,,,,0.00,0.00,10.00,TRUE,,,,0,,0.00,62C25008A
INSULATARD 100 I.U,INSULATARD 100 I.U,1,FALSE,FALSE,,,,4212.00,NC,0,0.00,0.00,NC,0,0.00,0.00,NC,0,0.00,0.00,NC,0,0.00,0.00,NC,0,0.00,0.00,NC,0,0.00,0.00,NC,0,0.00,0.00,NC,0,0.00,0.00,NC,0,0.00,0.00,NC,0,0.00,,0,2930.00,1,40515,12315,50715,06/17,11/19,,,FALSE,,,0.00,0.00,,FALSE,,,0.00,0.00,,FALSE,0.00,0.00,0.00,,,,,,,,,,,,,,,,,,,,,,,,,,,,,,,,,,,,,,,,,,,,,,,,,,,,,,,,,,,,,,,,,,,,,,,,,,,,,,,,,,,,,,,,FALSE,0,,,,,,,0.00,0.00,0.00,TRUE,,,,0,,0.00,GS64G95
INSULATARD 100 IU(A),INSULATARD 100 I.U,1,FALSE,FALSE,,,,4212.00,NC,0,0.00,0.00,NC,0,0.00,0.00,NC,0,0.00,0.00,NC,0,0.00,0.00,NC,0,0.00,0.00,NC,0,0.00,0.00,NC,0,0.00,0.00,NC,0,0.00,0.00,NC,0,0.00,0.00,NC,0,0.00,,0,2930.00,1,40515,12315,50715,06/ 17.,11/19.,,,FALSE,,,0.00,0.00,,FALSE,,,0.00,0.00,,FALSE,0.00,0.00,0.00,,,,,,,,,,,,,,,,,,,,,,,,,,,,,,,,,,,,,,,,,,,,,,,,,,,,,,,,,,,,,,,,,,,,,,,,,,,,,,,,,,,,,,,,FALSE,0,,,,,,,0.00,0.00,0.00,TRUE,,,,0,,0.00,GS64G65
INSULATARD 40 I.U,INSULATARD 40 I.U,1,FALSE,FALSE,,,,1958.00,NC,0,0.00,0.00,NC,0,0.00,0.00,NC,0,0.00,0.00,NC,0,0.00,0.00,NC,0,0.00,0.00,NC,0,0.00,0.00,NC,0,0.00,0.00,NC,0,0.00,0.00,NC,0,0.00,0.00,NC,0,0.00,,0,1100.00,1,40514,12314,50714,,,,,FALSE,,,0.00,0.00,,FALSE,,,0.00,0.00,,FALSE,0.00,0.00,0.00,,,,,,,,,,,,,,,,,,,,,,,,,,,,,,,,,,,,,,,,,,,,,,,,,,,,,,,,,,,,,,,,,,,,,,,,,,,,,,,,,,,,,,,,FALSE,0,,,,,,,0.00,0.00,0.00,TRUE,,,,0,,0.00,
INSULATARD PENFIL,INSULATARD PENFILL 100 I.U,1,FALSE,FALSE,,,,16100.00,NC,0,0.00,0.00,NC,0,0.00,0.00,NC,0,0.00,0.00,NC,0,0.00,0.00,NC,0,0.00,0.00,NC,0,0.00,0.00,NC,0,0.00,0.00,NC,0,0.00,0.00,NC,0,0.00,0.00,NC,0,0.00,,0,5890.00,1,40524,12324,50724,,,,,FALSE,,,0.00,0.00,,FALSE,,,0.00,0.00,,FALSE,0.00,0.00,0.00,,,,,,,,,,,,,,,,,,,,,,,,,,,,,,,,,,,,,,,,,,,,,,,,,,,,,,,,,,,,,,,,,,,,,,,,,,,,,,,,,,,,,,,,FALSE,0,,,,,,,0.00,0.00,0.00,TRUE,,,,0,,0.00,
INSUMAN BASAL 1000IU,INSUMAN BASAL 1000IU,1,FALSE,FALSE,,,,3044.00,NC,0,0.00,0.00,NC,0,0.00,0.00,NC,0,0.00,0.00,NC,0,0.00,0.00,NC,0,0.00,0.00,NC,0,0.00,0.00,NC,0,0.00,0.00,NC,0,0.00,0.00,NC,0,0.00,0.00,NC,0,0.00,,0,1902.00,1,40536,12336,50736,,,,,FALSE,,,0.00,0.00,,FALSE,,,0.00,0.00,,FALSE,0.00,0.00,0.00,,,,,,,,,,,,,,,,,,,,,,,,,,,,,,,,,,,,,,,,,,,,,,,,,,,,,,,,,,,,,,,,,,,,,,,,,,,,,,,,,,,,,,,,FALSE,0,,,,,,,0.00,0.00,0.00,TRUE,,,,0,,0.00,
INSUMAN BASAL 300IU,INSUMAN BASAL 300IU,1,FALSE,FALSE,,,,7743.00,NC,0,0.00,0.00,NC,0,0.00,0.00,NC,0,0.00,0.00,NC,0,0.00,0.00,NC,0,0.00,0.00,NC,0,0.00,0.00,NC,0,0.00,0.00,NC,0,0.00,0.00,NC,0,0.00,0.00,NC,0,0.00,,0,4410.00,1,40536,12336,50736,,,,,FALSE,,,0.00,0.00,,FALSE,,,0.00,0.00,,FALSE,0.00,0.00,0.00,,,,,,,,,,,,,,,,,,,,,,,,,,,,,,,,,,,,,,,,,,,,,,,,,,,,,,,,,,,,,,,,,,,,,,,,,,,,,,,,,,,,,,,,FALSE,0,,,,,,,0.00,0.00,0.00,TRUE,,,,0,,0.00,
INSUMAN COMBO 1000IU,INSUMAN COMBO 1000IU,1,FALSE,FALSE,,,,3630.00,NC,0,0.00,0.00,NC,0,0.00,0.00,NC,0,0.00,0.00,NC,0,0.00,0.00,NC,0,0.00,0.00,NC,0,0.00,0.00,NC,0,0.00,0.00,NC,0,0.00,0.00,NC,0,0.00,0.00,NC,0,0.00,,0,2212.50,1,40536,12336,50736,11 / 17,10/19,,,FALSE,,,0.00,0.00,,FALSE,,,0.00,0.00,,FALSE,0.00,0.00,0.00,,,,,,,,,,,,,,,,,,,,,,,,,,,,,,,,,,,,,,,,,,,,,,,,,,,,,,,,,,,,,,,,,,,,,,,,,,,,,,,,,,,,,,,,FALSE,0,,,,,,,0.00,0.00,0.00,TRUE,,,,0,,0.00,7F348A
INSUMAN COMBO 300IU,INSUMAN COMBO 300IU,1,FALSE,FALSE,,,,8546.00,NC,0,0.00,0.00,NC,0,0.00,0.00,NC,0,0.00,0.00,NC,0,0.00,0.00,NC,0,0.00,0.00,NC,0,0.00,0.00,NC,0,0.00,0.00,NC,0,0.00,0.00,NC,0,0.00,0.00,NC,0,0.00,,0,6094.70,1,40536,12336,50736,04/18.,03/20,,,FALSE,,,0.00,0.00,,FALSE,,,0.00,0.00,,FALSE,0.00,0.00,0.00,,,,,,,,,,,,,,,,,,,,,,,,,,,,,,,,,,,,,,,,,,,,,,,,,,,,,,,,,,,,,,,,,,,,,,,,,,,,,,,,,,,,,,,,FALSE,0,,,,,,,0.00,0.00,0.00,TRUE,,,,0,,0.00,8F009A
INSUMAN COMBO300 (A),INSUMAN COMBO 300IU,1,FALSE,FALSE,,,,8546.00,NC,0,0.00,0.00,NC,0,0.00,0.00,NC,0,0.00,0.00,NC,0,0.00,0.00,NC,0,0.00,0.00,NC,0,0.00,0.00,NC,0,0.00,0.00,NC,0,0.00,0.00,NC,0,0.00,0.00,NC,0,0.00,,0,6094.70,1,40536,12336,50736,05/ 18,04/20,,,FALSE,,,0.00,0.00,,FALSE,,,0.00,0.00,,FALSE,0.00,0.00,0.00,,,,,,,,,,,,,,,,,,,,,,,,,,,,,,,,,,,,,,,,,,,,,,,,,,,,,,,,,,,,,,,,,,,,,,,,,,,,,,,,,,,,,,,,FALSE,0,,,,,,,0.00,0.00,0.00,TRUE,,,,0,,0.00,8F017A
INSUMAN COMBO300 (B),INSUMAN COMBO 300IU,1,FALSE,FALSE,,,,8546.00,NC,0,0.00,0.00,NC,0,0.00,0.00,NC,0,0.00,0.00,NC,0,0.00,0.00,NC,0,0.00,0.00,NC,0,0.00,0.00,NC,0,0.00,0.00,NC,0,0.00,0.00,NC,0,0.00,0.00,NC,0,0.00,,0,6094.70,1,40536,12336,50736,11/  18,11/20,,,FALSE,,,0.00,0.00,,FALSE,,,0.00,0.00,,FALSE,0.00,0.00,0.00,,,,,,,,,,,,,,,,,,,,,,,,,,,,,,,,,,,,,,,,,,,,,,,,,,,,,,,,,,,,,,,,,,,,,,,,,,,,,,,,,,,,,,,,FALSE,0,,,,,,,0.00,0.00,0.00,TRUE,,,,0,,0.00,8F024A
INSUMAN COMBO300 (C),INSUMAN COMBO 300IU,1,FALSE,FALSE,,,,8546.00,NC,0,0.00,0.00,NC,0,0.00,0.00,NC,0,0.00,0.00,NC,0,0.00,0.00,NC,0,0.00,0.00,NC,0,0.00,0.00,NC,0,0.00,0.00,NC,0,0.00,0.00,NC,0,0.00,0.00,NC,0,0.00,,0,6229.69,1,40536,12336,50736,04/19,03/21,,,FALSE,,,0.00,0.00,,FALSE,,,0.00,0.00,,FALSE,0.00,0.00,0.00,,,,,,,,,,,,,,,,,,,,,,,,,,,,,,,,,,,,,,,,,,,,,,,,,,,,,,,,,,,,,,,,,,,,,,,,,,,,,,,,,,,,,,,,FALSE,0,,,,,,,0.00,0.00,0.00,TRUE,,,,0,,0.00,9F026A
INSUMAN COMBO300 (D),INSUMAN COMBO 300IU,1,FALSE,FALSE,,,,8546.00,NC,0,0.00,0.00,NC,0,0.00,0.00,NC,0,0.00,0.00,NC,0,0.00,0.00,NC,0,0.00,0.00,NC,0,0.00,0.00,NC,0,0.00,0.00,NC,0,0.00,0.00,NC,0,0.00,0.00,NC,0,0.00,,0,7769.00,1,40536,12336,50736,08/ 19..,07/21..,,,FALSE,,,0.00,0.00,,FALSE,,,0.00,0.00,,FALSE,0.00,0.00,0.00,,,,,,,,,,,,,,,,,,,,,,,,,,,,,,,,,,,,,,,,,,,,,,,,,,,,,,,,,,,,,,,,,,,,,,,,,,,,,,,,,,,,,,,,FALSE,0,,,,,,,0.00,0.00,0.00,TRUE,,,,0,,0.00,9F027A..
INSUMAN COMBO300 (E),INSUMAN COMBO 300IU,1,FALSE,FALSE,,,,8546.00,NC,0,0.00,0.00,NC,0,0.00,0.00,NC,0,0.00,0.00,NC,0,0.00,0.00,NC,0,0.00,0.00,NC,0,0.00,0.00,NC,0,0.00,0.00,NC,0,0.00,0.00,NC,0,0.00,0.00,NC,0,0.00,,0,6603.47,1,40536,12336,50736,02//20,01/22,,,FALSE,,,0.00,0.00,,FALSE,,,0.00,0.00,,FALSE,0.00,0.00,0.00,,,,,,,,,,,,,,,,,,,,,,,,,,,,,,,,,,,,,,,,,,,,,,,,,,,,,,,,,,,,,,,,,,,,,,,,,,,,,,,,,,,,,,,,FALSE,0,,,,,,,0.00,0.00,0.00,TRUE,,,,0,,0.00,OFO31A
INSUMAN RAPID 1000(A,INSUMAN RAPID 1000IU,1,FALSE,FALSE,,,,3630.00,NC,0,0.00,0.00,NC,0,0.00,0.00,NC,0,0.00,0.00,NC,0,0.00,0.00,NC,0,0.00,0.00,NC,0,0.00,0.00,NC,0,0.00,0.00,NC,0,0.00,0.00,NC,0,0.00,0.00,NC,0,0.00,,0,2215.50,1,40536,12336,50736,09/ 18,08/20,,,FALSE,,,0.00,0.00,,FALSE,,,0.00,0.00,,FALSE,0.00,0.00,0.00,,,,,,,,,,,,,,,,,,,,,,,,,,,,,,,,,,,,,,,,,,,,,,,,,,,,,,,,,,,,,,,,,,,,,,,,,,,,,,,,,,,,,,,,FALSE,0,,,,,,,0.00,0.00,0.00,TRUE,,,,0,,0.00,8F040A
INSUMAN RAPID 1000(B,INSUMAN RAPID 1000IU,1,FALSE,FALSE,,,,3630.00,NC,0,0.00,0.00,NC,0,0.00,0.00,NC,0,0.00,0.00,NC,0,0.00,0.00,NC,0,0.00,0.00,NC,0,0.00,0.00,NC,0,0.00,0.00,NC,0,0.00,0.00,NC,0,0.00,0.00,NC,0,0.00,,0,3300.00,1,40536,12336,50736,02 / 19,01/21,,,FALSE,,,0.00,0.00,,FALSE,,,0.00,0.00,,FALSE,0.00,0.00,0.00,,,,,,,,,,,,,,,,,,,,,,,,,,,,,,,,,,,,,,,,,,,,,,,,,,,,,,,,,,,,,,,,,,,,,,,,,,,,,,,,,,,,,,,,FALSE,0,,,,,,,0.00,0.00,0.00,TRUE,,,,0,,0.00,9F041A
INSUMAN RAPID 1000(C,INSUMAN RAPID 1000IU,1,FALSE,FALSE,,,,3630.00,NC,0,0.00,0.00,NC,0,0.00,0.00,NC,0,0.00,0.00,NC,0,0.00,0.00,NC,0,0.00,0.00,NC,0,0.00,0.00,NC,0,0.00,0.00,NC,0,0.00,0.00,NC,0,0.00,0.00,NC,0,0.00,,0,3300.00,1,40536,12336,50736,02.. / 19,01.. /21,,,FALSE,,,0.00,0.00,,FALSE,,,0.00,0.00,,FALSE,0.00,0.00,0.00,,,,,,,,,,,,,,,,,,,,,,,,,,,,,,,,,,,,,,,,,,,,,,,,,,,,,,,,,,,,,,,,,,,,,,,,,,,,,,,,,,,,,,,,FALSE,0,,,,,,,0.00,0.00,0.00,TRUE,,,,0,,0.00,9F041B
INSUMAN RAPID 1000(D,INSUMAN RAPID 1000IU,1,FALSE,FALSE,,,,3630.00,NC,0,0.00,0.00,NC,0,0.00,0.00,NC,0,0.00,0.00,NC,0,0.00,0.00,NC,0,0.00,0.00,NC,0,0.00,0.00,NC,0,0.00,0.00,NC,0,0.00,0.00,NC,0,0.00,0.00,NC,0,0.00,,0,3300.00,1,40536,12336,50736,10/19...,09/21,,,FALSE,,,0.00,0.00,,FALSE,,,0.00,0.00,,FALSE,0.00,0.00,0.00,,,,,,,,,,,,,,,,,,,,,,,,,,,,,,,,,,,,,,,,,,,,,,,,,,,,,,,,,,,,,,,,,,,,,,,,,,,,,,,,,,,,,,,,FALSE,0,,,,,,,0.00,0.00,0.00,TRUE,,,,0,,0.00,9FO43A
INSUMAN RAPID 1000(E,INSUMAN RAPID 1000IU,1,FALSE,FALSE,,,,3630.00,NC,0,0.00,0.00,NC,0,0.00,0.00,NC,0,0.00,0.00,NC,0,0.00,0.00,NC,0,0.00,0.00,NC,0,0.00,0.00,NC,0,0.00,0.00,NC,0,0.00,0.00,NC,0,0.00,0.00,NC,0,0.00,,0,2804.84,1,40536,12336,50736,03/ 20,02/22,,,FALSE,,,0.00,0.00,,FALSE,,,0.00,0.00,,FALSE,0.00,0.00,0.00,,,,,,,,,,,,,,,,,,,,,,,,,,,,,,,,,,,,,,,,,,,,,,,,,,,,,,,,,,,,,,,,,,,,,,,,,,,,,,,,,,,,,,,,FALSE,0,,,,,,,0.00,0.00,0.00,TRUE,,,,0,,0.00,0F044A
INSUMAN RAPID 1000IU,INSUMAN RAPID 1000IU,1,FALSE,FALSE,,,,3630.00,NC,0,0.00,0.00,NC,0,0.00,0.00,NC,0,0.00,0.00,NC,0,0.00,0.00,NC,0,0.00,0.00,NC,0,0.00,0.00,NC,0,0.00,0.00,NC,0,0.00,0.00,NC,0,0.00,0.00,NC,0,0.00,,0,2212.50,1,40536,12336,50736,02 / 18,01/20,,,FALSE,,,0.00,0.00,,FALSE,,,0.00,0.00,,FALSE,0.00,0.00,0.00,,,,,,,,,,,,,,,,,,,,,,,,,,,,,,,,,,,,,,,,,,,,,,,,,,,,,,,,,,,,,,,,,,,,,,,,,,,,,,,,,,,,,,,,FALSE,0,,,,,,,0.00,0.00,0.00,TRUE,,,,0,,0.00,8F038B
INSUMAN RAPID 300IU,INSUMAN RAPID 300IU,1,FALSE,FALSE,,,,8448.00,NC,0,0.00,0.00,NC,0,0.00,0.00,NC,0,0.00,0.00,NC,0,0.00,0.00,NC,0,0.00,0.00,NC,0,0.00,0.00,NC,0,0.00,0.00,NC,0,0.00,0.00,NC,0,0.00,0.00,NC,0,0.00,,0,5279.00,1,40536,12336,50736,,,,,FALSE,,,0.00,0.00,,FALSE,,,0.00,0.00,,FALSE,0.00,0.00,0.00,,,,,,,,,,,,,,,,,,,,,,,,,,,,,,,,,,,,,,,,,,,,,,,,,,,,,,,,,,,,,,,,,,,,,,,,,,,,,,,,,,,,,,,,FALSE,0,,,,,,,0.00,0.00,0.00,TRUE,,,,0,,0.00,
INSUMANCOMBO100IU(B),INSUMAN COMBO 1000IU,1,FALSE,FALSE,,,,3630.00,NC,0,0.00,0.00,NC,0,0.00,0.00,NC,0,0.00,0.00,NC,0,0.00,0.00,NC,0,0.00,0.00,NC,0,0.00,0.00,NC,0,0.00,0.00,NC,0,0.00,0.00,NC,0,0.00,0.00,NC,0,0.00,,0,2212.50,1,40536,12336,50736,09  /18,08/ 20,,,FALSE,,,0.00,0.00,,FALSE,,,0.00,0.00,,FALSE,0.00,0.00,0.00,,,,,,,,,,,,,,,,,,,,,,,,,,,,,,,,,,,,,,,,,,,,,,,,,,,,,,,,,,,,,,,,,,,,,,,,,,,,,,,,,,,,,,,,FALSE,0,,,,,,,0.00,0.00,0.00,TRUE,,,,0,,0.00,8F019A
INSUMANCOMBO100IU(C),INSUMAN COMBO 1000IU,1,FALSE,FALSE,,,,3630.00,NC,0,0.00,0.00,NC,0,0.00,0.00,NC,0,0.00,0.00,NC,0,0.00,0.00,NC,0,0.00,0.00,NC,0,0.00,0.00,NC,0,0.00,0.00,NC,0,0.00,0.00,NC,0,0.00,0.00,NC,0,0.00,,0,3300.00,1,40536,12336,50736,04   /19,03/21,,,FALSE,,,0.00,0.00,,FALSE,,,0.00,0.00,,FALSE,0.00,0.00,0.00,,,,,,,,,,,,,,,,,,,,,,,,,,,,,,,,,,,,,,,,,,,,,,,,,,,,,,,,,,,,,,,,,,,,,,,,,,,,,,,,,,,,,,,,FALSE,0,,,,,,,0.00,0.00,0.00,TRUE,,,,0,,0.00,9F025A
INSUMANCOMBO100IU(D),INSUMAN COMBO 1000IU,1,FALSE,FALSE,,,,3630.00,NC,0,0.00,0.00,NC,0,0.00,0.00,NC,0,0.00,0.00,NC,0,0.00,0.00,NC,0,0.00,0.00,NC,0,0.00,0.00,NC,0,0.00,0.00,NC,0,0.00,0.00,NC,0,0.00,0.00,NC,0,0.00,,0,3300.00,1,40536,12336,50736,09  /19..,08/21,,,FALSE,,,0.00,0.00,,FALSE,,,0.00,0.00,,FALSE,0.00,0.00,0.00,,,,,,,,,,,,,,,,,,,,,,,,,,,,,,,,,,,,,,,,,,,,,,,,,,,,,,,,,,,,,,,,,,,,,,,,,,,,,,,,,,,,,,,,FALSE,0,,,,,,,0.00,0.00,0.00,TRUE,,,,0,,0.00,9F028B
INSUMANCOMBO100IU(E),INSUMAN COMBO 1000IU,1,FALSE,FALSE,,,,3630.00,NC,0,0.00,0.00,NC,0,0.00,0.00,NC,0,0.00,0.00,NC,0,0.00,0.00,NC,0,0.00,0.00,NC,0,0.00,0.00,NC,0,0.00,0.00,NC,0,0.00,0.00,NC,0,0.00,0.00,NC,0,0.00,,0,2804.84,1,40536,12336,50736,02/20..,01/22,,,FALSE,,,0.00,0.00,,FALSE,,,0.00,0.00,,FALSE,0.00,0.00,0.00,,,,,,,,,,,,,,,,,,,,,,,,,,,,,,,,,,,,,,,,,,,,,,,,,,,,,,,,,,,,,,,,,,,,,,,,,,,,,,,,,,,,,,,,FALSE,0,,,,,,,0.00,0.00,0.00,TRUE,,,,0,,0.00,0F032A
IPV (Imovax Polio),IPV (Imovax Polio),1,FALSE,FALSE,,,,2500.00,NC,0,0.00,0.00,NC,0,0.00,0.00,NC,0,0.00,0.00,NC,0,0.00,0.00,NC,0,0.00,0.00,NC,0,0.00,0.00,NC,0,0.00,0.00,NC,0,0.00,0.00,NC,0,0.00,0.00,NC,0,0.00,,0,2500.00,1,40526,12326,50726,,,,,FALSE,,,0.00,0.00,,FALSE,,,0.00,0.00,,FALSE,0.00,0.00,0.00,,,,,,,,,,,,,,,,,,,,,,,,,,,,,,,,,,,,,,,,,,,,,,,,,,,,,,,,,,,,,,,,,,,,,,,,,,,,,,,,,,,,,,,,FALSE,0,,,,,,,0.00,0.00,0.00,TRUE,,,,0,,0.00,X3FOIV
IPV (MULTIPLE),IPV (MULTIPLE),1,FALSE,FALSE,,,,2500.00,NC,0,0.00,0.00,NC,0,0.00,0.00,NC,0,0.00,0.00,NC,0,0.00,0.00,NC,0,0.00,0.00,NC,0,0.00,0.00,NC,0,0.00,0.00,NC,0,0.00,0.00,NC,0,0.00,0.00,NC,0,0.00,,0,2500.00,1,40526,12326,50726,,,,,FALSE,,,0.00,0.00,,FALSE,,,0.00,0.00,,FALSE,0.00,0.00,0.00,,,,,,,,,,,,,,,,,,,,,,,,,,,,,,,,,,,,,,,,,,,,,,,,,,,,,,,,,,,,,,,,,,,,,,,,,,,,,,,,,,,,,,,,FALSE,0,,,,,,,0.00,0.00,1.00,TRUE,,,,0,,0.00,
IPV POLIOMYELITIS,IPV POLIOMYELITIS,1,FALSE,FALSE,,,,2900.00,NC,0,0.00,0.00,NC,0,0.00,0.00,NC,0,0.00,0.00,NC,0,0.00,0.00,NC,0,0.00,0.00,NC,0,0.00,0.00,NC,0,0.00,0.00,NC,0,0.00,0.00,NC,0,0.00,0.00,NC,0,0.00,,0,1500.00,1,40526,12326,50726,,,,,FALSE,,,0.00,0.00,,FALSE,,,0.00,0.00,,FALSE,0.00,0.00,0.00,,,,,,,,,,,,,,,,,,,,,,,,,,,,,,,,,,,,,,,,,,,,,,,,,,,,,,,,,,,,,,,,,,,,,,,,,,,,,,,,,,,,,,,,FALSE,0,,,,,,,0.00,0.00,0.00,TRUE,,,,0,,0.00,
IPV(MULTIPLE)10 Dose,IPV (MULTIPLE) 10 Dose Vial,1,FALSE,FALSE,,,,2500.00,NC,0,0.00,0.00,NC,0,0.00,0.00,NC,0,0.00,0.00,NC,0,0.00,0.00,NC,0,0.00,0.00,NC,0,0.00,0.00,NC,0,0.00,0.00,NC,0,0.00,0.00,NC,0,0.00,0.00,NC,0,0.00,,0,2500.00,1,40526,12326,50726,08/22',07/25,,,FALSE,,,0.00,0.00,,FALSE,,,0.00,0.00,,FALSE,0.00,0.00,0.00,,,,,,,,,,,,,,,,,,,,,,,,,,,,,,,,,,,,,,,,,,,,,,,,,,,,,,,,,,,,,,,,,,,,,,,,,,,,,,,,,,,,,,,,FALSE,0,,,,,,,0.00,0.00,0.00,TRUE,,,,0,,0.00,W3G31
KEPPRA 500MG,KEPPRA 500MG,1,FALSE,FALSE,,,,0.00,NC,0,0.00,0.00,NC,0,0.00,0.00,NC,0,0.00,0.00,NC,0,0.00,0.00,NC,0,0.00,0.00,NC,0,0.00,0.00,NC,0,0.00,0.00,NC,0,0.00,0.00,NC,0,0.00,0.00,NC,0,0.00,,0,4835.00,1,40528,12328,50728,,,,,FALSE,,,0.00,0.00,,FALSE,,,0.00,0.00,,FALSE,0.00,0.00,0.00,,,,,,,,,,,,,,,,,,,,,,,,,,,,,,,,,,,,,,,,,,,,,,,,,,,,,,,,,,,,,,,,,,,,,,,,,,,,,,,,,,,,,,,,FALSE,0,,,,,,,0.00,0.00,0.00,TRUE,,,,0,,0.00,
LANTUS CARTRIDGE 3ML,LANTUS CARTRIDGE 5X3ML,1,FALSE,FALSE,,,,9705.88,NC,0,0.00,0.00,NC,0,0.00,0.00,NC,0,0.00,0.00,NC,0,0.00,0.00,NC,0,0.00,0.00,NC,0,0.00,0.00,NC,0,0.00,0.00,NC,0,0.00,0.00,NC,0,0.00,0.00,NC,0,0.00,,0,10555.00,1,40536,12336,50736,,,,,FALSE,,,0.00,0.00,,FALSE,,,0.00,0.00,,FALSE,0.00,0.00,0.00,,,,,,,,,,,,,,,,,,,,,,,,,,,,,,,,,,,,,,,,,,,,,,,,,,,,,,,,,,,,,,,,,,,,,,,,,,,,,,,,,,,,,,,,FALSE,0,,,,,,,0.00,0.00,0.00,TRUE,,,,0,,0.00,
LANTUS CARTRIDGE(A),LANTUS CARTRIDGE 5X3ML,1,FALSE,FALSE,,,,10353.00,NC,0,0.00,0.00,NC,0,0.00,0.00,NC,0,0.00,0.00,NC,0,0.00,0.00,NC,0,0.00,0.00,NC,0,0.00,0.00,NC,0,0.00,0.00,NC,0,0.00,0.00,NC,0,0.00,0.00,NC,0,0.00,,0,7500.00,1,40536,12336,50736,4/19,03/22,,,FALSE,,,0.00,0.00,,FALSE,,,0.00,0.00,,FALSE,0.00,0.00,0.00,,,,,,,,,,,,,,,,,,,,,,,,,,,,,,,,,,,,,,,,,,,,,,,,,,,,,,,,,,,,,,,,,,,,,,,,,,,,,,,,,,,,,,,,FALSE,0,,,,,,,0.00,0.00,0.00,TRUE,,,,0,,0.00,9F719A
LANTUS SOLOST300I(A),LANTUS SOLOSTAR 300IU,1,FALSE,FALSE,,,,18011.00,NC,0,0.00,0.00,NC,0,0.00,0.00,NC,0,0.00,0.00,NC,0,0.00,0.00,NC,0,0.00,0.00,NC,0,0.00,0.00,NC,0,0.00,0.00,NC,0,0.00,0.00,NC,0,0.00,0.00,NC,0,0.00,,0,15500.00,1,40536,12336,50736,09/18 .,08/21,,,FALSE,,,0.00,0.00,,FALSE,,,0.00,0.00,,FALSE,0.00,0.00,0.00,,,,,,,,,,,,,,,,,,,,,,,,,,,,,,,,,,,,,,,,,,,,,,,,,,,,,,,,,,,,,,,,,,,,,,,,,,,,,,,,,,,,,,,,FALSE,0,,,,,,,0.00,0.00,0.00,TRUE,,,,0,,0.00,9F5988A
LANTUS SOLOST300I(B),LANTUS SOLOSTAR 300IU,1,FALSE,FALSE,,,,18011.00,NC,0,0.00,0.00,NC,0,0.00,0.00,NC,0,0.00,0.00,NC,0,0.00,0.00,NC,0,0.00,0.00,NC,0,0.00,0.00,NC,0,0.00,0.00,NC,0,0.00,0.00,NC,0,0.00,0.00,NC,0,0.00,,0,16373.00,1,40536,12336,50736,02  / 19,01 /22..,,,FALSE,,,0.00,0.00,,FALSE,,,0.00,0.00,,FALSE,0.00,0.00,0.00,,,,,,,,,,,,,,,,,,,,,,,,,,,,,,,,,,,,,,,,,,,,,,,,,,,,,,,,,,,,,,,,,,,,,,,,,,,,,,,,,,,,,,,,FALSE,0,,,,,,,0.00,0.00,0.00,TRUE,,,,0,,0.00,9F6267A
LANTUS SOLOST300I(C),LANTUS SOLOSTAR 300IU,1,FALSE,FALSE,,,,19398.00,NC,0,0.00,0.00,NC,0,0.00,0.00,NC,0,0.00,0.00,NC,0,0.00,0.00,NC,0,0.00,0.00,NC,0,0.00,0.00,NC,0,0.00,0.00,NC,0,0.00,0.00,NC,0,0.00,0.00,NC,0,0.00,,0,13917.16,1,40536,12336,50736,04/20..,03/23,,,FALSE,,,0.00,0.00,,FALSE,,,0.00,0.00,,FALSE,0.00,0.00,0.00,,,,,,,,,,,,,,,,,,,,,,,,,,,,,,,,,,,,,,,,,,,,,,,,,,,,,,,,,,,,,,,,,,,,,,,,,,,,,,,,,,,,,,,,FALSE,0,,,,,,,0.00,0.00,0.00,TRUE,,,,0,,0.00,OF7110A
LANTUS SOLOST300I(D),LANTUS SOLOSTAR 300IU,1,FALSE,FALSE,,,,19398.00,NC,0,0.00,0.00,NC,0,0.00,0.00,NC,0,0.00,0.00,NC,0,0.00,0.00,NC,0,0.00,0.00,NC,0,0.00,0.00,NC,0,0.00,0.00,NC,0,0.00,0.00,NC,0,0.00,0.00,NC,0,0.00,,0,13917.16,1,40536,12336,50736,12/19..,11/22..,,,FALSE,,,0.00,0.00,,FALSE,,,0.00,0.00,,FALSE,0.00,0.00,0.00,,,,,,,,,,,,,,,,,,,,,,,,,,,,,,,,,,,,,,,,,,,,,,,,,,,,,,,,,,,,,,,,,,,,,,,,,,,,,,,,,,,,,,,,FALSE,0,,,,,,,0.00,0.00,0.00,TRUE,,,,0,,0.00,OF7014A
LANTUS SOLOST300I(E),LANTUS SOLOSTAR 300IU,1,FALSE,FALSE,,,,21363.00,NC,0,0.00,0.00,NC,0,0.00,0.00,NC,0,0.00,0.00,NC,0,0.00,0.00,NC,0,0.00,0.00,NC,0,0.00,0.00,NC,0,0.00,0.00,NC,0,0.00,0.00,NC,0,0.00,0.00,NC,0,0.00,,0,16500.00,1,40536,12336,50736,06//20....,05/23,,,FALSE,,,0.00,0.00,,FALSE,,,0.00,0.00,,FALSE,0.00,0.00,0.00,,,,,,,,,,,,,,,,,,,,,,,,,,,,,,,,,,,,,,,,,,,,,,,,,,,,,,,,,,,,,,,,,,,,,,,,,,,,,,,,,,,,,,,,FALSE,0,,,,,,,0.00,0.00,0.00,TRUE,,,,0,,0.00,OF7263A
LANTUS SOLOST300I(F),LANTUS SOLOSTAR 300IU,1,FALSE,FALSE,,,,25624.00,NC,0,0.00,0.00,NC,0,0.00,0.00,NC,0,0.00,0.00,NC,0,0.00,0.00,NC,0,0.00,0.00,NC,0,0.00,0.00,NC,0,0.00,0.00,NC,0,0.00,0.00,NC,0,0.00,0.00,NC,0,0.00,,0,19800.00,1,40536,12336,50736,09/21....,08/24,,,FALSE,,,0.00,0.00,,FALSE,,,0.00,0.00,,FALSE,0.00,0.00,0.00,,,,,,,,,,,,,,,,,,,,,,,,,,,,,,,,,,,,,,,,,,,,,,,,,,,,,,,,,,,,,,,,,,,,,,,,,,,,,,,,,,,,,,,,FALSE,0,,,,,,,0.00,0.00,0.00,TRUE,,,,0,,0.00,2F8247A
LANTUS SOLOST300I(G),LANTUS SOLOSTAR 300IU,1,FALSE,FALSE,,,,34375.00,NC,0,0.00,0.00,NC,0,0.00,0.00,NC,0,0.00,0.00,NC,0,0.00,0.00,NC,0,0.00,0.00,NC,0,0.00,0.00,NC,0,0.00,0.00,NC,0,0.00,0.00,NC,0,0.00,0.00,NC,0,0.00,,0,24750.00,1,40536,12336,50736,07/22..,06/25,,,FALSE,,,0.00,0.00,,FALSE,,,0.00,0.00,,FALSE,0.00,0.00,0.00,,,,,,,,,,,,,,,,,,,,,,,,,,,,,,,,,,,,,,,,,,,,,,,,,,,,,,,,,,,,,,,,,,,,,,,,,,,,,,,,,,,,,,,,FALSE,0,,,,,,,0.00,0.00,0.00,TRUE,,,,0,,0.00,2F8646A
LANTUS SOLOST300I(H),LANTUS SOLOSTAR 300IU,1,FALSE,FALSE,,,,34375.00,NC,0,0.00,0.00,NC,0,0.00,0.00,NC,0,0.00,0.00,NC,0,0.00,0.00,NC,0,0.00,0.00,NC,0,0.00,0.00,NC,0,0.00,0.00,NC,0,0.00,0.00,NC,0,0.00,0.00,NC,0,0.00,,0,24750.00,1,40536,12336,50736,09/22..,08/25,,,FALSE,,,0.00,0.00,,FALSE,,,0.00,0.00,,FALSE,0.00,0.00,0.00,,,,,,,,,,,,,,,,,,,,,,,,,,,,,,,,,,,,,,,,,,,,,,,,,,,,,,,,,,,,,,,,,,,,,,,,,,,,,,,,,,,,,,,,FALSE,0,,,,,,,0.00,0.00,0.00,TRUE,,,,0,,0.00,2F8717A
LANTUS SOLOST300I(I),LANTUS SOLOSTAR 300IU,1,FALSE,FALSE,,,,51750.00,NC,0,0.00,0.00,NC,0,0.00,0.00,NC,0,0.00,0.00,NC,0,0.00,0.00,NC,0,0.00,0.00,NC,0,0.00,0.00,NC,0,0.00,0.00,NC,0,0.00,0.00,NC,0,0.00,0.00,NC,0,0.00,,0,45000.00,1,40536,12336,50736,08/23..,07/26..,,,FALSE,,,0.00,0.00,,FALSE,,,0.00,0.00,,FALSE,0.00,0.00,0.00,,,,,,,,,,,,,,,,,,,,,,,,,,,,,,,,,,,,,,,,,,,,,,,,,,,,,,,,,,,,,,,,,,,,,,,,,,,,,,,,,,,,,,,,FALSE,0,,,,,,,0.00,0.00,0.00,TRUE,,,,0,,0.00,3F9198A
LANTUS SOLOST300I(J),LANTUS SOLOSTAR 300IU,1,FALSE,FALSE,,,,61600.00,NC,0,0.00,0.00,NC,0,0.00,0.00,NC,0,0.00,0.00,NC,0,0.00,0.00,NC,0,0.00,0.00,NC,0,0.00,0.00,NC,0,0.00,0.00,NC,0,0.00,0.00,NC,0,0.00,0.00,NC,0,0.00,,0,45000.00,1,40536,12336,50736,10/23..,09/26..,,,FALSE,,,0.00,0.00,,FALSE,,,0.00,0.00,,FALSE,0.00,0.00,0.00,,,,,,,,,,,,,,,,,,,,,,,,,,,,,,,,,,,,,,,,,,,,,,,,,,,,,,,,,,,,,,,,,,,,,,,,,,,,,,,,,,,,,,,,FALSE,0,,,,,,,0.00,0.00,0.00,TRUE,,,,0,,0.00,4F9489A
LANTUS SOLOST300I(K),LANTUS SOLOSTAR 300IU,1,FALSE,FALSE,,,,61600.00,NC,0,0.00,0.00,NC,0,0.00,0.00,NC,0,0.00,0.00,NC,0,0.00,0.00,NC,0,0.00,0.00,NC,0,0.00,0.00,NC,0,0.00,0.00,NC,0,0.00,0.00,NC,0,0.00,0.00,NC,0,0.00,,0,50000.00,1,40536,12336,50736,10/23.',"09/26..,",,,FALSE,,,0.00,0.00,,FALSE,,,0.00,0.00,,FALSE,0.00,0.00,0.00,,,,,,,,,,,,,,,,,,,,,,,,,,,,,,,,,,,,,,,,,,,,,,,,,,,,,,,,,,,,,,,,,,,,,,,,,,,,,,,,,,,,,,,,FALSE,0,,,,,,,0.00,0.00,0.00,TRUE,,,,0,,0.00,4F9557A
LANTUS SOLOST300I(L),LANTUS SOLOSTAR 300IU,1,FALSE,FALSE,,,,61600.00,NC,0,0.00,0.00,NC,0,0.00,0.00,NC,0,0.00,0.00,NC,0,0.00,0.00,NC,0,0.00,0.00,NC,0,0.00,0.00,NC,0,0.00,0.00,NC,0,0.00,0.00,NC,0,0.00,0.00,NC,0,0.00,,0,56000.00,1,40536,12336,50736,04/24.',"03/27..,",,,FALSE,,,0.00,0.00,,FALSE,,,0.00,0.00,,FALSE,0.00,0.00,0.00,,,,,,,,,,,,,,,,,,,,,,,,,,,,,,,,,,,,,,,,,,,,,,,,,,,,,,,,,,,,,,,,,,,,,,,,,,,,,,,,,,,,,,,,FALSE,0,,,,,,,0.00,0.00,0.00,TRUE,,,,0,,0.00,4F9670A
LANTUS SOLOST300I(M),LANTUS SOLOSTAR 300IU,1,FALSE,FALSE,,,,64800.00,NC,0,0.00,0.00,NC,0,0.00,0.00,NC,0,0.00,0.00,NC,0,0.00,0.00,NC,0,0.00,0.00,NC,0,0.00,0.00,NC,0,0.00,0.00,NC,0,0.00,0.00,NC,0,0.00,0.00,NC,0,0.00,,0,58800.00,1,40536,12336,50736,05/24.',"04/27..,",,,FALSE,,,0.00,0.00,,FALSE,,,0.00,0.00,,FALSE,0.00,0.00,0.00,,,,,,,,,,,,,,,,,,,,,,,,,,,,,,,,,,,,,,,,,,,,,,,,,,,,,,,,,,,,,,,,,,,,,,,,,,,,,,,,,,,,,,,,FALSE,0,,,,,,,0.00,0.00,0.00,TRUE,,,,0,,0.00,4F9743A
LANTUS SOLOST300I(N),LANTUS SOLOSTAR 300IU,1,FALSE,FALSE,,,,64800.00,NC,0,0.00,0.00,NC,0,0.00,0.00,NC,0,0.00,0.00,NC,0,0.00,0.00,NC,0,0.00,0.00,NC,0,0.00,0.00,NC,0,0.00,0.00,NC,0,0.00,0.00,NC,0,0.00,0.00,NC,0,0.00,,0,58800.00,1,40536,12336,50736,08/24.',"07/27..,",,,FALSE,,,0.00,0.00,,FALSE,,,0.00,0.00,,FALSE,0.00,0.00,0.00,,,,,,,,,,,,,,,,,,,,,,,,,,,,,,,,,,,,,,,,,,,,,,,,,,,,,,,,,,,,,,,,,,,,,,,,,,,,,,,,,,,,,,,,FALSE,0,,,,,,,0.00,0.00,0.00,TRUE,,,,0,,0.00,4F9875A
LANTUS SOLOST300I(O),LANTUS SOLOSTAR 300IU,1,FALSE,FALSE,,,,64800.00,NC,0,0.00,0.00,NC,0,0.00,0.00,NC,0,0.00,0.00,NC,0,0.00,0.00,NC,0,0.00,0.00,NC,0,0.00,0.00,NC,0,0.00,0.00,NC,0,0.00,0.00,NC,0,0.00,0.00,NC,0,0.00,,0,58800.00,1,40536,12336,50736,01/25.',"12/27..,",,,FALSE,,,0.00,0.00,,FALSE,,,0.00,0.00,,FALSE,0.00,0.00,0.00,,,,,,,,,,,,,,,,,,,,,,,,,,,,,,,,,,,,,,,,,,,,,,,,,,,,,,,,,,,,,,,,,,,,,,,,,,,,,,,,,,,,,,,,FALSE,0,,,,,,,0.00,0.00,0.00,TRUE,,,,0,,0.00,5F0128A
LANTUS SOLOST300I(P),LANTUS SOLOSTAR 300IU,1,FALSE,FALSE,,,,64800.00,NC,0,0.00,0.00,NC,0,0.00,0.00,NC,0,0.00,0.00,NC,0,0.00,0.00,NC,0,0.00,0.00,NC,0,0.00,0.00,NC,0,0.00,0.00,NC,0,0.00,0.00,NC,0,0.00,0.00,NC,0,0.00,,0,58800.00,1,40536,12336,50736,03/25.',"02/28..,",,,FALSE,,,0.00,0.00,,FALSE,,,0.00,0.00,,FALSE,0.00,0.00,0.00,,,,,,,,,,,,,,,,,,,,,,,,,,,,,,,,,,,,,,,,,,,,,,,,,,,,,,,,,,,,,,,,,,,,,,,,,,,,,,,,,,,,,,,,FALSE,0,,,,,,,0.00,0.00,0.00,TRUE,,,,0,,0.00,5F0182A
LANTUS SOLOST300I(Q),LANTUS SOLOSTAR 300IU,1,FALSE,FALSE,,,,64800.00,NC,0,0.00,0.00,NC,0,0.00,0.00,NC,0,0.00,0.00,NC,0,0.00,0.00,NC,0,0.00,0.00,NC,0,0.00,0.00,NC,0,0.00,0.00,NC,0,0.00,0.00,NC,0,0.00,0.00,NC,0,0.00,,0,58800.00,1,40536,12336,50736,08/25.',"07/28..,",,,FALSE,,,0.00,0.00,,FALSE,,,0.00,0.00,,FALSE,0.00,0.00,0.00,,,,,,,,,,,,,,,,,,,,,,,,,,,,,,,,,,,,,,,,,,,,,,,,,,,,,,,,,,,,,,,,,,,,,,,,,,,,,,,,,,,,,,,,FALSE,0,,,,,,,0.00,0.00,20.00,TRUE,,,,0,,0.00,5F0441A
LANTUS SOLOST300I(R),LANTUS SOLOSTAR 300IU,1,FALSE,FALSE,,,,64800.00,NC,0,0.00,0.00,NC,0,0.00,0.00,NC,0,0.00,0.00,NC,0,0.00,0.00,NC,0,0.00,0.00,NC,0,0.00,0.00,NC,0,0.00,0.00,NC,0,0.00,0.00,NC,0,0.00,0.00,NC,0,0.00,,0,58800.00,1,40536,12336,50736,11/26.',"10/28..,",,,FALSE,,,0.00,0.00,,FALSE,,,0.00,0.00,,FALSE,0.00,0.00,0.00,,,,,,,,,,,,,,,,,,,,,,,,,,,,,,,,,,,,,,,,,,,,,,,,,,,,,,,,,,,,,,,,,,,,,,,,,,,,,,,,,,,,,,,,FALSE,0,,,,,,,0.00,0.00,100.00,TRUE,,,,0,,0.00,6F0573A
LANTUS SOLOSTAR 300I,LANTUS SOLOSTAR 300IU,1,FALSE,FALSE,,,,18011.00,NC,0,0.00,0.00,NC,0,0.00,0.00,NC,0,0.00,0.00,NC,0,0.00,0.00,NC,0,0.00,0.00,NC,0,0.00,0.00,NC,0,0.00,0.00,NC,0,0.00,0.00,NC,0,0.00,0.00,NC,0,0.00,,0,11625.00,1,40536,12336,50736,08/18 .,07/21,,,FALSE,,,0.00,0.00,,FALSE,,,0.00,0.00,,FALSE,0.00,0.00,0.00,,,,,,,,,,,,,,,,,,,,,,,,,,,,,,,,,,,,,,,,,,,,,,,,,,,,,,,,,,,,,,,,,,,,,,,,,,,,,,,,,,,,,,,,FALSE,0,,,,,,,0.00,0.00,0.00,TRUE,,,,0,,0.00,8F5816A
LEVEMIR FLEXPEN,LEVEMIR FLEXPEN,1,FALSE,FALSE,,,,49907.00,NC,0,0.00,0.00,NC,0,0.00,0.00,NC,0,0.00,0.00,NC,0,0.00,0.00,NC,0,0.00,0.00,NC,0,0.00,0.00,NC,0,0.00,0.00,NC,0,0.00,0.00,NC,0,0.00,0.00,NC,0,0.00,,0,13800.00,1,40523,12323,50723,05/18.,10/20,,,FALSE,,,0.00,0.00,,FALSE,,,0.00,0.00,,FALSE,0.00,0.00,0.00,,,,,,,,,,,,,,,,,,,,,,,,,,,,,,,,,,,,,,,,,,,,,,,,,,,,,,,,,,,,,,,,,,,,,,,,,,,,,,,,,,,,,,,,FALSE,0,,,,,,,0.00,0.00,0.00,TRUE,,,,0,,0.00,HP52516
LEVEMIR FLEXPEN(A),LEVEMIR FLEXPEN,1,FALSE,FALSE,,,,19839.00,NC,0,0.00,0.00,NC,0,0.00,0.00,NC,0,0.00,0.00,NC,0,0.00,0.00,NC,0,0.00,0.00,NC,0,0.00,0.00,NC,0,0.00,0.00,NC,0,0.00,0.00,NC,0,0.00,0.00,NC,0,0.00,,0,17014.00,1,40523,12323,50723,09 / 19,02/22,,,FALSE,,,0.00,0.00,,FALSE,,,0.00,0.00,,FALSE,0.00,0.00,0.00,,,,,,,,,,,,,,,,,,,,,,,,,,,,,,,,,,,,,,,,,,,,,,,,,,,,,,,,,,,,,,,,,,,,,,,,,,,,,,,,,,,,,,,,FALSE,0,,,,,,,0.00,0.00,0.00,TRUE,,,,0,,0.00,KP51099
LEVEMIR FLEXPEN(B),LEVEMIR FLEXPEN,1,FALSE,FALSE,,,,22292.00,NC,0,0.00,0.00,NC,0,0.00,0.00,NC,0,0.00,0.00,NC,0,0.00,0.00,NC,0,0.00,0.00,NC,0,0.00,0.00,NC,0,0.00,0.00,NC,0,0.00,0.00,NC,0,0.00,0.00,NC,0,0.00,,0,20265.00,1,40523,12323,50723,01/21....,06/23,,,FALSE,,,0.00,0.00,,FALSE,,,0.00,0.00,,FALSE,0.00,0.00,0.00,,,,,,,,,,,,,,,,,,,,,,,,,,,,,,,,,,,,,,,,,,,,,,,,,,,,,,,,,,,,,,,,,,,,,,,,,,,,,,,,,,,,,,,,FALSE,0,,,,,,,0.00,0.00,0.00,TRUE,,,,0,,0.00,LT62D80
LEVEMIR FLEXPEN(C),LEVEMIR FLEXPEN,1,FALSE,FALSE,,,,66127.00,NC,0,0.00,0.00,NC,0,0.00,0.00,NC,0,0.00,0.00,NC,0,0.00,0.00,NC,0,0.00,0.00,NC,0,0.00,0.00,NC,0,0.00,0.00,NC,0,0.00,0.00,NC,0,0.00,0.00,NC,0,0.00,,0,55767.00,1,40523,12323,50723,08/22..,01/25,,,FALSE,,,0.00,0.00,,FALSE,,,0.00,0.00,,FALSE,0.00,0.00,0.00,,,,,,,,,,,,,,,,,,,,,,,,,,,,,,,,,,,,,,,,,,,,,,,,,,,,,,,,,,,,,,,,,,,,,,,,,,,,,,,,,,,,,,,,FALSE,0,,,,,,,0.00,0.00,0.00,TRUE,,,,0,,0.00,MT67K44
LEVEMIR FLEXPEN(D),LEVEMIR FLEXPEN,1,FALSE,FALSE,,,,70701.00,NC,0,0.00,0.00,NC,0,0.00,0.00,NC,0,0.00,0.00,NC,0,0.00,0.00,NC,0,0.00,0.00,NC,0,0.00,0.00,NC,0,0.00,0.00,NC,0,0.00,0.00,NC,0,0.00,0.00,NC,0,0.00,,0,64274.00,1,40523,12323,50723,12/23..,05/26,,,FALSE,,,0.00,0.00,,FALSE,,,0.00,0.00,,FALSE,0.00,0.00,0.00,,,,,,,,,,,,,,,,,,,,,,,,,,,,,,,,,,,,,,,,,,,,,,,,,,,,,,,,,,,,,,,,,,,,,,,,,,,,,,,,,,,,,,,,FALSE,0,,,,,,,0.00,0.00,0.00,TRUE,,,,0,,0.00,PR7VJ64
LOXTRA,LOXTRA,1,FALSE,FALSE,,,,6090.00,NC,0,0.00,0.00,NC,0,0.00,0.00,NC,0,0.00,0.00,NC,0,0.00,0.00,NC,0,0.00,0.00,NC,0,0.00,0.00,NC,0,0.00,0.00,NC,0,0.00,0.00,NC,0,0.00,0.00,NC,0,0.00,,0,5800.00,1,49917,12373,59920,05/23,05/25,,,FALSE,,,0.00,0.00,,FALSE,,,0.00,0.00,,FALSE,0.00,0.00,0.00,,,,,,,,,,,,,,,,,,,,,,,,,,,,,,,,,,,,,,,,,,,,,,,,,,,,,,,,,,,,,,,,,,,,,,,,,,,,,,,,,,,,,,,,FALSE,0,,,,,,,0.00,0.00,0.00,TRUE,,,,0,,0.00,AF005
MEASLES (MULTIPLE),MEASLES (MULTIPLE),1,FALSE,FALSE,,,,2500.00,NC,0,0.00,0.00,NC,0,0.00,0.00,NC,0,0.00,0.00,NC,0,0.00,0.00,NC,0,0.00,0.00,NC,0,0.00,0.00,NC,0,0.00,0.00,NC,0,0.00,0.00,NC,0,0.00,0.00,NC,0,0.00,,0,2500.00,1,40000,12000,50000,,,,,FALSE,,,0.00,0.00,,FALSE,,,0.00,0.00,,FALSE,0.00,0.00,0.00,,,,,,,,,,,,,,,,,,,,,,,,,,,,,,,,,,,,,,,,,,,,,,,,,,,,,,,,,,,,,,,,,,,,,,,,,,,,,,,,,,,,,,,,FALSE,0,,,,,,,0.00,0.00,0.00,TRUE,,,,0,,0.00,
MEASLES (MVAC),MEASLES (MVAC),1,FALSE,FALSE,,,,1450.00,NC,0,0.00,0.00,NC,0,0.00,0.00,NC,0,0.00,0.00,NC,0,0.00,0.00,NC,0,0.00,0.00,NC,0,0.00,0.00,NC,0,0.00,0.00,NC,0,0.00,0.00,NC,0,0.00,0.00,NC,0,0.00,,0,950.00,1,40501,12301,50701,,,,,FALSE,,,0.00,0.00,,FALSE,,,0.00,0.00,,FALSE,0.00,0.00,0.00,,,,,,,,,,,,,,,,,,,,,,,,,,,,,,,,,,,,,,,,,,,,,,,,,,,,,,,,,,,,,,,,,,,,,,,,,,,,,,,,,,,,,,,,FALSE,0,,,,,,,0.00,0.00,0.00,TRUE,,,,0,,0.00,
MENACTRA,MENACTRA,1,FALSE,FALSE,,,,10380.00,NC,0,0.00,0.00,NC,0,0.00,0.00,NC,0,0.00,0.00,NC,0,0.00,0.00,NC,0,0.00,0.00,NC,0,0.00,0.00,NC,0,0.00,0.00,NC,0,0.00,0.00,NC,0,0.00,0.00,NC,0,0.00,,0,9185.40,1,40505,12305,50705,04 /18,04/20,,,FALSE,,,0.00,0.00,,FALSE,,,0.00,0.00,,FALSE,0.00,0.00,0.00,,,,,,,,,,,,,,,,,,,,,,,,,,,,,,,,,,,,,,,,,,,,,,,,,,,,,,,,,,,,,,,,,,,,,,,,,,,,,,,,,,,,,,,,FALSE,0,,,,,,,0.00,0.00,0.00,TRUE,,,,0,,0.00,U6186AE
MENACTRA (A),MENACTRA,1,FALSE,FALSE,,,,10380.00,NC,0,0.00,0.00,NC,0,0.00,0.00,NC,0,0.00,0.00,NC,0,0.00,0.00,NC,0,0.00,0.00,NC,0,0.00,0.00,NC,0,0.00,0.00,NC,0,0.00,0.00,NC,0,0.00,0.00,NC,0,0.00,,0,9185.40,1,40505,12305,50705,09 /18,09/20,,,FALSE,,,0.00,0.00,,FALSE,,,0.00,0.00,,FALSE,0.00,0.00,0.00,,,,,,,,,,,,,,,,,,,,,,,,,,,,,,,,,,,,,,,,,,,,,,,,,,,,,,,,,,,,,,,,,,,,,,,,,,,,,,,,,,,,,,,,FALSE,0,,,,,,,0.00,0.00,0.00,TRUE,,,,0,,0.00,U6366AG
MENACTRA (B),MENACTRA,1,FALSE,FALSE,,,,10991.22,NC,0,0.00,0.00,NC,0,0.00,0.00,NC,0,0.00,0.00,NC,0,0.00,0.00,NC,0,0.00,0.00,NC,0,0.00,0.00,NC,0,0.00,0.00,NC,0,0.00,0.00,NC,0,0.00,0.00,NC,0,0.00,,0,9185.40,1,40505,12305,50705,02 /19,03/21,,,FALSE,,,0.00,0.00,,FALSE,,,0.00,0.00,,FALSE,0.00,0.00,0.00,,,,,,,,,,,,,,,,,,,,,,,,,,,,,,,,,,,,,,,,,,,,,,,,,,,,,,,,,,,,,,,,,,,,,,,,,,,,,,,,,,,,,,,,FALSE,0,,,,,,,0.00,0.00,0.00,TRUE,,,,0,,0.00,U6562AC
MENACTRA (C),MENACTRA,1,FALSE,FALSE,,,,10991.22,NC,0,0.00,0.00,NC,0,0.00,0.00,NC,0,0.00,0.00,NC,0,0.00,0.00,NC,0,0.00,0.00,NC,0,0.00,0.00,NC,0,0.00,0.00,NC,0,0.00,0.00,NC,0,0.00,0.00,NC,0,0.00,,0,9000.00,1,40505,12305,50705,09  / 18,10/20,,,FALSE,,,0.00,0.00,,FALSE,,,0.00,0.00,,FALSE,0.00,0.00,0.00,,,,,,,,,,,,,,,,,,,,,,,,,,,,,,,,,,,,,,,,,,,,,,,,,,,,,,,,,,,,,,,,,,,,,,,,,,,,,,,,,,,,,,,,FALSE,0,,,,,,,0.00,0.00,0.00,TRUE,,,,0,,0.00,U6394AD
MENACTRA (D),MENACTRA,1,FALSE,FALSE,,,,10991.22,NC,0,0.00,0.00,NC,0,0.00,0.00,NC,0,0.00,0.00,NC,0,0.00,0.00,NC,0,0.00,0.00,NC,0,0.00,0.00,NC,0,0.00,0.00,NC,0,0.00,0.00,NC,0,0.00,0.00,NC,0,0.00,,0,9902.00,1,40505,12305,50705,06../19..,08../21,,,FALSE,,,0.00,0.00,,FALSE,,,0.00,0.00,,FALSE,0.00,0.00,0.00,,,,,,,,,,,,,,,,,,,,,,,,,,,,,,,,,,,,,,,,,,,,,,,,,,,,,,,,,,,,,,,,,,,,,,,,,,,,,,,,,,,,,,,,FALSE,0,,,,,,,0.00,0.00,0.00,TRUE,,,,0,,0.00,U6642AG..
MENACTRA (E),MENACTRA,1,FALSE,FALSE,,,,10991.22,NC,0,0.00,0.00,NC,0,0.00,0.00,NC,0,0.00,0.00,NC,0,0.00,0.00,NC,0,0.00,0.00,NC,0,0.00,0.00,NC,0,0.00,0.00,NC,0,0.00,0.00,NC,0,0.00,0.00,NC,0,0.00,,0,9902.00,1,40505,12305,50705,05/20.,06/22...,,,FALSE,,,0.00,0.00,,FALSE,,,0.00,0.00,,FALSE,0.00,0.00,0.00,,,,,,,,,,,,,,,,,,,,,,,,,,,,,,,,,,,,,,,,,,,,,,,,,,,,,,,,,,,,,,,,,,,,,,,,,,,,,,,,,,,,,,,,FALSE,0,,,,,,,0.00,0.00,0.00,TRUE,,,,0,,0.00,U6966AB
MENACTRA (F),MENACTRA,1,FALSE,FALSE,,,,10991.22,NC,0,0.00,0.00,NC,0,0.00,0.00,NC,0,0.00,0.00,NC,0,0.00,0.00,NC,0,0.00,0.00,NC,0,0.00,0.00,NC,0,0.00,0.00,NC,0,0.00,0.00,NC,0,0.00,0.00,NC,0,0.00,,0,0.00,1,40505,12305,50705,10/20,11/22...,,,FALSE,,,0.00,0.00,,FALSE,,,0.00,0.00,,FALSE,0.00,0.00,0.00,,,,,,,,,,,,,,,,,,,,,,,,,,,,,,,,,,,,,,,,,,,,,,,,,,,,,,,,,,,,,,,,,,,,,,,,,,,,,,,,,,,,,,,,FALSE,0,,,,,,,0.00,0.00,0.00,TRUE,,,,0,,0.00,U7148CG
MENACTRA (G),MENACTRA,1,FALSE,FALSE,,,,11588.00,NC,0,0.00,0.00,NC,0,0.00,0.00,NC,0,0.00,0.00,NC,0,0.00,0.00,NC,0,0.00,0.00,NC,0,0.00,0.00,NC,0,0.00,0.00,NC,0,0.00,0.00,NC,0,0.00,0.00,NC,0,0.00,,0,10535.00,1,40505,12305,50705,05/21..,06/23...,,,FALSE,,,0.00,0.00,,FALSE,,,0.00,0.00,,FALSE,0.00,0.00,0.00,,,,,,,,,,,,,,,,,,,,,,,,,,,,,,,,,,,,,,,,,,,,,,,,,,,,,,,,,,,,,,,,,,,,,,,,,,,,,,,,,,,,,,,,FALSE,0,,,,,,,0.00,0.00,0.00,TRUE,,,,0,,0.00,U7309AB
MENACTRA (H),MENACTRA,1,FALSE,FALSE,,,,15365.00,NC,0,0.00,0.00,NC,0,0.00,0.00,NC,0,0.00,0.00,NC,0,0.00,0.00,NC,0,0.00,0.00,NC,0,0.00,0.00,NC,0,0.00,0.00,NC,0,0.00,0.00,NC,0,0.00,0.00,NC,0,0.00,,0,10535.00,1,40505,12305,50705,05/22..,05/24...,,,FALSE,,,0.00,0.00,,FALSE,,,0.00,0.00,,FALSE,0.00,0.00,0.00,,,,,,,,,,,,,,,,,,,,,,,,,,,,,,,,,,,,,,,,,,,,,,,,,,,,,,,,,,,,,,,,,,,,,,,,,,,,,,,,,,,,,,,,FALSE,0,,,,,,,0.00,0.00,0.00,TRUE,,,,0,,0.00,U7660AA
MENACTRA (I),MENACTRA,1,FALSE,FALSE,,,,15365.00,NC,0,0.00,0.00,NC,0,0.00,0.00,NC,0,0.00,0.00,NC,0,0.00,0.00,NC,0,0.00,0.00,NC,0,0.00,0.00,NC,0,0.00,0.00,NC,0,0.00,0.00,NC,0,0.00,0.00,NC,0,0.00,,0,10535.00,1,40505,12305,50705,06/21..,07/23...,,,FALSE,,,0.00,0.00,,FALSE,,,0.00,0.00,,FALSE,0.00,0.00,0.00,,,,,,,,,,,,,,,,,,,,,,,,,,,,,,,,,,,,,,,,,,,,,,,,,,,,,,,,,,,,,,,,,,,,,,,,,,,,,,,,,,,,,,,,FALSE,0,,,,,,,0.00,0.00,0.00,TRUE,,,,0,,0.00,U7334BB
MENACTRA (J),MENACTRA,1,FALSE,FALSE,,,,33548.00,NC,0,0.00,0.00,NC,0,0.00,0.00,NC,0,0.00,0.00,NC,0,0.00,0.00,NC,0,0.00,0.00,NC,0,0.00,0.00,NC,0,0.00,0.00,NC,0,0.00,0.00,NC,0,0.00,0.00,NC,0,0.00,,0,20370.00,1,40505,12305,50705,02/22..,03/25...,,,FALSE,,,0.00,0.00,,FALSE,,,0.00,0.00,,FALSE,0.00,0.00,0.00,,,,,,,,,,,,,,,,,,,,,,,,,,,,,,,,,,,,,,,,,,,,,,,,,,,,,,,,,,,,,,,,,,,,,,,,,,,,,,,,,,,,,,,,FALSE,0,,,,,,,0.00,0.00,0.00,TRUE,,,,0,,0.00,U7952AC
MENACTRA (K),MENACTRA,1,FALSE,FALSE,,,,27600.00,NC,0,0.00,0.00,NC,0,0.00,0.00,NC,0,0.00,0.00,NC,0,0.00,0.00,NC,0,0.00,0.00,NC,0,0.00,0.00,NC,0,0.00,0.00,NC,0,0.00,0.00,NC,0,0.00,0.00,NC,0,0.00,,0,24000.00,1,40505,12305,50705,05/23..,06/25...,,,FALSE,,,0.00,0.00,,FALSE,,,0.00,0.00,,FALSE,0.00,0.00,0.00,,,,,,,,,,,,,,,,,,,,,,,,,,,,,,,,,,,,,,,,,,,,,,,,,,,,,,,,,,,,,,,,,,,,,,,,,,,,,,,,,,,,,,,,FALSE,0,,,,,,,0.00,0.00,-14.00,TRUE,,,,0,,0.00,U8019BA
MENACTRA (L),MENACTRA,1,FALSE,FALSE,,,,27600.00,NC,0,0.00,0.00,NC,0,0.00,0.00,NC,0,0.00,0.00,NC,0,0.00,0.00,NC,0,0.00,0.00,NC,0,0.00,0.00,NC,0,0.00,0.00,NC,0,0.00,0.00,NC,0,0.00,0.00,NC,0,0.00,,0,29829.25,1,40505,12305,50705,03/24..,04/25...,,,FALSE,,,0.00,0.00,,FALSE,,,0.00,0.00,,FALSE,0.00,0.00,0.00,,,,,,,,,,,,,,,,,,,,,,,,,,,,,,,,,,,,,,,,,,,,,,,,,,,,,,,,,,,,,,,,,,,,,,,,,,,,,,,,,,,,,,,,FALSE,0,,,,,,,0.00,0.00,0.00,TRUE,,,,0,,0.00,U7977AD
MENACTRA (M),MENACTRA,1,FALSE,FALSE,,,,27600.00,NC,0,0.00,0.00,NC,0,0.00,0.00,NC,0,0.00,0.00,NC,0,0.00,0.00,NC,0,0.00,0.00,NC,0,0.00,0.00,NC,0,0.00,0.00,NC,0,0.00,0.00,NC,0,0.00,0.00,NC,0,0.00,,0,20000.00,1,40505,12305,50705,"05/23.,,",05/25...,,,FALSE,,,0.00,0.00,,FALSE,,,0.00,0.00,,FALSE,0.00,0.00,0.00,,,,,,,,,,,,,,,,,,,,,,,,,,,,,,,,,,,,,,,,,,,,,,,,,,,,,,,,,,,,,,,,,,,,,,,,,,,,,,,,,,,,,,,,FALSE,0,,,,,,,0.00,0.00,0.00,TRUE,,,,0,,0.00,U8011AD
MENACTRA (N),MENACTRA,1,FALSE,FALSE,,,,27600.00,NC,0,0.00,0.00,NC,0,0.00,0.00,NC,0,0.00,0.00,NC,0,0.00,0.00,NC,0,0.00,0.00,NC,0,0.00,0.00,NC,0,0.00,0.00,NC,0,0.00,0.00,NC,0,0.00,0.00,NC,0,0.00,,0,24600.00,1,40505,12305,50705,"07/23.,,",08/25...,,,FALSE,,,0.00,0.00,,FALSE,,,0.00,0.00,,FALSE,0.00,0.00,0.00,,,,,,,,,,,,,,,,,,,,,,,,,,,,,,,,,,,,,,,,,,,,,,,,,,,,,,,,,,,,,,,,,,,,,,,,,,,,,,,,,,,,,,,,FALSE,0,,,,,,,0.00,0.00,0.00,TRUE,,,,0,,0.00,U8199AB
MENACTRA (O),MENACTRA,1,FALSE,FALSE,,,,27600.00,NC,0,0.00,0.00,NC,0,0.00,0.00,NC,0,0.00,0.00,NC,0,0.00,0.00,NC,0,0.00,0.00,NC,0,0.00,0.00,NC,0,0.00,0.00,NC,0,0.00,0.00,NC,0,0.00,0.00,NC,0,0.00,,0,24600.00,1,40505,12305,50705,11/23.,01/26...,,,FALSE,,,0.00,0.00,,FALSE,,,0.00,0.00,,FALSE,0.00,0.00,0.00,,,,,,,,,,,,,,,,,,,,,,,,,,,,,,,,,,,,,,,,,,,,,,,,,,,,,,,,,,,,,,,,,,,,,,,,,,,,,,,,,,,,,,,,FALSE,0,,,,,,,0.00,0.00,0.00,TRUE,,,,0,,0.00,U8229AD
MENACTRA (P),MENACTRA,1,FALSE,FALSE,,,,27600.00,NC,0,0.00,0.00,NC,0,0.00,0.00,NC,0,0.00,0.00,NC,0,0.00,0.00,NC,0,0.00,0.00,NC,0,0.00,0.00,NC,0,0.00,0.00,NC,0,0.00,0.00,NC,0,0.00,0.00,NC,0,0.00,,0,24500.00,1,40505,12305,50705,08/24.,09/26...,,,FALSE,,,0.00,0.00,,FALSE,,,0.00,0.00,,FALSE,0.00,0.00,0.00,,,,,,,,,,,,,,,,,,,,,,,,,,,,,,,,,,,,,,,,,,,,,,,,,,,,,,,,,,,,,,,,,,,,,,,,,,,,,,,,,,,,,,,,FALSE,0,,,,,,,0.00,0.00,115.00,TRUE,,,,0,,0.00,U8533AB
MENACTRA (Q),MENACTRA,1,FALSE,FALSE,,,,27600.00,NC,0,0.00,0.00,NC,0,0.00,0.00,NC,0,0.00,0.00,NC,0,0.00,0.00,NC,0,0.00,0.00,NC,0,0.00,0.00,NC,0,0.00,0.00,NC,0,0.00,0.00,NC,0,0.00,0.00,NC,0,0.00,,0,24500.00,1,40505,12305,50705,"01/24,.",02/26...,,,FALSE,,,0.00,0.00,,FALSE,,,0.00,0.00,,FALSE,0.00,0.00,0.00,,,,,,,,,,,,,,,,,,,,,,,,,,,,,,,,,,,,,,,,,,,,,,,,,,,,,,,,,,,,,,,,,,,,,,,,,,,,,,,,,,,,,,,,FALSE,0,,,,,,,0.00,0.00,0.00,TRUE,,,,0,,0.00,U83168C
MENACTRA (R),MENACTRA,1,FALSE,FALSE,,,,27600.00,NC,0,0.00,0.00,NC,0,0.00,0.00,NC,0,0.00,0.00,NC,0,0.00,0.00,NC,0,0.00,0.00,NC,0,0.00,0.00,NC,0,0.00,0.00,NC,0,0.00,0.00,NC,0,0.00,0.00,NC,0,0.00,,0,24500.00,1,40505,12305,50705,"07/25,.",07/27...,,,FALSE,,,0.00,0.00,,FALSE,,,0.00,0.00,,FALSE,0.00,0.00,0.00,,,,,,,,,,,,,,,,,,,,,,,,,,,,,,,,,,,,,,,,,,,,,,,,,,,,,,,,,,,,,,,,,,,,,,,,,,,,,,,,,,,,,,,,FALSE,0,,,,,,,0.00,0.00,748.00,TRUE,,,,0,,0.00,U8821AA
MENCEVAX ACWY,Mencevax Acwy,1,FALSE,FALSE,,,,3670.00,NC,0,0.00,0.00,NC,0,0.00,0.00,NC,0,0.00,0.00,NC,0,0.00,0.00,NC,0,0.00,0.00,NC,0,0.00,0.00,NC,0,0.00,0.00,NC,0,0.00,0.00,NC,0,0.00,0.00,NC,0,0.00,,0,3032.50,1,40505,12305,50705,,,,,FALSE,,,0.00,0.00,,FALSE,,,0.00,0.00,,FALSE,0.00,0.00,0.00,,,,,,,,,,,,,,,,,,,,,,,,,,,,,,,,,,,,,,,,,,,,,,,,,,,,,,,,,,,,,,,,,,,,,,,,,,,,,,,,,,,,,,,,FALSE,0,,,,,,,0.00,0.00,0.00,TRUE,,,,0,,0.00,
MENCEVAX ACWY 10'S,Mencevax Acwy 10'S,1,FALSE,FALSE,,,,0.00,NC,0,0.00,0.00,NC,0,0.00,0.00,NC,0,0.00,0.00,NC,0,0.00,0.00,NC,0,0.00,0.00,NC,0,0.00,0.00,NC,0,0.00,0.00,NC,0,0.00,0.00,NC,0,0.00,0.00,NC,0,0.00,,0,11500.00,1,40505,12305,50705,,,,,FALSE,,,0.00,0.00,,FALSE,,,0.00,0.00,,FALSE,0.00,0.00,0.00,,,,,,,,,,,,,,,,,,,,,,,,,,,,,,,,,,,,,,,,,,,,,,,,,,,,,,,,,,,,,,,,,,,,,,,,,,,,,,,,,,,,,,,,FALSE,0,,,,,,,0.00,0.00,0.00,TRUE,,,,0,,0.00,
MENINGOCOCCAL (MULTI,Meningococcal (MULTIPLE DOSE),1,FALSE,FALSE,,,,5000.00,NC,0,0.00,0.00,NC,0,0.00,0.00,NC,0,0.00,0.00,NC,0,0.00,0.00,NC,0,0.00,0.00,NC,0,0.00,0.00,NC,0,0.00,0.00,NC,0,0.00,0.00,NC,0,0.00,0.00,NC,0,0.00,,0,11000.00,1,40505,12305,50705,,,,,FALSE,,,0.00,0.00,,FALSE,,,0.00,0.00,,FALSE,0.00,0.00,0.00,,,,,,,,,,,,,,,,,,,,,,,,,,,,,,,,,,,,,,,,,,,,,,,,,,,,,,,,,,,,,,,,,,,,,,,,,,,,,,,,,,,,,,,,FALSE,0,,,,,,,0.00,0.00,0.00,TRUE,,,,0,,0.00,
MENINGOCOCCAL EMZ(A),Meningococcal (Emzor),1,FALSE,FALSE,,,,4565.00,NC,0,0.00,0.00,NC,0,0.00,0.00,NC,0,0.00,0.00,NC,0,0.00,0.00,NC,0,0.00,0.00,NC,0,0.00,0.00,NC,0,0.00,0.00,NC,0,0.00,0.00,NC,0,0.00,0.00,NC,0,0.00,,0,2500.00,1,40505,12305,50705,11/18.,11/20,,,FALSE,,,0.00,0.00,,FALSE,,,0.00,0.00,,FALSE,0.00,0.00,0.00,,,,,,,,,,,,,,,,,,,,,,,,,,,,,,,,,,,,,,,,,,,,,,,,,,,,,,,,,,,,,,,,,,,,,,,,,,,,,,,,,,,,,,,,FALSE,0,,,,,,,0.00,0.00,0.00,TRUE,,,,0,,0.00,E201811012
MENINGOCOCCAL EMZOR,Meningococcal (Emzor),1,FALSE,FALSE,,,,4565.00,NC,0,0.00,0.00,NC,0,0.00,0.00,NC,0,0.00,0.00,NC,0,0.00,0.00,NC,0,0.00,0.00,NC,0,0.00,0.00,NC,0,0.00,0.00,NC,0,0.00,0.00,NC,0,0.00,0.00,NC,0,0.00,,0,3650.00,1,40505,12305,50705,9/17.,09/19,,,FALSE,,,0.00,0.00,,FALSE,,,0.00,0.00,,FALSE,0.00,0.00,0.00,,,,,,,,,,,,,,,,,,,,,,,,,,,,,,,,,,,,,,,,,,,,,,,,,,,,,,,,,,,,,,,,,,,,,,,,,,,,,,,,,,,,,,,,FALSE,0,,,,,,,0.00,0.00,0.00,TRUE,,,,0,,0.00,E201709006
Menveo,Menveo,1,FALSE,FALSE,,,,5500.00,NC,0,0.00,0.00,NC,0,0.00,0.00,NC,0,0.00,0.00,NC,0,0.00,0.00,NC,0,0.00,0.00,NC,0,0.00,0.00,NC,0,0.00,0.00,NC,0,0.00,0.00,NC,0,0.00,0.00,NC,0,0.00,,0,3999.60,1,40505,12305,50705,,,,,FALSE,,,0.00,0.00,,FALSE,,,0.00,0.00,,FALSE,0.00,0.00,0.00,,,,,,,,,,,,,,,,,,,,,,,,,,,,,,,,,,,,,,,,,,,,,,,,,,,,,,,,,,,,,,,,,,,,,,,,,,,,,,,,,,,,,,,,FALSE,0,,,,,,,0.00,0.00,0.00,TRUE,,,,0,,0.00,
MIXTARD 30HM 100 (A),MIXTARD 30HM 100 I.U,1,FALSE,FALSE,,,,3974.00,NC,0,0.00,0.00,NC,0,0.00,0.00,NC,0,0.00,0.00,NC,0,0.00,0.00,NC,0,0.00,0.00,NC,0,0.00,0.00,NC,0,0.00,0.00,NC,0,0.00,0.00,NC,0,0.00,0.00,NC,0,0.00,,0,2930.00,1,40520,12320,50720,08/ 19,01/22,,,FALSE,,,0.00,0.00,,FALSE,,,0.00,0.00,,FALSE,0.00,0.00,0.00,,,,,,,,,,,,,,,,,,,,,,,,,,,,,,,,,,,,,,,,,,,,,,,,,,,,,,,,,,,,,,,,,,,,,,,,,,,,,,,,,,,,,,,,FALSE,0,,,,,,,0.00,0.00,0.00,TRUE,,,,0,,0.00,JT6S212
MIXTARD 30HM 100 (B),MIXTARD 30HM 100 I.U,1,FALSE,FALSE,,,,3974.00,NC,0,0.00,0.00,NC,0,0.00,0.00,NC,0,0.00,0.00,NC,0,0.00,0.00,NC,0,0.00,0.00,NC,0,0.00,0.00,NC,0,0.00,0.00,NC,0,0.00,0.00,NC,0,0.00,0.00,NC,0,0.00,,0,3600.00,1,40520,12320,50720,12/ 19,05/22,,,FALSE,,,0.00,0.00,,FALSE,,,0.00,0.00,,FALSE,0.00,0.00,0.00,,,,,,,,,,,,,,,,,,,,,,,,,,,,,,,,,,,,,,,,,,,,,,,,,,,,,,,,,,,,,,,,,,,,,,,,,,,,,,,,,,,,,,,,FALSE,0,,,,,,,0.00,0.00,0.00,TRUE,,,,0,,0.00,KT6V042
MIXTARD 30HM 100 (C),MIXTARD 30HM 100 I.U,1,FALSE,FALSE,,,,3974.00,NC,0,0.00,0.00,NC,0,0.00,0.00,NC,0,0.00,0.00,NC,0,0.00,0.00,NC,0,0.00,0.00,NC,0,0.00,0.00,NC,0,0.00,0.00,NC,0,0.00,0.00,NC,0,0.00,0.00,NC,0,0.00,,0,3612.00,1,40520,12320,50720,02/20,07/22..,,,FALSE,,,0.00,0.00,,FALSE,,,0.00,0.00,,FALSE,0.00,0.00,0.00,,,,,,,,,,,,,,,,,,,,,,,,,,,,,,,,,,,,,,,,,,,,,,,,,,,,,,,,,,,,,,,,,,,,,,,,,,,,,,,,,,,,,,,,FALSE,0,,,,,,,0.00,0.00,0.00,TRUE,,,,0,,0.00,KT6W705
MIXTARD 30HM 100 (D),MIXTARD 30HM 100 I.U,1,FALSE,FALSE,,,,4212.00,NC,0,0.00,0.00,NC,0,0.00,0.00,NC,0,0.00,0.00,NC,0,0.00,0.00,NC,0,0.00,0.00,NC,0,0.00,0.00,NC,0,0.00,0.00,NC,0,0.00,0.00,NC,0,0.00,0.00,NC,0,0.00,,0,3612.00,1,40520,12320,50720,05/20,10/22..,,,FALSE,,,0.00,0.00,,FALSE,,,0.00,0.00,,FALSE,0.00,0.00,0.00,,,,,,,,,,,,,,,,,,,,,,,,,,,,,,,,,,,,,,,,,,,,,,,,,,,,,,,,,,,,,,,,,,,,,,,,,,,,,,,,,,,,,,,,FALSE,0,,,,,,,0.00,0.00,0.00,TRUE,,,,0,,0.00,KT60B84
MIXTARD 30HM 100 (E),MIXTARD 30HM 100 I.U,1,FALSE,FALSE,,,,4212.00,NC,0,0.00,0.00,NC,0,0.00,0.00,NC,0,0.00,0.00,NC,0,0.00,0.00,NC,0,0.00,0.00,NC,0,0.00,0.00,NC,0,0.00,0.00,NC,0,0.00,0.00,NC,0,0.00,0.00,NC,0,0.00,,0,3612.00,1,40520,12320,50720,05//20.,10/22..,,,FALSE,,,0.00,0.00,,FALSE,,,0.00,0.00,,FALSE,0.00,0.00,0.00,,,,,,,,,,,,,,,,,,,,,,,,,,,,,,,,,,,,,,,,,,,,,,,,,,,,,,,,,,,,,,,,,,,,,,,,,,,,,,,,,,,,,,,,FALSE,0,,,,,,,0.00,0.00,0.00,TRUE,,,,0,,0.00,KT60L56
MIXTARD 30HM 100 (F),MIXTARD 30HM 100 I.U,1,FALSE,FALSE,,,,4212.00,NC,0,0.00,0.00,NC,0,0.00,0.00,NC,0,0.00,0.00,NC,0,0.00,0.00,NC,0,0.00,0.00,NC,0,0.00,0.00,NC,0,0.00,0.00,NC,0,0.00,0.00,NC,0,0.00,0.00,NC,0,0.00,,0,3612.00,1,40520,12320,50720,06/20....,11/22..,,,FALSE,,,0.00,0.00,,FALSE,,,0.00,0.00,,FALSE,0.00,0.00,0.00,,,,,,,,,,,,,,,,,,,,,,,,,,,,,,,,,,,,,,,,,,,,,,,,,,,,,,,,,,,,,,,,,,,,,,,,,,,,,,,,,,,,,,,,FALSE,0,,,,,,,0.00,0.00,0.00,TRUE,,,,0,,0.00,KT6ON00
MIXTARD 30HM 100 (G),MIXTARD 30HM 100 I.U,1,FALSE,FALSE,,,,4212.00,NC,0,0.00,0.00,NC,0,0.00,0.00,NC,0,0.00,0.00,NC,0,0.00,0.00,NC,0,0.00,0.00,NC,0,0.00,0.00,NC,0,0.00,0.00,NC,0,0.00,0.00,NC,0,0.00,0.00,NC,0,0.00,,0,3829.00,1,40520,12320,50720,01/21...,06/23,,,FALSE,,,0.00,0.00,,FALSE,,,0.00,0.00,,FALSE,0.00,0.00,0.00,,,,,,,,,,,,,,,,,,,,,,,,,,,,,,,,,,,,,,,,,,,,,,,,,,,,,,,,,,,,,,,,,,,,,,,,,,,,,,,,,,,,,,,,FALSE,0,,,,,,,0.00,0.00,0.00,TRUE,,,,0,,0.00,LT62G23
MIXTARD 30HM 100 (H),MIXTARD 30HM 100 I.U,1,FALSE,FALSE,,,,4212.00,NC,0,0.00,0.00,NC,0,0.00,0.00,NC,0,0.00,0.00,NC,0,0.00,0.00,NC,0,0.00,0.00,NC,0,0.00,0.00,NC,0,0.00,0.00,NC,0,0.00,0.00,NC,0,0.00,0.00,NC,0,0.00,,0,3829.00,1,40520,12320,50720,02/21...,07/23..,,,FALSE,,,0.00,0.00,,FALSE,,,0.00,0.00,,FALSE,0.00,0.00,0.00,,,,,,,,,,,,,,,,,,,,,,,,,,,,,,,,,,,,,,,,,,,,,,,,,,,,,,,,,,,,,,,,,,,,,,,,,,,,,,,,,,,,,,,,FALSE,0,,,,,,,0.00,0.00,0.00,TRUE,,,,0,,0.00,LT62M23
MIXTARD 30HM 100 (I),MIXTARD 30HM 100 I.U,1,FALSE,FALSE,,,,4212.00,NC,0,0.00,0.00,NC,0,0.00,0.00,NC,0,0.00,0.00,NC,0,0.00,0.00,NC,0,0.00,0.00,NC,0,0.00,0.00,NC,0,0.00,0.00,NC,0,0.00,0.00,NC,0,0.00,0.00,NC,0,0.00,,0,3829.00,1,40520,12320,50720,06/21...,11/23...,,,FALSE,,,0.00,0.00,,FALSE,,,0.00,0.00,,FALSE,0.00,0.00,0.00,,,,,,,,,,,,,,,,,,,,,,,,,,,,,,,,,,,,,,,,,,,,,,,,,,,,,,,,,,,,,,,,,,,,,,,,,,,,,,,,,,,,,,,,FALSE,0,,,,,,,0.00,0.00,0.00,TRUE,,,,0,,0.00,LT63P17
MIXTARD 30HM 100 (J),MIXTARD 30HM 100 I.U,1,FALSE,FALSE,,,,4794.00,NC,0,0.00,0.00,NC,0,0.00,0.00,NC,0,0.00,0.00,NC,0,0.00,0.00,NC,0,0.00,0.00,NC,0,0.00,0.00,NC,0,0.00,0.00,NC,0,0.00,0.00,NC,0,0.00,0.00,NC,0,0.00,,0,3829.00,1,40520,12320,50720,08/21..,01/24...,,,FALSE,,,0.00,0.00,,FALSE,,,0.00,0.00,,FALSE,0.00,0.00,0.00,,,,,,,,,,,,,,,,,,,,,,,,,,,,,,,,,,,,,,,,,,,,,,,,,,,,,,,,,,,,,,,,,,,,,,,,,,,,,,,,,,,,,,,,FALSE,0,,,,,,,0.00,0.00,0.00,TRUE,,,,0,,0.00,MT65J04
MIXTARD 30HM 100 (K),MIXTARD 30HM 100 I.U,1,FALSE,FALSE,,,,4794.00,NC,0,0.00,0.00,NC,0,0.00,0.00,NC,0,0.00,0.00,NC,0,0.00,0.00,NC,0,0.00,0.00,NC,0,0.00,0.00,NC,0,0.00,0.00,NC,0,0.00,0.00,NC,0,0.00,0.00,NC,0,0.00,,0,4358.00,1,40520,12320,50720,11-21...,04/24...,,,FALSE,,,0.00,0.00,,FALSE,,,0.00,0.00,,FALSE,0.00,0.00,0.00,,,,,,,,,,,,,,,,,,,,,,,,,,,,,,,,,,,,,,,,,,,,,,,,,,,,,,,,,,,,,,,,,,,,,,,,,,,,,,,,,,,,,,,,FALSE,0,,,,,,,0.00,0.00,0.00,TRUE,,,,0,,0.00,MT65J09
MIXTARD 30HM 100 (L),MIXTARD 30HM 100 I.U,1,FALSE,FALSE,,,,7932.00,NC,0,0.00,0.00,NC,0,0.00,0.00,NC,0,0.00,0.00,NC,0,0.00,0.00,NC,0,0.00,0.00,NC,0,0.00,0.00,NC,0,0.00,0.00,NC,0,0.00,0.00,NC,0,0.00,0.00,NC,0,0.00,,0,5024.00,1,40520,12320,50720,06-22...,11/24...,,,FALSE,,,0.00,0.00,,FALSE,,,0.00,0.00,,FALSE,0.00,0.00,0.00,,,,,,,,,,,,,,,,,,,,,,,,,,,,,,,,,,,,,,,,,,,,,,,,,,,,,,,,,,,,,,,,,,,,,,,,,,,,,,,,,,,,,,,,FALSE,0,,,,,,,0.00,0.00,0.00,TRUE,,,,0,,0.00,MT67P18
MIXTARD 30HM 100 (M),MIXTARD 30HM 100 I.U,1,FALSE,FALSE,,,,13445.00,NC,0,0.00,0.00,NC,0,0.00,0.00,NC,0,0.00,0.00,NC,0,0.00,0.00,NC,0,0.00,0.00,NC,0,0.00,0.00,NC,0,0.00,0.00,NC,0,0.00,0.00,NC,0,0.00,0.00,NC,0,0.00,,0,8415.00,1,40520,12320,50720,11-22...,04/25...,,,FALSE,,,0.00,0.00,,FALSE,,,0.00,0.00,,FALSE,0.00,0.00,0.00,,,,,,,,,,,,,,,,,,,,,,,,,,,,,,,,,,,,,,,,,,,,,,,,,,,,,,,,,,,,,,,,,,,,,,,,,,,,,,,,,,,,,,,,FALSE,0,,,,,,,0.00,0.00,0.00,TRUE,,,,0,,0.00,NT68R40
MIXTARD 30HM 100 (N),MIXTARD 30HM 100 I.U,1,FALSE,FALSE,,,,15203.00,NC,0,0.00,0.00,NC,0,0.00,0.00,NC,0,0.00,0.00,NC,0,0.00,0.00,NC,0,0.00,0.00,NC,0,0.00,0.00,NC,0,0.00,0.00,NC,0,0.00,0.00,NC,0,0.00,0.00,NC,0,0.00,,0,10163.00,1,40520,12320,50720,03-23...,08/25...,,,FALSE,,,0.00,0.00,,FALSE,,,0.00,0.00,,FALSE,0.00,0.00,0.00,,,,,,,,,,,,,,,,,,,,,,,,,,,,,,,,,,,,,,,,,,,,,,,,,,,,,,,,,,,,,,,,,,,,,,,,,,,,,,,,,,,,,,,,FALSE,0,,,,,,,0.00,0.00,0.00,TRUE,,,,0,,0.00,NT6AG93
MIXTARD 30HM 100 (O),MIXTARD 30HM 100 I.U,1,FALSE,FALSE,,,,15203.00,NC,0,0.00,0.00,NC,0,0.00,0.00,NC,0,0.00,0.00,NC,0,0.00,0.00,NC,0,0.00,0.00,NC,0,0.00,0.00,NC,0,0.00,0.00,NC,0,0.00,0.00,NC,0,0.00,0.00,NC,0,0.00,,0,12195.00,1,40520,12320,50720,10-23...,03/26...,,,FALSE,,,0.00,0.00,,FALSE,,,0.00,0.00,,FALSE,0.00,0.00,0.00,,,,,,,,,,,,,,,,,,,,,,,,,,,,,,,,,,,,,,,,,,,,,,,,,,,,,,,,,,,,,,,,,,,,,,,,,,,,,,,,,,,,,,,,FALSE,0,,,,,,,0.00,0.00,0.00,TRUE,,,,0,,0.00,NT6CA84
MIXTARD 30HM 100 (P),MIXTARD 30HM 100 I.U,1,FALSE,FALSE,,,,15203.00,NC,0,0.00,0.00,NC,0,0.00,0.00,NC,0,0.00,0.00,NC,0,0.00,0.00,NC,0,0.00,0.00,NC,0,0.00,0.00,NC,0,0.00,0.00,NC,0,0.00,0.00,NC,0,0.00,0.00,NC,0,0.00,,0,13821.00,1,40520,12320,50720,"10-23.,.",03/26...,,,FALSE,,,0.00,0.00,,FALSE,,,0.00,0.00,,FALSE,0.00,0.00,0.00,,,,,,,,,,,,,,,,,,,,,,,,,,,,,,,,,,,,,,,,,,,,,,,,,,,,,,,,,,,,,,,,,,,,,,,,,,,,,,,,,,,,,,,,FALSE,0,,,,,,,0.00,0.00,0.00,TRUE,,,,0,,0.00,NT6CG18
MIXTARD 30HM 100 (Q),MIXTARD 30HM 100 I.U,1,FALSE,FALSE,,,,15203.00,NC,0,0.00,0.00,NC,0,0.00,0.00,NC,0,0.00,0.00,NC,0,0.00,0.00,NC,0,0.00,0.00,NC,0,0.00,0.00,NC,0,0.00,0.00,NC,0,0.00,0.00,NC,0,0.00,0.00,NC,0,0.00,,0,13821.00,1,40520,12320,50720,"10-23.,.,","03/26..,",,,FALSE,,,0.00,0.00,,FALSE,,,0.00,0.00,,FALSE,0.00,0.00,0.00,,,,,,,,,,,,,,,,,,,,,,,,,,,,,,,,,,,,,,,,,,,,,,,,,,,,,,,,,,,,,,,,,,,,,,,,,,,,,,,,,,,,,,,,FALSE,0,,,,,,,0.00,0.00,0.00,TRUE,,,,0,,0.00,NT6CF50
MIXTARD 30HM 100 (R),MIXTARD 30HM 100 I.U,1,FALSE,FALSE,,,,15203.00,NC,0,0.00,0.00,NC,0,0.00,0.00,NC,0,0.00,0.00,NC,0,0.00,0.00,NC,0,0.00,0.00,NC,0,0.00,0.00,NC,0,0.00,0.00,NC,0,0.00,0.00,NC,0,0.00,0.00,NC,0,0.00,,0,13821.00,1,40520,12320,50720,"10-23.,...","03/26..,",,,FALSE,,,0.00,0.00,,FALSE,,,0.00,0.00,,FALSE,0.00,0.00,0.00,,,,,,,,,,,,,,,,,,,,,,,,,,,,,,,,,,,,,,,,,,,,,,,,,,,,,,,,,,,,,,,,,,,,,,,,,,,,,,,,,,,,,,,,FALSE,0,,,,,,,0.00,0.00,0.00,TRUE,,,,0,,0.00,NT6CA85
MIXTARD 30HM 100 (S,MIXTARD 30HM 100 I.U,1,FALSE,FALSE,,,,13687.00,NC,0,0.00,0.00,NC,0,0.00,0.00,NC,0,0.00,0.00,NC,0,0.00,0.00,NC,0,0.00,0.00,NC,0,0.00,0.00,NC,0,0.00,0.00,NC,0,0.00,0.00,NC,0,0.00,0.00,NC,0,0.00,,0,12442.00,1,40520,12320,50720,"05-25.,...","10/27..,",,,FALSE,,,0.00,0.00,,FALSE,,,0.00,0.00,,FALSE,0.00,0.00,0.00,,,,,,,,,,,,,,,,,,,,,,,,,,,,,,,,,,,,,,,,,,,,,,,,,,,,,,,,,,,,,,,,,,,,,,,,,,,,,,,,,,,,,,,,FALSE,0,,,,,,,0.00,0.00,33.00,TRUE,,,,0,,0.00,RT6KB74
MIXTARD 30HM 100 I.U,MIXTARD 30HM 100 I.U,1,FALSE,FALSE,,,,3960.00,NC,0,0.00,0.00,NC,0,0.00,0.00,NC,0,0.00,0.00,NC,0,0.00,0.00,NC,0,0.00,0.00,NC,0,0.00,0.00,NC,0,0.00,0.00,NC,0,0.00,0.00,NC,0,0.00,0.00,NC,0,0.00,,0,2930.00,1,40520,12320,50720,08/17,01/20,,,FALSE,,,0.00,0.00,,FALSE,,,0.00,0.00,,FALSE,0.00,0.00,0.00,,,,,,,,,,,,,,,,,,,,,,,,,,,,,,,,,,,,,,,,,,,,,,,,,,,,,,,,,,,,,,,,,,,,,,,,,,,,,,,,,,,,,,,,FALSE,0,,,,,,,0.00,0.00,0.00,TRUE,,,,0,,0.00,GS64G94
MIXTARD 30HM 40 I.U,MIXTARD 30HM 40 I.U,1,FALSE,FALSE,,,,1958.00,NC,0,0.00,0.00,NC,0,0.00,0.00,NC,0,0.00,0.00,NC,0,0.00,0.00,NC,0,0.00,0.00,NC,0,0.00,0.00,NC,0,0.00,0.00,NC,0,0.00,0.00,NC,0,0.00,0.00,NC,0,0.00,,0,1980.00,1,40517,12317,50717,,,,,FALSE,,,0.00,0.00,,FALSE,,,0.00,0.00,,FALSE,0.00,0.00,0.00,,,,,,,,,,,,,,,,,,,,,,,,,,,,,,,,,,,,,,,,,,,,,,,,,,,,,,,,,,,,,,,,,,,,,,,,,,,,,,,,,,,,,,,,FALSE,0,,,,,,,0.00,0.00,0.00,TRUE,,,,0,,0.00,
MIXTARD 30HM FLEX (A,MIXTARD 30HM 100 I.U FLEXPEN,1,FALSE,FALSE,,,,10850.00,NC,0,0.00,0.00,NC,0,0.00,0.00,NC,0,0.00,0.00,NC,0,0.00,0.00,NC,0,0.00,0.00,NC,0,0.00,0.00,NC,0,0.00,0.00,NC,0,0.00,0.00,NC,0,0.00,0.00,NC,0,0.00,,0,8000.00,1,40520,12320,50720,03/19.,08/21,,,FALSE,,,0.00,0.00,,FALSE,,,0.00,0.00,,FALSE,0.00,0.00,0.00,,,,,,,,,,,,,,,,,,,,,,,,,,,,,,,,,,,,,,,,,,,,,,,,,,,,,,,,,,,,,,,,,,,,,,,,,,,,,,,,,,,,,,,,FALSE,0,,,,,,,0.00,0.00,0.00,TRUE,,,,0,,0.00,JP51788
MIXTARD 30HM FLEX (B,MIXTARD 30HM 100 I.U FLEXPEN,1,FALSE,FALSE,,,,10850.00,NC,0,0.00,0.00,NC,0,0.00,0.00,NC,0,0.00,0.00,NC,0,0.00,0.00,NC,0,0.00,0.00,NC,0,0.00,0.00,NC,0,0.00,0.00,NC,0,0.00,0.00,NC,0,0.00,0.00,NC,0,0.00,,0,9500.00,1,40520,12320,50720,09/19.,02/22,,,FALSE,,,0.00,0.00,,FALSE,,,0.00,0.00,,FALSE,0.00,0.00,0.00,,,,,,,,,,,,,,,,,,,,,,,,,,,,,,,,,,,,,,,,,,,,,,,,,,,,,,,,,,,,,,,,,,,,,,,,,,,,,,,,,,,,,,,,FALSE,0,,,,,,,0.00,0.00,0.00,TRUE,,,,0,,0.00,KP50898
MIXTARD 30HM FLEX (C,MIXTARD 30HM 100 I.U FLEXPEN,1,FALSE,FALSE,,,,11501.00,NC,0,0.00,0.00,NC,0,0.00,0.00,NC,0,0.00,0.00,NC,0,0.00,0.00,NC,0,0.00,0.00,NC,0,0.00,0.00,NC,0,0.00,0.00,NC,0,0.00,0.00,NC,0,0.00,0.00,NC,0,0.00,,0,9863.00,1,40520,12320,50720,10/19..,03/22,,,FALSE,,,0.00,0.00,,FALSE,,,0.00,0.00,,FALSE,0.00,0.00,0.00,,,,,,,,,,,,,,,,,,,,,,,,,,,,,,,,,,,,,,,,,,,,,,,,,,,,,,,,,,,,,,,,,,,,,,,,,,,,,,,,,,,,,,,,FALSE,0,,,,,,,0.00,0.00,0.00,TRUE,,,,0,,0.00,KP52061
MIXTARD 30HM FLEX (D,MIXTARD 30HM 100 I.U FLEXPEN,1,FALSE,FALSE,,,,11501.00,NC,0,0.00,0.00,NC,0,0.00,0.00,NC,0,0.00,0.00,NC,0,0.00,0.00,NC,0,0.00,0.00,NC,0,0.00,0.00,NC,0,0.00,0.00,NC,0,0.00,0.00,NC,0,0.00,0.00,NC,0,0.00,,0,9863.00,1,40520,12320,50720,08//2020..,01/2023,,,FALSE,,,0.00,0.00,,FALSE,,,0.00,0.00,,FALSE,0.00,0.00,0.00,,,,,,,,,,,,,,,,,,,,,,,,,,,,,,,,,,,,,,,,,,,,,,,,,,,,,,,,,,,,,,,,,,,,,,,,,,,,,,,,,,,,,,,,FALSE,0,,,,,,,0.00,0.00,0.00,TRUE,,,,0,,0.00,KP54446
MIXTARD 30HM FLEX (E,MIXTARD 30HM 100 I.U FLEXPEN,1,FALSE,FALSE,,,,11501.00,NC,0,0.00,0.00,NC,0,0.00,0.00,NC,0,0.00,0.00,NC,0,0.00,0.00,NC,0,0.00,0.00,NC,0,0.00,0.00,NC,0,0.00,0.00,NC,0,0.00,0.00,NC,0,0.00,0.00,NC,0,0.00,,0,10455.00,1,40520,12320,50720,09/2020..,02/2023,,,FALSE,,,0.00,0.00,,FALSE,,,0.00,0.00,,FALSE,0.00,0.00,0.00,,,,,,,,,,,,,,,,,,,,,,,,,,,,,,,,,,,,,,,,,,,,,,,,,,,,,,,,,,,,,,,,,,,,,,,,,,,,,,,,,,,,,,,,FALSE,0,,,,,,,0.00,0.00,0.00,TRUE,,,,0,,0.00,LP56665
MIXTARD 30HM FLEX (F,MIXTARD 30HM 100 I.U FLEXPEN,1,FALSE,FALSE,,,,11501.00,NC,0,0.00,0.00,NC,0,0.00,0.00,NC,0,0.00,0.00,NC,0,0.00,0.00,NC,0,0.00,0.00,NC,0,0.00,0.00,NC,0,0.00,0.00,NC,0,0.00,0.00,NC,0,0.00,0.00,NC,0,0.00,,0,10455.00,1,40520,12320,50720,08/20...,01/23,,,FALSE,,,0.00,0.00,,FALSE,,,0.00,0.00,,FALSE,0.00,0.00,0.00,,,,,,,,,,,,,,,,,,,,,,,,,,,,,,,,,,,,,,,,,,,,,,,,,,,,,,,,,,,,,,,,,,,,,,,,,,,,,,,,,,,,,,,,FALSE,0,,,,,,,0.00,0.00,0.00,TRUE,,,,0,,0.00,KP54374
MIXTARD 30HM FLEX (G,MIXTARD 30HM 100 I.U FLEXPEN,1,FALSE,FALSE,,,,11501.00,NC,0,0.00,0.00,NC,0,0.00,0.00,NC,0,0.00,0.00,NC,0,0.00,0.00,NC,0,0.00,0.00,NC,0,0.00,0.00,NC,0,0.00,0.00,NC,0,0.00,0.00,NC,0,0.00,0.00,NC,0,0.00,,0,10455.00,1,40520,12320,50720,01-21..,06-23...,,,FALSE,,,0.00,0.00,,FALSE,,,0.00,0.00,,FALSE,0.00,0.00,0.00,,,,,,,,,,,,,,,,,,,,,,,,,,,,,,,,,,,,,,,,,,,,,,,,,,,,,,,,,,,,,,,,,,,,,,,,,,,,,,,,,,,,,,,,FALSE,0,,,,,,,0.00,0.00,0.00,TRUE,,,,0,,0.00,".LP57499.,"
MIXTARD 30HM FLEX (H,MIXTARD 30HM 100 I.U FLEXPEN,1,FALSE,FALSE,,,,11501.00,NC,0,0.00,0.00,NC,0,0.00,0.00,NC,0,0.00,0.00,NC,0,0.00,0.00,NC,0,0.00,0.00,NC,0,0.00,0.00,NC,0,0.00,0.00,NC,0,0.00,0.00,NC,0,0.00,0.00,NC,0,0.00,,0,10455.00,1,40520,12320,50720,01-/21..,06-23...,,,FALSE,,,0.00,0.00,,FALSE,,,0.00,0.00,,FALSE,0.00,0.00,0.00,,,,,,,,,,,,,,,,,,,,,,,,,,,,,,,,,,,,,,,,,,,,,,,,,,,,,,,,,,,,,,,,,,,,,,,,,,,,,,,,,,,,,,,,FALSE,0,,,,,,,0.00,0.00,0.00,TRUE,,,,0,,0.00,LP58315
MIXTARD 30HM FLEX (I,MIXTARD 30HM 100 I.U FLEXPEN,1,FALSE,FALSE,,,,11501.00,NC,0,0.00,0.00,NC,0,0.00,0.00,NC,0,0.00,0.00,NC,0,0.00,0.00,NC,0,0.00,0.00,NC,0,0.00,0.00,NC,0,0.00,0.00,NC,0,0.00,0.00,NC,0,0.00,0.00,NC,0,0.00,,0,10455.00,1,40520,12320,50720,12-/20..,05-23...,,,FALSE,,,0.00,0.00,,FALSE,,,0.00,0.00,,FALSE,0.00,0.00,0.00,,,,,,,,,,,,,,,,,,,,,,,,,,,,,,,,,,,,,,,,,,,,,,,,,,,,,,,,,,,,,,,,,,,,,,,,,,,,,,,,,,,,,,,,FALSE,0,,,,,,,0.00,0.00,0.00,TRUE,,,,0,,0.00,LP59186
MIXTARD 30HM FLEX (J,MIXTARD 30HM 100 I.U FLEXPEN,1,FALSE,FALSE,,,,11501.00,NC,0,0.00,0.00,NC,0,0.00,0.00,NC,0,0.00,0.00,NC,0,0.00,0.00,NC,0,0.00,0.00,NC,0,0.00,0.00,NC,0,0.00,0.00,NC,0,0.00,0.00,NC,0,0.00,0.00,NC,0,0.00,,0,10455.00,1,40520,12320,50720,12/21..,05-24...,,,FALSE,,,0.00,0.00,,FALSE,,,0.00,0.00,,FALSE,0.00,0.00,0.00,,,,,,,,,,,,,,,,,,,,,,,,,,,,,,,,,,,,,,,,,,,,,,,,,,,,,,,,,,,,,,,,,,,,,,,,,,,,,,,,,,,,,,,,FALSE,0,,,,,,,0.00,0.00,0.00,TRUE,,,,0,,0.00,MP5B212
MIXTARD 30HM FLEX (K,MIXTARD 30 FLEXPEN,1,FALSE,FALSE,,,,12923.00,NC,0,0.00,0.00,NC,0,0.00,0.00,NC,0,0.00,0.00,NC,0,0.00,0.00,NC,0,0.00,0.00,NC,0,0.00,0.00,NC,0,0.00,0.00,NC,0,0.00,0.00,NC,0,0.00,0.00,NC,0,0.00,,0,10455.00,1,40520,12320,50720,12/21....,05-24...,,,FALSE,,,0.00,0.00,,FALSE,,,0.00,0.00,,FALSE,0.00,0.00,0.00,,,,,,,,,,,,,,,,,,,,,,,,,,,,,,,,,,,,,,,,,,,,,,,,,,,,,,,,,,,,,,,,,,,,,,,,,,,,,,,,,,,,,,,,FALSE,0,,,,,,,0.00,0.00,0.00,TRUE,,,,0,,0.00,MP5B401
MIXTARD 30HM FLEX (L,MIXTARD 30 FLEXPEN,1,FALSE,FALSE,,,,21385.00,NC,0,0.00,0.00,NC,0,0.00,0.00,NC,0,0.00,0.00,NC,0,0.00,0.00,NC,0,0.00,0.00,NC,0,0.00,0.00,NC,0,0.00,0.00,NC,0,0.00,0.00,NC,0,0.00,0.00,NC,0,0.00,,0,11748.00,1,40520,12320,50720,08/22,01-25,,,FALSE,,,0.00,0.00,,FALSE,,,0.00,0.00,,FALSE,0.00,0.00,0.00,,,,,,,,,,,,,,,,,,,,,,,,,,,,,,,,,,,,,,,,,,,,,,,,,,,,,,,,,,,,,,,,,,,,,,,,,,,,,,,,,,,,,,,,FALSE,0,,,,,,,0.00,0.00,0.00,TRUE,,,,0,,0.00,MP5E226
MIXTARD 30HM FLEX (M,MIXTARD 30 FLEXPEN,1,FALSE,FALSE,,,,30205.00,NC,0,0.00,0.00,NC,0,0.00,0.00,NC,0,0.00,0.00,NC,0,0.00,0.00,NC,0,0.00,0.00,NC,0,0.00,0.00,NC,0,0.00,0.00,NC,0,0.00,0.00,NC,0,0.00,0.00,NC,0,0.00,,0,11748.00,1,40520,12320,50720,08/22....,01-25,,,FALSE,,,0.00,0.00,,FALSE,,,0.00,0.00,,FALSE,0.00,0.00,0.00,,,,,,,,,,,,,,,,,,,,,,,,,,,,,,,,,,,,,,,,,,,,,,,,,,,,,,,,,,,,,,,,,,,,,,,,,,,,,,,,,,,,,,,,FALSE,0,,,,,,,0.00,0.00,0.00,TRUE,,,,0,,0.00,NP5E616
MIXTARD 30HM FLEX (N,MIXTARD 30 FLEXPEN,1,FALSE,FALSE,,,,41080.00,NC,0,0.00,0.00,NC,0,0.00,0.00,NC,0,0.00,0.00,NC,0,0.00,0.00,NC,0,0.00,0.00,NC,0,0.00,0.00,NC,0,0.00,0.00,NC,0,0.00,0.00,NC,0,0.00,0.00,NC,0,0.00,,0,26301.00,1,40520,12320,50720,11/22....,04-25,,,FALSE,,,0.00,0.00,,FALSE,,,0.00,0.00,,FALSE,0.00,0.00,0.00,,,,,,,,,,,,,,,,,,,,,,,,,,,,,,,,,,,,,,,,,,,,,,,,,,,,,,,,,,,,,,,,,,,,,,,,,,,,,,,,,,,,,,,,FALSE,0,,,,,,,0.00,0.00,0.00,TRUE,,,,0,,0.00,NP5F459
MIXTARD 30HM FLEX (O,MIXTARD 30 FLEXPEN,1,FALSE,FALSE,,,,40986.00,NC,0,0.00,0.00,NC,0,0.00,0.00,NC,0,0.00,0.00,NC,0,0.00,0.00,NC,0,0.00,0.00,NC,0,0.00,0.00,NC,0,0.00,0.00,NC,0,0.00,0.00,NC,0,0.00,0.00,NC,0,0.00,,0,32329.00,1,40520,12320,50720,11/22;,04-25,,,FALSE,,,0.00,0.00,,FALSE,,,0.00,0.00,,FALSE,0.00,0.00,0.00,,,,,,,,,,,,,,,,,,,,,,,,,,,,,,,,,,,,,,,,,,,,,,,,,,,,,,,,,,,,,,,,,,,,,,,,,,,,,,,,,,,,,,,,FALSE,0,,,,,,,0.00,0.00,0.00,TRUE,,,,0,,0.00,NP5G427
MIXTARD 30HM FLEX (P,MIXTARD 30 FLEXPEN,1,FALSE,FALSE,,,,40986.00,NC,0,0.00,0.00,NC,0,0.00,0.00,NC,0,0.00,0.00,NC,0,0.00,0.00,NC,0,0.00,0.00,NC,0,0.00,0.00,NC,0,0.00,0.00,NC,0,0.00,0.00,NC,0,0.00,0.00,NC,0,0.00,,0,32877.00,1,40520,12320,50720,11/22;.,04-25,,,FALSE,,,0.00,0.00,,FALSE,,,0.00,0.00,,FALSE,0.00,0.00,0.00,,,,,,,,,,,,,,,,,,,,,,,,,,,,,,,,,,,,,,,,,,,,,,,,,,,,,,,,,,,,,,,,,,,,,,,,,,,,,,,,,,,,,,,,FALSE,0,,,,,,,0.00,0.00,0.00,TRUE,,,,0,,0.00,NP5F767
MIXTARD 30HM FLEX (Q,MIXTARD 30 FLEXPEN,1,FALSE,FALSE,,,,40986.00,NC,0,0.00,0.00,NC,0,0.00,0.00,NC,0,0.00,0.00,NC,0,0.00,0.00,NC,0,0.00,0.00,NC,0,0.00,0.00,NC,0,0.00,0.00,NC,0,0.00,0.00,NC,0,0.00,0.00,NC,0,0.00,,0,37260.00,1,40520,12320,50720,09/23;.,02-26,,,FALSE,,,0.00,0.00,,FALSE,,,0.00,0.00,,FALSE,0.00,0.00,0.00,,,,,,,,,,,,,,,,,,,,,,,,,,,,,,,,,,,,,,,,,,,,,,,,,,,,,,,,,,,,,,,,,,,,,,,,,,,,,,,,,,,,,,,,FALSE,0,,,,,,,0.00,0.00,0.00,TRUE,,,,0,,0.00,NR7TF37
MIXTARD 30HM FLEX (R,MIXTARD 30 FLEXPEN,1,FALSE,FALSE,,,,40986.00,NC,0,0.00,0.00,NC,0,0.00,0.00,NC,0,0.00,0.00,NC,0,0.00,0.00,NC,0,0.00,0.00,NC,0,0.00,0.00,NC,0,0.00,0.00,NC,0,0.00,0.00,NC,0,0.00,0.00,NC,0,0.00,,0,37260.00,1,40520,12320,50720,12/23;.,05-26,,,FALSE,,,0.00,0.00,,FALSE,,,0.00,0.00,,FALSE,0.00,0.00,0.00,,,,,,,,,,,,,,,,,,,,,,,,,,,,,,,,,,,,,,,,,,,,,,,,,,,,,,,,,,,,,,,,,,,,,,,,,,,,,,,,,,,,,,,,FALSE,0,,,,,,,0.00,0.00,0.00,TRUE,,,,0,,0.00,PR7XSO7
MIXTARD 30HM FLEX (S,MIXTARD 30 FLEXPEN,1,FALSE,FALSE,,,,40986.00,NC,0,0.00,0.00,NC,0,0.00,0.00,NC,0,0.00,0.00,NC,0,0.00,0.00,NC,0,0.00,0.00,NC,0,0.00,0.00,NC,0,0.00,0.00,NC,0,0.00,0.00,NC,0,0.00,0.00,NC,0,0.00,,0,37260.00,1,40520,12320,50720,12/23;..,05-26,,,FALSE,,,0.00,0.00,,FALSE,,,0.00,0.00,,FALSE,0.00,0.00,0.00,,,,,,,,,,,,,,,,,,,,,,,,,,,,,,,,,,,,,,,,,,,,,,,,,,,,,,,,,,,,,,,,,,,,,,,,,,,,,,,,,,,,,,,,FALSE,0,,,,,,,0.00,0.00,0.00,TRUE,,,,0,,0.00,PR7VP97
MIXTARD 30HM FLEX (T,MIXTARD 30 FLEXPEN,1,FALSE,FALSE,,,,40986.00,NC,0,0.00,0.00,NC,0,0.00,0.00,NC,0,0.00,0.00,NC,0,0.00,0.00,NC,0,0.00,0.00,NC,0,0.00,0.00,NC,0,0.00,0.00,NC,0,0.00,0.00,NC,0,0.00,0.00,NC,0,0.00,,0,37260.00,1,40520,12320,50720,02/25;..,07-27,,,FALSE,,,0.00,0.00,,FALSE,,,0.00,0.00,,FALSE,0.00,0.00,0.00,,,,,,,,,,,,,,,,,,,,,,,,,,,,,,,,,,,,,,,,,,,,,,,,,,,,,,,,,,,,,,,,,,,,,,,,,,,,,,,,,,,,,,,,FALSE,0,,,,,,,0.00,0.00,0.00,TRUE,,,,0,,0.00,RR72LMI
MIXTARD 30HM FLEX (U,MIXTARD 30 FLEXPEN,1,FALSE,FALSE,,,,40986.00,NC,0,0.00,0.00,NC,0,0.00,0.00,NC,0,0.00,0.00,NC,0,0.00,0.00,NC,0,0.00,0.00,NC,0,0.00,0.00,NC,0,0.00,0.00,NC,0,0.00,0.00,NC,0,0.00,0.00,NC,0,0.00,,0,37260.00,1,40520,12320,50720,02/25..,07-27,,,FALSE,,,0.00,0.00,,FALSE,,,0.00,0.00,,FALSE,0.00,0.00,0.00,,,,,,,,,,,,,,,,,,,,,,,,,,,,,,,,,,,,,,,,,,,,,,,,,,,,,,,,,,,,,,,,,,,,,,,,,,,,,,,,,,,,,,,,FALSE,0,,,,,,,0.00,0.00,38.00,TRUE,,,,0,,0.00,RR72MB2
MIXTARD 30HM FLEX (V,MIXTARD 30 FLEXPEN,1,FALSE,FALSE,,,,40986.00,NC,0,0.00,0.00,NC,0,0.00,0.00,NC,0,0.00,0.00,NC,0,0.00,0.00,NC,0,0.00,0.00,NC,0,0.00,0.00,NC,0,0.00,0.00,NC,0,0.00,0.00,NC,0,0.00,0.00,NC,0,0.00,,0,33872.73,1,40520,12320,50720,"02/25.,.",07-27.,,,FALSE,,,0.00,0.00,,FALSE,,,0.00,0.00,,FALSE,0.00,0.00,0.00,,,,,,,,,,,,,,,,,,,,,,,,,,,,,,,,,,,,,,,,,,,,,,,,,,,,,,,,,,,,,,,,,,,,,,,,,,,,,,,,,,,,,,,,FALSE,0,,,,,,,0.00,0.00,33.00,TRUE,,,,0,,0.00,RR72MB4
MIXTARD 30HM FLEXPEN,MIXTARD 30HM 100 I.U FLEXPEN,1,FALSE,FALSE,,,,10850.00,NC,0,0.00,0.00,NC,0,0.00,0.00,NC,0,0.00,0.00,NC,0,0.00,0.00,NC,0,0.00,0.00,NC,0,0.00,0.00,NC,0,0.00,0.00,NC,0,0.00,0.00,NC,0,0.00,0.00,NC,0,0.00,,0,8000.00,1,40520,12320,50720,02/18 .,07/20,,,FALSE,,,0.00,0.00,,FALSE,,,0.00,0.00,,FALSE,0.00,0.00,0.00,,,,,,,,,,,,,,,,,,,,,,,,,,,,,,,,,,,,,,,,,,,,,,,,,,,,,,,,,,,,,,,,,,,,,,,,,,,,,,,,,,,,,,,,FALSE,0,,,,,,,0.00,0.00,0.00,TRUE,,,,0,,0.00,HP51264
MIXTARD PENF 100 I.U,MIXTARD 30HM PENFIL 100 I.U,1,FALSE,FALSE,,,,14564.00,NC,0,0.00,0.00,NC,0,0.00,0.00,NC,0,0.00,0.00,NC,0,0.00,0.00,NC,0,0.00,0.00,NC,0,0.00,0.00,NC,0,0.00,0.00,NC,0,0.00,0.00,NC,0,0.00,0.00,NC,0,0.00,,0,13240.00,1,40518,12318,50718,,,,,FALSE,,,0.00,0.00,,FALSE,,,0.00,0.00,,FALSE,0.00,0.00,0.00,,,,,,,,,,,,,,,,,,,,,,,,,,,,,,,,,,,,,,,,,,,,,,,,,,,,,,,,,,,,,,,,,,,,,,,,,,,,,,,,,,,,,,,,FALSE,0,,,,,,,0.00,0.00,0.00,TRUE,,,,0,,0.00,
MMR,MMR,1,FALSE,FALSE,,,,2600.00,NC,0,0.00,0.00,NC,0,0.00,0.00,NC,0,0.00,0.00,NC,0,0.00,0.00,NC,0,0.00,0.00,NC,0,0.00,0.00,NC,0,0.00,0.00,NC,0,0.00,0.00,NC,0,0.00,0.00,NC,0,0.00,,0,2903.00,1,40501,12301,50701,,,,,FALSE,,,0.00,0.00,,FALSE,,,0.00,0.00,,FALSE,0.00,0.00,0.00,,,,,,,,,,,,,,,,,,,,,,,,,,,,,,,,,,,,,,,,,,,,,,,,,,,,,,,,,,,,,,,,,,,,,,,,,,,,,,,,,,,,,,,,FALSE,0,,,,,,,0.00,0.00,-1560.00,TRUE,,,,0,,0.00,
NIMENRIX,NIMENRIX,1,FALSE,FALSE,,,,8350.00,NC,0,0.00,0.00,NC,0,0.00,0.00,NC,0,0.00,0.00,NC,0,0.00,0.00,NC,0,0.00,0.00,NC,0,0.00,0.00,NC,0,0.00,0.00,NC,0,0.00,0.00,NC,0,0.00,0.00,NC,0,0.00,,0,7350.00,1,40505,12305,50705,01/17,12/19,,,FALSE,,,0.00,0.00,,FALSE,,,0.00,0.00,,FALSE,0.00,0.00,0.00,,,,,,,,,,,,,,,,,,,,,,,,,,,,,,,,,,,,,,,,,,,,,,,,,,,,,,,,,,,,,,,,,,,,,,,,,,,,,,,,,,,,,,,,FALSE,0,,,,,,,0.00,0.00,0.00,TRUE,,,,0,,0.00,A90CA306A
NIMENRIX (A),NIMENRIX,1,FALSE,FALSE,,,,8350.00,NC,0,0.00,0.00,NC,0,0.00,0.00,NC,0,0.00,0.00,NC,0,0.00,0.00,NC,0,0.00,0.00,NC,0,0.00,0.00,NC,0,0.00,0.00,NC,0,0.00,0.00,NC,0,0.00,0.00,NC,0,0.00,,0,7350.00,1,40505,12305,50705,01/ 17,12/19,,,FALSE,,,0.00,0.00,,FALSE,,,0.00,0.00,,FALSE,0.00,0.00,0.00,,,,,,,,,,,,,,,,,,,,,,,,,,,,,,,,,,,,,,,,,,,,,,,,,,,,,,,,,,,,,,,,,,,,,,,,,,,,,,,,,,,,,,,,FALSE,0,,,,,,,0.00,0.00,0.00,TRUE,,,,0,,0.00,A90CA318A
NIMENRIX (B),NIMENRIX,1,FALSE,FALSE,,,,8350.00,NC,0,0.00,0.00,NC,0,0.00,0.00,NC,0,0.00,0.00,NC,0,0.00,0.00,NC,0,0.00,0.00,NC,0,0.00,0.00,NC,0,0.00,0.00,NC,0,0.00,0.00,NC,0,0.00,0.00,NC,0,0.00,,0,7350.00,1,40505,12305,50705,05/ 17,04/20,,,FALSE,,,0.00,0.00,,FALSE,,,0.00,0.00,,FALSE,0.00,0.00,0.00,,,,,,,,,,,,,,,,,,,,,,,,,,,,,,,,,,,,,,,,,,,,,,,,,,,,,,,,,,,,,,,,,,,,,,,,,,,,,,,,,,,,,,,,FALSE,0,,,,,,,0.00,0.00,0.00,TRUE,,,,0,,0.00,A90CA338A
NIMENRIX (C),NIMENRIX,1,FALSE,FALSE,,,,10000.00,NC,0,0.00,0.00,NC,0,0.00,0.00,NC,0,0.00,0.00,NC,0,0.00,0.00,NC,0,0.00,0.00,NC,0,0.00,0.00,NC,0,0.00,0.00,NC,0,0.00,0.00,NC,0,0.00,0.00,NC,0,0.00,,0,8691.00,1,40505,12305,50705,09  /  19,08/23,,,FALSE,,,0.00,0.00,,FALSE,,,0.00,0.00,,FALSE,0.00,0.00,0.00,,,,,,,,,,,,,,,,,,,,,,,,,,,,,,,,,,,,,,,,,,,,,,,,,,,,,,,,,,,,,,,,,,,,,,,,,,,,,,,,,,,,,,,,FALSE,0,,,,,,,0.00,0.00,0.00,TRUE,,,,0,,0.00,DF5019
NIMENRIX (D),NIMENRIX,1,FALSE,FALSE,,,,10000.00,NC,0,0.00,0.00,NC,0,0.00,0.00,NC,0,0.00,0.00,NC,0,0.00,0.00,NC,0,0.00,0.00,NC,0,0.00,0.00,NC,0,0.00,0.00,NC,0,0.00,0.00,NC,0,0.00,0.00,NC,0,0.00,,0,8691.00,1,40505,12305,50705,09  /  19..,08/23,,,FALSE,,,0.00,0.00,,FALSE,,,0.00,0.00,,FALSE,0.00,0.00,0.00,,,,,,,,,,,,,,,,,,,,,,,,,,,,,,,,,,,,,,,,,,,,,,,,,,,,,,,,,,,,,,,,,,,,,,,,,,,,,,,,,,,,,,,,FALSE,0,,,,,,,0.00,0.00,0.00,TRUE,,,,0,,0.00,DG5257
NIMENRIX (E),NIMENRIX,1,FALSE,FALSE,,,,10926.00,NC,0,0.00,0.00,NC,0,0.00,0.00,NC,0,0.00,0.00,NC,0,0.00,0.00,NC,0,0.00,0.00,NC,0,0.00,0.00,NC,0,0.00,0.00,NC,0,0.00,0.00,NC,0,0.00,0.00,NC,0,0.00,,0,9501.00,1,40505,12305,50705,09  /  20.,08/24,,,FALSE,,,0.00,0.00,,FALSE,,,0.00,0.00,,FALSE,0.00,0.00,0.00,,,,,,,,,,,,,,,,,,,,,,,,,,,,,,,,,,,,,,,,,,,,,,,,,,,,,,,,,,,,,,,,,,,,,,,,,,,,,,,,,,,,,,,,FALSE,0,,,,,,,0.00,0.00,0.00,TRUE,,,,0,,0.00,ET9676
NIMENRIX (F),NIMENRIX,1,FALSE,FALSE,,,,10926.00,NC,0,0.00,0.00,NC,0,0.00,0.00,NC,0,0.00,0.00,NC,0,0.00,0.00,NC,0,0.00,0.00,NC,0,0.00,0.00,NC,0,0.00,0.00,NC,0,0.00,0.00,NC,0,0.00,0.00,NC,0,0.00,,0,9501.00,1,40505,12305,50705,06--20..,05//24..,,,FALSE,,,0.00,0.00,,FALSE,,,0.00,0.00,,FALSE,0.00,0.00,0.00,,,,,,,,,,,,,,,,,,,,,,,,,,,,,,,,,,,,,,,,,,,,,,,,,,,,,,,,,,,,,,,,,,,,,,,,,,,,,,,,,,,,,,,,FALSE,0,,,,,,,0.00,0.00,0.00,TRUE,,,,0,,0.00,FH1047
NIMENRIX (G),NIMENRIX,1,FALSE,FALSE,,,,10926.00,NC,0,0.00,0.00,NC,0,0.00,0.00,NC,0,0.00,0.00,NC,0,0.00,0.00,NC,0,0.00,0.00,NC,0,0.00,0.00,NC,0,0.00,0.00,NC,0,0.00,0.00,NC,0,0.00,0.00,NC,0,0.00,,0,9501.00,1,40505,12305,50705,09--21..,08//25..,,,FALSE,,,0.00,0.00,,FALSE,,,0.00,0.00,,FALSE,0.00,0.00,0.00,,,,,,,,,,,,,,,,,,,,,,,,,,,,,,,,,,,,,,,,,,,,,,,,,,,,,,,,,,,,,,,,,,,,,,,,,,,,,,,,,,,,,,,,FALSE,0,,,,,,,0.00,0.00,0.00,TRUE,,,,0,,0.00,FY5091
NIMENRIX (H),NIMENRIX,1,FALSE,FALSE,,,,27205.00,NC,0,0.00,0.00,NC,0,0.00,0.00,NC,0,0.00,0.00,NC,0,0.00,0.00,NC,0,0.00,0.00,NC,0,0.00,0.00,NC,0,0.00,0.00,NC,0,0.00,0.00,NC,0,0.00,0.00,NC,0,0.00,,0,9977.00,1,40505,12305,50705,09/21..,08//25..,,,FALSE,,,0.00,0.00,,FALSE,,,0.00,0.00,,FALSE,0.00,0.00,0.00,,,,,,,,,,,,,,,,,,,,,,,,,,,,,,,,,,,,,,,,,,,,,,,,,,,,,,,,,,,,,,,,,,,,,,,,,,,,,,,,,,,,,,,,FALSE,0,,,,,,,0.00,0.00,0.00,TRUE,,,,0,,0.00,GH9485
NIMENRIX (I),NIMENRIX,1,FALSE,FALSE,,,,35135.00,NC,0,0.00,0.00,NC,0,0.00,0.00,NC,0,0.00,0.00,NC,0,0.00,0.00,NC,0,0.00,0.00,NC,0,0.00,0.00,NC,0,0.00,0.00,NC,0,0.00,0.00,NC,0,0.00,0.00,NC,0,0.00,,0,24731.00,1,40505,12305,50705,"08/22.,",07/26..,,,FALSE,,,0.00,0.00,,FALSE,,,0.00,0.00,,FALSE,0.00,0.00,0.00,,,,,,,,,,,,,,,,,,,,,,,,,,,,,,,,,,,,,,,,,,,,,,,,,,,,,,,,,,,,,,,,,,,,,,,,,,,,,,,,,,,,,,,,FALSE,0,,,,,,,0.00,0.00,0.00,TRUE,,,,0,,0.00,GW7675
NIMENRIX (J),NIMENRIX,1,FALSE,FALSE,,,,35209.00,NC,0,0.00,0.00,NC,0,0.00,0.00,NC,0,0.00,0.00,NC,0,0.00,0.00,NC,0,0.00,0.00,NC,0,0.00,0.00,NC,0,0.00,0.00,NC,0,0.00,0.00,NC,0,0.00,0.00,NC,0,0.00,,0,28713.00,1,40505,12305,50705,"01/23,.",10/26..,,,FALSE,,,0.00,0.00,,FALSE,,,0.00,0.00,,FALSE,0.00,0.00,0.00,,,,,,,,,,,,,,,,,,,,,,,,,,,,,,,,,,,,,,,,,,,,,,,,,,,,,,,,,,,,,,,,,,,,,,,,,,,,,,,,,,,,,,,,FALSE,0,,,,,,,0.00,0.00,0.00,TRUE,,,,0,,0.00,HA1474
NIMENRIX (K),NIMENRIX,1,FALSE,FALSE,,,,35209.00,NC,0,0.00,0.00,NC,0,0.00,0.00,NC,0,0.00,0.00,NC,0,0.00,0.00,NC,0,0.00,0.00,NC,0,0.00,0.00,NC,0,0.00,0.00,NC,0,0.00,0.00,NC,0,0.00,0.00,NC,0,0.00,,0,28713.00,1,40505,12305,50705,"01/23,..",12/26..,,,FALSE,,,0.00,0.00,,FALSE,,,0.00,0.00,,FALSE,0.00,0.00,0.00,,,,,,,,,,,,,,,,,,,,,,,,,,,,,,,,,,,,,,,,,,,,,,,,,,,,,,,,,,,,,,,,,,,,,,,,,,,,,,,,,,,,,,,,FALSE,0,,,,,,,0.00,0.00,0.00,TRUE,,,,0,,0.00,HE6513
NIMENRIX (L),NIMENRIX,1,FALSE,FALSE,,,,35209.00,NC,0,0.00,0.00,NC,0,0.00,0.00,NC,0,0.00,0.00,NC,0,0.00,0.00,NC,0,0.00,0.00,NC,0,0.00,0.00,NC,0,0.00,0.00,NC,0,0.00,0.00,NC,0,0.00,0.00,NC,0,0.00,,0,31986.00,1,40505,12305,50705,"02/24,..",01/28..,,,FALSE,,,0.00,0.00,,FALSE,,,0.00,0.00,,FALSE,0.00,0.00,0.00,,,,,,,,,,,,,,,,,,,,,,,,,,,,,,,,,,,,,,,,,,,,,,,,,,,,,,,,,,,,,,,,,,,,,,,,,,,,,,,,,,,,,,,,FALSE,0,,,,,,,0.00,0.00,0.00,TRUE,,,,0,,0.00,LP4403
NIMENRIX (M),NIMENRIX,1,FALSE,FALSE,,,,35209.00,NC,0,0.00,0.00,NC,0,0.00,0.00,NC,0,0.00,0.00,NC,0,0.00,0.00,NC,0,0.00,0.00,NC,0,0.00,0.00,NC,0,0.00,0.00,NC,0,0.00,0.00,NC,0,0.00,0.00,NC,0,0.00,,0,30386.70,1,40505,12305,50705,"02/24,...",01/28...,,,FALSE,,,0.00,0.00,,FALSE,,,0.00,0.00,,FALSE,0.00,0.00,0.00,,,,,,,,,,,,,,,,,,,,,,,,,,,,,,,,,,,,,,,,,,,,,,,,,,,,,,,,,,,,,,,,,,,,,,,,,,,,,,,,,,,,,,,,FALSE,0,,,,,,,0.00,0.00,0.00,TRUE,,,,0,,0.00,LM1938
NOVOFINE NEEDLE 32G,NOVOFINE NEEDLE 32G,1,FALSE,FALSE,,,,36564.00,NC,0,0.00,0.00,NC,0,0.00,0.00,NC,0,0.00,0.00,NC,0,0.00,0.00,NC,0,0.00,0.00,NC,0,0.00,0.00,NC,0,0.00,0.00,NC,0,0.00,0.00,NC,0,0.00,0.00,NC,0,0.00,,0,30218.18,1,49913,12369,59916,"05/23.,.",04/28,,,FALSE,,,0.00,0.00,,FALSE,,,0.00,0.00,,FALSE,0.00,0.00,0.00,,,,,,,,,,,,,,,,,,,,,,,,,,,,,,,,,,,,,,,,,,,,,,,,,,,,,,,,,,,,,,,,,,,,,,,,,,,,,,,,,,,,,,,,FALSE,0,,,,,,,0.00,0.00,44.00,TRUE,,,,0,,0.00,NS7E07X
NOVOMIX 30 FLEXP (A),NOVOMIX 30 FLEXPEN 100U,1,FALSE,FALSE,,,,21971.00,NC,0,0.00,0.00,NC,0,0.00,0.00,NC,0,0.00,0.00,NC,0,0.00,0.00,NC,0,0.00,0.00,NC,0,0.00,0.00,NC,0,0.00,0.00,NC,0,0.00,0.00,NC,0,0.00,0.00,NC,0,0.00,,0,15428.58,1,40523,12323,50723,12/ 18,11/20,,,FALSE,,,0.00,0.00,,FALSE,,,0.00,0.00,,FALSE,0.00,0.00,0.00,,,,,,,,,,,,,,,,,,,,,,,,,,,,,,,,,,,,,,,,,,,,,,,,,,,,,,,,,,,,,,,,,,,,,,,,,,,,,,,,,,,,,,,,FALSE,0,,,,,,,0.00,0.00,0.00,TRUE,,,,0,,0.00,HP51765
NOVOMIX 30 FLEXP (C),NOVOMIX 30 FLEXPEN 100U,1,FALSE,FALSE,,,,21971.00,NC,0,0.00,0.00,NC,0,0.00,0.00,NC,0,0.00,0.00,NC,0,0.00,0.00,NC,0,0.00,0.00,NC,0,0.00,0.00,NC,0,0.00,0.00,NC,0,0.00,0.00,NC,0,0.00,0.00,NC,0,0.00,,0,15428.60,1,40523,12323,50723,03/ 19,02/21,,,FALSE,,,0.00,0.00,,FALSE,,,0.00,0.00,,FALSE,0.00,0.00,0.00,,,,,,,,,,,,,,,,,,,,,,,,,,,,,,,,,,,,,,,,,,,,,,,,,,,,,,,,,,,,,,,,,,,,,,,,,,,,,,,,,,,,,,,,FALSE,0,,,,,,,0.00,0.00,0.00,TRUE,,,,0,,0.00,JP52221
NOVOMIX 30 FLEXPEN 1,NOVOMIX 30 FLEXPEN 100U,1,FALSE,FALSE,,,,21971.00,NC,0,0.00,0.00,NC,0,0.00,0.00,NC,0,0.00,0.00,NC,0,0.00,0.00,NC,0,0.00,0.00,NC,0,0.00,0.00,NC,0,0.00,0.00,NC,0,0.00,0.00,NC,0,0.00,0.00,NC,0,0.00,,0,15428.57,1,40523,12323,50723,08/18....,07/20,,,FALSE,,,0.00,0.00,,FALSE,,,0.00,0.00,,FALSE,0.00,0.00,0.00,,,,,,,,,,,,,,,,,,,,,,,,,,,,,,,,,,,,,,,,,,,,,,,,,,,,,,,,,,,,,,,,,,,,,,,,,,,,,,,,,,,,,,,,FALSE,0,,,,,,,0.00,0.00,0.00,TRUE,,,,0,,0.00,HP53517....
NOVOMIX30 FLEXPEN(A),NOVOMIX 30 FLEXPEN 100U,1,FALSE,FALSE,,,,21971.00,NC,0,0.00,0.00,NC,0,0.00,0.00,NC,0,0.00,0.00,NC,0,0.00,0.00,NC,0,0.00,0.00,NC,0,0.00,0.00,NC,0,0.00,0.00,NC,0,0.00,0.00,NC,0,0.00,0.00,NC,0,0.00,,0,15428.58,1,40523,12323,50723,08/18.,07/20,,,FALSE,,,0.00,0.00,,FALSE,,,0.00,0.00,,FALSE,0.00,0.00,0.00,,,,,,,,,,,,,,,,,,,,,,,,,,,,,,,,,,,,,,,,,,,,,,,,,,,,,,,,,,,,,,,,,,,,,,,,,,,,,,,,,,,,,,,,FALSE,0,,,,,,,0.00,0.00,0.00,TRUE,,,,0,,0.00,HP53517
NOVOMIX30 FLEXPEN(B),NOVOMIX 30 FLEXPEN 100U,1,FALSE,FALSE,,,,21971.00,NC,0,0.00,0.00,NC,0,0.00,0.00,NC,0,0.00,0.00,NC,0,0.00,0.00,NC,0,0.00,0.00,NC,0,0.00,0.00,NC,0,0.00,0.00,NC,0,0.00,0.00,NC,0,0.00,0.00,NC,0,0.00,,0,15428.58,1,40523,12323,50723,12/18.,11/20,,,FALSE,,,0.00,0.00,,FALSE,,,0.00,0.00,,FALSE,0.00,0.00,0.00,,,,,,,,,,,,,,,,,,,,,,,,,,,,,,,,,,,,,,,,,,,,,,,,,,,,,,,,,,,,,,,,,,,,,,,,,,,,,,,,,,,,,,,,FALSE,0,,,,,,,0.00,0.00,0.00,TRUE,,,,0,,0.00,JP51091
NOVOMIX30 FLEXPEN(D),NOVOMIX 30 FLEXPEN 100U,1,FALSE,FALSE,,,,21971.00,NC,0,0.00,0.00,NC,0,0.00,0.00,NC,0,0.00,0.00,NC,0,0.00,0.00,NC,0,0.00,0.00,NC,0,0.00,0.00,NC,0,0.00,0.00,NC,0,0.00,0.00,NC,0,0.00,0.00,NC,0,0.00,,0,15428.58,1,40523,12323,50723,03/19...,02/21,,,FALSE,,,0.00,0.00,,FALSE,,,0.00,0.00,,FALSE,0.00,0.00,0.00,,,,,,,,,,,,,,,,,,,,,,,,,,,,,,,,,,,,,,,,,,,,,,,,,,,,,,,,,,,,,,,,,,,,,,,,,,,,,,,,,,,,,,,,FALSE,0,,,,,,,0.00,0.00,0.00,TRUE,,,,0,,0.00,JP52021...
NOVOMIX30 FLEXPEN(E),NOVOMIX 30 FLEXPEN 100U,1,FALSE,FALSE,,,,21971.00,NC,0,0.00,0.00,NC,0,0.00,0.00,NC,0,0.00,0.00,NC,0,0.00,0.00,NC,0,0.00,0.00,NC,0,0.00,0.00,NC,0,0.00,0.00,NC,0,0.00,0.00,NC,0,0.00,0.00,NC,0,0.00,,0,18142.86,1,40523,12323,50723,08/  19...,07/21,,,FALSE,,,0.00,0.00,,FALSE,,,0.00,0.00,,FALSE,0.00,0.00,0.00,,,,,,,,,,,,,,,,,,,,,,,,,,,,,,,,,,,,,,,,,,,,,,,,,,,,,,,,,,,,,,,,,,,,,,,,,,,,,,,,,,,,,,,,FALSE,0,,,,,,,0.00,0.00,0.00,TRUE,,,,0,,0.00,JP53895...
NOVOMIX30 FLEXPEN(F),NOVOMIX 30 FLEXPEN 100U,1,FALSE,FALSE,,,,21971.00,NC,0,0.00,0.00,NC,0,0.00,0.00,NC,0,0.00,0.00,NC,0,0.00,0.00,NC,0,0.00,0.00,NC,0,0.00,0.00,NC,0,0.00,0.00,NC,0,0.00,0.00,NC,0,0.00,0.00,NC,0,0.00,,0,18142.86,1,40523,12323,50723,12/19.,11/21,,,FALSE,,,0.00,0.00,,FALSE,,,0.00,0.00,,FALSE,0.00,0.00,0.00,,,,,,,,,,,,,,,,,,,,,,,,,,,,,,,,,,,,,,,,,,,,,,,,,,,,,,,,,,,,,,,,,,,,,,,,,,,,,,,,,,,,,,,,FALSE,0,,,,,,,0.00,0.00,0.00,TRUE,,,,0,,0.00,KP50981
NOVOMIX30 FLEXPEN(G),NOVOMIX 30 FLEXPEN 100U,1,FALSE,FALSE,,,,23288.00,NC,0,0.00,0.00,NC,0,0.00,0.00,NC,0,0.00,0.00,NC,0,0.00,0.00,NC,0,0.00,0.00,NC,0,0.00,0.00,NC,0,0.00,0.00,NC,0,0.00,0.00,NC,0,0.00,0.00,NC,0,0.00,,0,19973.00,1,40523,12323,50723,8/20,07/22..,,,FALSE,,,0.00,0.00,,FALSE,,,0.00,0.00,,FALSE,0.00,0.00,0.00,,,,,,,,,,,,,,,,,,,,,,,,,,,,,,,,,,,,,,,,,,,,,,,,,,,,,,,,,,,,,,,,,,,,,,,,,,,,,,,,,,,,,,,,FALSE,0,,,,,,,0.00,0.00,0.00,TRUE,,,,0,,0.00,KT60L02
NOVOMIX30 FLEXPEN(H),NOVOMIX 30 FLEXPEN 100U,1,FALSE,FALSE,,,,23288.00,NC,0,0.00,0.00,NC,0,0.00,0.00,NC,0,0.00,0.00,NC,0,0.00,0.00,NC,0,0.00,0.00,NC,0,0.00,0.00,NC,0,0.00,0.00,NC,0,0.00,0.00,NC,0,0.00,0.00,NC,0,0.00,,0,19973.00,1,40523,12323,50723,06/ 20,05/22,,,FALSE,,,0.00,0.00,,FALSE,,,0.00,0.00,,FALSE,0.00,0.00,0.00,,,,,,,,,,,,,,,,,,,,,,,,,,,,,,,,,,,,,,,,,,,,,,,,,,,,,,,,,,,,,,,,,,,,,,,,,,,,,,,,,,,,,,,,FALSE,0,,,,,,,0.00,0.00,0.00,TRUE,,,,0,,0.00,KT60A93
NOVOMIX30 FLEXPEN(I),NOVOMIX 30 FLEXPEN 100U,1,FALSE,FALSE,,,,23288.00,NC,0,0.00,0.00,NC,0,0.00,0.00,NC,0,0.00,0.00,NC,0,0.00,0.00,NC,0,0.00,0.00,NC,0,0.00,0.00,NC,0,0.00,0.00,NC,0,0.00,0.00,NC,0,0.00,0.00,NC,0,0.00,,0,21171.00,1,40523,12323,50723,01//21,12/22,,,FALSE,,,0.00,0.00,,FALSE,,,0.00,0.00,,FALSE,0.00,0.00,0.00,,,,,,,,,,,,,,,,,,,,,,,,,,,,,,,,,,,,,,,,,,,,,,,,,,,,,,,,,,,,,,,,,,,,,,,,,,,,,,,,,,,,,,,,FALSE,0,,,,,,,0.00,0.00,0.00,TRUE,,,,0,,0.00,LT62D64
NOVOMIX30 FLEXPEN(J),NOVOMIX 30 FLEXPEN 100U,1,FALSE,FALSE,,,,23288.00,NC,0,0.00,0.00,NC,0,0.00,0.00,NC,0,0.00,0.00,NC,0,0.00,0.00,NC,0,0.00,0.00,NC,0,0.00,0.00,NC,0,0.00,0.00,NC,0,0.00,0.00,NC,0,0.00,0.00,NC,0,0.00,,0,21171.00,1,40523,12323,50723,03//21,02//23,,,FALSE,,,0.00,0.00,,FALSE,,,0.00,0.00,,FALSE,0.00,0.00,0.00,,,,,,,,,,,,,,,,,,,,,,,,,,,,,,,,,,,,,,,,,,,,,,,,,,,,,,,,,,,,,,,,,,,,,,,,,,,,,,,,,,,,,,,,FALSE,0,,,,,,,0.00,0.00,0.00,TRUE,,,,0,,0.00,LT62P48
NOVOMIX30 FLEXPEN(K),NOVOMIX 30 FLEXPEN 100U,1,FALSE,FALSE,,,,23288.00,NC,0,0.00,0.00,NC,0,0.00,0.00,NC,0,0.00,0.00,NC,0,0.00,0.00,NC,0,0.00,0.00,NC,0,0.00,0.00,NC,0,0.00,0.00,NC,0,0.00,0.00,NC,0,0.00,0.00,NC,0,0.00,,0,21171.00,1,40523,12323,50723,05//21,04/23..,,,FALSE,,,0.00,0.00,,FALSE,,,0.00,0.00,,FALSE,0.00,0.00,0.00,,,,,,,,,,,,,,,,,,,,,,,,,,,,,,,,,,,,,,,,,,,,,,,,,,,,,,,,,,,,,,,,,,,,,,,,,,,,,,,,,,,,,,,,FALSE,0,,,,,,,0.00,0.00,0.00,TRUE,,,,0,,0.00,LT63G81
NOVOMIX30 FLEXPEN(L),NOVOMIX 30 FLEXPEN 100U,1,FALSE,FALSE,,,,23288.00,NC,0,0.00,0.00,NC,0,0.00,0.00,NC,0,0.00,0.00,NC,0,0.00,0.00,NC,0,0.00,0.00,NC,0,0.00,0.00,NC,0,0.00,0.00,NC,0,0.00,0.00,NC,0,0.00,0.00,NC,0,0.00,,0,21171.00,1,40523,12323,50723,06/21,05/23..,,,FALSE,,,0.00,0.00,,FALSE,,,0.00,0.00,,FALSE,0.00,0.00,0.00,,,,,,,,,,,,,,,,,,,,,,,,,,,,,,,,,,,,,,,,,,,,,,,,,,,,,,,,,,,,,,,,,,,,,,,,,,,,,,,,,,,,,,,,FALSE,0,,,,,,,0.00,0.00,0.00,TRUE,,,,0,,0.00,LT63X38
NOVOMIX30 FLEXPEN(M),NOVOMIX 30 FLEXPEN 100U,1,FALSE,FALSE,,,,26570.00,NC,0,0.00,0.00,NC,0,0.00,0.00,NC,0,0.00,0.00,NC,0,0.00,0.00,NC,0,0.00,0.00,NC,0,0.00,0.00,NC,0,0.00,0.00,NC,0,0.00,0.00,NC,0,0.00,0.00,NC,0,0.00,,0,21171.00,1,40523,12323,50723,11/21.....,10/23..,,,FALSE,,,0.00,0.00,,FALSE,,,0.00,0.00,,FALSE,0.00,0.00,0.00,,,,,,,,,,,,,,,,,,,,,,,,,,,,,,,,,,,,,,,,,,,,,,,,,,,,,,,,,,,,,,,,,,,,,,,,,,,,,,,,,,,,,,,,FALSE,0,,,,,,,0.00,0.00,0.00,TRUE,,,,0,,0.00,MT65E90
NOVOMIX30 FLEXPEN(N),NOVOMIX 30 FLEXPEN 100U,1,FALSE,FALSE,,,,26570.00,NC,0,0.00,0.00,NC,0,0.00,0.00,NC,0,0.00,0.00,NC,0,0.00,0.00,NC,0,0.00,0.00,NC,0,0.00,0.00,NC,0,0.00,0.00,NC,0,0.00,0.00,NC,0,0.00,0.00,NC,0,0.00,,0,24155.00,1,40523,12323,50723,03/22.....,02/24..,,,FALSE,,,0.00,0.00,,FALSE,,,0.00,0.00,,FALSE,0.00,0.00,0.00,,,,,,,,,,,,,,,,,,,,,,,,,,,,,,,,,,,,,,,,,,,,,,,,,,,,,,,,,,,,,,,,,,,,,,,,,,,,,,,,,,,,,,,,FALSE,0,,,,,,,0.00,0.00,0.00,TRUE,,,,0,,0.00,MT65Y47
NOVOMIX30 FLEXPEN(O),NOVOMIX 30 FLEXPEN 100U,1,FALSE,FALSE,,,,26570.00,NC,0,0.00,0.00,NC,0,0.00,0.00,NC,0,0.00,0.00,NC,0,0.00,0.00,NC,0,0.00,0.00,NC,0,0.00,0.00,NC,0,0.00,0.00,NC,0,0.00,0.00,NC,0,0.00,0.00,NC,0,0.00,,0,24155.00,1,40523,12323,50723,03/22...,02/24..,,,FALSE,,,0.00,0.00,,FALSE,,,0.00,0.00,,FALSE,0.00,0.00,0.00,,,,,,,,,,,,,,,,,,,,,,,,,,,,,,,,,,,,,,,,,,,,,,,,,,,,,,,,,,,,,,,,,,,,,,,,,,,,,,,,,,,,,,,,FALSE,0,,,,,,,0.00,0.00,0.00,TRUE,,,,0,,0.00,MT66B18
NOVOMIX30 FLEXPEN(P),NOVOMIX 30 FLEXPEN 100U,1,FALSE,FALSE,,,,26570.00,NC,0,0.00,0.00,NC,0,0.00,0.00,NC,0,0.00,0.00,NC,0,0.00,0.00,NC,0,0.00,0.00,NC,0,0.00,0.00,NC,0,0.00,0.00,NC,0,0.00,0.00,NC,0,0.00,0.00,NC,0,0.00,,0,24155.00,1,40523,12323,50723,04/22...,03/24..,,,FALSE,,,0.00,0.00,,FALSE,,,0.00,0.00,,FALSE,0.00,0.00,0.00,,,,,,,,,,,,,,,,,,,,,,,,,,,,,,,,,,,,,,,,,,,,,,,,,,,,,,,,,,,,,,,,,,,,,,,,,,,,,,,,,,,,,,,,FALSE,0,,,,,,,0.00,0.00,0.00,TRUE,,,,0,,0.00,MT66P92
NOVOMIX30 FLEXPEN(Q),NOVOMIX 30 FLEXPEN 100U,1,FALSE,FALSE,,,,43971.00,NC,0,0.00,0.00,NC,0,0.00,0.00,NC,0,0.00,0.00,NC,0,0.00,0.00,NC,0,0.00,0.00,NC,0,0.00,0.00,NC,0,0.00,0.00,NC,0,0.00,0.00,NC,0,0.00,0.00,NC,0,0.00,,0,27851.00,1,40523,12323,50723,11/22.,10/24..,,,FALSE,,,0.00,0.00,,FALSE,,,0.00,0.00,,FALSE,0.00,0.00,0.00,,,,,,,,,,,,,,,,,,,,,,,,,,,,,,,,,,,,,,,,,,,,,,,,,,,,,,,,,,,,,,,,,,,,,,,,,,,,,,,,,,,,,,,,FALSE,0,,,,,,,0.00,0.00,0.00,TRUE,,,,0,,0.00,NT69H49
NOVOMIX30 FLEXPEN(R),NOVOMIX 30 FLEXPEN 100U,1,FALSE,FALSE,,,,54078.00,NC,0,0.00,0.00,NC,0,0.00,0.00,NC,0,0.00,0.00,NC,0,0.00,0.00,NC,0,0.00,0.00,NC,0,0.00,0.00,NC,0,0.00,0.00,NC,0,0.00,0.00,NC,0,0.00,0.00,NC,0,0.00,,0,51503.81,1,40523,12323,50723,"11/22.,",10/24..,,,FALSE,,,0.00,0.00,,FALSE,,,0.00,0.00,,FALSE,0.00,0.00,0.00,,,,,,,,,,,,,,,,,,,,,,,,,,,,,,,,,,,,,,,,,,,,,,,,,,,,,,,,,,,,,,,,,,,,,,,,,,,,,,,,,,,,,,,,FALSE,0,,,,,,,0.00,0.00,0.00,TRUE,,,,0,,0.00,NT68X84
NOVOMIX30 FLEXPEN(S),NOVOMIX 30 FLEXPEN 100U,1,FALSE,FALSE,,,,51308.00,NC,0,0.00,0.00,NC,0,0.00,0.00,NC,0,0.00,0.00,NC,0,0.00,0.00,NC,0,0.00,0.00,NC,0,0.00,0.00,NC,0,0.00,0.00,NC,0,0.00,0.00,NC,0,0.00,0.00,NC,0,0.00,,0,46643.00,1,40523,12323,50723,"11/22.,,",10/24..,,,FALSE,,,0.00,0.00,,FALSE,,,0.00,0.00,,FALSE,0.00,0.00,0.00,,,,,,,,,,,,,,,,,,,,,,,,,,,,,,,,,,,,,,,,,,,,,,,,,,,,,,,,,,,,,,,,,,,,,,,,,,,,,,,,,,,,,,,,FALSE,0,,,,,,,0.00,0.00,0.00,TRUE,,,,0,,0.00,NT69C21
NOVOMIX30 FLEXPEN(T),NOVOMIX 30 FLEXPEN 100U,1,FALSE,FALSE,,,,84273.00,NC,0,0.00,0.00,NC,0,0.00,0.00,NC,0,0.00,0.00,NC,0,0.00,0.00,NC,0,0.00,0.00,NC,0,0.00,0.00,NC,0,0.00,0.00,NC,0,0.00,0.00,NC,0,0.00,0.00,NC,0,0.00,,0,76611.00,1,40523,12323,50723,"11/23.,,",10/25...,,,FALSE,,,0.00,0.00,,FALSE,,,0.00,0.00,,FALSE,0.00,0.00,0.00,,,,,,,,,,,,,,,,,,,,,,,,,,,,,,,,,,,,,,,,,,,,,,,,,,,,,,,,,,,,,,,,,,,,,,,,,,,,,,,,,,,,,,,,FALSE,0,,,,,,,0.00,0.00,0.00,TRUE,,,,0,,0.00,PR7VA16
NOVOMIX30 FLEXPEN(U),NOVOMIX 30 FLEXPEN 100U,1,FALSE,FALSE,,,,84273.00,NC,0,0.00,0.00,NC,0,0.00,0.00,NC,0,0.00,0.00,NC,0,0.00,0.00,NC,0,0.00,0.00,NC,0,0.00,0.00,NC,0,0.00,0.00,NC,0,0.00,0.00,NC,0,0.00,0.00,NC,0,0.00,,0,72962.85,1,40523,12323,50723,"08/24.,,",07/26...,,,FALSE,,,0.00,0.00,,FALSE,,,0.00,0.00,,FALSE,0.00,0.00,0.00,,,,,,,,,,,,,,,,,,,,,,,,,,,,,,,,,,,,,,,,,,,,,,,,,,,,,,,,,,,,,,,,,,,,,,,,,,,,,,,,,,,,,,,,FALSE,0,,,,,,,0.00,0.00,0.00,TRUE,,,,0,,0.00,PR7OYVO
NOVOMIX30 FLEXPEN(V),NOVOMIX 30 FLEXPEN 100U,1,FALSE,FALSE,,,,84273.00,NC,0,0.00,0.00,NC,0,0.00,0.00,NC,0,0.00,0.00,NC,0,0.00,0.00,NC,0,0.00,0.00,NC,0,0.00,0.00,NC,0,0.00,0.00,NC,0,0.00,0.00,NC,0,0.00,0.00,NC,0,0.00,,0,76611.00,1,40523,12323,50723,"01/25.,,",12/26...,,,FALSE,,,0.00,0.00,,FALSE,,,0.00,0.00,,FALSE,0.00,0.00,0.00,,,,,,,,,,,,,,,,,,,,,,,,,,,,,,,,,,,,,,,,,,,,,,,,,,,,,,,,,,,,,,,,,,,,,,,,,,,,,,,,,,,,,,,,FALSE,0,,,,,,,0.00,0.00,0.00,TRUE,,,,0,,0.00,RR72DX5
NOVOMIX30 FLEXPEN(W),NOVOMIX 30 FLEXPEN 100U,1,FALSE,FALSE,,,,84273.00,NC,0,0.00,0.00,NC,0,0.00,0.00,NC,0,0.00,0.00,NC,0,0.00,0.00,NC,0,0.00,0.00,NC,0,0.00,0.00,NC,0,0.00,0.00,NC,0,0.00,0.00,NC,0,0.00,0.00,NC,0,0.00,,0,76611.00,1,40523,12323,50723,"01/25.,",12/26...,,,FALSE,,,0.00,0.00,,FALSE,,,0.00,0.00,,FALSE,0.00,0.00,0.00,,,,,,,,,,,,,,,,,,,,,,,,,,,,,,,,,,,,,,,,,,,,,,,,,,,,,,,,,,,,,,,,,,,,,,,,,,,,,,,,,,,,,,,,FALSE,0,,,,,,,0.00,0.00,0.00,TRUE,,,,0,,0.00,RR72JMO
NOVOMIX30 FLEXPEN(X),NOVOMIX 30 FLEXPEN 100U,1,FALSE,FALSE,,,,84273.00,NC,0,0.00,0.00,NC,0,0.00,0.00,NC,0,0.00,0.00,NC,0,0.00,0.00,NC,0,0.00,0.00,NC,0,0.00,0.00,NC,0,0.00,0.00,NC,0,0.00,0.00,NC,0,0.00,0.00,NC,0,0.00,,0,69646.36,1,40523,12323,50723,"02/25.,",01/27...,,,FALSE,,,0.00,0.00,,FALSE,,,0.00,0.00,,FALSE,0.00,0.00,0.00,,,,,,,,,,,,,,,,,,,,,,,,,,,,,,,,,,,,,,,,,,,,,,,,,,,,,,,,,,,,,,,,,,,,,,,,,,,,,,,,,,,,,,,,FALSE,0,,,,,,,0.00,0.00,0.00,TRUE,,,,0,,0.00,RR72LEI
NOVOMIX30 FLEXPEN(Y),NOVOMIX 30 FLEXPEN 100U,1,FALSE,FALSE,,,,68107.00,NC,0,0.00,0.00,NC,0,0.00,0.00,NC,0,0.00,0.00,NC,0,0.00,0.00,NC,0,0.00,0.00,NC,0,0.00,0.00,NC,0,0.00,0.00,NC,0,0.00,0.00,NC,0,0.00,0.00,NC,0,0.00,,0,61915.00,1,40523,12323,50723,"03/25.,",02/27...,,,FALSE,,,0.00,0.00,,FALSE,,,0.00,0.00,,FALSE,0.00,0.00,0.00,,,,,,,,,,,,,,,,,,,,,,,,,,,,,,,,,,,,,,,,,,,,,,,,,,,,,,,,,,,,,,,,,,,,,,,,,,,,,,,,,,,,,,,,FALSE,0,,,,,,,0.00,0.00,15.00,TRUE,,,,0,,0.00,RR72XV6
NOVORAPID FLEXPEN (A,NOVORAPID FLEXPEN 3ML,1,FALSE,FALSE,,,,18716.00,NC,0,0.00,0.00,NC,0,0.00,0.00,NC,0,0.00,0.00,NC,0,0.00,0.00,NC,0,0.00,0.00,NC,0,0.00,0.00,NC,0,0.00,0.00,NC,0,0.00,0.00,NC,0,0.00,0.00,NC,0,0.00,,0,13800.00,1,40523,12323,50723,01 / 19,06/21,,,FALSE,,,0.00,0.00,,FALSE,,,0.00,0.00,,FALSE,0.00,0.00,0.00,,,,,,,,,,,,,,,,,,,,,,,,,,,,,,,,,,,,,,,,,,,,,,,,,,,,,,,,,,,,,,,,,,,,,,,,,,,,,,,,,,,,,,,,FALSE,0,,,,,,,0.00,0.00,0.00,TRUE,,,,0,,0.00,JP51208
NOVORAPID FLEXPEN (B,NOVORAPID FLEXPEN 3ML,1,FALSE,FALSE,,,,18716.00,NC,0,0.00,0.00,NC,0,0.00,0.00,NC,0,0.00,0.00,NC,0,0.00,0.00,NC,0,0.00,0.00,NC,0,0.00,0.00,NC,0,0.00,0.00,NC,0,0.00,0.00,NC,0,0.00,0.00,NC,0,0.00,,0,17014.00,1,40523,12323,50723,11 / 19,04/22,,,FALSE,,,0.00,0.00,,FALSE,,,0.00,0.00,,FALSE,0.00,0.00,0.00,,,,,,,,,,,,,,,,,,,,,,,,,,,,,,,,,,,,,,,,,,,,,,,,,,,,,,,,,,,,,,,,,,,,,,,,,,,,,,,,,,,,,,,,FALSE,0,,,,,,,0.00,0.00,0.00,TRUE,,,,0,,0.00,KP50714
NOVORAPID FLEXPEN (C,NOVORAPID FLEXPEN 3ML,1,FALSE,FALSE,,,,19839.00,NC,0,0.00,0.00,NC,0,0.00,0.00,NC,0,0.00,0.00,NC,0,0.00,0.00,NC,0,0.00,0.00,NC,0,0.00,0.00,NC,0,0.00,0.00,NC,0,0.00,0.00,NC,0,0.00,0.00,NC,0,0.00,,0,17014.00,1,40523,12323,50723,06/20,11/22..,,,FALSE,,,0.00,0.00,,FALSE,,,0.00,0.00,,FALSE,0.00,0.00,0.00,,,,,,,,,,,,,,,,,,,,,,,,,,,,,,,,,,,,,,,,,,,,,,,,,,,,,,,,,,,,,,,,,,,,,,,,,,,,,,,,,,,,,,,,FALSE,0,,,,,,,0.00,0.00,0.00,TRUE,,,,0,,0.00,KT60B00
NOVORAPID FLEXPEN (D,NOVORAPID FLEXPEN 3ML,1,FALSE,FALSE,,,,19839.00,NC,0,0.00,0.00,NC,0,0.00,0.00,NC,0,0.00,0.00,NC,0,0.00,0.00,NC,0,0.00,0.00,NC,0,0.00,0.00,NC,0,0.00,0.00,NC,0,0.00,0.00,NC,0,0.00,0.00,NC,0,0.00,,0,17014.00,1,40523,12323,50723,09/20,02/23,,,FALSE,,,0.00,0.00,,FALSE,,,0.00,0.00,,FALSE,0.00,0.00,0.00,,,,,,,,,,,,,,,,,,,,,,,,,,,,,,,,,,,,,,,,,,,,,,,,,,,,,,,,,,,,,,,,,,,,,,,,,,,,,,,,,,,,,,,,FALSE,0,,,,,,,0.00,0.00,0.00,TRUE,,,,0,,0.00,KT60L64
NOVORAPID FLEXPEN (E,NOVORAPID FLEXPEN 3ML,1,FALSE,FALSE,,,,19839.00,NC,0,0.00,0.00,NC,0,0.00,0.00,NC,0,0.00,0.00,NC,0,0.00,0.00,NC,0,0.00,0.00,NC,0,0.00,0.00,NC,0,0.00,0.00,NC,0,0.00,0.00,NC,0,0.00,0.00,NC,0,0.00,,0,18035.00,1,40523,12323,50723,03/21,08/23,,,FALSE,,,0.00,0.00,,FALSE,,,0.00,0.00,,FALSE,0.00,0.00,0.00,,,,,,,,,,,,,,,,,,,,,,,,,,,,,,,,,,,,,,,,,,,,,,,,,,,,,,,,,,,,,,,,,,,,,,,,,,,,,,,,,,,,,,,,FALSE,0,,,,,,,0.00,0.00,0.00,TRUE,,,,0,,0.00,LT62S44
NOVORAPID FLEXPEN (F,NOVORAPID FLEXPEN 3ML,1,FALSE,FALSE,,,,19839.00,NC,0,0.00,0.00,NC,0,0.00,0.00,NC,0,0.00,0.00,NC,0,0.00,0.00,NC,0,0.00,0.00,NC,0,0.00,0.00,NC,0,0.00,0.00,NC,0,0.00,0.00,NC,0,0.00,0.00,NC,0,0.00,,0,18035.00,1,40523,12323,50723,07/21,12/23,,,FALSE,,,0.00,0.00,,FALSE,,,0.00,0.00,,FALSE,0.00,0.00,0.00,,,,,,,,,,,,,,,,,,,,,,,,,,,,,,,,,,,,,,,,,,,,,,,,,,,,,,,,,,,,,,,,,,,,,,,,,,,,,,,,,,,,,,,,FALSE,0,,,,,,,0.00,0.00,0.00,TRUE,,,,0,,0.00,LT64E24
NOVORAPID FLEXPEN (G,NOVORAPID FLEXPEN 3ML,1,FALSE,FALSE,,,,22292.00,NC,0,0.00,0.00,NC,0,0.00,0.00,NC,0,0.00,0.00,NC,0,0.00,0.00,NC,0,0.00,0.00,NC,0,0.00,0.00,NC,0,0.00,0.00,NC,0,0.00,0.00,NC,0,0.00,0.00,NC,0,0.00,,0,18035.00,1,40523,12323,50723,11 /21..,04/24,,,FALSE,,,0.00,0.00,,FALSE,,,0.00,0.00,,FALSE,0.00,0.00,0.00,,,,,,,,,,,,,,,,,,,,,,,,,,,,,,,,,,,,,,,,,,,,,,,,,,,,,,,,,,,,,,,,,,,,,,,,,,,,,,,,,,,,,,,,FALSE,0,,,,,,,0.00,0.00,0.00,TRUE,,,,0,,0.00,MT65F76
NOVORAPID FLEXPEN (H,NOVORAPID FLEXPEN 3ML,1,FALSE,FALSE,,,,22292.00,NC,0,0.00,0.00,NC,0,0.00,0.00,NC,0,0.00,0.00,NC,0,0.00,0.00,NC,0,0.00,0.00,NC,0,0.00,0.00,NC,0,0.00,0.00,NC,0,0.00,0.00,NC,0,0.00,0.00,NC,0,0.00,,0,20265.00,1,40523,12323,50723,04 /22..,09/24..,,,FALSE,,,0.00,0.00,,FALSE,,,0.00,0.00,,FALSE,0.00,0.00,0.00,,,,,,,,,,,,,,,,,,,,,,,,,,,,,,,,,,,,,,,,,,,,,,,,,,,,,,,,,,,,,,,,,,,,,,,,,,,,,,,,,,,,,,,,FALSE,0,,,,,,,0.00,0.00,0.00,TRUE,,,,0,,0.00,MT66J83
NOVORAPID FLEXPEN (I,NOVORAPID FLEXPEN 3ML,1,FALSE,FALSE,,,,52104.00,NC,0,0.00,0.00,NC,0,0.00,0.00,NC,0,0.00,0.00,NC,0,0.00,0.00,NC,0,0.00,0.00,NC,0,0.00,0.00,NC,0,0.00,0.00,NC,0,0.00,0.00,NC,0,0.00,0.00,NC,0,0.00,,0,45370.00,1,40523,12323,50723,11 /22..,04/25.,,,FALSE,,,0.00,0.00,,FALSE,,,0.00,0.00,,FALSE,0.00,0.00,0.00,,,,,,,,,,,,,,,,,,,,,,,,,,,,,,,,,,,,,,,,,,,,,,,,,,,,,,,,,,,,,,,,,,,,,,,,,,,,,,,,,,,,,,,,FALSE,0,,,,,,,0.00,0.00,0.00,TRUE,,,,0,,0.00,NT69B28
NOVORAPID FLEXPEN (J,NOVORAPID FLEXPEN 3ML,1,FALSE,FALSE,,,,66277.00,NC,0,0.00,0.00,NC,0,0.00,0.00,NC,0,0.00,0.00,NC,0,0.00,0.00,NC,0,0.00,0.00,NC,0,0.00,0.00,NC,0,0.00,0.00,NC,0,0.00,0.00,NC,0,0.00,0.00,NC,0,0.00,,0,56712.00,1,40523,12323,50723,"11 /22..,",04/25.,,,FALSE,,,0.00,0.00,,FALSE,,,0.00,0.00,,FALSE,0.00,0.00,0.00,,,,,,,,,,,,,,,,,,,,,,,,,,,,,,,,,,,,,,,,,,,,,,,,,,,,,,,,,,,,,,,,,,,,,,,,,,,,,,,,,,,,,,,,FALSE,0,,,,,,,0.00,0.00,0.00,TRUE,,,,0,,0.00,NT69D79
NOVORAPID FLEXPEN (K,NOVORAPID FLEXPEN 3ML,1,FALSE,FALSE,,,,70701.00,NC,0,0.00,0.00,NC,0,0.00,0.00,NC,0,0.00,0.00,NC,0,0.00,0.00,NC,0,0.00,0.00,NC,0,0.00,0.00,NC,0,0.00,0.00,NC,0,0.00,0.00,NC,0,0.00,0.00,NC,0,0.00,,0,64274.00,1,40523,12323,50723,"12 /23..,",05/26...,,,FALSE,,,0.00,0.00,,FALSE,,,0.00,0.00,,FALSE,0.00,0.00,0.00,,,,,,,,,,,,,,,,,,,,,,,,,,,,,,,,,,,,,,,,,,,,,,,,,,,,,,,,,,,,,,,,,,,,,,,,,,,,,,,,,,,,,,,,FALSE,0,,,,,,,0.00,0.00,0.00,TRUE,,,,0,,0.00,PR7VX13
NOVORAPID FLEXPEN (L,NOVORAPID FLEXPEN 3ML,1,FALSE,FALSE,,,,70701.00,NC,0,0.00,0.00,NC,0,0.00,0.00,NC,0,0.00,0.00,NC,0,0.00,0.00,NC,0,0.00,0.00,NC,0,0.00,0.00,NC,0,0.00,0.00,NC,0,0.00,0.00,NC,0,0.00,0.00,NC,0,0.00,,0,64274.00,1,40523,12323,50723,11/23,04/26...,,,FALSE,,,0.00,0.00,,FALSE,,,0.00,0.00,,FALSE,0.00,0.00,0.00,,,,,,,,,,,,,,,,,,,,,,,,,,,,,,,,,,,,,,,,,,,,,,,,,,,,,,,,,,,,,,,,,,,,,,,,,,,,,,,,,,,,,,,,FALSE,0,,,,,,,0.00,0.00,0.00,TRUE,,,,0,,0.00,PR7TY31
NOVORAPID FLEXPEN (M,NOVORAPID FLEXPEN 3ML,1,FALSE,FALSE,,,,70701.00,NC,0,0.00,0.00,NC,0,0.00,0.00,NC,0,0.00,0.00,NC,0,0.00,0.00,NC,0,0.00,0.00,NC,0,0.00,0.00,NC,0,0.00,0.00,NC,0,0.00,0.00,NC,0,0.00,0.00,NC,0,0.00,,0,58430.90,1,40523,12323,50723,01/25,06/27...,,,FALSE,,,0.00,0.00,,FALSE,,,0.00,0.00,,FALSE,0.00,0.00,0.00,,,,,,,,,,,,,,,,,,,,,,,,,,,,,,,,,,,,,,,,,,,,,,,,,,,,,,,,,,,,,,,,,,,,,,,,,,,,,,,,,,,,,,,,FALSE,0,,,,,,,0.00,0.00,0.00,TRUE,,,,0,,0.00,PR72AM7
NOVORAPID FLEXPEN (N,NOVORAPID FLEXPEN 3ML,1,FALSE,FALSE,,,,58020.00,NC,0,0.00,0.00,NC,0,0.00,0.00,NC,0,0.00,0.00,NC,0,0.00,0.00,NC,0,0.00,0.00,NC,0,0.00,0.00,NC,0,0.00,0.00,NC,0,0.00,0.00,NC,0,0.00,0.00,NC,0,0.00,,0,52742.00,1,40523,12323,50723,04/25,09/27...,,,FALSE,,,0.00,0.00,,FALSE,,,0.00,0.00,,FALSE,0.00,0.00,0.00,,,,,,,,,,,,,,,,,,,,,,,,,,,,,,,,,,,,,,,,,,,,,,,,,,,,,,,,,,,,,,,,,,,,,,,,,,,,,,,,,,,,,,,,FALSE,0,,,,,,,0.00,0.00,5.00,TRUE,,,,0,,0.00,RR73CR7
NOVORAPID FLEXPEN 3M,NOVORAPID FLEXPEN 3ML,1,FALSE,FALSE,,,,18716.00,NC,0,0.00,0.00,NC,0,0.00,0.00,NC,0,0.00,0.00,NC,0,0.00,0.00,NC,0,0.00,0.00,NC,0,0.00,0.00,NC,0,0.00,0.00,NC,0,0.00,0.00,NC,0,0.00,0.00,NC,0,0.00,,0,13800.00,1,40523,12323,50723,04 / 18,09/20,,,FALSE,,,0.00,0.00,,FALSE,,,0.00,0.00,,FALSE,0.00,0.00,0.00,,,,,,,,,,,,,,,,,,,,,,,,,,,,,,,,,,,,,,,,,,,,,,,,,,,,,,,,,,,,,,,,,,,,,,,,,,,,,,,,,,,,,,,,FALSE,0,,,,,,,0.00,0.00,0.00,TRUE,,,,0,,0.00,HP52361
NOVOTWIST NEEDLE (A),NOVOTWIST NEEDLES,1,FALSE,FALSE,,,,11458.00,NC,0,0.00,0.00,NC,0,0.00,0.00,NC,0,0.00,0.00,NC,0,0.00,0.00,NC,0,0.00,0.00,NC,0,0.00,0.00,NC,0,0.00,0.00,NC,0,0.00,0.00,NC,0,0.00,0.00,NC,0,0.00,,0,7970.00,1,40527,12327,50727,,04/24,,,FALSE,,,0.00,0.00,,FALSE,,,0.00,0.00,,FALSE,0.00,0.00,0.00,,,,,,,,,,,,,,,,,,,,,,,,,,,,,,,,,,,,,,,,,,,,,,,,,,,,,,,,,,,,,,,,,,,,,,,,,,,,,,,,,,,,,,,,FALSE,0,,,,,,,0.00,0.00,0.00,TRUE,,,,0,,0.00,19E02N
NOVOTWIST NEEDLE (B),NOVOTWIST NEEDLES,1,FALSE,FALSE,,,,11458.00,NC,0,0.00,0.00,NC,0,0.00,0.00,NC,0,0.00,0.00,NC,0,0.00,0.00,NC,0,0.00,0.00,NC,0,0.00,0.00,NC,0,0.00,0.00,NC,0,0.00,0.00,NC,0,0.00,0.00,NC,0,0.00,,0,9400.00,1,40527,12327,50727,10 / 19,09/  24,,,FALSE,,,0.00,0.00,,FALSE,,,0.00,0.00,,FALSE,0.00,0.00,0.00,,,,,,,,,,,,,,,,,,,,,,,,,,,,,,,,,,,,,,,,,,,,,,,,,,,,,,,,,,,,,,,,,,,,,,,,,,,,,,,,,,,,,,,,FALSE,0,,,,,,,0.00,0.00,0.00,TRUE,,,,0,,0.00,19K14N
NOVOTWIST NEEDLE (C),NOVOTWIST NEEDLES,1,FALSE,FALSE,,,,11458.00,NC,0,0.00,0.00,NC,0,0.00,0.00,NC,0,0.00,0.00,NC,0,0.00,0.00,NC,0,0.00,0.00,NC,0,0.00,0.00,NC,0,0.00,0.00,NC,0,0.00,0.00,NC,0,0.00,0.00,NC,0,0.00,,0,9826.00,1,40527,12327,50727,06//20,05/25,,,FALSE,,,0.00,0.00,,FALSE,,,0.00,0.00,,FALSE,0.00,0.00,0.00,,,,,,,,,,,,,,,,,,,,,,,,,,,,,,,,,,,,,,,,,,,,,,,,,,,,,,,,,,,,,,,,,,,,,,,,,,,,,,,,,,,,,,,,FALSE,0,,,,,,,0.00,0.00,0.00,TRUE,,,,0,,0.00,20F02N
NOVOTWIST NEEDLE (D),NOVOTWIST NEEDLES,1,FALSE,FALSE,,,,11458.00,NC,0,0.00,0.00,NC,0,0.00,0.00,NC,0,0.00,0.00,NC,0,0.00,0.00,NC,0,0.00,0.00,NC,0,0.00,0.00,NC,0,0.00,0.00,NC,0,0.00,0.00,NC,0,0.00,0.00,NC,0,0.00,,0,9826.00,1,40527,12327,50727,08/20....,07/25,,,FALSE,,,0.00,0.00,,FALSE,,,0.00,0.00,,FALSE,0.00,0.00,0.00,,,,,,,,,,,,,,,,,,,,,,,,,,,,,,,,,,,,,,,,,,,,,,,,,,,,,,,,,,,,,,,,,,,,,,,,,,,,,,,,,,,,,,,,FALSE,0,,,,,,,0.00,0.00,0.00,TRUE,,,,0,,0.00,20H14N
NOVOTWIST NEEDLE (E),NOVOTWIST NEEDLES,1,FALSE,FALSE,,,,11458.00,NC,0,0.00,0.00,NC,0,0.00,0.00,NC,0,0.00,0.00,NC,0,0.00,0.00,NC,0,0.00,0.00,NC,0,0.00,0.00,NC,0,0.00,0.00,NC,0,0.00,0.00,NC,0,0.00,0.00,NC,0,0.00,,0,10416.00,1,40527,12327,50727,..01//21..,12/25..,,,FALSE,,,0.00,0.00,,FALSE,,,0.00,0.00,,FALSE,0.00,0.00,0.00,,,,,,,,,,,,,,,,,,,,,,,,,,,,,,,,,,,,,,,,,,,,,,,,,,,,,,,,,,,,,,,,,,,,,,,,,,,,,,,,,,,,,,,,FALSE,0,,,,,,,0.00,0.00,0.00,TRUE,,,,0,,0.00,21A18N
NOVOTWIST NEEDLE (F),NOVOTWIST NEEDLES,1,FALSE,FALSE,,,,12875.00,NC,0,0.00,0.00,NC,0,0.00,0.00,NC,0,0.00,0.00,NC,0,0.00,0.00,NC,0,0.00,0.00,NC,0,0.00,0.00,NC,0,0.00,0.00,NC,0,0.00,0.00,NC,0,0.00,0.00,NC,0,0.00,,0,10416.00,1,40527,12327,50727,..02//21..,01/26,,,FALSE,,,0.00,0.00,,FALSE,,,0.00,0.00,,FALSE,0.00,0.00,0.00,,,,,,,,,,,,,,,,,,,,,,,,,,,,,,,,,,,,,,,,,,,,,,,,,,,,,,,,,,,,,,,,,,,,,,,,,,,,,,,,,,,,,,,,FALSE,0,,,,,,,0.00,0.00,0.00,TRUE,,,,0,,0.00,21BOIN
NOVOTWIST NEEDLES,NOVOTWIST NEEDLES,1,FALSE,FALSE,,,,10809.00,NC,0,0.00,0.00,NC,0,0.00,0.00,NC,0,0.00,0.00,NC,0,0.00,0.00,NC,0,0.00,0.00,NC,0,0.00,0.00,NC,0,0.00,0.00,NC,0,0.00,0.00,NC,0,0.00,0.00,NC,0,0.00,,0,7970.00,1,40527,12327,50727,,03/23,,,FALSE,,,0.00,0.00,,FALSE,,,0.00,0.00,,FALSE,0.00,0.00,0.00,,,,,,,,,,,,,,,,,,,,,,,,,,,,,,,,,,,,,,,,,,,,,,,,,,,,,,,,,,,,,,,,,,,,,,,,,,,,,,,,,,,,,,,,FALSE,0,,,,,,,0.00,0.00,0.00,TRUE,,,,0,,0.00,18D10N
Nucard 160mg,Nucard (Valsartan) 160mg,1,FALSE,FALSE,,,,4280.00,NC,0,0.00,0.00,NC,0,0.00,0.00,NC,0,0.00,0.00,NC,0,0.00,0.00,NC,0,0.00,0.00,NC,0,0.00,0.00,NC,0,0.00,0.00,NC,0,0.00,0.00,NC,0,0.00,0.00,NC,0,0.00,,0,3220.00,1,49800,12355,59902,03/23,02/26,,,FALSE,,,0.00,0.00,,FALSE,,,0.00,0.00,,FALSE,0.00,0.00,0.00,,,,,,,,,,,,,,,,,,,,,,,,,,,,,,,,,,,,,,,,,,,,,,,,,,,,,,,,,,,,,,,,,,,,,,,,,,,,,,,,,,,,,,,,FALSE,0,,,,,,,0.00,0.00,0.00,TRUE,,,,0,,0.00,3C238
Nucard 160mg (A) Tab,Nucard 160mg,1,FALSE,FALSE,,,,7580.00,NC,0,0.00,0.00,NC,0,0.00,0.00,NC,0,0.00,0.00,NC,0,0.00,0.00,NC,0,0.00,0.00,NC,0,0.00,0.00,NC,0,0.00,0.00,NC,0,0.00,0.00,NC,0,0.00,0.00,NC,0,0.00,,0,3560.00,1,49800,12355,59902,03/23.,02/26,,,FALSE,,,0.00,0.00,,FALSE,,,0.00,0.00,,FALSE,0.00,0.00,0.00,,,,,,,,,,,,,,,,,,,,,,,,,,,,,,,,,,,,,,,,,,,,,,,,,,,,,,,,,,,,,,,,,,,,,,,,,,,,,,,,,,,,,,,,FALSE,0,,,,,,,0.00,0.00,0.00,TRUE,,,,0,,0.00,3C214
Nucard 160mg (A)Tab,Nucard 160mg,1,FALSE,FALSE,,,,4280.00,NC,0,0.00,0.00,NC,0,0.00,0.00,NC,0,0.00,0.00,NC,0,0.00,0.00,NC,0,0.00,0.00,NC,0,0.00,0.00,NC,0,0.00,0.00,NC,0,0.00,0.00,NC,0,0.00,0.00,NC,0,0.00,,0,3560.00,1,49800,12355,59902,"03/23.,",02/26,,,FALSE,,,0.00,0.00,,FALSE,,,0.00,0.00,,FALSE,0.00,0.00,0.00,,,,,,,,,,,,,,,,,,,,,,,,,,,,,,,,,,,,,,,,,,,,,,,,,,,,,,,,,,,,,,,,,,,,,,,,,,,,,,,,,,,,,,,,FALSE,0,,,,,,,0.00,0.00,0.00,TRUE,,,,0,,0.00,3C214'
Nucard 160mg (B) Tab,Nucard 160mg,1,FALSE,FALSE,,,,4280.00,NC,0,0.00,0.00,NC,0,0.00,0.00,NC,0,0.00,0.00,NC,0,0.00,0.00,NC,0,0.00,0.00,NC,0,0.00,0.00,NC,0,0.00,0.00,NC,0,0.00,0.00,NC,0,0.00,0.00,NC,0,0.00,,0,3560.00,1,49800,12355,59902,,04/24,,,FALSE,,,0.00,0.00,,FALSE,,,0.00,0.00,,FALSE,0.00,0.00,0.00,,,,,,,,,,,,,,,,,,,,,,,,,,,,,,,,,,,,,,,,,,,,,,,,,,,,,,,,,,,,,,,,,,,,,,,,,,,,,,,,,,,,,,,,FALSE,0,,,,,,,0.00,0.00,0.00,TRUE,,,,0,,0.00,2F225
Nucard 160mg (C) Tab,Nucard 160mg,1,FALSE,FALSE,,,,7580.00,NC,0,0.00,0.00,NC,0,0.00,0.00,NC,0,0.00,0.00,NC,0,0.00,0.00,NC,0,0.00,0.00,NC,0,0.00,0.00,NC,0,0.00,0.00,NC,0,0.00,0.00,NC,0,0.00,0.00,NC,0,0.00,,0,6310.00,1,49800,12355,59902,08/23,07/26..,,,FALSE,,,0.00,0.00,,FALSE,,,0.00,0.00,,FALSE,0.00,0.00,0.00,,,,,,,,,,,,,,,,,,,,,,,,,,,,,,,,,,,,,,,,,,,,,,,,,,,,,,,,,,,,,,,,,,,,,,,,,,,,,,,,,,,,,,,,FALSE,0,,,,,,,0.00,0.00,0.00,TRUE,,,,0,,0.00,3J302
Nucard 160mg (D) Tab,Nucard 160mg,1,FALSE,FALSE,,,,7580.00,NC,0,0.00,0.00,NC,0,0.00,0.00,NC,0,0.00,0.00,NC,0,0.00,0.00,NC,0,0.00,0.00,NC,0,0.00,0.00,NC,0,0.00,0.00,NC,0,0.00,0.00,NC,0,0.00,0.00,NC,0,0.00,,0,6170.00,1,49800,12355,59902,03/24',02/27..,,,FALSE,,,0.00,0.00,,FALSE,,,0.00,0.00,,FALSE,0.00,0.00,0.00,,,,,,,,,,,,,,,,,,,,,,,,,,,,,,,,,,,,,,,,,,,,,,,,,,,,,,,,,,,,,,,,,,,,,,,,,,,,,,,,,,,,,,,,FALSE,0,,,,,,,0.00,0.00,0.00,TRUE,,,,0,,0.00,4C229
Nucard 160mg (E) Tab,Nucard 160mg,1,FALSE,FALSE,,,,7580.00,NC,0,0.00,0.00,NC,0,0.00,0.00,NC,0,0.00,0.00,NC,0,0.00,0.00,NC,0,0.00,0.00,NC,0,0.00,0.00,NC,0,0.00,0.00,NC,0,0.00,0.00,NC,0,0.00,0.00,NC,0,0.00,,0,6170.00,1,49800,12355,59902,03/24'.,02/27..,,,FALSE,,,0.00,0.00,,FALSE,,,0.00,0.00,,FALSE,0.00,0.00,0.00,,,,,,,,,,,,,,,,,,,,,,,,,,,,,,,,,,,,,,,,,,,,,,,,,,,,,,,,,,,,,,,,,,,,,,,,,,,,,,,,,,,,,,,,FALSE,0,,,,,,,0.00,0.00,0.00,TRUE,,,,0,,0.00,4C222
Nucard 160mg (F) Tab,Nucard 160mg,1,FALSE,FALSE,,,,7580.00,NC,0,0.00,0.00,NC,0,0.00,0.00,NC,0,0.00,0.00,NC,0,0.00,0.00,NC,0,0.00,0.00,NC,0,0.00,0.00,NC,0,0.00,0.00,NC,0,0.00,0.00,NC,0,0.00,0.00,NC,0,0.00,,0,5553.00,1,49800,12355,59902,"03/24'.,",02/27..,,,FALSE,,,0.00,0.00,,FALSE,,,0.00,0.00,,FALSE,0.00,0.00,0.00,,,,,,,,,,,,,,,,,,,,,,,,,,,,,,,,,,,,,,,,,,,,,,,,,,,,,,,,,,,,,,,,,,,,,,,,,,,,,,,,,,,,,,,,FALSE,0,,,,,,,0.00,0.00,0.00,TRUE,,,,0,,0.00,4C228
Nucard 160mg (G) Tab,Nucard 160mg,1,FALSE,FALSE,,,,7580.00,NC,0,0.00,0.00,NC,0,0.00,0.00,NC,0,0.00,0.00,NC,0,0.00,0.00,NC,0,0.00,0.00,NC,0,0.00,0.00,NC,0,0.00,0.00,NC,0,0.00,0.00,NC,0,0.00,0.00,NC,0,0.00,,0,6170.00,1,49800,12355,59902,03/24'..,02/27..,,,FALSE,,,0.00,0.00,,FALSE,,,0.00,0.00,,FALSE,0.00,0.00,0.00,,,,,,,,,,,,,,,,,,,,,,,,,,,,,,,,,,,,,,,,,,,,,,,,,,,,,,,,,,,,,,,,,,,,,,,,,,,,,,,,,,,,,,,,FALSE,0,,,,,,,0.00,0.00,0.00,TRUE,,,,0,,0.00,4C223
Nucard 160mg (H) Tab,Nucard 160mg,1,FALSE,FALSE,,,,7580.00,NC,0,0.00,0.00,NC,0,0.00,0.00,NC,0,0.00,0.00,NC,0,0.00,0.00,NC,0,0.00,0.00,NC,0,0.00,0.00,NC,0,0.00,0.00,NC,0,0.00,0.00,NC,0,0.00,0.00,NC,0,0.00,,0,6170.00,1,49800,12355,59902,02/24'..,02/27..,,,FALSE,,,0.00,0.00,,FALSE,,,0.00,0.00,,FALSE,0.00,0.00,0.00,,,,,,,,,,,,,,,,,,,,,,,,,,,,,,,,,,,,,,,,,,,,,,,,,,,,,,,,,,,,,,,,,,,,,,,,,,,,,,,,,,,,,,,,FALSE,0,,,,,,,0.00,0.00,0.00,TRUE,,,,0,,0.00,4C227
Nucard 160mg (I) Tab,Nucard 160mg,1,FALSE,FALSE,,,,7580.00,NC,0,0.00,0.00,NC,0,0.00,0.00,NC,0,0.00,0.00,NC,0,0.00,0.00,NC,0,0.00,0.00,NC,0,0.00,0.00,NC,0,0.00,0.00,NC,0,0.00,0.00,NC,0,0.00,0.00,NC,0,0.00,,0,6170.00,1,49800,12355,59902,09/25..,08/28...,,,FALSE,,,0.00,0.00,,FALSE,,,0.00,0.00,,FALSE,0.00,0.00,0.00,,,,,,,,,,,,,,,,,,,,,,,,,,,,,,,,,,,,,,,,,,,,,,,,,,,,,,,,,,,,,,,,,,,,,,,,,,,,,,,,,,,,,,,,FALSE,0,,,,,,,0.00,0.00,33.00,TRUE,,,,0,,0.00,5K101
Nucard 80mg,Nucard (Valsartan) 80mg,1,FALSE,FALSE,,,,3410.00,NC,0,0.00,0.00,NC,0,0.00,0.00,NC,0,0.00,0.00,NC,0,0.00,0.00,NC,0,0.00,0.00,NC,0,0.00,0.00,NC,0,0.00,0.00,NC,0,0.00,0.00,NC,0,0.00,0.00,NC,0,0.00,,0,2570.00,1,49900,12356,59903,12/22,11/25,,,FALSE,,,0.00,0.00,,FALSE,,,0.00,0.00,,FALSE,0.00,0.00,0.00,,,,,,,,,,,,,,,,,,,,,,,,,,,,,,,,,,,,,,,,,,,,,,,,,,,,,,,,,,,,,,,,,,,,,,,,,,,,,,,,,,,,,,,,FALSE,0,,,,,,,0.00,0.00,0.00,TRUE,,,,0,,0.00,2N145
Nucard 80mg(A),Nucard (Valsartan) 80mg,1,FALSE,FALSE,,,,3410.00,NC,0,0.00,0.00,NC,0,0.00,0.00,NC,0,0.00,0.00,NC,0,0.00,0.00,NC,0,0.00,0.00,NC,0,0.00,0.00,NC,0,0.00,0.00,NC,0,0.00,0.00,NC,0,0.00,0.00,NC,0,0.00,,0,2570.00,1,49900,12356,59903,"12/22,",11/25,,,FALSE,,,0.00,0.00,,FALSE,,,0.00,0.00,,FALSE,0.00,0.00,0.00,,,,,,,,,,,,,,,,,,,,,,,,,,,,,,,,,,,,,,,,,,,,,,,,,,,,,,,,,,,,,,,,,,,,,,,,,,,,,,,,,,,,,,,,FALSE,0,,,,,,,0.00,0.00,0.00,TRUE,,,,0,,0.00,2N147
Nucard 80mg(B),Nucard (Valsartan) 80mg,1,FALSE,FALSE,,,,4710.00,NC,0,0.00,0.00,NC,0,0.00,0.00,NC,0,0.00,0.00,NC,0,0.00,0.00,NC,0,0.00,0.00,NC,0,0.00,0.00,NC,0,0.00,0.00,NC,0,0.00,0.00,NC,0,0.00,0.00,NC,0,0.00,,0,2840.00,1,49900,12356,59903,"03/23,",02/26,,,FALSE,,,0.00,0.00,,FALSE,,,0.00,0.00,,FALSE,0.00,0.00,0.00,,,,,,,,,,,,,,,,,,,,,,,,,,,,,,,,,,,,,,,,,,,,,,,,,,,,,,,,,,,,,,,,,,,,,,,,,,,,,,,,,,,,,,,,FALSE,0,,,,,,,0.00,0.00,0.00,TRUE,,,,0,,0.00,3C298
Nucard 80mg(C),Nucard (Valsartan) 80mg,1,FALSE,FALSE,,,,6050.00,NC,0,0.00,0.00,NC,0,0.00,0.00,NC,0,0.00,0.00,NC,0,0.00,0.00,NC,0,0.00,0.00,NC,0,0.00,0.00,NC,0,0.00,0.00,NC,0,0.00,0.00,NC,0,0.00,0.00,NC,0,0.00,,0,2570.00,1,49900,12356,59903,10/ 22,09/25,,,FALSE,,,0.00,0.00,,FALSE,,,0.00,0.00,,FALSE,0.00,0.00,0.00,,,,,,,,,,,,,,,,,,,,,,,,,,,,,,,,,,,,,,,,,,,,,,,,,,,,,,,,,,,,,,,,,,,,,,,,,,,,,,,,,,,,,,,,FALSE,0,,,,,,,0.00,0.00,0.00,TRUE,,,,0,,0.00,2L275
Nucard 80mg(D),Nucard (Valsartan) 80mg,1,FALSE,FALSE,,,,6050.00,NC,0,0.00,0.00,NC,0,0.00,0.00,NC,0,0.00,0.00,NC,0,0.00,0.00,NC,0,0.00,0.00,NC,0,0.00,0.00,NC,0,0.00,0.00,NC,0,0.00,0.00,NC,0,0.00,0.00,NC,0,0.00,,0,2570.00,1,49900,12356,59903,"03/23,.",02/26,,,FALSE,,,0.00,0.00,,FALSE,,,0.00,0.00,,FALSE,0.00,0.00,0.00,,,,,,,,,,,,,,,,,,,,,,,,,,,,,,,,,,,,,,,,,,,,,,,,,,,,,,,,,,,,,,,,,,,,,,,,,,,,,,,,,,,,,,,,FALSE,0,,,,,,,0.00,0.00,0.00,TRUE,,,,0,,0.00,3C297
Nucard 80mg(E),Nucard (Valsartan) 80mg,1,FALSE,FALSE,,,,6050.00,NC,0,0.00,0.00,NC,0,0.00,0.00,NC,0,0.00,0.00,NC,0,0.00,0.00,NC,0,0.00,0.00,NC,0,0.00,0.00,NC,0,0.00,0.00,NC,0,0.00,0.00,NC,0,0.00,0.00,NC,0,0.00,,0,5040.00,1,49900,12356,59903,"11/23,.",10/26,,,FALSE,,,0.00,0.00,,FALSE,,,0.00,0.00,,FALSE,0.00,0.00,0.00,,,,,,,,,,,,,,,,,,,,,,,,,,,,,,,,,,,,,,,,,,,,,,,,,,,,,,,,,,,,,,,,,,,,,,,,,,,,,,,,,,,,,,,,FALSE,0,,,,,,,0.00,0.00,0.00,TRUE,,,,0,,0.00,3M238
Nucard 80mg(F),Nucard (Valsartan) 80mg,1,FALSE,FALSE,,,,6050.00,NC,0,0.00,0.00,NC,0,0.00,0.00,NC,0,0.00,0.00,NC,0,0.00,0.00,NC,0,0.00,0.00,NC,0,0.00,0.00,NC,0,0.00,0.00,NC,0,0.00,0.00,NC,0,0.00,0.00,NC,0,0.00,,0,4920.00,1,49900,12356,59903,"03/24,.",02/27,,,FALSE,,,0.00,0.00,,FALSE,,,0.00,0.00,,FALSE,0.00,0.00,0.00,,,,,,,,,,,,,,,,,,,,,,,,,,,,,,,,,,,,,,,,,,,,,,,,,,,,,,,,,,,,,,,,,,,,,,,,,,,,,,,,,,,,,,,,FALSE,0,,,,,,,0.00,0.00,0.00,TRUE,,,,0,,0.00,4C214
Nucard 80mg(G),Nucard (Valsartan) 80mg,1,FALSE,FALSE,,,,6050.00,NC,0,0.00,0.00,NC,0,0.00,0.00,NC,0,0.00,0.00,NC,0,0.00,0.00,NC,0,0.00,0.00,NC,0,0.00,0.00,NC,0,0.00,0.00,NC,0,0.00,0.00,NC,0,0.00,0.00,NC,0,0.00,,0,4920.00,1,49900,12356,59903,"03/24,..",02/27..,,,FALSE,,,0.00,0.00,,FALSE,,,0.00,0.00,,FALSE,0.00,0.00,0.00,,,,,,,,,,,,,,,,,,,,,,,,,,,,,,,,,,,,,,,,,,,,,,,,,,,,,,,,,,,,,,,,,,,,,,,,,,,,,,,,,,,,,,,,FALSE,0,,,,,,,0.00,0.00,0.00,TRUE,,,,0,,0.00,4C184
Nucard 80mg(H),Nucard (Valsartan) 80mg,1,FALSE,FALSE,,,,6050.00,NC,0,0.00,0.00,NC,0,0.00,0.00,NC,0,0.00,0.00,NC,0,0.00,0.00,NC,0,0.00,0.00,NC,0,0.00,0.00,NC,0,0.00,0.00,NC,0,0.00,0.00,NC,0,0.00,0.00,NC,0,0.00,,0,4920.00,1,49900,12356,59903,"03/24.,..","02/27..,",,,FALSE,,,0.00,0.00,,FALSE,,,0.00,0.00,,FALSE,0.00,0.00,0.00,,,,,,,,,,,,,,,,,,,,,,,,,,,,,,,,,,,,,,,,,,,,,,,,,,,,,,,,,,,,,,,,,,,,,,,,,,,,,,,,,,,,,,,,FALSE,0,,,,,,,0.00,0.00,0.00,TRUE,,,,0,,0.00,4C199
Nucard 80mg(I),Nucard (Valsartan) 80mg,1,FALSE,FALSE,,,,6050.00,NC,0,0.00,0.00,NC,0,0.00,0.00,NC,0,0.00,0.00,NC,0,0.00,0.00,NC,0,0.00,0.00,NC,0,0.00,0.00,NC,0,0.00,0.00,NC,0,0.00,0.00,NC,0,0.00,0.00,NC,0,0.00,,0,4920.00,1,49900,12356,59903,03/24...,"02/27..,",,,FALSE,,,0.00,0.00,,FALSE,,,0.00,0.00,,FALSE,0.00,0.00,0.00,,,,,,,,,,,,,,,,,,,,,,,,,,,,,,,,,,,,,,,,,,,,,,,,,,,,,,,,,,,,,,,,,,,,,,,,,,,,,,,,,,,,,,,,FALSE,0,,,,,,,0.00,0.00,0.00,TRUE,,,,0,,0.00,4C215
Nucard 80mg(J),Nucard (Valsartan) 80mg,1,FALSE,FALSE,,,,6050.00,NC,0,0.00,0.00,NC,0,0.00,0.00,NC,0,0.00,0.00,NC,0,0.00,0.00,NC,0,0.00,0.00,NC,0,0.00,0.00,NC,0,0.00,0.00,NC,0,0.00,0.00,NC,0,0.00,0.00,NC,0,0.00,,0,4920.00,1,49900,12356,59903,"03/24.,","02/27..,",,,FALSE,,,0.00,0.00,,FALSE,,,0.00,0.00,,FALSE,0.00,0.00,0.00,,,,,,,,,,,,,,,,,,,,,,,,,,,,,,,,,,,,,,,,,,,,,,,,,,,,,,,,,,,,,,,,,,,,,,,,,,,,,,,,,,,,,,,,FALSE,0,,,,,,,0.00,0.00,0.00,TRUE,,,,0,,0.00,4C216
Nucard 80mg(K),Nucard (Valsartan) 80mg,1,FALSE,FALSE,,,,6050.00,NC,0,0.00,0.00,NC,0,0.00,0.00,NC,0,0.00,0.00,NC,0,0.00,0.00,NC,0,0.00,0.00,NC,0,0.00,0.00,NC,0,0.00,0.00,NC,0,0.00,0.00,NC,0,0.00,0.00,NC,0,0.00,,0,3784.62,1,49900,12356,59903,"03/24..,.","02/27..,",,,FALSE,,,0.00,0.00,,FALSE,,,0.00,0.00,,FALSE,0.00,0.00,0.00,,,,,,,,,,,,,,,,,,,,,,,,,,,,,,,,,,,,,,,,,,,,,,,,,,,,,,,,,,,,,,,,,,,,,,,,,,,,,,,,,,,,,,,,FALSE,0,,,,,,,0.00,0.00,209.00,TRUE,,,,0,,0.00,4C217
Oka-Ceftriaxone,Oka-Ceftriaxone,1,FALSE,FALSE,,,,0.00,NC,0,0.00,0.00,NC,0,0.00,0.00,NC,0,0.00,0.00,NC,0,0.00,0.00,NC,0,0.00,0.00,NC,0,0.00,0.00,NC,0,0.00,0.00,NC,0,0.00,0.00,NC,0,0.00,0.00,NC,0,0.00,,0,0.00,1,40507,12307,50707,,,,,FALSE,,,0.00,0.00,,FALSE,,,0.00,0.00,,FALSE,0.00,0.00,0.00,,,,,,,,,,,,,,,,,,,,,,,,,,,,,,,,,,,,,,,,,,,,,,,,,,,,,,,,,,,,,,,,,,,,,,,,,,,,,,,,,,,,,,,,FALSE,0,,,,,,,0.00,0.00,0.00,TRUE,,,,0,,0.00,
OPTIFLOX OPTH,OPTIFLOX OPTH,1,FALSE,FALSE,,,,2940.00,NC,0,0.00,0.00,NC,0,0.00,0.00,NC,0,0.00,0.00,NC,0,0.00,0.00,NC,0,0.00,0.00,NC,0,0.00,0.00,NC,0,0.00,0.00,NC,0,0.00,0.00,NC,0,0.00,0.00,NC,0,0.00,,0,2800.00,1,49918,12374,59921,10/23,10/25,,,FALSE,,,0.00,0.00,,FALSE,,,0.00,0.00,,FALSE,0.00,0.00,0.00,,,,,,,,,,,,,,,,,,,,,,,,,,,,,,,,,,,,,,,,,,,,,,,,,,,,,,,,,,,,,,,,,,,,,,,,,,,,,,,,,,,,,,,,FALSE,0,,,,,,,0.00,0.00,0.00,TRUE,,,,0,,0.00,ALO162
OPV,OPV,1,FALSE,FALSE,,,,0.00,NC,0,0.00,0.00,NC,0,0.00,0.00,NC,0,0.00,0.00,NC,0,0.00,0.00,NC,0,0.00,0.00,NC,0,0.00,0.00,NC,0,0.00,0.00,NC,0,0.00,0.00,NC,0,0.00,0.00,NC,0,0.00,,0,2500.00,1,40501,12301,50701,,,,,FALSE,,,0.00,0.00,,FALSE,,,0.00,0.00,,FALSE,0.00,0.00,0.00,,,,,,,,,,,,,,,,,,,,,,,,,,,,,,,,,,,,,,,,,,,,,,,,,,,,,,,,,,,,,,,,,,,,,,,,,,,,,,,,,,,,,,,,FALSE,0,,,,,,,0.00,0.00,-3.00,TRUE,,,,0,,0.00,
ORELOX 100MG,ORELOX 100MG Cap.,1,FALSE,FALSE,,,,2600.00,NC,0,0.00,0.00,NC,0,0.00,0.00,NC,0,0.00,0.00,NC,0,0.00,0.00,NC,0,0.00,0.00,NC,0,0.00,0.00,NC,0,0.00,0.00,NC,0,0.00,0.00,NC,0,0.00,0.00,NC,0,0.00,,0,1950.00,1,40528,12328,50728,05 / 18.,04/21,,,FALSE,,,0.00,0.00,,FALSE,,,0.00,0.00,,FALSE,0.00,0.00,0.00,,,,,,,,,,,,,,,,,,,,,,,,,,,,,,,,,,,,,,,,,,,,,,,,,,,,,,,,,,,,,,,,,,,,,,,,,,,,,,,,,,,,,,,,FALSE,0,,,,,,,0.00,0.00,0.00,TRUE,,,,0,,0.00,8KR7C
ORELOX 200MG,ORELOX 200MG Cap.,1,FALSE,FALSE,,,,2750.00,NC,0,0.00,0.00,NC,0,0.00,0.00,NC,0,0.00,0.00,NC,0,0.00,0.00,NC,0,0.00,0.00,NC,0,0.00,0.00,NC,0,0.00,0.00,NC,0,0.00,0.00,NC,0,0.00,0.00,NC,0,0.00,,0,2062.50,1,40000,12000,50000,10/18..,09/21,,,FALSE,,,0.00,0.00,,FALSE,,,0.00,0.00,,FALSE,0.00,0.00,0.00,,,,,,,,,,,,,,,,,,,,,,,,,,,,,,,,,,,,,,,,,,,,,,,,,,,,,,,,,,,,,,,,,,,,,,,,,,,,,,,,,,,,,,,,FALSE,0,,,,,,,0.00,0.00,0.00,TRUE,,,,0,,0.00,8PL2A
ORELOX 200MG (A),ORELOX 200MG Cap.,1,FALSE,FALSE,,,,2750.00,NC,0,0.00,0.00,NC,0,0.00,0.00,NC,0,0.00,0.00,NC,0,0.00,0.00,NC,0,0.00,0.00,NC,0,0.00,0.00,NC,0,0.00,0.00,NC,0,0.00,0.00,NC,0,0.00,0.00,NC,0,0.00,,0,2965.00,1,40000,12000,50000,12 /19..,11/22..,,,FALSE,,,0.00,0.00,,FALSE,,,0.00,0.00,,FALSE,0.00,0.00,0.00,,,,,,,,,,,,,,,,,,,,,,,,,,,,,,,,,,,,,,,,,,,,,,,,,,,,,,,,,,,,,,,,,,,,,,,,,,,,,,,,,,,,,,,,FALSE,0,,,,,,,0.00,0.00,0.00,TRUE,,,,0,,0.00,9UR2C
ORELOX 200MG (B),ORELOX 200MG Cap.,1,FALSE,FALSE,,,,2750.00,NC,0,0.00,0.00,NC,0,0.00,0.00,NC,0,0.00,0.00,NC,0,0.00,0.00,NC,0,0.00,0.00,NC,0,0.00,0.00,NC,0,0.00,0.00,NC,0,0.00,0.00,NC,0,0.00,0.00,NC,0,0.00,,0,3295.00,1,40000,12000,50000,04/20.,03/23,,,FALSE,,,0.00,0.00,,FALSE,,,0.00,0.00,,FALSE,0.00,0.00,0.00,,,,,,,,,,,,,,,,,,,,,,,,,,,,,,,,,,,,,,,,,,,,,,,,,,,,,,,,,,,,,,,,,,,,,,,,,,,,,,,,,,,,,,,,FALSE,0,,,,,,,0.00,0.00,0.00,TRUE,,,,0,,0.00,0KN6A
ORELOX 200MG (C),ORELOX 200MG Cap.,1,FALSE,FALSE,,,,2750.00,NC,0,0.00,0.00,NC,0,0.00,0.00,NC,0,0.00,0.00,NC,0,0.00,0.00,NC,0,0.00,0.00,NC,0,0.00,0.00,NC,0,0.00,0.00,NC,0,0.00,0.00,NC,0,0.00,0.00,NC,0,0.00,,0,3295.00,1,40507,12307,50707,04/20...,03/23,,,FALSE,,,0.00,0.00,,FALSE,,,0.00,0.00,,FALSE,0.00,0.00,0.00,,,,,,,,,,,,,,,,,,,,,,,,,,,,,,,,,,,,,,,,,,,,,,,,,,,,,,,,,,,,,,,,,,,,,,,,,,,,,,,,,,,,,,,,FALSE,0,,,,,,,0.00,0.00,0.00,TRUE,,,,0,,0.00,0KN7A
ORELOX 200MG (D),ORELOX 200MG  TAB.,1,FALSE,FALSE,,,,3789.25,NC,0,0.00,0.00,NC,0,0.00,0.00,NC,0,0.00,0.00,NC,0,0.00,0.00,NC,0,0.00,0.00,NC,0,0.00,0.00,NC,0,0.00,0.00,NC,0,0.00,0.00,NC,0,0.00,0.00,NC,0,0.00,,0,3295.00,1,40507,12307,50707,,07/23..,,,FALSE,,,0.00,0.00,,FALSE,,,0.00,0.00,,FALSE,0.00,0.00,0.00,,,,,,,,,,,,,,,,,,,,,,,,,,,,,,,,,,,,,,,,,,,,,,,,,,,,,,,,,,,,,,,,,,,,,,,,,,,,,,,,,,,,,,,,FALSE,0,,,,,,,0.00,0.00,0.00,TRUE,,,,0,,0.00,OM38A
ORELOX 200MG (E),ORELOX 200MG  TAB.,1,FALSE,FALSE,,,,3789.25,NC,0,0.00,0.00,NC,0,0.00,0.00,NC,0,0.00,0.00,NC,0,0.00,0.00,NC,0,0.00,0.00,NC,0,0.00,0.00,NC,0,0.00,0.00,NC,0,0.00,0.00,NC,0,0.00,0.00,NC,0,0.00,,0,3295.00,1,40507,12307,50707,10/21,09/24..,,,FALSE,,,0.00,0.00,,FALSE,,,0.00,0.00,,FALSE,0.00,0.00,0.00,,,,,,,,,,,,,,,,,,,,,,,,,,,,,,,,,,,,,,,,,,,,,,,,,,,,,,,,,,,,,,,,,,,,,,,,,,,,,,,,,,,,,,,,FALSE,0,,,,,,,0.00,0.00,0.00,TRUE,,,,0,,0.00,IP23A
ORELOX 200MG (F),ORELOX 200MG  TAB.,1,FALSE,FALSE,,,,4893.00,NC,0,0.00,0.00,NC,0,0.00,0.00,NC,0,0.00,0.00,NC,0,0.00,0.00,NC,0,0.00,0.00,NC,0,0.00,0.00,NC,0,0.00,0.00,NC,0,0.00,0.00,NC,0,0.00,0.00,NC,0,0.00,,0,4254.00,1,40507,12307,50707,02/22,01/25...,,,FALSE,,,0.00,0.00,,FALSE,,,0.00,0.00,,FALSE,0.00,0.00,0.00,,,,,,,,,,,,,,,,,,,,,,,,,,,,,,,,,,,,,,,,,,,,,,,,,,,,,,,,,,,,,,,,,,,,,,,,,,,,,,,,,,,,,,,,FALSE,0,,,,,,,0.00,0.00,0.00,TRUE,,,,0,,0.00,2K22A
ORELOX 200MG (G),ORELOX 200MG  TAB.,1,FALSE,FALSE,,,,7183.00,NC,0,0.00,0.00,NC,0,0.00,0.00,NC,0,0.00,0.00,NC,0,0.00,0.00,NC,0,0.00,0.00,NC,0,0.00,0.00,NC,0,0.00,0.00,NC,0,0.00,0.00,NC,0,0.00,0.00,NC,0,0.00,,0,4254.00,1,40507,12307,50707,06/22,05/25...,,,FALSE,,,0.00,0.00,,FALSE,,,0.00,0.00,,FALSE,0.00,0.00,0.00,,,,,,,,,,,,,,,,,,,,,,,,,,,,,,,,,,,,,,,,,,,,,,,,,,,,,,,,,,,,,,,,,,,,,,,,,,,,,,,,,,,,,,,,FALSE,0,,,,,,,0.00,0.00,0.00,TRUE,,,,0,,0.00,2MH2A
ORELOX 200MG (H),ORELOX 200MG  TAB.,1,FALSE,FALSE,,,,14582.00,NC,0,0.00,0.00,NC,0,0.00,0.00,NC,0,0.00,0.00,NC,0,0.00,0.00,NC,0,0.00,0.00,NC,0,0.00,0.00,NC,0,0.00,0.00,NC,0,0.00,0.00,NC,0,0.00,0.00,NC,0,0.00,,0,6530.00,1,40507,12307,50707,10/22.,09/25...,,,FALSE,,,0.00,0.00,,FALSE,,,0.00,0.00,,FALSE,0.00,0.00,0.00,,,,,,,,,,,,,,,,,,,,,,,,,,,,,,,,,,,,,,,,,,,,,,,,,,,,,,,,,,,,,,,,,,,,,,,,,,,,,,,,,,,,,,,,FALSE,0,,,,,,,0.00,0.00,0.00,TRUE,,,,0,,0.00,2RN2A
ORELOX 40MG,ORELOX 100MG Cap.,1,FALSE,FALSE,,,,2600.00,NC,0,0.00,0.00,NC,0,0.00,0.00,NC,0,0.00,0.00,NC,0,0.00,0.00,NC,0,0.00,0.00,NC,0,0.00,0.00,NC,0,0.00,0.00,NC,0,0.00,0.00,NC,0,0.00,0.00,NC,0,0.00,,0,2929.00,1,40528,12328,50728,03//20,02/22,,,FALSE,,,0.00,0.00,,FALSE,,,0.00,0.00,,FALSE,0.00,0.00,0.00,,,,,,,,,,,,,,,,,,,,,,,,,,,,,,,,,,,,,,,,,,,,,,,,,,,,,,,,,,,,,,,,,,,,,,,,,,,,,,,,,,,,,,,,FALSE,0,,,,,,,0.00,0.00,0.00,TRUE,,,,0,,0.00,OKM4D
ORELOX 80MG/PED100(A,ORELOX 80MG/PED100ML40MG/5ML,1,FALSE,FALSE,,,,0.00,NC,0,0.00,0.00,NC,0,0.00,0.00,NC,0,0.00,0.00,NC,0,0.00,0.00,NC,0,0.00,0.00,NC,0,0.00,0.00,NC,0,0.00,0.00,NC,0,0.00,0.00,NC,0,0.00,0.00,NC,0,0.00,,0,2930.00,1,40000,12000,50000,07/20..,06/22...,,,FALSE,,,0.00,0.00,,FALSE,,,0.00,0.00,,FALSE,0.00,0.00,0.00,,,,,,,,,,,,,,,,,,,,,,,,,,,,,,,,,,,,,,,,,,,,,,,,,,,,,,,,,,,,,,,,,,,,,,,,,,,,,,,,,,,,,,,,FALSE,0,,,,,,,0.00,0.00,0.00,TRUE,,,,0,,0.00,0MJ5A.
ORELOX 80MG/PED100ML,ORELOX 80MG/PED100ML40MG/5ML,1,FALSE,FALSE,,,,0.00,NC,0,0.00,0.00,NC,0,0.00,0.00,NC,0,0.00,0.00,NC,0,0.00,0.00,NC,0,0.00,0.00,NC,0,0.00,0.00,NC,0,0.00,0.00,NC,0,0.00,0.00,NC,0,0.00,0.00,NC,0,0.00,,0,1102.30,1,40000,12000,50000,04//19,03/21,,,FALSE,,,0.00,0.00,,FALSE,,,0.00,0.00,,FALSE,0.00,0.00,0.00,,,,,,,,,,,,,,,,,,,,,,,,,,,,,,,,,,,,,,,,,,,,,,,,,,,,,,,,,,,,,,,,,,,,,,,,,,,,,,,,,,,,,,,,FALSE,0,,,,,,,0.00,0.00,0.00,TRUE,,,,0,,0.00,9M75A
PENTAVAC,PENTAVAC,1,FALSE,FALSE,,,,2160.00,NC,0,0.00,0.00,NC,0,0.00,0.00,NC,0,0.00,0.00,NC,0,0.00,0.00,NC,0,0.00,0.00,NC,0,0.00,0.00,NC,0,0.00,0.00,NC,0,0.00,0.00,NC,0,0.00,0.00,NC,0,0.00,,0,2573.00,1,40529,12329,50729,,,,,FALSE,,,0.00,0.00,,FALSE,,,0.00,0.00,,FALSE,0.00,0.00,0.00,,,,,,,,,,,,,,,,,,,,,,,,,,,,,,,,,,,,,,,,,,,,,,,,,,,,,,,,,,,,,,,,,,,,,,,,,,,,,,,,,,,,,,,,FALSE,0,,,,,,,0.00,0.00,0.00,TRUE,,,,0,,0.00,
PENTAVALENT,PENTAVALENT MULTIPLE,1,FALSE,FALSE,,,,0.00,NC,0,0.00,0.00,NC,0,0.00,0.00,NC,0,0.00,0.00,NC,0,0.00,0.00,NC,0,0.00,0.00,NC,0,0.00,0.00,NC,0,0.00,0.00,NC,0,0.00,0.00,NC,0,0.00,0.00,NC,0,0.00,,0,2500.00,1,40529,12329,50729,,,,,FALSE,,,0.00,0.00,,FALSE,,,0.00,0.00,,FALSE,0.00,0.00,0.00,,,,,,,,,,,,,,,,,,,,,,,,,,,,,,,,,,,,,,,,,,,,,,,,,,,,,,,,,,,,,,,,,,,,,,,,,,,,,,,,,,,,,,,,FALSE,0,,,,,,,0.00,0.00,0.00,TRUE,,,,0,,0.00,
PENTAXIM,PENTAXIM,1,FALSE,FALSE,,,,9022.00,NC,0,0.00,0.00,NC,0,0.00,0.00,NC,0,0.00,0.00,NC,0,0.00,0.00,NC,0,0.00,0.00,NC,0,0.00,0.00,NC,0,0.00,0.00,NC,0,0.00,0.00,NC,0,0.00,0.00,NC,0,0.00,,0,10200.00,1,40511,12311,50711,,,,,FALSE,,,0.00,0.00,,FALSE,,,0.00,0.00,,FALSE,0.00,0.00,0.00,,,,,,,,,,,,,,,,,,,,,,,,,,,,,,,,,,,,,,,,,,,,,,,,,,,,,,,,,,,,,,,,,,,,,,,,,,,,,,,,,,,,,,,,FALSE,0,,,,,,,0.00,0.00,0.00,TRUE,,,,0,,0.00,
PNEUMO- 23,PNEUMO- 23,1,FALSE,FALSE,,,,5100.00,NC,0,0.00,0.00,NC,0,0.00,0.00,NC,0,0.00,0.00,NC,0,0.00,0.00,NC,0,0.00,0.00,NC,0,0.00,0.00,NC,0,0.00,0.00,NC,0,0.00,0.00,NC,0,0.00,0.00,NC,0,0.00,,0,4250.00,1,40513,12313,50713,,,,,FALSE,,,0.00,0.00,,FALSE,,,0.00,0.00,,FALSE,0.00,0.00,0.00,,,,,,,,,,,,,,,,,,,,,,,,,,,,,,,,,,,,,,,,,,,,,,,,,,,,,,,,,,,,,,,,,,,,,,,,,,,,,,,,,,,,,,,,FALSE,0,,,,,,,0.00,0.00,0.00,TRUE,,,,0,,0.00,
POLPROTEC VACCINES,POLPROTEC VACCINES,1,FALSE,FALSE,,,,3300.00,NC,0,0.00,0.00,NC,0,0.00,0.00,NC,0,0.00,0.00,NC,0,0.00,0.00,NC,0,0.00,0.00,NC,0,0.00,0.00,NC,0,0.00,0.00,NC,0,0.00,0.00,NC,0,0.00,0.00,NC,0,0.00,,0,2069.27,1,40526,12326,50726,,,,,FALSE,,,0.00,0.00,,FALSE,,,0.00,0.00,,FALSE,0.00,0.00,0.00,,,,,,,,,,,,,,,,,,,,,,,,,,,,,,,,,,,,,,,,,,,,,,,,,,,,,,,,,,,,,,,,,,,,,,,,,,,,,,,,,,,,,,,,FALSE,0,,,,,,,0.00,0.00,0.00,TRUE,,,,0,,0.00,
PREVENAR 13,PREVENAR  13,1,FALSE,FALSE,,,,9580.00,NC,0,0.00,0.00,NC,0,0.00,0.00,NC,0,0.00,0.00,NC,0,0.00,0.00,NC,0,0.00,0.00,NC,0,0.00,0.00,NC,0,0.00,0.00,NC,0,0.00,0.00,NC,0,0.00,0.00,NC,0,0.00,,0,8565.00,1,40510,12310,50710,11 /17.,10/20,,,FALSE,,,0.00,0.00,,FALSE,,,0.00,0.00,,FALSE,0.00,0.00,0.00,,,,,,,,,,,,,,,,,,,,,,,,,,,,,,,,,,,,,,,,,,,,,,,,,,,,,,,,,,,,,,,,,,,,,,,,,,,,,,,,,,,,,,,,FALSE,0,,,,,,,0.00,0.00,0.00,TRUE,,,,0,,0.00,W76159
PREVENAR 13 (A),PREVENAR  13,1,FALSE,FALSE,,,,9580.00,NC,0,0.00,0.00,NC,0,0.00,0.00,NC,0,0.00,0.00,NC,0,0.00,0.00,NC,0,0.00,0.00,NC,0,0.00,0.00,NC,0,0.00,0.00,NC,0,0.00,0.00,NC,0,0.00,0.00,NC,0,0.00,,0,8565.00,1,40510,12310,50710,03 /18.,02/21,,,FALSE,,,0.00,0.00,,FALSE,,,0.00,0.00,,FALSE,0.00,0.00,0.00,,,,,,,,,,,,,,,,,,,,,,,,,,,,,,,,,,,,,,,,,,,,,,,,,,,,,,,,,,,,,,,,,,,,,,,,,,,,,,,,,,,,,,,,FALSE,0,,,,,,,0.00,0.00,0.00,TRUE,,,,0,,0.00,APO744
PREVENAR 13 (B),PREVENAR  13,1,FALSE,FALSE,,,,9580.00,NC,0,0.00,0.00,NC,0,0.00,0.00,NC,0,0.00,0.00,NC,0,0.00,0.00,NC,0,0.00,0.00,NC,0,0.00,0.00,NC,0,0.00,0.00,NC,0,0.00,0.00,NC,0,0.00,0.00,NC,0,0.00,,0,8565.00,1,40510,12310,50710,04 /18.,03/21,,,FALSE,,,0.00,0.00,,FALSE,,,0.00,0.00,,FALSE,0.00,0.00,0.00,,,,,,,,,,,,,,,,,,,,,,,,,,,,,,,,,,,,,,,,,,,,,,,,,,,,,,,,,,,,,,,,,,,,,,,,,,,,,,,,,,,,,,,,FALSE,0,,,,,,,0.00,0.00,0.00,TRUE,,,,0,,0.00,APO737
PREVENAR 13 (C),PREVENAR  13,1,FALSE,FALSE,,,,9580.00,NC,0,0.00,0.00,NC,0,0.00,0.00,NC,0,0.00,0.00,NC,0,0.00,0.00,NC,0,0.00,0.00,NC,0,0.00,0.00,NC,0,0.00,0.00,NC,0,0.00,0.00,NC,0,0.00,0.00,NC,0,0.00,,0,8565.00,1,40510,12310,50710,12/ 18.,11/21,,,FALSE,,,0.00,0.00,,FALSE,,,0.00,0.00,,FALSE,0.00,0.00,0.00,,,,,,,,,,,,,,,,,,,,,,,,,,,,,,,,,,,,,,,,,,,,,,,,,,,,,,,,,,,,,,,,,,,,,,,,,,,,,,,,,,,,,,,,FALSE,0,,,,,,,0.00,0.00,0.00,TRUE,,,,0,,0.00,AW4466
PREVENAR 13 (D),PREVENAR  13,1,FALSE,FALSE,,,,9580.00,NC,0,0.00,0.00,NC,0,0.00,0.00,NC,0,0.00,0.00,NC,0,0.00,0.00,NC,0,0.00,0.00,NC,0,0.00,0.00,NC,0,0.00,0.00,NC,0,0.00,0.00,NC,0,0.00,0.00,NC,0,0.00,,0,8565.00,1,40510,12310,50710,03/19,02/22,,,FALSE,,,0.00,0.00,,FALSE,,,0.00,0.00,,FALSE,0.00,0.00,0.00,,,,,,,,,,,,,,,,,,,,,,,,,,,,,,,,,,,,,,,,,,,,,,,,,,,,,,,,,,,,,,,,,,,,,,,,,,,,,,,,,,,,,,,,FALSE,0,,,,,,,0.00,0.00,0.00,TRUE,,,,0,,0.00,CJ1030
PREVENAR 13 (E),PREVENAR  13,1,FALSE,FALSE,,,,9580.00,NC,0,0.00,0.00,NC,0,0.00,0.00,NC,0,0.00,0.00,NC,0,0.00,0.00,NC,0,0.00,0.00,NC,0,0.00,0.00,NC,0,0.00,0.00,NC,0,0.00,0.00,NC,0,0.00,0.00,NC,0,0.00,,0,8565.00,1,40510,12310,50710,3 / 19..,2 / 22;,,,FALSE,,,0.00,0.00,,FALSE,,,0.00,0.00,,FALSE,0.00,0.00,0.00,,,,,,,,,,,,,,,,,,,,,,,,,,,,,,,,,,,,,,,,,,,,,,,,,,,,,,,,,,,,,,,,,,,,,,,,,,,,,,,,,,,,,,,,FALSE,0,,,,,,,0.00,0.00,0.00,TRUE,,,,0,,0.00,CL3337
PREVENAR 13 (F),PREVENAR  13,1,FALSE,FALSE,,,,10920.00,NC,0,0.00,0.00,NC,0,0.00,0.00,NC,0,0.00,0.00,NC,0,0.00,0.00,NC,0,0.00,0.00,NC,0,0.00,0.00,NC,0,0.00,0.00,NC,0,0.00,0.00,NC,0,0.00,0.00,NC,0,0.00,,0,9777.00,1,40510,12310,50710,08//19..,07//22.,,,FALSE,,,0.00,0.00,,FALSE,,,0.00,0.00,,FALSE,0.00,0.00,0.00,,,,,,,,,,,,,,,,,,,,,,,,,,,,,,,,,,,,,,,,,,,,,,,,,,,,,,,,,,,,,,,,,,,,,,,,,,,,,,,,,,,,,,,,FALSE,0,,,,,,,0.00,0.00,0.00,TRUE,,,,0,,0.00,DC3402
PREVENAR 13 (G),PREVENAR  13,1,FALSE,FALSE,,,,10920.00,NC,0,0.00,0.00,NC,0,0.00,0.00,NC,0,0.00,0.00,NC,0,0.00,0.00,NC,0,0.00,0.00,NC,0,0.00,0.00,NC,0,0.00,0.00,NC,0,0.00,0.00,NC,0,0.00,0.00,NC,0,0.00,,0,9777.00,1,40510,12310,50710,11/19..,10/22..,,,FALSE,,,0.00,0.00,,FALSE,,,0.00,0.00,,FALSE,0.00,0.00,0.00,,,,,,,,,,,,,,,,,,,,,,,,,,,,,,,,,,,,,,,,,,,,,,,,,,,,,,,,,,,,,,,,,,,,,,,,,,,,,,,,,,,,,,,,FALSE,0,,,,,,,0.00,0.00,0.00,TRUE,,,,0,,0.00,DP8636
PREVENAR 13 (H),PREVENAR  13,1,FALSE,FALSE,,,,11580.00,NC,0,0.00,0.00,NC,0,0.00,0.00,NC,0,0.00,0.00,NC,0,0.00,0.00,NC,0,0.00,0.00,NC,0,0.00,0.00,NC,0,0.00,0.00,NC,0,0.00,0.00,NC,0,0.00,0.00,NC,0,0.00,,0,10339.00,1,40510,12310,50710,03/20..,02/23..,,,FALSE,,,0.00,0.00,,FALSE,,,0.00,0.00,,FALSE,0.00,0.00,0.00,,,,,,,,,,,,,,,,,,,,,,,,,,,,,,,,,,,,,,,,,,,,,,,,,,,,,,,,,,,,,,,,,,,,,,,,,,,,,,,,,,,,,,,,FALSE,0,,,,,,,0.00,0.00,0.00,TRUE,,,,0,,0.00,EA7890
PREVENAR 13 (I),PREVENAR  13,1,FALSE,FALSE,,,,10920.00,NC,0,0.00,0.00,NC,0,0.00,0.00,NC,0,0.00,0.00,NC,0,0.00,0.00,NC,0,0.00,0.00,NC,0,0.00,0.00,NC,0,0.00,0.00,NC,0,0.00,0.00,NC,0,0.00,0.00,NC,0,0.00,,0,9777.00,1,40510,12310,50710,08/19,07/22..,,,FALSE,,,0.00,0.00,,FALSE,,,0.00,0.00,,FALSE,0.00,0.00,0.00,,,,,,,,,,,,,,,,,,,,,,,,,,,,,,,,,,,,,,,,,,,,,,,,,,,,,,,,,,,,,,,,,,,,,,,,,,,,,,,,,,,,,,,,FALSE,0,,,,,,,0.00,0.00,0.00,TRUE,,,,0,,0.00,DG3152
PREVENAR 13 (J),PREVENAR  13,1,FALSE,FALSE,,,,10920.00,NC,0,0.00,0.00,NC,0,0.00,0.00,NC,0,0.00,0.00,NC,0,0.00,0.00,NC,0,0.00,0.00,NC,0,0.00,0.00,NC,0,0.00,0.00,NC,0,0.00,0.00,NC,0,0.00,0.00,NC,0,0.00,,0,9777.00,1,40510,12310,50710,03--20,02--23,,,FALSE,,,0.00,0.00,,FALSE,,,0.00,0.00,,FALSE,0.00,0.00,0.00,,,,,,,,,,,,,,,,,,,,,,,,,,,,,,,,,,,,,,,,,,,,,,,,,,,,,,,,,,,,,,,,,,,,,,,,,,,,,,,,,,,,,,,,FALSE,0,,,,,,,0.00,0.00,0.00,TRUE,,,,0,,0.00,EZ7890
PREVENAR 13 (K),PREVENAR  13,1,FALSE,FALSE,,,,11580.00,NC,0,0.00,0.00,NC,0,0.00,0.00,NC,0,0.00,0.00,NC,0,0.00,0.00,NC,0,0.00,0.00,NC,0,0.00,0.00,NC,0,0.00,0.00,NC,0,0.00,0.00,NC,0,0.00,0.00,NC,0,0.00,,0,10339.00,1,40510,12310,50710,10-20,09--23,,,FALSE,,,0.00,0.00,,FALSE,,,0.00,0.00,,FALSE,0.00,0.00,0.00,,,,,,,,,,,,,,,,,,,,,,,,,,,,,,,,,,,,,,,,,,,,,,,,,,,,,,,,,,,,,,,,,,,,,,,,,,,,,,,,,,,,,,,,FALSE,0,,,,,,,0.00,0.00,0.00,TRUE,,,,0,,0.00,FF8922
PREVENAR 13 (L),PREVENAR  13,1,FALSE,FALSE,,,,11580.00,NC,0,0.00,0.00,NC,0,0.00,0.00,NC,0,0.00,0.00,NC,0,0.00,0.00,NC,0,0.00,0.00,NC,0,0.00,0.00,NC,0,0.00,0.00,NC,0,0.00,0.00,NC,0,0.00,0.00,NC,0,0.00,,0,9777.00,1,40510,12310,50710,03 /20,02/23..,,,FALSE,,,0.00,0.00,,FALSE,,,0.00,0.00,,FALSE,0.00,0.00,0.00,,,,,,,,,,,,,,,,,,,,,,,,,,,,,,,,,,,,,,,,,,,,,,,,,,,,,,,,,,,,,,,,,,,,,,,,,,,,,,,,,,,,,,,,FALSE,0,,,,,,,0.00,0.00,0.00,TRUE,,,,0,,0.00,EAT680
PREVENAR 13 (M),PREVENAR  13,1,FALSE,FALSE,,,,14068.00,NC,0,0.00,0.00,NC,0,0.00,0.00,NC,0,0.00,0.00,NC,0,0.00,0.00,NC,0,0.00,0.00,NC,0,0.00,0.00,NC,0,0.00,0.00,NC,0,0.00,0.00,NC,0,0.00,0.00,NC,0,0.00,,0,10339.00,1,40510,12310,50710,03 / 20,02 / 23.,,,FALSE,,,0.00,0.00,,FALSE,,,0.00,0.00,,FALSE,0.00,0.00,0.00,,,,,,,,,,,,,,,,,,,,,,,,,,,,,,,,,,,,,,,,,,,,,,,,,,,,,,,,,,,,,,,,,,,,,,,,,,,,,,,,,,,,,,,,FALSE,0,,,,,,,0.00,0.00,0.00,TRUE,,,,0,,0.00,EA7890...
PREVENAR 13 (N),PREVENAR  13,1,FALSE,FALSE,,,,17025.00,NC,0,0.00,0.00,NC,0,0.00,0.00,NC,0,0.00,0.00,NC,0,0.00,0.00,NC,0,0.00,0.00,NC,0,0.00,0.00,NC,0,0.00,0.00,NC,0,0.00,0.00,NC,0,0.00,0.00,NC,0,0.00,,0,12557.00,1,40510,12310,50710,11/ 20,10 / 23.,,,FALSE,,,0.00,0.00,,FALSE,,,0.00,0.00,,FALSE,0.00,0.00,0.00,,,,,,,,,,,,,,,,,,,,,,,,,,,,,,,,,,,,,,,,,,,,,,,,,,,,,,,,,,,,,,,,,,,,,,,,,,,,,,,,,,,,,,,,FALSE,0,,,,,,,0.00,0.00,0.00,TRUE,,,,0,,0.00,FJ4149
PREVENAR 13 (O),PREVENAR  13,1,FALSE,FALSE,,,,14064.00,NC,0,0.00,0.00,NC,0,0.00,0.00,NC,0,0.00,0.00,NC,0,0.00,0.00,NC,0,0.00,0.00,NC,0,0.00,0.00,NC,0,0.00,0.00,NC,0,0.00,0.00,NC,0,0.00,0.00,NC,0,0.00,,0,10339.00,1,40510,12310,50710,10/ 20,09/ 23.,,,FALSE,,,0.00,0.00,,FALSE,,,0.00,0.00,,FALSE,0.00,0.00,0.00,,,,,,,,,,,,,,,,,,,,,,,,,,,,,,,,,,,,,,,,,,,,,,,,,,,,,,,,,,,,,,,,,,,,,,,,,,,,,,,,,,,,,,,,FALSE,0,,,,,,,0.00,0.00,0.00,TRUE,,,,0,,0.00,FF8922.
PREVENAR 13 (P),PREVENAR  13,1,FALSE,FALSE,,,,14068.00,NC,0,0.00,0.00,NC,0,0.00,0.00,NC,0,0.00,0.00,NC,0,0.00,0.00,NC,0,0.00,0.00,NC,0,0.00,0.00,NC,0,0.00,0.00,NC,0,0.00,0.00,NC,0,0.00,0.00,NC,0,0.00,,0,12557.00,1,40510,12310,50710,08/ 21,07/24.,,,FALSE,,,0.00,0.00,,FALSE,,,0.00,0.00,,FALSE,0.00,0.00,0.00,,,,,,,,,,,,,,,,,,,,,,,,,,,,,,,,,,,,,,,,,,,,,,,,,,,,,,,,,,,,,,,,,,,,,,,,,,,,,,,,,,,,,,,,FALSE,0,,,,,,,0.00,0.00,0.00,TRUE,,,,0,,0.00,FP8954
PREVENAR 13 (Q),PREVENAR  13,1,FALSE,FALSE,,,,26736.00,NC,0,0.00,0.00,NC,0,0.00,0.00,NC,0,0.00,0.00,NC,0,0.00,0.00,NC,0,0.00,0.00,NC,0,0.00,0.00,NC,0,0.00,0.00,NC,0,0.00,0.00,NC,0,0.00,0.00,NC,0,0.00,,0,12561.00,1,40510,12310,50710,"07/22,",06/25..,,,FALSE,,,0.00,0.00,,FALSE,,,0.00,0.00,,FALSE,0.00,0.00,0.00,,,,,,,,,,,,,,,,,,,,,,,,,,,,,,,,,,,,,,,,,,,,,,,,,,,,,,,,,,,,,,,,,,,,,,,,,,,,,,,,,,,,,,,,FALSE,0,,,,,,,0.00,0.00,0.00,TRUE,,,,0,,0.00,GT4785
PREVENAR 13 (R),PREVENAR  13,1,FALSE,FALSE,,,,26736.00,NC,0,0.00,0.00,NC,0,0.00,0.00,NC,0,0.00,0.00,NC,0,0.00,0.00,NC,0,0.00,0.00,NC,0,0.00,0.00,NC,0,0.00,0.00,NC,0,0.00,0.00,NC,0,0.00,0.00,NC,0,0.00,,0,19444.80,1,40510,12310,50710,"05/22,,",04/25..,,,FALSE,,,0.00,0.00,,FALSE,,,0.00,0.00,,FALSE,0.00,0.00,0.00,,,,,,,,,,,,,,,,,,,,,,,,,,,,,,,,,,,,,,,,,,,,,,,,,,,,,,,,,,,,,,,,,,,,,,,,,,,,,,,,,,,,,,,,FALSE,0,,,,,,,0.00,0.00,0.00,TRUE,,,,0,,0.00,GN9414
PREVENAR 13 (S),PREVENAR  13,1,FALSE,FALSE,,,,34604.00,NC,0,0.00,0.00,NC,0,0.00,0.00,NC,0,0.00,0.00,NC,0,0.00,0.00,NC,0,0.00,0.00,NC,0,0.00,0.00,NC,0,0.00,0.00,NC,0,0.00,0.00,NC,0,0.00,0.00,NC,0,0.00,,0,31436.00,1,40510,12310,50710,"07/22,,",06/25..,,,FALSE,,,0.00,0.00,,FALSE,,,0.00,0.00,,FALSE,0.00,0.00,0.00,,,,,,,,,,,,,,,,,,,,,,,,,,,,,,,,,,,,,,,,,,,,,,,,,,,,,,,,,,,,,,,,,,,,,,,,,,,,,,,,,,,,,,,,FALSE,0,,,,,,,0.00,0.00,0.00,TRUE,,,,0,,0.00,GT4785.
PREVENAR 13 (T),PREVENAR  13,1,FALSE,FALSE,,,,34604.00,NC,0,0.00,0.00,NC,0,0.00,0.00,NC,0,0.00,0.00,NC,0,0.00,0.00,NC,0,0.00,0.00,NC,0,0.00,0.00,NC,0,0.00,0.00,NC,0,0.00,0.00,NC,0,0.00,0.00,NC,0,0.00,,0,31436.00,1,40510,12310,50710,"07/23,,",06/26..,,,FALSE,,,0.00,0.00,,FALSE,,,0.00,0.00,,FALSE,0.00,0.00,0.00,,,,,,,,,,,,,,,,,,,,,,,,,,,,,,,,,,,,,,,,,,,,,,,,,,,,,,,,,,,,,,,,,,,,,,,,,,,,,,,,,,,,,,,,FALSE,0,,,,,,,0.00,0.00,0.00,TRUE,,,,0,,0.00,HP7505
PREVENAR 13 (U),PREVENAR  13,1,FALSE,FALSE,,,,34604.00,NC,0,0.00,0.00,NC,0,0.00,0.00,NC,0,0.00,0.00,NC,0,0.00,0.00,NC,0,0.00,0.00,NC,0,0.00,0.00,NC,0,0.00,0.00,NC,0,0.00,0.00,NC,0,0.00,0.00,NC,0,0.00,,0,31436.00,1,40510,12310,50710,"01/24,,",12/26..,,,FALSE,,,0.00,0.00,,FALSE,,,0.00,0.00,,FALSE,0.00,0.00,0.00,,,,,,,,,,,,,,,,,,,,,,,,,,,,,,,,,,,,,,,,,,,,,,,,,,,,,,,,,,,,,,,,,,,,,,,,,,,,,,,,,,,,,,,,FALSE,0,,,,,,,0.00,0.00,0.00,TRUE,,,,0,,0.00,LC9325
PREVENAR 13 (V),PREVENAR  13,1,FALSE,FALSE,,,,34604.00,NC,0,0.00,0.00,NC,0,0.00,0.00,NC,0,0.00,0.00,NC,0,0.00,0.00,NC,0,0.00,0.00,NC,0,0.00,0.00,NC,0,0.00,0.00,NC,0,0.00,0.00,NC,0,0.00,0.00,NC,0,0.00,,0,31436.00,1,40510,12310,50710,"04/24,,","03/27..,",,,FALSE,,,0.00,0.00,,FALSE,,,0.00,0.00,,FALSE,0.00,0.00,0.00,,,,,,,,,,,,,,,,,,,,,,,,,,,,,,,,,,,,,,,,,,,,,,,,,,,,,,,,,,,,,,,,,,,,,,,,,,,,,,,,,,,,,,,,FALSE,0,,,,,,,0.00,0.00,0.00,TRUE,,,,0,,0.00,MC0268
PREVENAR 13 (W),PREVENAR  13,1,FALSE,FALSE,,,,34604.00,NC,0,0.00,0.00,NC,0,0.00,0.00,NC,0,0.00,0.00,NC,0,0.00,0.00,NC,0,0.00,0.00,NC,0,0.00,0.00,NC,0,0.00,0.00,NC,0,0.00,0.00,NC,0,0.00,0.00,NC,0,0.00,,0,31436.00,1,40510,12310,50710,"05/24,,","04/27..,",,,FALSE,,,0.00,0.00,,FALSE,,,0.00,0.00,,FALSE,0.00,0.00,0.00,,,,,,,,,,,,,,,,,,,,,,,,,,,,,,,,,,,,,,,,,,,,,,,,,,,,,,,,,,,,,,,,,,,,,,,,,,,,,,,,,,,,,,,,FALSE,0,,,,,,,0.00,0.00,0.00,TRUE,,,,0,,0.00,LP5000
PREVENAR 13 (X),PREVENAR  13,1,FALSE,FALSE,,,,34604.00,NC,0,0.00,0.00,NC,0,0.00,0.00,NC,0,0.00,0.00,NC,0,0.00,0.00,NC,0,0.00,0.00,NC,0,0.00,0.00,NC,0,0.00,0.00,NC,0,0.00,0.00,NC,0,0.00,0.00,NC,0,0.00,,0,31436.00,1,40510,12310,50710,"11/24,,","10/27..,",,,FALSE,,,0.00,0.00,,FALSE,,,0.00,0.00,,FALSE,0.00,0.00,0.00,,,,,,,,,,,,,,,,,,,,,,,,,,,,,,,,,,,,,,,,,,,,,,,,,,,,,,,,,,,,,,,,,,,,,,,,,,,,,,,,,,,,,,,,FALSE,0,,,,,,,0.00,0.00,141.00,TRUE,,,,0,,0.00,MM9563
PRIORIX,PRIORIX,1,FALSE,FALSE,,,,2980.00,NC,0,0.00,0.00,NC,0,0.00,0.00,NC,0,0.00,0.00,NC,0,0.00,0.00,NC,0,0.00,0.00,NC,0,0.00,0.00,NC,0,0.00,0.00,NC,0,0.00,0.00,NC,0,0.00,0.00,NC,0,0.00,,0,2589.00,1,40501,12301,50701,04/18 .,03/20,,,FALSE,,,0.00,0.00,,FALSE,,,0.00,0.00,,FALSE,0.00,0.00,0.00,,,,,,,,,,,,,,,,,,,,,,,,,,,,,,,,,,,,,,,,,,,,,,,,,,,,,,,,,,,,,,,,,,,,,,,,,,,,,,,,,,,,,,,,FALSE,0,,,,,,,0.00,0.00,0.00,TRUE,,,,0,,0.00,A69CE751A
PRIORIX (A),PRIORIX,1,FALSE,FALSE,,,,3226.00,NC,0,0.00,0.00,NC,0,0.00,0.00,NC,0,0.00,0.00,NC,0,0.00,0.00,NC,0,0.00,0.00,NC,0,0.00,0.00,NC,0,0.00,0.00,NC,0,0.00,0.00,NC,0,0.00,0.00,NC,0,0.00,,0,2688.00,1,40501,12301,50701,09/2019,08/ 21..,,,FALSE,,,0.00,0.00,,FALSE,,,0.00,0.00,,FALSE,0.00,0.00,0.00,,,,,,,,,,,,,,,,,,,,,,,,,,,,,,,,,,,,,,,,,,,,,,,,,,,,,,,,,,,,,,,,,,,,,,,,,,,,,,,,,,,,,,,,FALSE,0,,,,,,,0.00,0.00,0.00,TRUE,,,,0,,0.00,AMJRE033AB
PRIORIX (B),PRIORIX,1,FALSE,FALSE,,,,3226.00,NC,0,0.00,0.00,NC,0,0.00,0.00,NC,0,0.00,0.00,NC,0,0.00,0.00,NC,0,0.00,0.00,NC,0,0.00,0.00,NC,0,0.00,0.00,NC,0,0.00,0.00,NC,0,0.00,0.00,NC,0,0.00,,0,2688.00,1,40501,12301,50701,06/2020,5/22,,,FALSE,,,0.00,0.00,,FALSE,,,0.00,0.00,,FALSE,0.00,0.00,0.00,,,,,,,,,,,,,,,,,,,,,,,,,,,,,,,,,,,,,,,,,,,,,,,,,,,,,,,,,,,,,,,,,,,,,,,,,,,,,,,,,,,,,,,,FALSE,0,,,,,,,0.00,0.00,0.00,TRUE,,,,0,,0.00,AMJRE173AA
PRIORIX (C),PRIORIX,1,FALSE,FALSE,,,,3226.00,NC,0,0.00,0.00,NC,0,0.00,0.00,NC,0,0.00,0.00,NC,0,0.00,0.00,NC,0,0.00,0.00,NC,0,0.00,0.00,NC,0,0.00,0.00,NC,0,0.00,0.00,NC,0,0.00,0.00,NC,0,0.00,,0,2688.00,1,40501,12301,50701,01//2020.,12//21,,,FALSE,,,0.00,0.00,,FALSE,,,0.00,0.00,,FALSE,0.00,0.00,0.00,,,,,,,,,,,,,,,,,,,,,,,,,,,,,,,,,,,,,,,,,,,,,,,,,,,,,,,,,,,,,,,,,,,,,,,,,,,,,,,,,,,,,,,,FALSE,0,,,,,,,0.00,0.00,0.00,TRUE,,,,0,,0.00,AMJRE125AC
PRIORIX (D),PRIORIX,1,FALSE,FALSE,,,,3226.00,NC,0,0.00,0.00,NC,0,0.00,0.00,NC,0,0.00,0.00,NC,0,0.00,0.00,NC,0,0.00,0.00,NC,0,0.00,0.00,NC,0,0.00,0.00,NC,0,0.00,0.00,NC,0,0.00,0.00,NC,0,0.00,,0,2688.00,1,40501,12301,50701,06/2020..,05/22...,,,FALSE,,,0.00,0.00,,FALSE,,,0.00,0.00,,FALSE,0.00,0.00,0.00,,,,,,,,,,,,,,,,,,,,,,,,,,,,,,,,,,,,,,,,,,,,,,,,,,,,,,,,,,,,,,,,,,,,,,,,,,,,,,,,,,,,,,,,FALSE,0,,,,,,,0.00,0.00,0.00,TRUE,,,,0,,0.00,AMJRE173AA.
PRIORIX (E),PRIORIX,1,FALSE,FALSE,,,,3172.00,NC,0,0.00,0.00,NC,0,0.00,0.00,NC,0,0.00,0.00,NC,0,0.00,0.00,NC,0,0.00,0.00,NC,0,0.00,0.00,NC,0,0.00,0.00,NC,0,0.00,0.00,NC,0,0.00,0.00,NC,0,0.00,,0,2688.00,1,40501,12301,50701,04/21..,03/23.,,,FALSE,,,0.00,0.00,,FALSE,,,0.00,0.00,,FALSE,0.00,0.00,0.00,,,,,,,,,,,,,,,,,,,,,,,,,,,,,,,,,,,,,,,,,,,,,,,,,,,,,,,,,,,,,,,,,,,,,,,,,,,,,,,,,,,,,,,,FALSE,0,,,,,,,0.00,0.00,0.00,TRUE,,,,0,,0.00,A69CF296A
PRIORIX (F),PRIORIX,1,FALSE,FALSE,,,,5040.00,NC,0,0.00,0.00,NC,0,0.00,0.00,NC,0,0.00,0.00,NC,0,0.00,0.00,NC,0,0.00,0.00,NC,0,0.00,0.00,NC,0,0.00,0.00,NC,0,0.00,0.00,NC,0,0.00,0.00,NC,0,0.00,,0,2688.00,1,40501,12301,50701,01/22....,12/23..,,,FALSE,,,0.00,0.00,,FALSE,,,0.00,0.00,,FALSE,0.00,0.00,0.00,,,,,,,,,,,,,,,,,,,,,,,,,,,,,,,,,,,,,,,,,,,,,,,,,,,,,,,,,,,,,,,,,,,,,,,,,,,,,,,,,,,,,,,,FALSE,0,,,,,,,0.00,0.00,0.00,TRUE,,,,0,,0.00,A69CF415A
PRIORIX (G),PRIORIX,1,FALSE,FALSE,,,,10200.00,NC,0,0.00,0.00,NC,0,0.00,0.00,NC,0,0.00,0.00,NC,0,0.00,0.00,NC,0,0.00,0.00,NC,0,0.00,0.00,NC,0,0.00,0.00,NC,0,0.00,0.00,NC,0,0.00,0.00,NC,0,0.00,,0,3360.00,1,40501,12301,50701,05/22....,04/24..,,,FALSE,,,0.00,0.00,,FALSE,,,0.00,0.00,,FALSE,0.00,0.00,0.00,,,,,,,,,,,,,,,,,,,,,,,,,,,,,,,,,,,,,,,,,,,,,,,,,,,,,,,,,,,,,,,,,,,,,,,,,,,,,,,,,,,,,,,,FALSE,0,,,,,,,0.00,0.00,0.00,TRUE,,,,0,,0.00,A69CF450B
PRIORIX (H),PRIORIX,1,FALSE,FALSE,,,,17850.00,NC,0,0.00,0.00,NC,0,0.00,0.00,NC,0,0.00,0.00,NC,0,0.00,0.00,NC,0,0.00,0.00,NC,0,0.00,0.00,NC,0,0.00,0.00,NC,0,0.00,0.00,NC,0,0.00,0.00,NC,0,0.00,,0,16658.00,1,40501,12301,50701,08/24....,07/26...,,,FALSE,,,0.00,0.00,,FALSE,,,0.00,0.00,,FALSE,0.00,0.00,0.00,,,,,,,,,,,,,,,,,,,,,,,,,,,,,,,,,,,,,,,,,,,,,,,,,,,,,,,,,,,,,,,,,,,,,,,,,,,,,,,,,,,,,,,,FALSE,0,,,,,,,0.00,0.00,-583.00,TRUE,,,,0,,0.00,A69CF798A
PRIORIX TETRA 1D,PRIORIX TETRA 1D,1,FALSE,FALSE,,,,8200.00,NC,0,0.00,0.00,NC,0,0.00,0.00,NC,0,0.00,0.00,NC,0,0.00,0.00,NC,0,0.00,0.00,NC,0,0.00,0.00,NC,0,0.00,0.00,NC,0,0.00,0.00,NC,0,0.00,0.00,NC,0,0.00,,0,2301.20,1,40450,12250,50650,,,,,FALSE,,,0.00,0.00,,FALSE,,,0.00,0.00,,FALSE,0.00,0.00,0.00,,,,,,,,,,,,,,,,,,,,,,,,,,,,,,,,,,,,,,,,,,,,,,,,,,,,,,,,,,,,,,,,,,,,,,,,,,,,,,,,,,,,,,,,FALSE,0,,,,,,,0.00,0.00,0.00,TRUE,,,,0,,0.00,
Protedex Inj,Protedex Inj,1,FALSE,FALSE,,,,0.00,NC,0,0.00,0.00,NC,0,0.00,0.00,NC,0,0.00,0.00,NC,0,0.00,0.00,NC,0,0.00,0.00,NC,0,0.00,0.00,NC,0,0.00,0.00,NC,0,0.00,0.00,NC,0,0.00,0.00,NC,0,0.00,,0,666.00,1,40528,12328,50728,,,,,FALSE,,,0.00,0.00,,FALSE,,,0.00,0.00,,FALSE,0.00,0.00,0.00,,,,,,,,,,,,,,,,,,,,,,,,,,,,,,,,,,,,,,,,,,,,,,,,,,,,,,,,,,,,,,,,,,,,,,,,,,,,,,,,,,,,,,,,FALSE,0,,,,,,,0.00,0.00,0.00,TRUE,,,,0,,0.00,
Proximexa 250mg,Proximexa 250mg,1,FALSE,FALSE,,,,0.00,NC,0,0.00,0.00,NC,0,0.00,0.00,NC,0,0.00,0.00,NC,0,0.00,0.00,NC,0,0.00,0.00,NC,0,0.00,0.00,NC,0,0.00,0.00,NC,0,0.00,0.00,NC,0,0.00,0.00,NC,0,0.00,,0,1046.00,1,40528,12328,50728,,,,,FALSE,,,0.00,0.00,,FALSE,,,0.00,0.00,,FALSE,0.00,0.00,0.00,,,,,,,,,,,,,,,,,,,,,,,,,,,,,,,,,,,,,,,,,,,,,,,,,,,,,,,,,,,,,,,,,,,,,,,,,,,,,,,,,,,,,,,,FALSE,0,,,,,,,0.00,0.00,0.00,TRUE,,,,0,,0.00,
Proximexa 500mg,Proximexa 500mg,1,FALSE,FALSE,,,,0.00,NC,0,0.00,0.00,NC,0,0.00,0.00,NC,0,0.00,0.00,NC,0,0.00,0.00,NC,0,0.00,0.00,NC,0,0.00,0.00,NC,0,0.00,0.00,NC,0,0.00,0.00,NC,0,0.00,0.00,NC,0,0.00,,0,1621.00,1,40528,12328,50728,,,,,FALSE,,,0.00,0.00,,FALSE,,,0.00,0.00,,FALSE,0.00,0.00,0.00,,,,,,,,,,,,,,,,,,,,,,,,,,,,,,,,,,,,,,,,,,,,,,,,,,,,,,,,,,,,,,,,,,,,,,,,,,,,,,,,,,,,,,,,FALSE,0,,,,,,,0.00,0.00,0.00,TRUE,,,,0,,0.00,
RECORMON 400IU,RECORMON 400IU,1,FALSE,FALSE,,,,0.00,NC,0,0.00,0.00,NC,0,0.00,0.00,NC,0,0.00,0.00,NC,0,0.00,0.00,NC,0,0.00,0.00,NC,0,0.00,0.00,NC,0,0.00,0.00,NC,0,0.00,0.00,NC,0,0.00,0.00,NC,0,0.00,,0,56195.00,1,49903,12359,59906,02/23,02/25,,,FALSE,,,0.00,0.00,,FALSE,,,0.00,0.00,,FALSE,0.00,0.00,0.00,,,,,,,,,,,,,,,,,,,,,,,,,,,,,,,,,,,,,,,,,,,,,,,,,,,,,,,,,,,,,,,,,,,,,,,,,,,,,,,,,,,,,,,,FALSE,0,,,,,,,0.00,0.00,0.00,TRUE,,,,0,,0.00,H104IH06
REVAC B,REVAC B,1,FALSE,FALSE,,,,5500.00,NC,0,0.00,0.00,NC,0,0.00,0.00,NC,0,0.00,0.00,NC,0,0.00,0.00,NC,0,0.00,0.00,NC,0,0.00,0.00,NC,0,0.00,0.00,NC,0,0.00,0.00,NC,0,0.00,0.00,NC,0,0.00,,0,2200.00,1,40000,12000,50000,,,,,FALSE,,,0.00,0.00,,FALSE,,,0.00,0.00,,FALSE,0.00,0.00,0.00,,,,,,,,,,,,,,,,,,,,,,,,,,,,,,,,,,,,,,,,,,,,,,,,,,,,,,,,,,,,,,,,,,,,,,,,,,,,,,,,,,,,,,,,FALSE,0,,,,,,,0.00,0.00,0.00,TRUE,,,,0,,0.00,
REVAC B (A),REVAC B,1,FALSE,FALSE,,,,5500.00,NC,0,0.00,0.00,NC,0,0.00,0.00,NC,0,0.00,0.00,NC,0,0.00,0.00,NC,0,0.00,0.00,NC,0,0.00,0.00,NC,0,0.00,0.00,NC,0,0.00,0.00,NC,0,0.00,0.00,NC,0,0.00,,0,4500.00,1,40000,12000,50000,07/24,06 / 27,,,FALSE,,,0.00,0.00,,FALSE,,,0.00,0.00,,FALSE,0.00,0.00,0.00,,,,,,,,,,,,,,,,,,,,,,,,,,,,,,,,,,,,,,,,,,,,,,,,,,,,,,,,,,,,,,,,,,,,,,,,,,,,,,,,,,,,,,,,FALSE,0,,,,,,,0.00,0.00,0.00,TRUE,,,,0,,0.00,51B24004R
REVAC B (B),REVAC B,1,FALSE,FALSE,,,,5500.00,NC,0,0.00,0.00,NC,0,0.00,0.00,NC,0,0.00,0.00,NC,0,0.00,0.00,NC,0,0.00,0.00,NC,0,0.00,0.00,NC,0,0.00,0.00,NC,0,0.00,0.00,NC,0,0.00,0.00,NC,0,0.00,,0,4500.00,1,40000,12000,50000,07/24.,06 / 27,,,FALSE,,,0.00,0.00,,FALSE,,,0.00,0.00,,FALSE,0.00,0.00,0.00,,,,,,,,,,,,,,,,,,,,,,,,,,,,,,,,,,,,,,,,,,,,,,,,,,,,,,,,,,,,,,,,,,,,,,,,,,,,,,,,,,,,,,,,FALSE,0,,,,,,,0.00,0.00,0.00,TRUE,,,,0,,0.00,51B24004A
REVAC B (C),REVAC B,1,FALSE,FALSE,,,,5950.00,NC,0,0.00,0.00,NC,0,0.00,0.00,NC,0,0.00,0.00,NC,0,0.00,0.00,NC,0,0.00,0.00,NC,0,0.00,0.00,NC,0,0.00,0.00,NC,0,0.00,0.00,NC,0,0.00,0.00,NC,0,0.00,,0,4250.00,1,40000,12000,50000,03/25.,02/ 28,,,FALSE,,,0.00,0.00,,FALSE,,,0.00,0.00,,FALSE,0.00,0.00,0.00,,,,,,,,,,,,,,,,,,,,,,,,,,,,,,,,,,,,,,,,,,,,,,,,,,,,,,,,,,,,,,,,,,,,,,,,,,,,,,,,,,,,,,,,FALSE,0,,,,,,,0.00,0.00,-71.00,TRUE,,,,0,,0.00,51B25008A
REVAC B (D),REVAC B,1,FALSE,FALSE,,,,5950.00,NC,0,0.00,0.00,NC,0,0.00,0.00,NC,0,0.00,0.00,NC,0,0.00,0.00,NC,0,0.00,0.00,NC,0,0.00,0.00,NC,0,0.00,0.00,NC,0,0.00,0.00,NC,0,0.00,0.00,NC,0,0.00,,0,4250.00,1,40000,12000,50000,08/25.,07/ 28,,,FALSE,,,0.00,0.00,,FALSE,,,0.00,0.00,,FALSE,0.00,0.00,0.00,,,,,,,,,,,,,,,,,,,,,,,,,,,,,,,,,,,,,,,,,,,,,,,,,,,,,,,,,,,,,,,,,,,,,,,,,,,,,,,,,,,,,,,,FALSE,0,,,,,,,0.00,0.00,423.00,TRUE,,,,0,,0.00,51B25028A
REVAC B 10mls (M/D),REVAC B 10mls (M/D),1,FALSE,FALSE,,,,5500.00,NC,0,0.00,0.00,NC,0,0.00,0.00,NC,0,0.00,0.00,NC,0,0.00,0.00,NC,0,0.00,0.00,NC,0,0.00,0.00,NC,0,0.00,0.00,NC,0,0.00,0.00,NC,0,0.00,0.00,NC,0,0.00,,0,30000.00,1,40000,12000,50000,"07/24.,",06 / 27.,,,FALSE,,,0.00,0.00,,FALSE,,,0.00,0.00,,FALSE,0.00,0.00,0.00,,,,,,,,,,,,,,,,,,,,,,,,,,,,,,,,,,,,,,,,,,,,,,,,,,,,,,,,,,,,,,,,,,,,,,,,,,,,,,,,,,,,,,,,FALSE,0,,,,,,,0.00,0.00,0.00,TRUE,,,,0,,0.00,51E24001A
RHOCLONE,RHOCLONE,1,FALSE,FALSE,,,,22000.00,NC,0,0.00,0.00,NC,0,0.00,0.00,NC,0,0.00,0.00,NC,0,0.00,0.00,NC,0,0.00,0.00,NC,0,0.00,0.00,NC,0,0.00,0.00,NC,0,0.00,0.00,NC,0,0.00,0.00,NC,0,0.00,,0,22000.00,1,40000,12000,50000,,,,,FALSE,,,0.00,0.00,,FALSE,,,0.00,0.00,,FALSE,0.00,0.00,0.00,,,,,,,,,,,,,,,,,,,,,,,,,,,,,,,,,,,,,,,,,,,,,,,,,,,,,,,,,,,,,,,,,,,,,,,,,,,,,,,,,,,,,,,,FALSE,0,,,,,,,0.00,0.00,0.00,TRUE,,,,0,,0.00,
RHOGAM (ANTI - D),RHOGAM (ANTI - D),1,FALSE,FALSE,,,,20500.00,NC,0,0.00,0.00,NC,0,0.00,0.00,NC,0,0.00,0.00,NC,0,0.00,0.00,NC,0,0.00,0.00,NC,0,0.00,0.00,NC,0,0.00,0.00,NC,0,0.00,0.00,NC,0,0.00,0.00,NC,0,0.00,,0,15500.00,1,40534,12334,50734,,,,,FALSE,,,0.00,0.00,,FALSE,,,0.00,0.00,,FALSE,0.00,0.00,0.00,,,,,,,,,,,,,,,,,,,,,,,,,,,,,,,,,,,,,,,,,,,,,,,,,,,,,,,,,,,,,,,,,,,,,,,,,,,,,,,,,,,,,,,,FALSE,0,,,,,,,0.00,0.00,0.00,TRUE,,,,0,,0.00,
ROCICEF POWDER INJ.,ROCICEF POWDER INJ. 750MG,1,FALSE,FALSE,,,,529.00,NC,0,0.00,0.00,NC,0,0.00,0.00,NC,0,0.00,0.00,NC,0,0.00,0.00,NC,0,0.00,0.00,NC,0,0.00,0.00,NC,0,0.00,0.00,NC,0,0.00,0.00,NC,0,0.00,0.00,NC,0,0.00,,0,355.25,1,40539,12339,50739,10/18,09/21,,,FALSE,,,0.00,0.00,,FALSE,,,0.00,0.00,,FALSE,0.00,0.00,0.00,,,,,,,,,,,,,,,,,,,,,,,,,,,,,,,,,,,,,,,,,,,,,,,,,,,,,,,,,,,,,,,,,,,,,,,,,,,,,,,,,,,,,,,,FALSE,0,,,,,,,0.00,0.00,0.00,TRUE,,,,0,,0.00,850071
ROCICEF POWDER(A),ROCICEF POWDER INJ. 750MG,1,FALSE,FALSE,,,,529.00,NC,0,0.00,0.00,NC,0,0.00,0.00,NC,0,0.00,0.00,NC,0,0.00,0.00,NC,0,0.00,0.00,NC,0,0.00,0.00,NC,0,0.00,0.00,NC,0,0.00,0.00,NC,0,0.00,0.00,NC,0,0.00,,0,529.00,1,40539,12339,50739,01 / 19..,12/21,,,FALSE,,,0.00,0.00,,FALSE,,,0.00,0.00,,FALSE,0.00,0.00,0.00,,,,,,,,,,,,,,,,,,,,,,,,,,,,,,,,,,,,,,,,,,,,,,,,,,,,,,,,,,,,,,,,,,,,,,,,,,,,,,,,,,,,,,,,FALSE,0,,,,,,,0.00,0.00,0.00,TRUE,,,,0,,0.00,950005
ROTARIX,ROTARIX,1,FALSE,FALSE,,,,5600.00,NC,0,0.00,0.00,NC,0,0.00,0.00,NC,0,0.00,0.00,NC,0,0.00,0.00,NC,0,0.00,0.00,NC,0,0.00,0.00,NC,0,0.00,0.00,NC,0,0.00,0.00,NC,0,0.00,0.00,NC,0,0.00,,0,4645.00,1,40508,12308,50708,04/17,03/20,,,FALSE,,,0.00,0.00,,FALSE,,,0.00,0.00,,FALSE,0.00,0.00,0.00,,,,,,,,,,,,,,,,,,,,,,,,,,,,,,,,,,,,,,,,,,,,,,,,,,,,,,,,,,,,,,,,,,,,,,,,,,,,,,,,,,,,,,,,FALSE,0,,,,,,,0.00,0.00,0.00,TRUE,,,,0,,0.00,AROLB992AF
ROTARIX(A),ROTARIX,1,FALSE,FALSE,,,,5600.00,NC,0,0.00,0.00,NC,0,0.00,0.00,NC,0,0.00,0.00,NC,0,0.00,0.00,NC,0,0.00,0.00,NC,0,0.00,0.00,NC,0,0.00,0.00,NC,0,0.00,0.00,NC,0,0.00,0.00,NC,0,0.00,,0,4645.00,1,40508,12308,50708,11 /18,10/21,,,FALSE,,,0.00,0.00,,FALSE,,,0.00,0.00,,FALSE,0.00,0.00,0.00,,,,,,,,,,,,,,,,,,,,,,,,,,,,,,,,,,,,,,,,,,,,,,,,,,,,,,,,,,,,,,,,,,,,,,,,,,,,,,,,,,,,,,,,FALSE,0,,,,,,,0.00,0.00,0.00,TRUE,,,,0,,0.00,AROLC406AC
ROTARIX(B),ROTARIX,1,FALSE,FALSE,,,,5600.00,NC,0,0.00,0.00,NC,0,0.00,0.00,NC,0,0.00,0.00,NC,0,0.00,0.00,NC,0,0.00,0.00,NC,0,0.00,0.00,NC,0,0.00,0.00,NC,0,0.00,0.00,NC,0,0.00,0.00,NC,0,0.00,,0,2322.50,1,40508,12308,50708,04 /17,03/  20,,,FALSE,,,0.00,0.00,,FALSE,,,0.00,0.00,,FALSE,0.00,0.00,0.00,,,,,,,,,,,,,,,,,,,,,,,,,,,,,,,,,,,,,,,,,,,,,,,,,,,,,,,,,,,,,,,,,,,,,,,,,,,,,,,,,,,,,,,,FALSE,0,,,,,,,0.00,0.00,0.00,TRUE,,,,0,,0.00,AROLB974AG
ROTARIX(C),ROTARIX,1,FALSE,FALSE,,,,5600.00,NC,0,0.00,0.00,NC,0,0.00,0.00,NC,0,0.00,0.00,NC,0,0.00,0.00,NC,0,0.00,0.00,NC,0,0.00,0.00,NC,0,0.00,0.00,NC,0,0.00,0.00,NC,0,0.00,0.00,NC,0,0.00,,0,4645.00,1,40508,12308,50708,04/ 19,03/  22,,,FALSE,,,0.00,0.00,,FALSE,,,0.00,0.00,,FALSE,0.00,0.00,0.00,,,,,,,,,,,,,,,,,,,,,,,,,,,,,,,,,,,,,,,,,,,,,,,,,,,,,,,,,,,,,,,,,,,,,,,,,,,,,,,,,,,,,,,,FALSE,0,,,,,,,0.00,0.00,0.00,TRUE,,,,0,,0.00,AROLC551AB
ROTARIX(D),ROTARIX,1,FALSE,FALSE,,,,5600.00,NC,0,0.00,0.00,NC,0,0.00,0.00,NC,0,0.00,0.00,NC,0,0.00,0.00,NC,0,0.00,0.00,NC,0,0.00,0.00,NC,0,0.00,0.00,NC,0,0.00,0.00,NC,0,0.00,0.00,NC,0,0.00,,0,4645.00,1,40508,12308,50708,03/   19,02/  22,,,FALSE,,,0.00,0.00,,FALSE,,,0.00,0.00,,FALSE,0.00,0.00,0.00,,,,,,,,,,,,,,,,,,,,,,,,,,,,,,,,,,,,,,,,,,,,,,,,,,,,,,,,,,,,,,,,,,,,,,,,,,,,,,,,,,,,,,,,FALSE,0,,,,,,,0.00,0.00,0.00,TRUE,,,,0,,0.00,AROLC507AA
ROTARIX(E),ROTARIX,1,FALSE,FALSE,,,,5600.00,NC,0,0.00,0.00,NC,0,0.00,0.00,NC,0,0.00,0.00,NC,0,0.00,0.00,NC,0,0.00,0.00,NC,0,0.00,0.00,NC,0,0.00,0.00,NC,0,0.00,0.00,NC,0,0.00,0.00,NC,0,0.00,,0,4645.00,1,40508,12308,50708,10/ 19,09/  22,,,FALSE,,,0.00,0.00,,FALSE,,,0.00,0.00,,FALSE,0.00,0.00,0.00,,,,,,,,,,,,,,,,,,,,,,,,,,,,,,,,,,,,,,,,,,,,,,,,,,,,,,,,,,,,,,,,,,,,,,,,,,,,,,,,,,,,,,,,FALSE,0,,,,,,,0.00,0.00,0.00,TRUE,,,,0,,0.00,AROLC727AC
ROTARIX(F),ROTARIX,1,FALSE,FALSE,,,,5600.00,NC,0,0.00,0.00,NC,0,0.00,0.00,NC,0,0.00,0.00,NC,0,0.00,0.00,NC,0,0.00,0.00,NC,0,0.00,0.00,NC,0,0.00,0.00,NC,0,0.00,0.00,NC,0,0.00,0.00,NC,0,0.00,,0,4645.00,1,40508,12308,50708,03/2020..,02/2023,,,FALSE,,,0.00,0.00,,FALSE,,,0.00,0.00,,FALSE,0.00,0.00,0.00,,,,,,,,,,,,,,,,,,,,,,,,,,,,,,,,,,,,,,,,,,,,,,,,,,,,,,,,,,,,,,,,,,,,,,,,,,,,,,,,,,,,,,,,FALSE,0,,,,,,,0.00,0.00,0.00,TRUE,,,,0,,0.00,AROLC882CF
ROTARIX(G),ROTARIX,1,FALSE,FALSE,,,,5600.00,NC,0,0.00,0.00,NC,0,0.00,0.00,NC,0,0.00,0.00,NC,0,0.00,0.00,NC,0,0.00,0.00,NC,0,0.00,0.00,NC,0,0.00,0.00,NC,0,0.00,0.00,NC,0,0.00,0.00,NC,0,0.00,,0,4645.00,1,40508,12308,50708,12//19,11/  22,,,FALSE,,,0.00,0.00,,FALSE,,,0.00,0.00,,FALSE,0.00,0.00,0.00,,,,,,,,,,,,,,,,,,,,,,,,,,,,,,,,,,,,,,,,,,,,,,,,,,,,,,,,,,,,,,,,,,,,,,,,,,,,,,,,,,,,,,,,FALSE,0,,,,,,,0.00,0.00,0.00,TRUE,,,,0,,0.00,AROLC784AE
ROTARIX(H),ROTARIX,1,FALSE,FALSE,,,,5600.00,NC,0,0.00,0.00,NC,0,0.00,0.00,NC,0,0.00,0.00,NC,0,0.00,0.00,NC,0,0.00,0.00,NC,0,0.00,0.00,NC,0,0.00,0.00,NC,0,0.00,0.00,NC,0,0.00,0.00,NC,0,0.00,,0,4645.00,1,40508,12308,50708,03/20...,02/23,,,FALSE,,,0.00,0.00,,FALSE,,,0.00,0.00,,FALSE,0.00,0.00,0.00,,,,,,,,,,,,,,,,,,,,,,,,,,,,,,,,,,,,,,,,,,,,,,,,,,,,,,,,,,,,,,,,,,,,,,,,,,,,,,,,,,,,,,,,FALSE,0,,,,,,,0.00,0.00,0.00,TRUE,,,,0,,0.00,AROLC881AC
ROTARIX(I),ROTARIX,1,FALSE,FALSE,,,,5600.00,NC,0,0.00,0.00,NC,0,0.00,0.00,NC,0,0.00,0.00,NC,0,0.00,0.00,NC,0,0.00,0.00,NC,0,0.00,0.00,NC,0,0.00,0.00,NC,0,0.00,0.00,NC,0,0.00,0.00,NC,0,0.00,,0,4645.00,1,40508,12308,50708,09/20...,08/23,,,FALSE,,,0.00,0.00,,FALSE,,,0.00,0.00,,FALSE,0.00,0.00,0.00,,,,,,,,,,,,,,,,,,,,,,,,,,,,,,,,,,,,,,,,,,,,,,,,,,,,,,,,,,,,,,,,,,,,,,,,,,,,,,,,,,,,,,,,FALSE,0,,,,,,,0.00,0.00,0.00,TRUE,,,,0,,0.00,AROLD044AE
ROTARIX(J),ROTARIX,1,FALSE,FALSE,,,,6970.00,NC,0,0.00,0.00,NC,0,0.00,0.00,NC,0,0.00,0.00,NC,0,0.00,0.00,NC,0,0.00,0.00,NC,0,0.00,0.00,NC,0,0.00,0.00,NC,0,0.00,0.00,NC,0,0.00,0.00,NC,0,0.00,,0,4645.00,1,40508,12308,50708,05/21...,04/24,,,FALSE,,,0.00,0.00,,FALSE,,,0.00,0.00,,FALSE,0.00,0.00,0.00,,,,,,,,,,,,,,,,,,,,,,,,,,,,,,,,,,,,,,,,,,,,,,,,,,,,,,,,,,,,,,,,,,,,,,,,,,,,,,,,,,,,,,,,FALSE,0,,,,,,,0.00,0.00,0.00,TRUE,,,,0,,0.00,AROLD253AB
ROTARIX(K),ROTARIX,1,FALSE,FALSE,,,,9030.00,NC,0,0.00,0.00,NC,0,0.00,0.00,NC,0,0.00,0.00,NC,0,0.00,0.00,NC,0,0.00,0.00,NC,0,0.00,0.00,NC,0,0.00,0.00,NC,0,0.00,0.00,NC,0,0.00,0.00,NC,0,0.00,,0,5807.00,1,40508,12308,50708,04/22.,03/25..,,,FALSE,,,0.00,0.00,,FALSE,,,0.00,0.00,,FALSE,0.00,0.00,0.00,,,,,,,,,,,,,,,,,,,,,,,,,,,,,,,,,,,,,,,,,,,,,,,,,,,,,,,,,,,,,,,,,,,,,,,,,,,,,,,,,,,,,,,,FALSE,0,,,,,,,0.00,0.00,0.00,TRUE,,,,0,,0.00,AROLD514CE
ROTARIX(L),ROTARIX,1,FALSE,FALSE,,,,29900.00,NC,0,0.00,0.00,NC,0,0.00,0.00,NC,0,0.00,0.00,NC,0,0.00,0.00,NC,0,0.00,0.00,NC,0,0.00,0.00,NC,0,0.00,0.00,NC,0,0.00,0.00,NC,0,0.00,0.00,NC,0,0.00,,0,25207.00,1,40508,12308,50708,09/23.',08/26...,,,FALSE,,,0.00,0.00,,FALSE,,,0.00,0.00,,FALSE,0.00,0.00,0.00,,,,,,,,,,,,,,,,,,,,,,,,,,,,,,,,,,,,,,,,,,,,,,,,,,,,,,,,,,,,,,,,,,,,,,,,,,,,,,,,,,,,,,,,FALSE,0,,,,,,,0.00,0.00,3.00,TRUE,,,,0,,0.00,AROLE016AB
ROTARIX(M),ROTARIX,1,FALSE,FALSE,,,,29900.00,NC,0,0.00,0.00,NC,0,0.00,0.00,NC,0,0.00,0.00,NC,0,0.00,0.00,NC,0,0.00,0.00,NC,0,0.00,0.00,NC,0,0.00,0.00,NC,0,0.00,0.00,NC,0,0.00,0.00,NC,0,0.00,,0,25207.00,1,40508,12308,50708,02/24.',01/27...,,,FALSE,,,0.00,0.00,,FALSE,,,0.00,0.00,,FALSE,0.00,0.00,0.00,,,,,,,,,,,,,,,,,,,,,,,,,,,,,,,,,,,,,,,,,,,,,,,,,,,,,,,,,,,,,,,,,,,,,,,,,,,,,,,,,,,,,,,,FALSE,0,,,,,,,0.00,0.00,51.00,TRUE,,,,0,,0.00,AROLE193AB
ROTASIL,ROTASIL,1,FALSE,FALSE,,,,3450.00,NC,0,0.00,0.00,NC,0,0.00,0.00,NC,0,0.00,0.00,NC,0,0.00,0.00,NC,0,0.00,0.00,NC,0,0.00,0.00,NC,0,0.00,0.00,NC,0,0.00,0.00,NC,0,0.00,0.00,NC,0,0.00,,0,2500.00,1,40508,12308,50708,05/ 19,10/21,,,FALSE,,,0.00,0.00,,FALSE,,,0.00,0.00,,FALSE,0.00,0.00,0.00,,,,,,,,,,,,,,,,,,,,,,,,,,,,,,,,,,,,,,,,,,,,,,,,,,,,,,,,,,,,,,,,,,,,,,,,,,,,,,,,,,,,,,,,FALSE,0,,,,,,,0.00,0.00,0.00,TRUE,,,,0,,0.00,14580010
ROTASIL(A),ROTASIL,1,FALSE,FALSE,,,,3450.00,NC,0,0.00,0.00,NC,0,0.00,0.00,NC,0,0.00,0.00,NC,0,0.00,0.00,NC,0,0.00,0.00,NC,0,0.00,0.00,NC,0,0.00,0.00,NC,0,0.00,0.00,NC,0,0.00,0.00,NC,0,0.00,,0,2800.00,1,40508,12308,50708,11/ 19,04/22,,,FALSE,,,0.00,0.00,,FALSE,,,0.00,0.00,,FALSE,0.00,0.00,0.00,,,,,,,,,,,,,,,,,,,,,,,,,,,,,,,,,,,,,,,,,,,,,,,,,,,,,,,,,,,,,,,,,,,,,,,,,,,,,,,,,,,,,,,,FALSE,0,,,,,,,0.00,0.00,0.00,TRUE,,,,0,,0.00,14590006
ROTASIL(B),ROTASIL,1,FALSE,FALSE,,,,3450.00,NC,0,0.00,0.00,NC,0,0.00,0.00,NC,0,0.00,0.00,NC,0,0.00,0.00,NC,0,0.00,0.00,NC,0,0.00,0.00,NC,0,0.00,0.00,NC,0,0.00,0.00,NC,0,0.00,0.00,NC,0,0.00,,0,2800.00,1,40508,12308,50708,11/ /19,04/22,,,FALSE,,,0.00,0.00,,FALSE,,,0.00,0.00,,FALSE,0.00,0.00,0.00,,,,,,,,,,,,,,,,,,,,,,,,,,,,,,,,,,,,,,,,,,,,,,,,,,,,,,,,,,,,,,,,,,,,,,,,,,,,,,,,,,,,,,,,FALSE,0,,,,,,,0.00,0.00,0.00,TRUE,,,,0,,0.00,14590007
ROTASIL(C),ROTASIL,1,FALSE,FALSE,,,,3700.00,NC,0,0.00,0.00,NC,0,0.00,0.00,NC,0,0.00,0.00,NC,0,0.00,0.00,NC,0,0.00,0.00,NC,0,0.00,0.00,NC,0,0.00,0.00,NC,0,0.00,0.00,NC,0,0.00,0.00,NC,0,0.00,,0,3080.00,1,40508,12308,50708,05/ /21,10/23..,,,FALSE,,,0.00,0.00,,FALSE,,,0.00,0.00,,FALSE,0.00,0.00,0.00,,,,,,,,,,,,,,,,,,,,,,,,,,,,,,,,,,,,,,,,,,,,,,,,,,,,,,,,,,,,,,,,,,,,,,,,,,,,,,,,,,,,,,,,FALSE,0,,,,,,,0.00,0.00,0.00,TRUE,,,,0,,0.00,14510005
ROTASIL(D),ROTASIL,1,FALSE,FALSE,,,,3700.00,NC,0,0.00,0.00,NC,0,0.00,0.00,NC,0,0.00,0.00,NC,0,0.00,0.00,NC,0,0.00,0.00,NC,0,0.00,0.00,NC,0,0.00,0.00,NC,0,0.00,0.00,NC,0,0.00,0.00,NC,0,0.00,,0,3000.00,1,40508,12308,50708,05/ /22,11/23...,,,FALSE,,,0.00,0.00,,FALSE,,,0.00,0.00,,FALSE,0.00,0.00,0.00,,,,,,,,,,,,,,,,,,,,,,,,,,,,,,,,,,,,,,,,,,,,,,,,,,,,,,,,,,,,,,,,,,,,,,,,,,,,,,,,,,,,,,,,FALSE,0,,,,,,,0.00,0.00,0.00,TRUE,,,,0,,0.00,14510010
ROTASIL(E),ROTASIL,1,FALSE,FALSE,,,,7950.00,NC,0,0.00,0.00,NC,0,0.00,0.00,NC,0,0.00,0.00,NC,0,0.00,0.00,NC,0,0.00,0.00,NC,0,0.00,0.00,NC,0,0.00,0.00,NC,0,0.00,0.00,NC,0,0.00,0.00,NC,0,0.00,,0,6500.00,1,40508,12308,50708,07/22,12/24...,,,FALSE,,,0.00,0.00,,FALSE,,,0.00,0.00,,FALSE,0.00,0.00,0.00,,,,,,,,,,,,,,,,,,,,,,,,,,,,,,,,,,,,,,,,,,,,,,,,,,,,,,,,,,,,,,,,,,,,,,,,,,,,,,,,,,,,,,,,FALSE,0,,,,,,,0.00,0.00,0.00,TRUE,,,,0,,0.00,14520006
ROTASIL(F),ROTASIL,1,FALSE,FALSE,,,,9142.00,NC,0,0.00,0.00,NC,0,0.00,0.00,NC,0,0.00,0.00,NC,0,0.00,0.00,NC,0,0.00,0.00,NC,0,0.00,0.00,NC,0,0.00,0.00,NC,0,0.00,0.00,NC,0,0.00,0.00,NC,0,0.00,,0,7661.88,1,40508,12308,50708,09/22,02/25...,,,FALSE,,,0.00,0.00,,FALSE,,,0.00,0.00,,FALSE,0.00,0.00,0.00,,,,,,,,,,,,,,,,,,,,,,,,,,,,,,,,,,,,,,,,,,,,,,,,,,,,,,,,,,,,,,,,,,,,,,,,,,,,,,,,,,,,,,,,FALSE,0,,,,,,,0.00,0.00,0.00,TRUE,,,,0,,0.00,14520010
ROTASIL(G),ROTASIL,1,FALSE,FALSE,,,,11986.00,NC,0,0.00,0.00,NC,0,0.00,0.00,NC,0,0.00,0.00,NC,0,0.00,0.00,NC,0,0.00,0.00,NC,0,0.00,0.00,NC,0,0.00,0.00,NC,0,0.00,0.00,NC,0,0.00,0.00,NC,0,0.00,,0,9800.00,1,40508,12308,50708,02/25.,01/27...,,,FALSE,,,0.00,0.00,,FALSE,,,0.00,0.00,,FALSE,0.00,0.00,0.00,,,,,,,,,,,,,,,,,,,,,,,,,,,,,,,,,,,,,,,,,,,,,,,,,,,,,,,,,,,,,,,,,,,,,,,,,,,,,,,,,,,,,,,,FALSE,0,,,,,,,0.00,0.00,0.00,TRUE,,,,0,,0.00,2155R001
SCREENING,,1,FALSE,FALSE,,,,0.00,NC,0,0.00,0.00,NC,0,0.00,0.00,NC,0,0.00,0.00,NC,0,0.00,0.00,NC,0,0.00,0.00,NC,0,0.00,0.00,NC,0,0.00,0.00,NC,0,0.00,0.00,NC,0,0.00,0.00,NC,0,0.00,,0,0.00,1,40000,12000,50000,,,,,FALSE,,,0.00,0.00,,FALSE,,,0.00,0.00,,FALSE,0.00,0.00,0.00,,,,,,,,,,,,,,,,,,,,,,,,,,,,,,,,,,,,,,,,,,,,,,,,,,,,,,,,,,,,,,,,,,,,,,,,,,,,,,,,,,,,,,,,FALSE,0,,,,,,,0.00,0.00,0.00,TRUE,,,,0,,0.00,
SERETIDE 250MG,SERETIDE 250MG,1,FALSE,FALSE,,,,0.00,NC,0,0.00,0.00,NC,0,0.00,0.00,NC,0,0.00,0.00,NC,0,0.00,0.00,NC,0,0.00,0.00,NC,0,0.00,0.00,NC,0,0.00,0.00,NC,0,0.00,0.00,NC,0,0.00,0.00,NC,0,0.00,,0,3389.00,1,40528,12328,50728,,,,,FALSE,,,0.00,0.00,,FALSE,,,0.00,0.00,,FALSE,0.00,0.00,0.00,,,,,,,,,,,,,,,,,,,,,,,,,,,,,,,,,,,,,,,,,,,,,,,,,,,,,,,,,,,,,,,,,,,,,,,,,,,,,,,,,,,,,,,,FALSE,0,,,,,,,0.00,0.00,0.00,TRUE,,,,0,,0.00,
SHANCHOL,SHANCHOL,1,FALSE,FALSE,,,,4665.60,NC,0,0.00,0.00,NC,0,0.00,0.00,NC,0,0.00,0.00,NC,0,0.00,0.00,NC,0,0.00,0.00,NC,0,0.00,0.00,NC,0,0.00,0.00,NC,0,0.00,0.00,NC,0,0.00,0.00,NC,0,0.00,,0,3888.00,1,40537,12337,50737,03/18.,08/20,,,FALSE,,,0.00,0.00,,FALSE,,,0.00,0.00,,FALSE,0.00,0.00,0.00,,,,,,,,,,,,,,,,,,,,,,,,,,,,,,,,,,,,,,,,,,,,,,,,,,,,,,,,,,,,,,,,,,,,,,,,,,,,,,,,,,,,,,,,FALSE,0,,,,,,,0.00,0.00,0.00,TRUE,,,,0,,0.00,SCN013A18
SHANCHOL(A),SHANCHOL,1,FALSE,FALSE,,,,4665.60,NC,0,0.00,0.00,NC,0,0.00,0.00,NC,0,0.00,0.00,NC,0,0.00,0.00,NC,0,0.00,0.00,NC,0,0.00,0.00,NC,0,0.00,0.00,NC,0,0.00,0.00,NC,0,0.00,0.00,NC,0,0.00,,0,3888.00,1,40537,12337,50737,02/19.,07  /21,,,FALSE,,,0.00,0.00,,FALSE,,,0.00,0.00,,FALSE,0.00,0.00,0.00,,,,,,,,,,,,,,,,,,,,,,,,,,,,,,,,,,,,,,,,,,,,,,,,,,,,,,,,,,,,,,,,,,,,,,,,,,,,,,,,,,,,,,,,FALSE,0,,,,,,,0.00,0.00,0.00,TRUE,,,,0,,0.00,SCN006A19
SHANCHOL(B),SHANCHOL,1,FALSE,FALSE,,,,4956.00,NC,0,0.00,0.00,NC,0,0.00,0.00,NC,0,0.00,0.00,NC,0,0.00,0.00,NC,0,0.00,0.00,NC,0,0.00,0.00,NC,0,0.00,0.00,NC,0,0.00,0.00,NC,0,0.00,0.00,NC,0,0.00,,0,4200.00,1,40537,12337,50737,12/20.,05/23,,,FALSE,,,0.00,0.00,,FALSE,,,0.00,0.00,,FALSE,0.00,0.00,0.00,,,,,,,,,,,,,,,,,,,,,,,,,,,,,,,,,,,,,,,,,,,,,,,,,,,,,,,,,,,,,,,,,,,,,,,,,,,,,,,,,,,,,,,,FALSE,0,,,,,,,0.00,0.00,0.00,TRUE,,,,0,,0.00,SCN034A20
SHANCHOL(C),SHANCHOL,1,FALSE,FALSE,,,,9937.00,NC,0,0.00,0.00,NC,0,0.00,0.00,NC,0,0.00,0.00,NC,0,0.00,0.00,NC,0,0.00,0.00,NC,0,0.00,0.00,NC,0,0.00,0.00,NC,0,0.00,0.00,NC,0,0.00,0.00,NC,0,0.00,,0,5052.60,1,40537,12337,50737,09 /21..,02/24,,,FALSE,,,0.00,0.00,,FALSE,,,0.00,0.00,,FALSE,0.00,0.00,0.00,,,,,,,,,,,,,,,,,,,,,,,,,,,,,,,,,,,,,,,,,,,,,,,,,,,,,,,,,,,,,,,,,,,,,,,,,,,,,,,,,,,,,,,,FALSE,0,,,,,,,0.00,0.00,0.00,TRUE,,,,0,,0.00,SCNO18A21
SHANCHOL(D),SHANCHOL,1,FALSE,FALSE,,,,4956.00,NC,0,0.00,0.00,NC,0,0.00,0.00,NC,0,0.00,0.00,NC,0,0.00,0.00,NC,0,0.00,0.00,NC,0,0.00,0.00,NC,0,0.00,0.00,NC,0,0.00,0.00,NC,0,0.00,0.00,NC,0,0.00,,0,3822.00,1,40537,12337,50737,"11/21,",04/24,,,FALSE,,,0.00,0.00,,FALSE,,,0.00,0.00,,FALSE,0.00,0.00,0.00,,,,,,,,,,,,,,,,,,,,,,,,,,,,,,,,,,,,,,,,,,,,,,,,,,,,,,,,,,,,,,,,,,,,,,,,,,,,,,,,,,,,,,,,FALSE,0,,,,,,,0.00,0.00,0.00,TRUE,,,,0,,0.00,SCNO31A21
SHANCHOL(E),SHANCHOL,1,FALSE,FALSE,,,,18500.00,NC,0,0.00,0.00,NC,0,0.00,0.00,NC,0,0.00,0.00,NC,0,0.00,0.00,NC,0,0.00,0.00,NC,0,0.00,0.00,NC,0,0.00,0.00,NC,0,0.00,0.00,NC,0,0.00,0.00,NC,0,0.00,,0,8421.00,1,40537,12337,50737,"01/23,",06/25,,,FALSE,,,0.00,0.00,,FALSE,,,0.00,0.00,,FALSE,0.00,0.00,0.00,,,,,,,,,,,,,,,,,,,,,,,,,,,,,,,,,,,,,,,,,,,,,,,,,,,,,,,,,,,,,,,,,,,,,,,,,,,,,,,,,,,,,,,,FALSE,0,,,,,,,0.00,0.00,0.00,TRUE,,,,0,,0.00,SCNOOIA23
SHANVAC B ADULT,SHANVAC B ADULT,1,FALSE,FALSE,,,,1996.00,NC,0,0.00,0.00,NC,0,0.00,0.00,NC,0,0.00,0.00,NC,0,0.00,0.00,NC,0,0.00,0.00,NC,0,0.00,0.00,NC,0,0.00,0.00,NC,0,0.00,0.00,NC,0,0.00,0.00,NC,0,0.00,,0,1150.00,1,40000,12000,50000,,,,,FALSE,,,0.00,0.00,,FALSE,,,0.00,0.00,,FALSE,0.00,0.00,0.00,,,,,,,,,,,,,,,,,,,,,,,,,,,,,,,,,,,,,,,,,,,,,,,,,,,,,,,,,,,,,,,,,,,,,,,,,,,,,,,,,,,,,,,,FALSE,0,,,,,,,0.00,0.00,0.00,TRUE,,,,0,,0.00,
SHANVAC B PAED,SHANVAC B PAED,1,FALSE,FALSE,,,,900.00,NC,0,0.00,0.00,NC,0,0.00,0.00,NC,0,0.00,0.00,NC,0,0.00,0.00,NC,0,0.00,0.00,NC,0,0.00,0.00,NC,0,0.00,0.00,NC,0,0.00,0.00,NC,0,0.00,0.00,NC,0,0.00,,0,720.00,1,40000,12000,50000,,,,,FALSE,,,0.00,0.00,,FALSE,,,0.00,0.00,,FALSE,0.00,0.00,0.00,,,,,,,,,,,,,,,,,,,,,,,,,,,,,,,,,,,,,,,,,,,,,,,,,,,,,,,,,,,,,,,,,,,,,,,,,,,,,,,,,,,,,,,,FALSE,0,,,,,,,0.00,0.00,0.00,TRUE,,,,0,,0.00,
Special Order,Special Order,1,FALSE,FALSE,,,,0.00,NC,0,0.00,0.00,NC,0,0.00,0.00,NC,0,0.00,0.00,NC,0,0.00,0.00,NC,0,0.00,0.00,NC,0,0.00,0.00,NC,0,0.00,0.00,NC,0,0.00,0.00,NC,0,0.00,0.00,NC,0,0.00,,0,0.00,1,40528,12328,50728,,,,,FALSE,,,0.00,0.00,,FALSE,,,0.00,0.00,,FALSE,0.00,0.00,0.00,,,,,,,,,,,,,,,,,,,,,,,,,,,,,,,,,,,,,,,,,,,,,,,,,,,,,,,,,,,,,,,,,,,,,,,,,,,,,,,,,,,,,,,,FALSE,0,,,,,,,0.00,0.00,0.00,TRUE,,,,0,,0.00,
STAMARIL 1 VIAL,STAMARIL 1 VIAL,1,FALSE,FALSE,,,,6881.00,NC,0,0.00,0.00,NC,0,0.00,0.00,NC,0,0.00,0.00,NC,0,0.00,0.00,NC,0,0.00,0.00,NC,0,0.00,0.00,NC,0,0.00,0.00,NC,0,0.00,0.00,NC,0,0.00,0.00,NC,0,0.00,,0,5848.20,1,40521,12321,50721,10 /17 .,09/20,,,FALSE,,,0.00,0.00,,FALSE,,,0.00,0.00,,FALSE,0.00,0.00,0.00,,,,,,,,,,,,,,,,,,,,,,,,,,,,,,,,,,,,,,,,,,,,,,,,,,,,,,,,,,,,,,,,,,,,,,,,,,,,,,,,,,,,,,,,FALSE,0,,,,,,,0.00,0.00,0.00,TRUE,,,,0,,0.00,P3L241V
STAMARIL 1 VIAL (A),STAMARIL 1 VIAL,1,FALSE,FALSE,,,,7889.00,NC,0,0.00,0.00,NC,0,0.00,0.00,NC,0,0.00,0.00,NC,0,0.00,0.00,NC,0,0.00,0.00,NC,0,0.00,0.00,NC,0,0.00,0.00,NC,0,0.00,0.00,NC,0,0.00,0.00,NC,0,0.00,,0,5810.00,1,40521,12321,50721,06//19,05/22,,,FALSE,,,0.00,0.00,,FALSE,,,0.00,0.00,,FALSE,0.00,0.00,0.00,,,,,,,,,,,,,,,,,,,,,,,,,,,,,,,,,,,,,,,,,,,,,,,,,,,,,,,,,,,,,,,,,,,,,,,,,,,,,,,,,,,,,,,,FALSE,0,,,,,,,0.00,0.00,0.00,TRUE,,,,0,,0.00,T3F371V
STAMARIL 1 VIAL (B),STAMARIL 1 VIAL,1,FALSE,FALSE,,,,7889.00,NC,0,0.00,0.00,NC,0,0.00,0.00,NC,0,0.00,0.00,NC,0,0.00,0.00,NC,0,0.00,0.00,NC,0,0.00,0.00,NC,0,0.00,0.00,NC,0,0.00,0.00,NC,0,0.00,0.00,NC,0,0.00,,0,6860.00,1,40521,12321,50721,11//21,10/24..,,,FALSE,,,0.00,0.00,,FALSE,,,0.00,0.00,,FALSE,0.00,0.00,0.00,,,,,,,,,,,,,,,,,,,,,,,,,,,,,,,,,,,,,,,,,,,,,,,,,,,,,,,,,,,,,,,,,,,,,,,,,,,,,,,,,,,,,,,,FALSE,0,,,,,,,0.00,0.00,0.00,TRUE,,,,0,,0.00,V3M512V
STAMARIL 1 VIAL (C),STAMARIL 1 VIAL,1,FALSE,FALSE,,,,9365.00,NC,0,0.00,0.00,NC,0,0.00,0.00,NC,0,0.00,0.00,NC,0,0.00,0.00,NC,0,0.00,0.00,NC,0,0.00,0.00,NC,0,0.00,0.00,NC,0,0.00,0.00,NC,0,0.00,0.00,NC,0,0.00,,0,6860.00,1,40521,12321,50721,04//22,03/25..,,,FALSE,,,0.00,0.00,,FALSE,,,0.00,0.00,,FALSE,0.00,0.00,0.00,,,,,,,,,,,,,,,,,,,,,,,,,,,,,,,,,,,,,,,,,,,,,,,,,,,,,,,,,,,,,,,,,,,,,,,,,,,,,,,,,,,,,,,,FALSE,0,,,,,,,0.00,0.00,0.00,TRUE,,,,0,,0.00,W3C982V
STAMARIL 1 VIAL (D),STAMARIL 1 VIAL,1,FALSE,FALSE,,,,21020.00,NC,0,0.00,0.00,NC,0,0.00,0.00,NC,0,0.00,0.00,NC,0,0.00,0.00,NC,0,0.00,0.00,NC,0,0.00,0.00,NC,0,0.00,0.00,NC,0,0.00,0.00,NC,0,0.00,0.00,NC,0,0.00,,0,13960.06,1,40521,12321,50721,05//22,04/25..,,,FALSE,,,0.00,0.00,,FALSE,,,0.00,0.00,,FALSE,0.00,0.00,0.00,,,,,,,,,,,,,,,,,,,,,,,,,,,,,,,,,,,,,,,,,,,,,,,,,,,,,,,,,,,,,,,,,,,,,,,,,,,,,,,,,,,,,,,,FALSE,0,,,,,,,0.00,0.00,0.00,TRUE,,,,0,,0.00,W3D326V
STAMARIL 1 VIAL (E),STAMARIL 1 VIAL,1,FALSE,FALSE,,,,24866.01,NC,0,0.00,0.00,NC,0,0.00,0.00,NC,0,0.00,0.00,NC,0,0.00,0.00,NC,0,0.00,0.00,NC,0,0.00,0.00,NC,0,0.00,0.00,NC,0,0.00,0.00,NC,0,0.00,0.00,NC,0,0.00,,0,20723.00,1,40521,12321,50721,05//24,04/27..,,,FALSE,,,0.00,0.00,,FALSE,,,0.00,0.00,,FALSE,0.00,0.00,0.00,,,,,,,,,,,,,,,,,,,,,,,,,,,,,,,,,,,,,,,,,,,,,,,,,,,,,,,,,,,,,,,,,,,,,,,,,,,,,,,,,,,,,,,,FALSE,0,,,,,,,0.00,0.00,31.00,TRUE,,,,0,,0.00,Y3DO41V
SUSP. ORELOX 100ML,SP. ORELOX 100ML/ORELOX 800MG,1,FALSE,FALSE,,,,1725.00,NC,0,0.00,0.00,NC,0,0.00,0.00,NC,0,0.00,0.00,NC,0,0.00,0.00,NC,0,0.00,0.00,NC,0,0.00,0.00,NC,0,0.00,0.00,NC,0,0.00,0.00,NC,0,0.00,0.00,NC,0,0.00,,0,1725.00,1,40000,12000,50000,08/18..A,07/20,,,FALSE,,,0.00,0.00,,FALSE,,,0.00,0.00,,FALSE,0.00,0.00,0.00,,,,,,,,,,,,,,,,,,,,,,,,,,,,,,,,,,,,,,,,,,,,,,,,,,,,,,,,,,,,,,,,,,,,,,,,,,,,,,,,,,,,,,,,FALSE,0,,,,,,,0.00,0.00,0.00,TRUE,,,,0,,0.00,8NM2A..A
SYNFLORIX 0.5 MLS,SYNFLORIX 0.5 MLS(A),1,FALSE,FALSE,,,,6500.00,NC,0,0.00,0.00,NC,0,0.00,0.00,NC,0,0.00,0.00,NC,0,0.00,0.00,NC,0,0.00,0.00,NC,0,0.00,0.00,NC,0,0.00,0.00,NC,0,0.00,0.00,NC,0,0.00,0.00,NC,0,0.00,,1,3500.00,1,40509,12309,50709,"09/21,",08/24,,,FALSE,,,0.00,0.00,,FALSE,,,0.00,0.00,,FALSE,0.00,0.00,0.00,,,,,,,,,,,,,,,,,,,,,,,,,,,,,,,,,,,,,,,,,,,,,,,,,,,,,,,,,,,,,,,,,,,,,,,,,,,,,,,,,,,,,,,,FALSE,0,,,,,,,0.00,0.00,-2.00,FALSE,,,,0,,0.00,ASP4A316BA
Tarivid Tabs 200mg,Tarivid Tab 200mg,1,FALSE,FALSE,,,,0.00,NC,0,0.00,0.00,NC,0,0.00,0.00,NC,0,0.00,0.00,NC,0,0.00,0.00,NC,0,0.00,0.00,NC,0,0.00,0.00,NC,0,0.00,0.00,NC,0,0.00,0.00,NC,0,0.00,0.00,NC,0,0.00,,0,1638.00,1,40507,12307,50707,12  /18,11/ 21..,,,FALSE,,,0.00,0.00,,FALSE,,,0.00,0.00,,FALSE,0.00,0.00,0.00,,,,,,,,,,,,,,,,,,,,,,,,,,,,,,,,,,,,,,,,,,,,,,,,,,,,,,,,,,,,,,,,,,,,,,,,,,,,,,,,,,,,,,,,FALSE,0,,,,,,,0.00,0.00,0.00,TRUE,,,,0,,0.00,8RM9D
Tavanic 500MG TAB 5',TAVANIC 500MG TAB 5'S,1,FALSE,FALSE,,,,0.00,NC,0,0.00,0.00,NC,0,0.00,0.00,NC,0,0.00,0.00,NC,0,0.00,0.00,NC,0,0.00,0.00,NC,0,0.00,0.00,NC,0,0.00,0.00,NC,0,0.00,0.00,NC,0,0.00,0.00,NC,0,0.00,,0,4500.00,1,49600,12353,50749,06//20..,05/23,,,FALSE,,,0.00,0.00,,FALSE,,,0.00,0.00,,FALSE,0.00,0.00,0.00,,,,,,,,,,,,,,,,,,,,,,,,,,,,,,,,,,,,,,,,,,,,,,,,,,,,,,,,,,,,,,,,,,,,,,,,,,,,,,,,,,,,,,,,FALSE,0,,,,,,,0.00,0.00,0.00,TRUE,,,,0,,0.00,OLO6A
Tavanic 500MG TAB(A),TAVANIC 500MG TAB 5'S,1,FALSE,FALSE,,,,5495.00,NC,0,0.00,0.00,NC,0,0.00,0.00,NC,0,0.00,0.00,NC,0,0.00,0.00,NC,0,0.00,0.00,NC,0,0.00,0.00,NC,0,0.00,0.00,NC,0,0.00,0.00,NC,0,0.00,0.00,NC,0,0.00,,0,0.00,1,49600,12353,50749,12/20..,11/23,,,FALSE,,,0.00,0.00,,FALSE,,,0.00,0.00,,FALSE,0.00,0.00,0.00,,,,,,,,,,,,,,,,,,,,,,,,,,,,,,,,,,,,,,,,,,,,,,,,,,,,,,,,,,,,,,,,,,,,,,,,,,,,,,,,,,,,,,,,FALSE,0,,,,,,,0.00,0.00,0.00,TRUE,,,,0,,0.00,ORK8A
Tavanic 500MG TAB(B),TAVANIC 500MG TAB 5'S,1,FALSE,FALSE,,,,5495.00,NC,0,0.00,0.00,NC,0,0.00,0.00,NC,0,0.00,0.00,NC,0,0.00,0.00,NC,0,0.00,0.00,NC,0,0.00,0.00,NC,0,0.00,0.00,NC,0,0.00,0.00,NC,0,0.00,0.00,NC,0,0.00,,0,4993.00,1,49600,12353,50749,11/21..,10/24..,,,FALSE,,,0.00,0.00,,FALSE,,,0.00,0.00,,FALSE,0.00,0.00,0.00,,,,,,,,,,,,,,,,,,,,,,,,,,,,,,,,,,,,,,,,,,,,,,,,,,,,,,,,,,,,,,,,,,,,,,,,,,,,,,,,,,,,,,,,FALSE,0,,,,,,,0.00,0.00,0.00,TRUE,,,,0,,0.00,1RR3C
Tavanic 500MG TAB(C),TAVANIC 500MG TAB 5'S,1,FALSE,FALSE,,,,6470.50,NC,0,0.00,0.00,NC,0,0.00,0.00,NC,0,0.00,0.00,NC,0,0.00,0.00,NC,0,0.00,0.00,NC,0,0.00,0.00,NC,0,0.00,0.00,NC,0,0.00,0.00,NC,0,0.00,0.00,NC,0,0.00,,0,4993.00,1,49600,12353,50749,01/22...,12/24..,,,FALSE,,,0.00,0.00,,FALSE,,,0.00,0.00,,FALSE,0.00,0.00,0.00,,,,,,,,,,,,,,,,,,,,,,,,,,,,,,,,,,,,,,,,,,,,,,,,,,,,,,,,,,,,,,,,,,,,,,,,,,,,,,,,,,,,,,,,FALSE,0,,,,,,,0.00,0.00,0.00,TRUE,,,,0,,0.00,ITV4D
Tavanic 500MG TAB(D),TAVANIC 500MG TAB 5'S,1,FALSE,FALSE,,,,9620.00,NC,0,0.00,0.00,NC,0,0.00,0.00,NC,0,0.00,0.00,NC,0,0.00,0.00,NC,0,0.00,0.00,NC,0,0.00,0.00,NC,0,0.00,0.00,NC,0,0.00,0.00,NC,0,0.00,0.00,NC,0,0.00,,0,6406.00,1,49600,12353,50749,05/22...,04/25..,,,FALSE,,,0.00,0.00,,FALSE,,,0.00,0.00,,FALSE,0.00,0.00,0.00,,,,,,,,,,,,,,,,,,,,,,,,,,,,,,,,,,,,,,,,,,,,,,,,,,,,,,,,,,,,,,,,,,,,,,,,,,,,,,,,,,,,,,,,FALSE,0,,,,,,,0.00,0.00,0.00,TRUE,,,,0,,0.00,2MC2C
Tavanic 500MG TAB(E),TAVANIC 500MG TAB 5'S,1,FALSE,FALSE,,,,19953.00,NC,0,0.00,0.00,NC,0,0.00,0.00,NC,0,0.00,0.00,NC,0,0.00,0.00,NC,0,0.00,0.00,NC,0,0.00,0.00,NC,0,0.00,0.00,NC,0,0.00,0.00,NC,0,0.00,0.00,NC,0,0.00,,0,6995.63,1,49600,12353,50749,"08/22.,.",07/25..,,,FALSE,,,0.00,0.00,,FALSE,,,0.00,0.00,,FALSE,0.00,0.00,0.00,,,,,,,,,,,,,,,,,,,,,,,,,,,,,,,,,,,,,,,,,,,,,,,,,,,,,,,,,,,,,,,,,,,,,,,,,,,,,,,,,,,,,,,,FALSE,0,,,,,,,0.00,0.00,0.00,TRUE,,,,0,,0.00,2PK3C
Tavanic 500MG TAB(F),TAVANIC 500MG TAB 5'S,1,FALSE,FALSE,,,,19953.00,NC,0,0.00,0.00,NC,0,0.00,0.00,NC,0,0.00,0.00,NC,0,0.00,0.00,NC,0,0.00,0.00,NC,0,0.00,0.00,NC,0,0.00,0.00,NC,0,0.00,0.00,NC,0,0.00,0.00,NC,0,0.00,,0,13641.00,1,49600,12353,50749,"11/23.,.",10/26..,,,FALSE,,,0.00,0.00,,FALSE,,,0.00,0.00,,FALSE,0.00,0.00,0.00,,,,,,,,,,,,,,,,,,,,,,,,,,,,,,,,,,,,,,,,,,,,,,,,,,,,,,,,,,,,,,,,,,,,,,,,,,,,,,,,,,,,,,,,FALSE,0,,,,,,,0.00,0.00,0.00,TRUE,,,,0,,0.00,3R91D
Tavanic 500MG TAB(G),TAVANIC 500MG TAB 5'S,1,FALSE,FALSE,,,,19953.00,NC,0,0.00,0.00,NC,0,0.00,0.00,NC,0,0.00,0.00,NC,0,0.00,0.00,NC,0,0.00,0.00,NC,0,0.00,0.00,NC,0,0.00,0.00,NC,0,0.00,0.00,NC,0,0.00,0.00,NC,0,0.00,,0,15010.00,1,49600,12353,50749,"01/24.,.",12/26..,,,FALSE,,,0.00,0.00,,FALSE,,,0.00,0.00,,FALSE,0.00,0.00,0.00,,,,,,,,,,,,,,,,,,,,,,,,,,,,,,,,,,,,,,,,,,,,,,,,,,,,,,,,,,,,,,,,,,,,,,,,,,,,,,,,,,,,,,,,FALSE,0,,,,,,,0.00,0.00,0.00,TRUE,,,,0,,0.00,3T47C
Tavanic 500MG TAB(H),TAVANIC 500MG TAB 5'S,1,FALSE,FALSE,,,,19953.00,NC,0,0.00,0.00,NC,0,0.00,0.00,NC,0,0.00,0.00,NC,0,0.00,0.00,NC,0,0.00,0.00,NC,0,0.00,0.00,NC,0,0.00,0.00,NC,0,0.00,0.00,NC,0,0.00,0.00,NC,0,0.00,,0,17010.00,1,49600,12353,50749,"05/24.,.",04/27...,,,FALSE,,,0.00,0.00,,FALSE,,,0.00,0.00,,FALSE,0.00,0.00,0.00,,,,,,,,,,,,,,,,,,,,,,,,,,,,,,,,,,,,,,,,,,,,,,,,,,,,,,,,,,,,,,,,,,,,,,,,,,,,,,,,,,,,,,,,FALSE,0,,,,,,,0.00,0.00,0.00,TRUE,,,,0,,0.00,4MW4C
Tavanic 500MG TAB(I),TAVANIC 500MG TAB 5'S,1,FALSE,FALSE,,,,19953.00,NC,0,0.00,0.00,NC,0,0.00,0.00,NC,0,0.00,0.00,NC,0,0.00,0.00,NC,0,0.00,0.00,NC,0,0.00,0.00,NC,0,0.00,0.00,NC,0,0.00,0.00,NC,0,0.00,0.00,NC,0,0.00,,0,17010.00,1,49600,12353,50749,"09/24.,.",08/27...,,,FALSE,,,0.00,0.00,,FALSE,,,0.00,0.00,,FALSE,0.00,0.00,0.00,,,,,,,,,,,,,,,,,,,,,,,,,,,,,,,,,,,,,,,,,,,,,,,,,,,,,,,,,,,,,,,,,,,,,,,,,,,,,,,,,,,,,,,,FALSE,0,,,,,,,0.00,0.00,0.00,TRUE,,,,0,,0.00,4P78C
Tavanic 500MG TAB(J),TAVANIC 500MG TAB 5'S,1,FALSE,FALSE,,,,19953.00,NC,0,0.00,0.00,NC,0,0.00,0.00,NC,0,0.00,0.00,NC,0,0.00,0.00,NC,0,0.00,0.00,NC,0,0.00,0.00,NC,0,0.00,0.00,NC,0,0.00,0.00,NC,0,0.00,0.00,NC,0,0.00,,0,17010.00,1,49600,12353,50749,09/24..,08/27...,,,FALSE,,,0.00,0.00,,FALSE,,,0.00,0.00,,FALSE,0.00,0.00,0.00,,,,,,,,,,,,,,,,,,,,,,,,,,,,,,,,,,,,,,,,,,,,,,,,,,,,,,,,,,,,,,,,,,,,,,,,,,,,,,,,,,,,,,,,FALSE,0,,,,,,,0.00,0.00,0.00,TRUE,,,,0,,0.00,4RK5A
Tavanic 500MG TAB(K),TAVANIC 500MG TAB 5'S,1,FALSE,FALSE,,,,20590.00,NC,0,0.00,0.00,NC,0,0.00,0.00,NC,0,0.00,0.00,NC,0,0.00,0.00,NC,0,0.00,0.00,NC,0,0.00,0.00,NC,0,0.00,0.00,NC,0,0.00,0.00,NC,0,0.00,0.00,NC,0,0.00,,0,18710.00,1,49600,12353,50749,11/24..,10/27...,,,FALSE,,,0.00,0.00,,FALSE,,,0.00,0.00,,FALSE,0.00,0.00,0.00,,,,,,,,,,,,,,,,,,,,,,,,,,,,,,,,,,,,,,,,,,,,,,,,,,,,,,,,,,,,,,,,,,,,,,,,,,,,,,,,,,,,,,,,FALSE,0,,,,,,,0.00,0.00,93.00,TRUE,,,,0,,0.00,4RL2C
Tavanic 500MG/INFLS,TAVANIC 500MG/+ INFLS,1,FALSE,FALSE,,,,0.00,NC,0,0.00,0.00,NC,0,0.00,0.00,NC,0,0.00,0.00,NC,0,0.00,0.00,NC,0,0.00,0.00,NC,0,0.00,0.00,NC,0,0.00,0.00,NC,0,0.00,0.00,NC,0,0.00,0.00,NC,0,0.00,,0,3337.00,1,49600,12353,50749,10/.19.,09/22,,,FALSE,,,0.00,0.00,,FALSE,,,0.00,0.00,,FALSE,0.00,0.00,0.00,,,,,,,,,,,,,,,,,,,,,,,,,,,,,,,,,,,,,,,,,,,,,,,,,,,,,,,,,,,,,,,,,,,,,,,,,,,,,,,,,,,,,,,,FALSE,0,,,,,,,0.00,0.00,0.00,TRUE,,,,0,,0.00,9F897A
Tavanic Infusion (A),Tavanic Infusion (A),1,FALSE,FALSE,,,,0.00,NC,0,0.00,0.00,NC,0,0.00,0.00,NC,0,0.00,0.00,NC,0,0.00,0.00,NC,0,0.00,0.00,NC,0,0.00,0.00,NC,0,0.00,0.00,NC,0,0.00,0.00,NC,0,0.00,0.00,NC,0,0.00,,0,3841.00,1,49600,12353,50749,04/21,3/23,,,FALSE,,,0.00,0.00,,FALSE,,,0.00,0.00,,FALSE,0.00,0.00,0.00,,,,,,,,,,,,,,,,,,,,,,,,,,,,,,,,,,,,,,,,,,,,,,,,,,,,,,,,,,,,,,,,,,,,,,,,,,,,,,,,,,,,,,,,FALSE,0,,,,,,,0.00,0.00,0.00,TRUE,,,,0,,0.00,OF907A
Tavanic Infusion (B),Tavanic Infusion (B),1,FALSE,FALSE,,,,4967.00,NC,0,0.00,0.00,NC,0,0.00,0.00,NC,0,0.00,0.00,NC,0,0.00,0.00,NC,0,0.00,0.00,NC,0,0.00,0.00,NC,0,0.00,0.00,NC,0,0.00,0.00,NC,0,0.00,0.00,NC,0,0.00,,0,3842.00,1,49600,12353,50749,07/20...,6/23,,,FALSE,,,0.00,0.00,,FALSE,,,0.00,0.00,,FALSE,0.00,0.00,0.00,,,,,,,,,,,,,,,,,,,,,,,,,,,,,,,,,,,,,,,,,,,,,,,,,,,,,,,,,,,,,,,,,,,,,,,,,,,,,,,,,,,,,,,,FALSE,0,,,,,,,0.00,0.00,0.00,TRUE,,,,0,,0.00,OF919A
Tavanic Infusion (C),Tavanic Infusion (C),1,FALSE,FALSE,,,,6119.80,NC,0,0.00,0.00,NC,0,0.00,0.00,NC,0,0.00,0.00,NC,0,0.00,0.00,NC,0,0.00,0.00,NC,0,0.00,0.00,NC,0,0.00,0.00,NC,0,0.00,0.00,NC,0,0.00,0.00,NC,0,0.00,,0,3842.00,1,49600,12353,50749,6//21,5/24,,,FALSE,,,0.00,0.00,,FALSE,,,0.00,0.00,,FALSE,0.00,0.00,0.00,,,,,,,,,,,,,,,,,,,,,,,,,,,,,,,,,,,,,,,,,,,,,,,,,,,,,,,,,,,,,,,,,,,,,,,,,,,,,,,,,,,,,,,,FALSE,0,,,,,,,0.00,0.00,0.00,TRUE,,,,0,,0.00,1F948A..
Tavanic Infusion (D),Tavanic Infusion (D),1,FALSE,FALSE,,,,6490.00,NC,0,0.00,0.00,NC,0,0.00,0.00,NC,0,0.00,0.00,NC,0,0.00,0.00,NC,0,0.00,0.00,NC,0,0.00,0.00,NC,0,0.00,0.00,NC,0,0.00,0.00,NC,0,0.00,0.00,NC,0,0.00,,0,5900.00,1,49600,12353,50749,6//22,5/25,,,FALSE,,,0.00,0.00,,FALSE,,,0.00,0.00,,FALSE,0.00,0.00,0.00,,,,,,,,,,,,,,,,,,,,,,,,,,,,,,,,,,,,,,,,,,,,,,,,,,,,,,,,,,,,,,,,,,,,,,,,,,,,,,,,,,,,,,,,FALSE,0,,,,,,,0.00,0.00,0.00,TRUE,,,,0,,0.00,2F975A
Tavanic Infusion (E),Tavanic Infusion (E),1,FALSE,FALSE,,,,6665.00,NC,0,0.00,0.00,NC,0,0.00,0.00,NC,0,0.00,0.00,NC,0,0.00,0.00,NC,0,0.00,0.00,NC,0,0.00,0.00,NC,0,0.00,0.00,NC,0,0.00,0.00,NC,0,0.00,0.00,NC,0,0.00,,0,6059.00,1,49600,12353,50749,06 /22,5/25,,,FALSE,,,0.00,0.00,,FALSE,,,0.00,0.00,,FALSE,0.00,0.00,0.00,,,,,,,,,,,,,,,,,,,,,,,,,,,,,,,,,,,,,,,,,,,,,,,,,,,,,,,,,,,,,,,,,,,,,,,,,,,,,,,,,,,,,,,,FALSE,0,,,,,,,0.00,0.00,0.00,TRUE,,,,0,,0.00,2F978A
Tavanic Infusion (F),Tavanic Infusion (F),1,FALSE,FALSE,,,,9531.00,NC,0,0.00,0.00,NC,0,0.00,0.00,NC,0,0.00,0.00,NC,0,0.00,0.00,NC,0,0.00,0.00,NC,0,0.00,0.00,NC,0,0.00,0.00,NC,0,0.00,0.00,NC,0,0.00,0.00,NC,0,0.00,,0,6059.00,1,49600,12353,50749,06/22..,5/25,,,FALSE,,,0.00,0.00,,FALSE,,,0.00,0.00,,FALSE,0.00,0.00,0.00,,,,,,,,,,,,,,,,,,,,,,,,,,,,,,,,,,,,,,,,,,,,,,,,,,,,,,,,,,,,,,,,,,,,,,,,,,,,,,,,,,,,,,,,FALSE,0,,,,,,,0.00,0.00,0.00,TRUE,,,,0,,0.00,2F981A
Tavanic Infusion (G),Tavanic Infusion (G),1,FALSE,FALSE,,,,19769.00,NC,0,0.00,0.00,NC,0,0.00,0.00,NC,0,0.00,0.00,NC,0,0.00,0.00,NC,0,0.00,0.00,NC,0,0.00,0.00,NC,0,0.00,0.00,NC,0,0.00,0.00,NC,0,0.00,0.00,NC,0,0.00,,0,8664.00,1,49600,12353,50749,"06/22..,",5/25,,,FALSE,,,0.00,0.00,,FALSE,,,0.00,0.00,,FALSE,0.00,0.00,0.00,,,,,,,,,,,,,,,,,,,,,,,,,,,,,,,,,,,,,,,,,,,,,,,,,,,,,,,,,,,,,,,,,,,,,,,,,,,,,,,,,,,,,,,,FALSE,0,,,,,,,0.00,0.00,0.00,TRUE,,,,0,,0.00,2F982A
Tavanic Infusion (H),Tavanic Infusion (H),1,FALSE,FALSE,,,,19769.00,NC,0,0.00,0.00,NC,0,0.00,0.00,NC,0,0.00,0.00,NC,0,0.00,0.00,NC,0,0.00,0.00,NC,0,0.00,0.00,NC,0,0.00,0.00,NC,0,0.00,0.00,NC,0,0.00,0.00,NC,0,0.00,,0,17190.00,1,49600,12353,50749,06/22  ..,5/25,,,FALSE,,,0.00,0.00,,FALSE,,,0.00,0.00,,FALSE,0.00,0.00,0.00,,,,,,,,,,,,,,,,,,,,,,,,,,,,,,,,,,,,,,,,,,,,,,,,,,,,,,,,,,,,,,,,,,,,,,,,,,,,,,,,,,,,,,,,FALSE,0,,,,,,,0.00,0.00,0.00,TRUE,,,,0,,0.00,2F976A
Tavanic Infusion (I),Tavanic Infusion (I),1,FALSE,FALSE,,,,21840.00,NC,0,0.00,0.00,NC,0,0.00,0.00,NC,0,0.00,0.00,NC,0,0.00,0.00,NC,0,0.00,0.00,NC,0,0.00,0.00,NC,0,0.00,0.00,NC,0,0.00,0.00,NC,0,0.00,0.00,NC,0,0.00,,0,17190.00,1,49600,12353,50749,01/24  ..,"12/26,",,,FALSE,,,0.00,0.00,,FALSE,,,0.00,0.00,,FALSE,0.00,0.00,0.00,,,,,,,,,,,,,,,,,,,,,,,,,,,,,,,,,,,,,,,,,,,,,,,,,,,,,,,,,,,,,,,,,,,,,,,,,,,,,,,,,,,,,,,,FALSE,0,,,,,,,0.00,0.00,0.00,TRUE,,,,0,,0.00,4F028A
Tavanic Infusion (J),Tavanic Infusion (J),1,FALSE,FALSE,,,,25116.00,NC,0,0.00,0.00,NC,0,0.00,0.00,NC,0,0.00,0.00,NC,0,0.00,0.00,NC,0,0.00,0.00,NC,0,0.00,0.00,NC,0,0.00,0.00,NC,0,0.00,0.00,NC,0,0.00,0.00,NC,0,0.00,,0,17865.00,1,49600,12353,50749,05/24  ..,"04/27,",,,FALSE,,,0.00,0.00,,FALSE,,,0.00,0.00,,FALSE,0.00,0.00,0.00,,,,,,,,,,,,,,,,,,,,,,,,,,,,,,,,,,,,,,,,,,,,,,,,,,,,,,,,,,,,,,,,,,,,,,,,,,,,,,,,,,,,,,,,FALSE,0,,,,,,,0.00,0.00,0.00,TRUE,,,,0,,0.00,4F030A
Tavanic Infusion (K),Tavanic Infusion (J),1,FALSE,FALSE,,,,25116.00,NC,0,0.00,0.00,NC,0,0.00,0.00,NC,0,0.00,0.00,NC,0,0.00,0.00,NC,0,0.00,0.00,NC,0,0.00,0.00,NC,0,0.00,0.00,NC,0,0.00,0.00,NC,0,0.00,0.00,NC,0,0.00,,0,21840.00,1,49600,12353,50749,"05/24  ,..","04/27,",,,FALSE,,,0.00,0.00,,FALSE,,,0.00,0.00,,FALSE,0.00,0.00,0.00,,,,,,,,,,,,,,,,,,,,,,,,,,,,,,,,,,,,,,,,,,,,,,,,,,,,,,,,,,,,,,,,,,,,,,,,,,,,,,,,,,,,,,,,FALSE,0,,,,,,,0.00,0.00,0.00,TRUE,,,,0,,0.00,4F033A
Tavanic Infusion (L),Tavanic Infusion (L),1,FALSE,FALSE,,,,36040.00,NC,0,0.00,0.00,NC,0,0.00,0.00,NC,0,0.00,0.00,NC,0,0.00,0.00,NC,0,0.00,0.00,NC,0,0.00,0.00,NC,0,0.00,0.00,NC,0,0.00,0.00,NC,0,0.00,0.00,NC,0,0.00,,0,21840.00,1,49600,12353,50749,"09/24  ,..","08/27,",,,FALSE,,,0.00,0.00,,FALSE,,,0.00,0.00,,FALSE,0.00,0.00,0.00,,,,,,,,,,,,,,,,,,,,,,,,,,,,,,,,,,,,,,,,,,,,,,,,,,,,,,,,,,,,,,,,,,,,,,,,,,,,,,,,,,,,,,,,FALSE,0,,,,,,,0.00,0.00,0.00,TRUE,,,,0,,0.00,4F041A
Tavanic Infusion (M),Tavanic Infusion (L),1,FALSE,FALSE,,,,57860.00,NC,0,0.00,0.00,NC,0,0.00,0.00,NC,0,0.00,0.00,NC,0,0.00,0.00,NC,0,0.00,0.00,NC,0,0.00,0.00,NC,0,0.00,0.00,NC,0,0.00,0.00,NC,0,0.00,0.00,NC,0,0.00,,0,32760.00,1,49600,12353,50749,"01/25  ,..","12/27,",,,FALSE,,,0.00,0.00,,FALSE,,,0.00,0.00,,FALSE,0.00,0.00,0.00,,,,,,,,,,,,,,,,,,,,,,,,,,,,,,,,,,,,,,,,,,,,,,,,,,,,,,,,,,,,,,,,,,,,,,,,,,,,,,,,,,,,,,,,FALSE,0,,,,,,,0.00,0.00,0.00,TRUE,,,,0,,0.00,5F055A
Tavanic Infusion (N),Tavanic Infusion (N),1,FALSE,FALSE,,,,57860.00,NC,0,0.00,0.00,NC,0,0.00,0.00,NC,0,0.00,0.00,NC,0,0.00,0.00,NC,0,0.00,0.00,NC,0,0.00,0.00,NC,0,0.00,0.00,NC,0,0.00,0.00,NC,0,0.00,0.00,NC,0,0.00,,0,47340.00,1,49600,12353,50749,"06/25  ,..","05/28,",,,FALSE,,,0.00,0.00,,FALSE,,,0.00,0.00,,FALSE,0.00,0.00,0.00,,,,,,,,,,,,,,,,,,,,,,,,,,,,,,,,,,,,,,,,,,,,,,,,,,,,,,,,,,,,,,,,,,,,,,,,,,,,,,,,,,,,,,,,FALSE,0,,,,,,,0.00,0.00,50.00,TRUE,,,,0,,0.00,5F070A
Taxotere 20mg,Taxotere 20mg,1,FALSE,FALSE,,,,0.00,NC,0,0.00,0.00,NC,0,0.00,0.00,NC,0,0.00,0.00,NC,0,0.00,0.00,NC,0,0.00,0.00,NC,0,0.00,0.00,NC,0,0.00,0.00,NC,0,0.00,0.00,NC,0,0.00,0.00,NC,0,0.00,,0,13900.00,1,49400,12350,59800,02/ 19,01/21,,,FALSE,,,0.00,0.00,,FALSE,,,0.00,0.00,,FALSE,0.00,0.00,0.00,,,,,,,,,,,,,,,,,,,,,,,,,,,,,,,,,,,,,,,,,,,,,,,,,,,,,,,,,,,,,,,,,,,,,,,,,,,,,,,,,,,,,,,,FALSE,0,,,,,,,0.00,0.00,0.00,TRUE,,,,0,,0.00,9F379A
Taxotere 80mg,Taxotere 80mg,1,FALSE,FALSE,,,,0.00,NC,0,0.00,0.00,NC,0,0.00,0.00,NC,0,0.00,0.00,NC,0,0.00,0.00,NC,0,0.00,0.00,NC,0,0.00,0.00,NC,0,0.00,0.00,NC,0,0.00,0.00,NC,0,0.00,0.00,NC,0,0.00,,0,45000.00,1,49400,12350,59800,01/ 19,12/19,,,FALSE,,,0.00,0.00,,FALSE,,,0.00,0.00,,FALSE,0.00,0.00,0.00,,,,,,,,,,,,,,,,,,,,,,,,,,,,,,,,,,,,,,,,,,,,,,,,,,,,,,,,,,,,,,,,,,,,,,,,,,,,,,,,,,,,,,,,FALSE,0,,,,,,,0.00,0.00,0.00,TRUE,,,,0,,0.00,9F374A
Tetanus dipthteria,Tetanus dipthteria (Multiple),1,FALSE,FALSE,,,,3375.00,NC,0,0.00,0.00,NC,0,0.00,0.00,NC,0,0.00,0.00,NC,0,0.00,0.00,NC,0,0.00,0.00,NC,0,0.00,0.00,NC,0,0.00,0.00,NC,0,0.00,0.00,NC,0,0.00,0.00,NC,0,0.00,,0,2500.00,1,49914,12370,59917,,06//26,,,FALSE,,,0.00,0.00,,FALSE,,,0.00,0.00,,FALSE,0.00,0.00,0.00,,,,,,,,,,,,,,,,,,,,,,,,,,,,,,,,,,,,,,,,,,,,,,,,,,,,,,,,,,,,,,,,,,,,,,,,,,,,,,,,,,,,,,,,FALSE,0,,,,,,,0.00,0.00,-168.00,TRUE,,,,0,,0.00,222601723A
Tetanus dipthteria(A,Tetanus dipthteria (Multiple),1,FALSE,FALSE,,,,6500.00,NC,0,0.00,0.00,NC,0,0.00,0.00,NC,0,0.00,0.00,NC,0,0.00,0.00,NC,0,0.00,0.00,NC,0,0.00,0.00,NC,0,0.00,0.00,NC,0,0.00,0.00,NC,0,0.00,0.00,NC,0,0.00,,0,2500.00,1,49914,12370,59917,,06/27,,,FALSE,,,0.00,0.00,,FALSE,,,0.00,0.00,,FALSE,0.00,0.00,0.00,,,,,,,,,,,,,,,,,,,,,,,,,,,,,,,,,,,,,,,,,,,,,,,,,,,,,,,,,,,,,,,,,,,,,,,,,,,,,,,,,,,,,,,,FALSE,0,,,,,,,0.00,0.00,-1.00,TRUE,,,,0,,0.00,2334L019D
TETANUS TOXOID,TETANUS TOXOID,1,FALSE,FALSE,,,,350.00,NC,0,0.00,0.00,NC,0,0.00,0.00,NC,0,0.00,0.00,NC,0,0.00,0.00,NC,0,0.00,0.00,NC,0,0.00,0.00,NC,0,0.00,0.00,NC,0,0.00,0.00,NC,0,0.00,0.00,NC,0,0.00,,0,180.00,1,40531,12331,50731,08/ 18,07/21,,,FALSE,,,0.00,0.00,,FALSE,,,0.00,0.00,,FALSE,0.00,0.00,0.00,,,,,,,,,,,,,,,,,,,,,,,,,,,,,,,,,,,,,,,,,,,,,,,,,,,,,,,,,,,,,,,,,,,,,,,,,,,,,,,,,,,,,,,,FALSE,0,,,,,,,0.00,0.00,0.00,TRUE,,,,0,,0.00,25981001E
TETANUS TOXOID(A),TETANUS TOXOID,1,FALSE,FALSE,,,,350.00,NC,0,0.00,0.00,NC,0,0.00,0.00,NC,0,0.00,0.00,NC,0,0.00,0.00,NC,0,0.00,0.00,NC,0,0.00,0.00,NC,0,0.00,0.00,NC,0,0.00,0.00,NC,0,0.00,0.00,NC,0,0.00,,0,180.00,1,40531,12331,50731,05/19,04/22,,,FALSE,,,0.00,0.00,,FALSE,,,0.00,0.00,,FALSE,0.00,0.00,0.00,,,,,,,,,,,,,,,,,,,,,,,,,,,,,,,,,,,,,,,,,,,,,,,,,,,,,,,,,,,,,,,,,,,,,,,,,,,,,,,,,,,,,,,,FALSE,0,,,,,,,0.00,0.00,0.00,TRUE,,,,0,,0.00,25991005C
TETANUS TOXOID(B),TETANUS TOXOID,1,FALSE,FALSE,,,,350.00,NC,0,0.00,0.00,NC,0,0.00,0.00,NC,0,0.00,0.00,NC,0,0.00,0.00,NC,0,0.00,0.00,NC,0,0.00,0.00,NC,0,0.00,0.00,NC,0,0.00,0.00,NC,0,0.00,0.00,NC,0,0.00,,0,209.00,1,40531,12331,50731,11/19...,10/22..,,,FALSE,,,0.00,0.00,,FALSE,,,0.00,0.00,,FALSE,0.00,0.00,0.00,,,,,,,,,,,,,,,,,,,,,,,,,,,,,,,,,,,,,,,,,,,,,,,,,,,,,,,,,,,,,,,,,,,,,,,,,,,,,,,,,,,,,,,,FALSE,0,,,,,,,0.00,0.00,0.00,TRUE,,,,0,,0.00,2599Q007C
TETANUS TOXOID(C),TETANUS TOXOID,1,FALSE,FALSE,,,,870.00,NC,0,0.00,0.00,NC,0,0.00,0.00,NC,0,0.00,0.00,NC,0,0.00,0.00,NC,0,0.00,0.00,NC,0,0.00,0.00,NC,0,0.00,0.00,NC,0,0.00,0.00,NC,0,0.00,0.00,NC,0,0.00,,0,209.00,1,40531,12331,50731,8/20...,07/23..,,,FALSE,,,0.00,0.00,,FALSE,,,0.00,0.00,,FALSE,0.00,0.00,0.00,,,,,,,,,,,,,,,,,,,,,,,,,,,,,,,,,,,,,,,,,,,,,,,,,,,,,,,,,,,,,,,,,,,,,,,,,,,,,,,,,,,,,,,,FALSE,0,,,,,,,0.00,0.00,0.00,TRUE,,,,0,,0.00,2599Q005B
TETANUS TOXOID(D),TETANUS TOXOID,1,FALSE,FALSE,,,,870.00,NC,0,0.00,0.00,NC,0,0.00,0.00,NC,0,0.00,0.00,NC,0,0.00,0.00,NC,0,0.00,0.00,NC,0,0.00,0.00,NC,0,0.00,0.00,NC,0,0.00,0.00,NC,0,0.00,0.00,NC,0,0.00,,0,209.00,1,40531,12331,50731,3/21...,02/24..,,,FALSE,,,0.00,0.00,,FALSE,,,0.00,0.00,,FALSE,0.00,0.00,0.00,,,,,,,,,,,,,,,,,,,,,,,,,,,,,,,,,,,,,,,,,,,,,,,,,,,,,,,,,,,,,,,,,,,,,,,,,,,,,,,,,,,,,,,,FALSE,0,,,,,,,0.00,0.00,0.00,TRUE,,,,0,,0.00,2591Q001A
TETANUS TOXOID(E),TETANUS TOXOID,1,FALSE,FALSE,,,,870.00,NC,0,0.00,0.00,NC,0,0.00,0.00,NC,0,0.00,0.00,NC,0,0.00,0.00,NC,0,0.00,0.00,NC,0,0.00,0.00,NC,0,0.00,0.00,NC,0,0.00,0.00,NC,0,0.00,0.00,NC,0,0.00,,0,442.00,1,40531,12331,50731,09/21...,08/24..,,,FALSE,,,0.00,0.00,,FALSE,,,0.00,0.00,,FALSE,0.00,0.00,0.00,,,,,,,,,,,,,,,,,,,,,,,,,,,,,,,,,,,,,,,,,,,,,,,,,,,,,,,,,,,,,,,,,,,,,,,,,,,,,,,,,,,,,,,,FALSE,0,,,,,,,0.00,0.00,0.00,TRUE,,,,0,,0.00,2591I004B
TETANUS TOXOID(F),TETANUS TOXOID,1,FALSE,FALSE,,,,995.00,NC,0,0.00,0.00,NC,0,0.00,0.00,NC,0,0.00,0.00,NC,0,0.00,0.00,NC,0,0.00,0.00,NC,0,0.00,0.00,NC,0,0.00,0.00,NC,0,0.00,0.00,NC,0,0.00,0.00,NC,0,0.00,,0,442.00,1,40531,12331,50731,09-21.,08/24..,,,FALSE,,,0.00,0.00,,FALSE,,,0.00,0.00,,FALSE,0.00,0.00,0.00,,,,,,,,,,,,,,,,,,,,,,,,,,,,,,,,,,,,,,,,,,,,,,,,,,,,,,,,,,,,,,,,,,,,,,,,,,,,,,,,,,,,,,,,FALSE,0,,,,,,,0.00,0.00,0.00,TRUE,,,,0,,0.00,25911004A
TETANUS TOXOID(G),TETANUS TOXOID,1,FALSE,FALSE,,,,1268.00,NC,0,0.00,0.00,NC,0,0.00,0.00,NC,0,0.00,0.00,NC,0,0.00,0.00,NC,0,0.00,0.00,NC,0,0.00,0.00,NC,0,0.00,0.00,NC,0,0.00,0.00,NC,0,0.00,0.00,NC,0,0.00,,0,1020.00,1,40531,12331,50731,04-22.,03/25..,,,FALSE,,,0.00,0.00,,FALSE,,,0.00,0.00,,FALSE,0.00,0.00,0.00,,,,,,,,,,,,,,,,,,,,,,,,,,,,,,,,,,,,,,,,,,,,,,,,,,,,,,,,,,,,,,,,,,,,,,,,,,,,,,,,,,,,,,,,FALSE,0,,,,,,,0.00,0.00,0.00,TRUE,,,,0,,0.00,25921002C
TETANUS TOXOID(H),TETANUS TOXOID,1,FALSE,FALSE,,,,1268.00,NC,0,0.00,0.00,NC,0,0.00,0.00,NC,0,0.00,0.00,NC,0,0.00,0.00,NC,0,0.00,0.00,NC,0,0.00,0.00,NC,0,0.00,0.00,NC,0,0.00,0.00,NC,0,0.00,0.00,NC,0,0.00,,0,1020.00,1,40531,12331,50731,12-23.,11/26...,,,FALSE,,,0.00,0.00,,FALSE,,,0.00,0.00,,FALSE,0.00,0.00,0.00,,,,,,,,,,,,,,,,,,,,,,,,,,,,,,,,,,,,,,,,,,,,,,,,,,,,,,,,,,,,,,,,,,,,,,,,,,,,,,,,,,,,,,,,FALSE,0,,,,,,,0.00,0.00,0.00,TRUE,,,,0,,0.00,25931009C
TETANUS TOXOID(I),TETANUS TOXOID,1,FALSE,FALSE,,,,1491.00,NC,0,0.00,0.00,NC,0,0.00,0.00,NC,0,0.00,0.00,NC,0,0.00,0.00,NC,0,0.00,0.00,NC,0,0.00,0.00,NC,0,0.00,0.00,NC,0,0.00,0.00,NC,0,0.00,0.00,NC,0,0.00,,0,1200.00,1,40531,12331,50731,06-25.,05/28...,,,FALSE,,,0.00,0.00,,FALSE,,,0.00,0.00,,FALSE,0.00,0.00,0.00,,,,,,,,,,,,,,,,,,,,,,,,,,,,,,,,,,,,,,,,,,,,,,,,,,,,,,,,,,,,,,,,,,,,,,,,,,,,,,,,,,,,,,,,FALSE,0,,,,,,,0.00,0.00,230.00,TRUE,,,,0,,0.00,25951001A
TETANUS TOXOID(MULTI,TETANUS TOXOID(MULTIPLE),1,FALSE,FALSE,,,,2500.00,NC,0,0.00,0.00,NC,0,0.00,0.00,NC,0,0.00,0.00,NC,0,0.00,0.00,NC,0,0.00,0.00,NC,0,0.00,0.00,NC,0,0.00,0.00,NC,0,0.00,0.00,NC,0,0.00,0.00,NC,0,0.00,,0,2000.00,1,40531,12331,50731,,,,,FALSE,,,0.00,0.00,,FALSE,,,0.00,0.00,,FALSE,0.00,0.00,0.00,,,,,,,,,,,,,,,,,,,,,,,,,,,,,,,,,,,,,,,,,,,,,,,,,,,,,,,,,,,,,,,,,,,,,,,,,,,,,,,,,,,,,,,,FALSE,0,,,,,,,0.00,0.00,0.00,TRUE,,,,0,,0.00,
Tetglob Inj 250 iu,Tetglob Inj 250 iu,1,FALSE,FALSE,,,,25000.00,NC,0,0.00,0.00,NC,0,0.00,0.00,NC,0,0.00,0.00,NC,0,0.00,0.00,NC,0,0.00,0.00,NC,0,0.00,0.00,NC,0,0.00,0.00,NC,0,0.00,0.00,NC,0,0.00,0.00,NC,0,0.00,,0,18181.82,1,49700,12354,59901,09/21..',08/24,,,FALSE,,,0.00,0.00,,FALSE,,,0.00,0.00,,FALSE,0.00,0.00,0.00,,,,,,,,,,,,,,,,,,,,,,,,,,,,,,,,,,,,,,,,,,,,,,,,,,,,,,,,,,,,,,,,,,,,,,,,,,,,,,,,,,,,,,,,FALSE,0,,,,,,,0.00,0.00,0.00,TRUE,,,,0,,0.00,A02821012
Tetraxim,Tetraxim,1,FALSE,FALSE,,,,7968.00,NC,0,0.00,0.00,NC,0,0.00,0.00,NC,0,0.00,0.00,NC,0,0.00,0.00,NC,0,0.00,0.00,NC,0,0.00,0.00,NC,0,0.00,0.00,NC,0,0.00,0.00,NC,0,0.00,0.00,NC,0,0.00,,0,5400.00,1,40532,12332,50732,"05/17,",04/20.,,,FALSE,,,0.00,0.00,,FALSE,,,0.00,0.00,,FALSE,0.00,0.00,0.00,,,,,,,,,,,,,,,,,,,,,,,,,,,,,,,,,,,,,,,,,,,,,,,,,,,,,,,,,,,,,,,,,,,,,,,,,,,,,,,,,,,,,,,,FALSE,0,,,,,,,0.00,0.00,0.00,TRUE,,,,0,,0.00,P3E221V
Tetraxim (A),Tetraxim,1,FALSE,FALSE,,,,7968.00,NC,0,0.00,0.00,NC,0,0.00,0.00,NC,0,0.00,0.00,NC,0,0.00,0.00,NC,0,0.00,0.00,NC,0,0.00,0.00,NC,0,0.00,0.00,NC,0,0.00,0.00,NC,0,0.00,0.00,NC,0,0.00,,0,5400.00,1,40532,12332,50732,11 / 16,10/19,,,FALSE,,,0.00,0.00,,FALSE,,,0.00,0.00,,FALSE,0.00,0.00,0.00,,,,,,,,,,,,,,,,,,,,,,,,,,,,,,,,,,,,,,,,,,,,,,,,,,,,,,,,,,,,,,,,,,,,,,,,,,,,,,,,,,,,,,,,FALSE,0,,,,,,,0.00,0.00,0.00,TRUE,,,,0,,0.00,N3N092
Tetraxim (B),Tetraxim,1,FALSE,FALSE,,,,10880.00,NC,0,0.00,0.00,NC,0,0.00,0.00,NC,0,0.00,0.00,NC,0,0.00,0.00,NC,0,0.00,0.00,NC,0,0.00,0.00,NC,0,0.00,0.00,NC,0,0.00,0.00,NC,0,0.00,0.00,NC,0,0.00,,0,7172.00,1,40532,12332,50732,08//19,07/22..,,,FALSE,,,0.00,0.00,,FALSE,,,0.00,0.00,,FALSE,0.00,0.00,0.00,,,,,,,,,,,,,,,,,,,,,,,,,,,,,,,,,,,,,,,,,,,,,,,,,,,,,,,,,,,,,,,,,,,,,,,,,,,,,,,,,,,,,,,,FALSE,0,,,,,,,0.00,0.00,0.00,TRUE,,,,0,,0.00,U3A722V
Tetraxim (C),Tetraxim,1,FALSE,FALSE,,,,10880.00,NC,0,0.00,0.00,NC,0,0.00,0.00,NC,0,0.00,0.00,NC,0,0.00,0.00,NC,0,0.00,0.00,NC,0,0.00,0.00,NC,0,0.00,0.00,NC,0,0.00,0.00,NC,0,0.00,0.00,NC,0,0.00,,0,7173.60,1,40532,12332,50732,02//21.,08/23..,,,FALSE,,,0.00,0.00,,FALSE,,,0.00,0.00,,FALSE,0.00,0.00,0.00,,,,,,,,,,,,,,,,,,,,,,,,,,,,,,,,,,,,,,,,,,,,,,,,,,,,,,,,,,,,,,,,,,,,,,,,,,,,,,,,,,,,,,,,FALSE,0,,,,,,,0.00,0.00,0.00,TRUE,,,,0,,0.00,V3C771V
Thymoglobulin 25mg,Thymoglobulin 25mg/5ml,1,FALSE,FALSE,,,,190000.00,NC,0,0.00,0.00,NC,0,0.00,0.00,NC,0,0.00,0.00,NC,0,0.00,0.00,NC,0,0.00,0.00,NC,0,0.00,0.00,NC,0,0.00,0.00,NC,0,0.00,0.00,NC,0,0.00,0.00,NC,0,0.00,,0,190000.00,1,49904,12360,59907,12//22..,11//25,,,FALSE,,,0.00,0.00,,FALSE,,,0.00,0.00,,FALSE,0.00,0.00,0.00,,,,,,,,,,,,,,,,,,,,,,,,,,,,,,,,,,,,,,,,,,,,,,,,,,,,,,,,,,,,,,,,,,,,,,,,,,,,,,,,,,,,,,,,FALSE,0,,,,,,,0.00,0.00,0.00,TRUE,,,,0,,0.00,DW1619
Tresiba,Tresiba,1,FALSE,FALSE,,,,9502.00,NC,0,0.00,0.00,NC,0,0.00,0.00,NC,0,0.00,0.00,NC,0,0.00,0.00,NC,0,0.00,0.00,NC,0,0.00,0.00,NC,0,0.00,0.00,NC,0,0.00,0.00,NC,0,0.00,0.00,NC,0,0.00,,0,6610.00,1,40545,12345,50745,05 /18.,10/20,,,FALSE,,,0.00,0.00,,FALSE,,,0.00,0.00,,FALSE,0.00,0.00,0.00,,,,,,,,,,,,,,,,,,,,,,,,,,,,,,,,,,,,,,,,,,,,,,,,,,,,,,,,,,,,,,,,,,,,,,,,,,,,,,,,,,,,,,,,FALSE,0,,,,,,,0.00,0.00,0.00,TRUE,,,,0,,0.00,HP52558
Tresiba (A),Tresiba,1,FALSE,FALSE,,,,9502.00,NC,0,0.00,0.00,NC,0,0.00,0.00,NC,0,0.00,0.00,NC,0,0.00,0.00,NC,0,0.00,0.00,NC,0,0.00,0.00,NC,0,0.00,0.00,NC,0,0.00,0.00,NC,0,0.00,0.00,NC,0,0.00,,0,8149.00,1,40545,12345,50745,08/19..,01/22,,,FALSE,,,0.00,0.00,,FALSE,,,0.00,0.00,,FALSE,0.00,0.00,0.00,,,,,,,,,,,,,,,,,,,,,,,,,,,,,,,,,,,,,,,,,,,,,,,,,,,,,,,,,,,,,,,,,,,,,,,,,,,,,,,,,,,,,,,,FALSE,0,,,,,,,0.00,0.00,0.00,TRUE,,,,0,,0.00,JP53484
Tresiba (B),Tresiba,1,FALSE,FALSE,,,,9502.00,NC,0,0.00,0.00,NC,0,0.00,0.00,NC,0,0.00,0.00,NC,0,0.00,0.00,NC,0,0.00,0.00,NC,0,0.00,0.00,NC,0,0.00,0.00,NC,0,0.00,0.00,NC,0,0.00,0.00,NC,0,0.00,,0,8638.00,1,40545,12345,50745,..8//20..,1//23..,,,FALSE,,,0.00,0.00,,FALSE,,,0.00,0.00,,FALSE,0.00,0.00,0.00,,,,,,,,,,,,,,,,,,,,,,,,,,,,,,,,,,,,,,,,,,,,,,,,,,,,,,,,,,,,,,,,,,,,,,,,,,,,,,,,,,,,,,,,FALSE,0,,,,,,,0.00,0.00,0.00,TRUE,,,,0,,0.00,KP5192
Tresiba (C),Tresiba,1,FALSE,FALSE,,,,12340.00,NC,0,0.00,0.00,NC,0,0.00,0.00,NC,0,0.00,0.00,NC,0,0.00,0.00,NC,0,0.00,0.00,NC,0,0.00,0.00,NC,0,0.00,0.00,NC,0,0.00,0.00,NC,0,0.00,0.00,NC,0,0.00,,0,9707.00,1,40545,12345,50745,..09/21..,02/24..,,,FALSE,,,0.00,0.00,,FALSE,,,0.00,0.00,,FALSE,0.00,0.00,0.00,,,,,,,,,,,,,,,,,,,,,,,,,,,,,,,,,,,,,,,,,,,,,,,,,,,,,,,,,,,,,,,,,,,,,,,,,,,,,,,,,,,,,,,,FALSE,0,,,,,,,0.00,0.00,0.00,TRUE,,,,0,,0.00,MP5B076
Tresiba (D),Tresiba,1,FALSE,FALSE,,,,29948.00,NC,0,0.00,0.00,NC,0,0.00,0.00,NC,0,0.00,0.00,NC,0,0.00,0.00,NC,0,0.00,0.00,NC,0,0.00,0.00,NC,0,0.00,0.00,NC,0,0.00,0.00,NC,0,0.00,0.00,NC,0,0.00,,0,18743.00,1,40545,12345,50745,..01/23..,06/25..,,,FALSE,,,0.00,0.00,,FALSE,,,0.00,0.00,,FALSE,0.00,0.00,0.00,,,,,,,,,,,,,,,,,,,,,,,,,,,,,,,,,,,,,,,,,,,,,,,,,,,,,,,,,,,,,,,,,,,,,,,,,,,,,,,,,,,,,,,,FALSE,0,,,,,,,0.00,0.00,0.00,TRUE,,,,0,,0.00,NP5F937
Tresiba (E),Tresiba,1,FALSE,FALSE,,,,33865.00,NC,0,0.00,0.00,NC,0,0.00,0.00,NC,0,0.00,0.00,NC,0,0.00,0.00,NC,0,0.00,0.00,NC,0,0.00,0.00,NC,0,0.00,0.00,NC,0,0.00,0.00,NC,0,0.00,0.00,NC,0,0.00,,0,28794.00,1,40545,12345,50745,..02/23..,07/25..,,,FALSE,,,0.00,0.00,,FALSE,,,0.00,0.00,,FALSE,0.00,0.00,0.00,,,,,,,,,,,,,,,,,,,,,,,,,,,,,,,,,,,,,,,,,,,,,,,,,,,,,,,,,,,,,,,,,,,,,,,,,,,,,,,,,,,,,,,,FALSE,0,,,,,,,0.00,0.00,0.00,TRUE,,,,0,,0.00,NP5J286
Tresiba (F),Tresiba,1,FALSE,FALSE,,,,33865.00,NC,0,0.00,0.00,NC,0,0.00,0.00,NC,0,0.00,0.00,NC,0,0.00,0.00,NC,0,0.00,0.00,NC,0,0.00,0.00,NC,0,0.00,0.00,NC,0,0.00,0.00,NC,0,0.00,0.00,NC,0,0.00,,0,30786.00,1,40545,12345,50745,..09/23..,02/26...,,,FALSE,,,0.00,0.00,,FALSE,,,0.00,0.00,,FALSE,0.00,0.00,0.00,,,,,,,,,,,,,,,,,,,,,,,,,,,,,,,,,,,,,,,,,,,,,,,,,,,,,,,,,,,,,,,,,,,,,,,,,,,,,,,,,,,,,,,,FALSE,0,,,,,,,0.00,0.00,0.00,TRUE,,,,0,,0.00,NP5J758
Tresiba (G),Tresiba,1,FALSE,FALSE,,,,33865.00,NC,0,0.00,0.00,NC,0,0.00,0.00,NC,0,0.00,0.00,NC,0,0.00,0.00,NC,0,0.00,0.00,NC,0,0.00,0.00,NC,0,0.00,0.00,NC,0,0.00,0.00,NC,0,0.00,0.00,NC,0,0.00,,0,30786.00,1,40545,12345,50745,..11/23..,04/26...,,,FALSE,,,0.00,0.00,,FALSE,,,0.00,0.00,,FALSE,0.00,0.00,0.00,,,,,,,,,,,,,,,,,,,,,,,,,,,,,,,,,,,,,,,,,,,,,,,,,,,,,,,,,,,,,,,,,,,,,,,,,,,,,,,,,,,,,,,,FALSE,0,,,,,,,0.00,0.00,0.00,TRUE,,,,0,,0.00,PP5L364
Tresiba (H),Tresiba,1,FALSE,FALSE,,,,33865.00,NC,0,0.00,0.00,NC,0,0.00,0.00,NC,0,0.00,0.00,NC,0,0.00,0.00,NC,0,0.00,0.00,NC,0,0.00,0.00,NC,0,0.00,0.00,NC,0,0.00,0.00,NC,0,0.00,0.00,NC,0,0.00,,0,30786.00,1,40545,12345,50745,09/23..,02/26...,,,FALSE,,,0.00,0.00,,FALSE,,,0.00,0.00,,FALSE,0.00,0.00,0.00,,,,,,,,,,,,,,,,,,,,,,,,,,,,,,,,,,,,,,,,,,,,,,,,,,,,,,,,,,,,,,,,,,,,,,,,,,,,,,,,,,,,,,,,FALSE,0,,,,,,,0.00,0.00,0.00,TRUE,,,,0,,0.00,"NP5J758,"
Tresiba (I),Tresiba,1,FALSE,FALSE,,,,33865.00,NC,0,0.00,0.00,NC,0,0.00,0.00,NC,0,0.00,0.00,NC,0,0.00,0.00,NC,0,0.00,0.00,NC,0,0.00,0.00,NC,0,0.00,0.00,NC,0,0.00,0.00,NC,0,0.00,0.00,NC,0,0.00,,0,30786.00,1,40545,12345,50745,1123..,04/26...,,,FALSE,,,0.00,0.00,,FALSE,,,0.00,0.00,,FALSE,0.00,0.00,0.00,,,,,,,,,,,,,,,,,,,,,,,,,,,,,,,,,,,,,,,,,,,,,,,,,,,,,,,,,,,,,,,,,,,,,,,,,,,,,,,,,,,,,,,,FALSE,0,,,,,,,0.00,0.00,0.00,TRUE,,,,0,,0.00,PP5L364.
Tresiba (J),Tresiba,1,FALSE,FALSE,,,,30866.00,NC,0,0.00,0.00,NC,0,0.00,0.00,NC,0,0.00,0.00,NC,0,0.00,0.00,NC,0,0.00,0.00,NC,0,0.00,0.00,NC,0,0.00,0.00,NC,0,0.00,0.00,NC,0,0.00,0.00,NC,0,0.00,,0,28060.00,1,40545,12345,50745,05/25..,10/27...,,,FALSE,,,0.00,0.00,,FALSE,,,0.00,0.00,,FALSE,0.00,0.00,0.00,,,,,,,,,,,,,,,,,,,,,,,,,,,,,,,,,,,,,,,,,,,,,,,,,,,,,,,,,,,,,,,,,,,,,,,,,,,,,,,,,,,,,,,,FALSE,0,,,,,,,0.00,0.00,0.00,TRUE,,,,0,,0.00,RP5S661
Tresiba (K),Tresiba,1,FALSE,FALSE,,,,30866.00,NC,0,0.00,0.00,NC,0,0.00,0.00,NC,0,0.00,0.00,NC,0,0.00,0.00,NC,0,0.00,0.00,NC,0,0.00,0.00,NC,0,0.00,0.00,NC,0,0.00,0.00,NC,0,0.00,0.00,NC,0,0.00,,0,28060.00,1,40545,12345,50745,06/25..,11/27...,,,FALSE,,,0.00,0.00,,FALSE,,,0.00,0.00,,FALSE,0.00,0.00,0.00,,,,,,,,,,,,,,,,,,,,,,,,,,,,,,,,,,,,,,,,,,,,,,,,,,,,,,,,,,,,,,,,,,,,,,,,,,,,,,,,,,,,,,,,FALSE,0,,,,,,,0.00,0.00,29.00,TRUE,,,,0,,0.00,RP5V256
TRESIVAC (MMR),TRESIVAC (MMR),1,FALSE,FALSE,,,,3100.00,NC,0,0.00,0.00,NC,0,0.00,0.00,NC,0,0.00,0.00,NC,0,0.00,0.00,NC,0,0.00,0.00,NC,0,0.00,0.00,NC,0,0.00,0.00,NC,0,0.00,0.00,NC,0,0.00,0.00,NC,0,0.00,,0,2298.00,1,40501,12301,50701,10/18 .,03/21,,,FALSE,,,0.00,0.00,,FALSE,,,0.00,0.00,,FALSE,0.00,0.00,0.00,,,,,,,,,,,,,,,,,,,,,,,,,,,,,,,,,,,,,,,,,,,,,,,,,,,,,,,,,,,,,,,,,,,,,,,,,,,,,,,,,,,,,,,,FALSE,0,,,,,,,0.00,0.00,0.00,TRUE,,,,0,,0.00,0138M156A
TRESIVAC (MMR) (A),TRESIVAC (MMR),1,FALSE,FALSE,,,,3100.00,NC,0,0.00,0.00,NC,0,0.00,0.00,NC,0,0.00,0.00,NC,0,0.00,0.00,NC,0,0.00,0.00,NC,0,0.00,0.00,NC,0,0.00,0.00,NC,0,0.00,0.00,NC,0,0.00,0.00,NC,0,0.00,,0,2398.00,1,40501,12301,50701,02 / 19..,07/ 21,,,FALSE,,,0.00,0.00,,FALSE,,,0.00,0.00,,FALSE,0.00,0.00,0.00,,,,,,,,,,,,,,,,,,,,,,,,,,,,,,,,,,,,,,,,,,,,,,,,,,,,,,,,,,,,,,,,,,,,,,,,,,,,,,,,,,,,,,,,FALSE,0,,,,,,,0.00,0.00,0.00,TRUE,,,,0,,0.00,0139N021B
TRESIVAC (MMR) (B),TRESIVAC (MMR),1,FALSE,FALSE,,,,3100.00,NC,0,0.00,0.00,NC,0,0.00,0.00,NC,0,0.00,0.00,NC,0,0.00,0.00,NC,0,0.00,0.00,NC,0,0.00,0.00,NC,0,0.00,0.00,NC,0,0.00,0.00,NC,0,0.00,0.00,NC,0,0.00,,0,2398.00,1,40501,12301,50701,02 / 19...,07/ 21,,,FALSE,,,0.00,0.00,,FALSE,,,0.00,0.00,,FALSE,0.00,0.00,0.00,,,,,,,,,,,,,,,,,,,,,,,,,,,,,,,,,,,,,,,,,,,,,,,,,,,,,,,,,,,,,,,,,,,,,,,,,,,,,,,,,,,,,,,,FALSE,0,,,,,,,0.00,0.00,0.00,TRUE,,,,0,,0.00,0139N021B.
TRESIVAC (MMR) (C),TRESIVAC (MMR),1,FALSE,FALSE,,,,3180.00,NC,0,0.00,0.00,NC,0,0.00,0.00,NC,0,0.00,0.00,NC,0,0.00,0.00,NC,0,0.00,0.00,NC,0,0.00,0.00,NC,0,0.00,0.00,NC,0,0.00,0.00,NC,0,0.00,0.00,NC,0,0.00,,0,2600.00,1,40501,12301,50701,08/ 19...,01/ 22,,,FALSE,,,0.00,0.00,,FALSE,,,0.00,0.00,,FALSE,0.00,0.00,0.00,,,,,,,,,,,,,,,,,,,,,,,,,,,,,,,,,,,,,,,,,,,,,,,,,,,,,,,,,,,,,,,,,,,,,,,,,,,,,,,,,,,,,,,,FALSE,0,,,,,,,0.00,0.00,0.00,TRUE,,,,0,,0.00,0139M036A.
TRESIVAC (MMR) (D),TRESIVAC (MMR),1,FALSE,FALSE,,,,3180.00,NC,0,0.00,0.00,NC,0,0.00,0.00,NC,0,0.00,0.00,NC,0,0.00,0.00,NC,0,0.00,0.00,NC,0,0.00,0.00,NC,0,0.00,0.00,NC,0,0.00,0.00,NC,0,0.00,0.00,NC,0,0.00,,0,2600.00,1,40501,12301,50701,11/20...,04/23..,,,FALSE,,,0.00,0.00,,FALSE,,,0.00,0.00,,FALSE,0.00,0.00,0.00,,,,,,,,,,,,,,,,,,,,,,,,,,,,,,,,,,,,,,,,,,,,,,,,,,,,,,,,,,,,,,,,,,,,,,,,,,,,,,,,,,,,,,,,FALSE,0,,,,,,,0.00,0.00,0.00,TRUE,,,,0,,0.00,0130N107A
TRESIVAC (MMR) (E),TRESIVAC (MMR),1,FALSE,FALSE,,,,14310.00,NC,0,0.00,0.00,NC,0,0.00,0.00,NC,0,0.00,0.00,NC,0,0.00,0.00,NC,0,0.00,0.00,NC,0,0.00,0.00,NC,0,0.00,0.00,NC,0,0.00,0.00,NC,0,0.00,0.00,NC,0,0.00,,0,5900.00,1,40501,12301,50701,08/22...,01/25...,,,FALSE,,,0.00,0.00,,FALSE,,,0.00,0.00,,FALSE,0.00,0.00,0.00,,,,,,,,,,,,,,,,,,,,,,,,,,,,,,,,,,,,,,,,,,,,,,,,,,,,,,,,,,,,,,,,,,,,,,,,,,,,,,,,,,,,,,,,FALSE,0,,,,,,,0.00,0.00,0.00,TRUE,,,,0,,0.00,0131N115A
TRESIVAC (MMR) (F),TRESIVAC (MMR),1,FALSE,FALSE,,,,15049.00,NC,0,0.00,0.00,NC,0,0.00,0.00,NC,0,0.00,0.00,NC,0,0.00,0.00,NC,0,0.00,0.00,NC,0,0.00,0.00,NC,0,0.00,0.00,NC,0,0.00,0.00,NC,0,0.00,0.00,NC,0,0.00,,0,11724.00,1,40501,12301,50701,11/23...,04/26...,,,FALSE,,,0.00,0.00,,FALSE,,,0.00,0.00,,FALSE,0.00,0.00,0.00,,,,,,,,,,,,,,,,,,,,,,,,,,,,,,,,,,,,,,,,,,,,,,,,,,,,,,,,,,,,,,,,,,,,,,,,,,,,,,,,,,,,,,,,FALSE,0,,,,,,,0.00,0.00,0.00,TRUE,,,,0,,0.00,0133M097B
TRESIVAC (MMR) (G),TRESIVAC (MMR),1,FALSE,FALSE,,,,17500.00,NC,0,0.00,0.00,NC,0,0.00,0.00,NC,0,0.00,0.00,NC,0,0.00,0.00,NC,0,0.00,0.00,NC,0,0.00,0.00,NC,0,0.00,0.00,NC,0,0.00,0.00,NC,0,0.00,0.00,NC,0,0.00,,0,14700.00,1,40501,12301,50701,09/24...,02/27...,,,FALSE,,,0.00,0.00,,FALSE,,,0.00,0.00,,FALSE,0.00,0.00,0.00,,,,,,,,,,,,,,,,,,,,,,,,,,,,,,,,,,,,,,,,,,,,,,,,,,,,,,,,,,,,,,,,,,,,,,,,,,,,,,,,,,,,,,,,FALSE,0,,,,,,,0.00,0.00,-402.00,TRUE,,,,0,,0.00,0134NO65B
TRESIVAC (MMR) (H),TRESIVAC (MMR),1,FALSE,FALSE,,,,17500.00,NC,0,0.00,0.00,NC,0,0.00,0.00,NC,0,0.00,0.00,NC,0,0.00,0.00,NC,0,0.00,0.00,NC,0,0.00,0.00,NC,0,0.00,0.00,NC,0,0.00,0.00,NC,0,0.00,0.00,NC,0,0.00,,0,12330.00,1,40501,12301,50701,04/25...,09/27...,,,FALSE,,,0.00,0.00,,FALSE,,,0.00,0.00,,FALSE,0.00,0.00,0.00,,,,,,,,,,,,,,,,,,,,,,,,,,,,,,,,,,,,,,,,,,,,,,,,,,,,,,,,,,,,,,,,,,,,,,,,,,,,,,,,,,,,,,,,FALSE,0,,,,,,,0.00,0.00,0.00,TRUE,,,,0,,0.00,0135MO77
Trimovax,Trimovax,1,FALSE,FALSE,,,,4000.00,NC,0,0.00,0.00,NC,0,0.00,0.00,NC,0,0.00,0.00,NC,0,0.00,0.00,NC,0,0.00,0.00,NC,0,0.00,0.00,NC,0,0.00,0.00,NC,0,0.00,0.00,NC,0,0.00,0.00,NC,0,0.00,,0,2635.00,1,40501,12301,50701,,,,,FALSE,,,0.00,0.00,,FALSE,,,0.00,0.00,,FALSE,0.00,0.00,0.00,,,,,,,,,,,,,,,,,,,,,,,,,,,,,,,,,,,,,,,,,,,,,,,,,,,,,,,,,,,,,,,,,,,,,,,,,,,,,,,,,,,,,,,,FALSE,0,,,,,,,0.00,0.00,0.00,TRUE,,,,0,,0.00,
TRITACE 10MG,TRITACE 10MG,1,FALSE,FALSE,,,,5612.00,NC,0,0.00,0.00,NC,0,0.00,0.00,NC,0,0.00,0.00,NC,0,0.00,0.00,NC,0,0.00,0.00,NC,0,0.00,0.00,NC,0,0.00,0.00,NC,0,0.00,0.00,NC,0,0.00,0.00,NC,0,0.00,,0,5002.00,1,40000,12000,50000,1//21..,1//23..,,,FALSE,,,0.00,0.00,,FALSE,,,0.00,0.00,,FALSE,0.00,0.00,0.00,,,,,,,,,,,,,,,,,,,,,,,,,,,,,,,,,,,,,,,,,,,,,,,,,,,,,,,,,,,,,,,,,,,,,,,,,,,,,,,,,,,,,,,,FALSE,0,,,,,,,0.00,0.00,0.00,TRUE,,,,0,,0.00,1UOO1
TRITACE 2.5MG,TRITACE 2.5MG,1,FALSE,FALSE,,,,3869.00,NC,0,0.00,0.00,NC,0,0.00,0.00,NC,0,0.00,0.00,NC,0,0.00,0.00,NC,0,0.00,0.00,NC,0,0.00,0.00,NC,0,0.00,0.00,NC,0,0.00,0.00,NC,0,0.00,0.00,NC,0,0.00,,0,3448.00,1,40000,12000,50000,06//19..,05//22.,,,FALSE,,,0.00,0.00,,FALSE,,,0.00,0.00,,FALSE,0.00,0.00,0.00,,,,,,,,,,,,,,,,,,,,,,,,,,,,,,,,,,,,,,,,,,,,,,,,,,,,,,,,,,,,,,,,,,,,,,,,,,,,,,,,,,,,,,,,FALSE,0,,,,,,,0.00,0.00,0.00,TRUE,,,,0,,0.00,9UOO3
TRITACE 5MG,TRITACE 5MG,1,FALSE,FALSE,,,,5555.38,NC,0,0.00,0.00,NC,0,0.00,0.00,NC,0,0.00,0.00,NC,0,0.00,0.00,NC,0,0.00,0.00,NC,0,0.00,0.00,NC,0,0.00,0.00,NC,0,0.00,0.00,NC,0,0.00,0.00,NC,0,0.00,,0,4952.00,1,40000,12000,50000,05/19..,04/22,,,FALSE,,,0.00,0.00,,FALSE,,,0.00,0.00,,FALSE,0.00,0.00,0.00,,,,,,,,,,,,,,,,,,,,,,,,,,,,,,,,,,,,,,,,,,,,,,,,,,,,,,,,,,,,,,,,,,,,,,,,,,,,,,,,,,,,,,,,FALSE,0,,,,,,,0.00,0.00,0.00,TRUE,,,,0,,0.00,9UOO1
TRITANRIX HB,Tritanrix Hb,1,FALSE,FALSE,,,,2175.00,NC,0,0.00,0.00,NC,0,0.00,0.00,NC,0,0.00,0.00,NC,0,0.00,0.00,NC,0,0.00,0.00,NC,0,0.00,0.00,NC,0,0.00,0.00,NC,0,0.00,0.00,NC,0,0.00,0.00,NC,0,0.00,,0,362.50,1,40503,12303,50703,,,,,FALSE,,,0.00,0.00,,FALSE,,,0.00,0.00,,FALSE,0.00,0.00,0.00,,,,,,,,,,,,,,,,,,,,,,,,,,,,,,,,,,,,,,,,,,,,,,,,,,,,,,,,,,,,,,,,,,,,,,,,,,,,,,,,,,,,,,,,FALSE,0,,,,,,,0.00,0.00,0.00,TRUE,,,,0,,0.00,
TRITANRIX HB/HIB,Tritanrix Hb/Hib,1,FALSE,FALSE,,,,0.00,NC,0,0.00,0.00,NC,0,0.00,0.00,NC,0,0.00,0.00,NC,0,0.00,0.00,NC,0,0.00,0.00,NC,0,0.00,0.00,NC,0,0.00,0.00,NC,0,0.00,0.00,NC,0,0.00,0.00,NC,0,0.00,,0,0.00,1,40504,12304,50704,,,,,FALSE,,,0.00,0.00,,FALSE,,,0.00,0.00,,FALSE,0.00,0.00,0.00,,,,,,,,,,,,,,,,,,,,,,,,,,,,,,,,,,,,,,,,,,,,,,,,,,,,,,,,,,,,,,,,,,,,,,,,,,,,,,,,,,,,,,,,FALSE,0,,,,,,,0.00,0.00,0.00,TRUE,,,,0,,0.00,
TWINRIX ADULT,TWINRIX ADULT,1,FALSE,FALSE,,,,8050.00,NC,0,0.00,0.00,NC,0,0.00,0.00,NC,0,0.00,0.00,NC,0,0.00,0.00,NC,0,0.00,0.00,NC,0,0.00,0.00,NC,0,0.00,0.00,NC,0,0.00,0.00,NC,0,0.00,0.00,NC,0,0.00,,0,6430.00,1,40200,12100,50500,07/17,06/20,,,FALSE,,,0.00,0.00,,FALSE,,,0.00,0.00,,FALSE,0.00,0.00,0.00,,,,,,,,,,,,,,,,,,,,,,,,,,,,,,,,,,,,,,,,,,,,,,,,,,,,,,,,,,,,,,,,,,,,,,,,,,,,,,,,,,,,,,,,FALSE,0,,,,,,,0.00,0.00,0.00,TRUE,,,,0,,0.00,AHABB376AK
TWINRIX JUNIOR,TWINRIX JUNIOR,1,FALSE,FALSE,,,,5141.00,NC,0,0.00,0.00,NC,0,0.00,0.00,NC,0,0.00,0.00,NC,0,0.00,0.00,NC,0,0.00,0.00,NC,0,0.00,0.00,NC,0,0.00,0.00,NC,0,0.00,0.00,NC,0,0.00,0.00,NC,0,0.00,,0,4470.00,1,40200,12100,50500,04/17.,03/20,,,FALSE,,,0.00,0.00,,FALSE,,,0.00,0.00,,FALSE,0.00,0.00,0.00,,,,,,,,,,,,,,,,,,,,,,,,,,,,,,,,,,,,,,,,,,,,,,,,,,,,,,,,,,,,,,,,,,,,,,,,,,,,,,,,,,,,,,,,FALSE,0,,,,,,,0.00,0.00,0.00,TRUE,,,,0,,0.00,AHABB368BH
TWINRIX JUNIOR(A),TWINRIX JUNIOR,1,FALSE,FALSE,,,,5141.00,NC,0,0.00,0.00,NC,0,0.00,0.00,NC,0,0.00,0.00,NC,0,0.00,0.00,NC,0,0.00,0.00,NC,0,0.00,0.00,NC,0,0.00,0.00,NC,0,0.00,0.00,NC,0,0.00,0.00,NC,0,0.00,,0,4470.00,1,40200,12100,50500,12/ 17.,11/20,,,FALSE,,,0.00,0.00,,FALSE,,,0.00,0.00,,FALSE,0.00,0.00,0.00,,,,,,,,,,,,,,,,,,,,,,,,,,,,,,,,,,,,,,,,,,,,,,,,,,,,,,,,,,,,,,,,,,,,,,,,,,,,,,,,,,,,,,,,FALSE,0,,,,,,,0.00,0.00,0.00,TRUE,,,,0,,0.00,AHABB388BF
TWINRIX JUNIOR(B),TWINRIX JUNIOR,1,FALSE,FALSE,,,,5141.00,NC,0,0.00,0.00,NC,0,0.00,0.00,NC,0,0.00,0.00,NC,0,0.00,0.00,NC,0,0.00,0.00,NC,0,0.00,0.00,NC,0,0.00,0.00,NC,0,0.00,0.00,NC,0,0.00,0.00,NC,0,0.00,,0,4470.00,1,40200,12100,50500,06/19,05/22,,,FALSE,,,0.00,0.00,,FALSE,,,0.00,0.00,,FALSE,0.00,0.00,0.00,,,,,,,,,,,,,,,,,,,,,,,,,,,,,,,,,,,,,,,,,,,,,,,,,,,,,,,,,,,,,,,,,,,,,,,,,,,,,,,,,,,,,,,,FALSE,0,,,,,,,0.00,0.00,0.00,TRUE,,,,0,,0.00,AHABB415AE
TWINRIX JUNIOR(C),TWINRIX JUNIOR,1,FALSE,FALSE,,,,6705.00,NC,0,0.00,0.00,NC,0,0.00,0.00,NC,0,0.00,0.00,NC,0,0.00,0.00,NC,0,0.00,0.00,NC,0,0.00,0.00,NC,0,0.00,0.00,NC,0,0.00,0.00,NC,0,0.00,0.00,NC,0,0.00,,0,4470.00,1,40200,12100,50500,6/2020,05/23,,,FALSE,,,0.00,0.00,,FALSE,,,0.00,0.00,,FALSE,0.00,0.00,0.00,,,,,,,,,,,,,,,,,,,,,,,,,,,,,,,,,,,,,,,,,,,,,,,,,,,,,,,,,,,,,,,,,,,,,,,,,,,,,,,,,,,,,,,,FALSE,0,,,,,,,0.00,0.00,0.00,TRUE,,,,0,,0.00,AHABB436AM
TWINRIX JUNIOR(D),TWINRIX JUNIOR,1,FALSE,FALSE,,,,11265.00,NC,0,0.00,0.00,NC,0,0.00,0.00,NC,0,0.00,0.00,NC,0,0.00,0.00,NC,0,0.00,0.00,NC,0,0.00,0.00,NC,0,0.00,0.00,NC,0,0.00,0.00,NC,0,0.00,0.00,NC,0,0.00,,0,5588.00,1,40200,12100,50500,01/2022,12/24..,,,FALSE,,,0.00,0.00,,FALSE,,,0.00,0.00,,FALSE,0.00,0.00,0.00,,,,,,,,,,,,,,,,,,,,,,,,,,,,,,,,,,,,,,,,,,,,,,,,,,,,,,,,,,,,,,,,,,,,,,,,,,,,,,,,,,,,,,,,FALSE,0,,,,,,,0.00,0.00,0.00,TRUE,,,,0,,0.00,AHABB445AJ
TYPBAR,TYPBAR,1,FALSE,FALSE,,,,2625.00,NC,0,0.00,0.00,NC,0,0.00,0.00,NC,0,0.00,0.00,NC,0,0.00,0.00,NC,0,0.00,0.00,NC,0,0.00,0.00,NC,0,0.00,0.00,NC,0,0.00,0.00,NC,0,0.00,0.00,NC,0,0.00,,0,2100.00,1,40500,12300,50700,02 /18.,01/21,,,FALSE,,,0.00,0.00,,FALSE,,,0.00,0.00,,FALSE,0.00,0.00,0.00,,,,,,,,,,,,,,,,,,,,,,,,,,,,,,,,,,,,,,,,,,,,,,,,,,,,,,,,,,,,,,,,,,,,,,,,,,,,,,,,,,,,,,,,FALSE,0,,,,,,,0.00,0.00,0.00,TRUE,,,,0,,0.00,54A18002A
TYPBAR (A),TYPBAR,1,FALSE,FALSE,,,,3125.00,NC,0,0.00,0.00,NC,0,0.00,0.00,NC,0,0.00,0.00,NC,0,0.00,0.00,NC,0,0.00,0.00,NC,0,0.00,0.00,NC,0,0.00,0.00,NC,0,0.00,0.00,NC,0,0.00,0.00,NC,0,0.00,,0,2100.00,1,40500,12300,50700,09 /19.,08/22,,,FALSE,,,0.00,0.00,,FALSE,,,0.00,0.00,,FALSE,0.00,0.00,0.00,,,,,,,,,,,,,,,,,,,,,,,,,,,,,,,,,,,,,,,,,,,,,,,,,,,,,,,,,,,,,,,,,,,,,,,,,,,,,,,,,,,,,,,,FALSE,0,,,,,,,0.00,0.00,0.00,TRUE,,,,0,,0.00,54A18004A
TYPBAR (B),TYPBAR,1,FALSE,FALSE,,,,3400.00,NC,0,0.00,0.00,NC,0,0.00,0.00,NC,0,0.00,0.00,NC,0,0.00,0.00,NC,0,0.00,0.00,NC,0,0.00,0.00,NC,0,0.00,0.00,NC,0,0.00,0.00,NC,0,0.00,0.00,NC,0,0.00,,0,2500.00,1,40500,12300,50700,09 /  19.,08/22,,,FALSE,,,0.00,0.00,,FALSE,,,0.00,0.00,,FALSE,0.00,0.00,0.00,,,,,,,,,,,,,,,,,,,,,,,,,,,,,,,,,,,,,,,,,,,,,,,,,,,,,,,,,,,,,,,,,,,,,,,,,,,,,,,,,,,,,,,,FALSE,0,,,,,,,0.00,0.00,0.00,TRUE,,,,0,,0.00,54A19004A
TYPBAR (C),TYPBAR,1,FALSE,FALSE,,,,8800.00,NC,0,0.00,0.00,NC,0,0.00,0.00,NC,0,0.00,0.00,NC,0,0.00,0.00,NC,0,0.00,0.00,NC,0,0.00,0.00,NC,0,0.00,0.00,NC,0,0.00,0.00,NC,0,0.00,0.00,NC,0,0.00,,0,6000.00,1,40500,12300,50700,06 /24.,05/27,,,FALSE,,,0.00,0.00,,FALSE,,,0.00,0.00,,FALSE,0.00,0.00,0.00,,,,,,,,,,,,,,,,,,,,,,,,,,,,,,,,,,,,,,,,,,,,,,,,,,,,,,,,,,,,,,,,,,,,,,,,,,,,,,,,,,,,,,,,FALSE,0,,,,,,,0.00,0.00,0.00,TRUE,,,,0,,0.00,54A24001A
TYPBAR(M/D),TYPBAR(M/D),1,FALSE,FALSE,,,,10500.00,NC,0,0.00,0.00,NC,0,0.00,0.00,NC,0,0.00,0.00,NC,0,0.00,0.00,NC,0,0.00,0.00,NC,0,0.00,0.00,NC,0,0.00,0.00,NC,0,0.00,0.00,NC,0,0.00,0.00,NC,0,0.00,,0,15000.00,1,40500,12300,50700,03/20.,02/26,,,FALSE,,,0.00,0.00,,FALSE,,,0.00,0.00,,FALSE,0.00,0.00,0.00,,,,,,,,,,,,,,,,,,,,,,,,,,,,,,,,,,,,,,,,,,,,,,,,,,,,,,,,,,,,,,,,,,,,,,,,,,,,,,,,,,,,,,,,FALSE,0,,,,,,,0.00,0.00,0.00,TRUE,,,,0,,0.00,T010322
TYPHERIX,TYPHERIX,1,FALSE,FALSE,,,,3730.00,NC,0,0.00,0.00,NC,0,0.00,0.00,NC,0,0.00,0.00,NC,0,0.00,0.00,NC,0,0.00,0.00,NC,0,0.00,0.00,NC,0,0.00,0.00,NC,0,0.00,0.00,NC,0,0.00,0.00,NC,0,0.00,,0,1243.50,1,40500,12300,50700,,,,,FALSE,,,0.00,0.00,,FALSE,,,0.00,0.00,,FALSE,0.00,0.00,0.00,,,,,,,,,,,,,,,,,,,,,,,,,,,,,,,,,,,,,,,,,,,,,,,,,,,,,,,,,,,,,,,,,,,,,,,,,,,,,,,,,,,,,,,,FALSE,0,,,,,,,0.00,0.00,0.00,TRUE,,,,0,,0.00,
TYPHIM,TYPHIM,1,FALSE,FALSE,,,,3707.00,NC,0,0.00,0.00,NC,0,0.00,0.00,NC,0,0.00,0.00,NC,0,0.00,0.00,NC,0,0.00,0.00,NC,0,0.00,0.00,NC,0,0.00,0.00,NC,0,0.00,0.00,NC,0,0.00,0.00,NC,0,0.00,,0,3150.90,1,40500,12300,50700,11/ 16.,10/19,,,FALSE,,,0.00,0.00,,FALSE,,,0.00,0.00,,FALSE,0.00,0.00,0.00,,,,,,,,,,,,,,,,,,,,,,,,,,,,,,,,,,,,,,,,,,,,,,,,,,,,,,,,,,,,,,,,,,,,,,,,,,,,,,,,,,,,,,,,FALSE,0,,,,,,,0.00,0.00,0.00,TRUE,,,,0,,0.00,N1L161V
TYPHIM (A),TYPHIM,1,FALSE,FALSE,,,,3707.00,NC,0,0.00,0.00,NC,0,0.00,0.00,NC,0,0.00,0.00,NC,0,0.00,0.00,NC,0,0.00,0.00,NC,0,0.00,0.00,NC,0,0.00,0.00,NC,0,0.00,0.00,NC,0,0.00,0.00,NC,0,0.00,,0,3150.90,1,40500,12300,50700,9/17,08/20,,,FALSE,,,0.00,0.00,,FALSE,,,0.00,0.00,,FALSE,0.00,0.00,0.00,,,,,,,,,,,,,,,,,,,,,,,,,,,,,,,,,,,,,,,,,,,,,,,,,,,,,,,,,,,,,,,,,,,,,,,,,,,,,,,,,,,,,,,,FALSE,0,,,,,,,0.00,0.00,0.00,TRUE,,,,0,,0.00,P1D081V
TYPHIM (B),TYPHIM,1,FALSE,FALSE,,,,3707.00,NC,0,0.00,0.00,NC,0,0.00,0.00,NC,0,0.00,0.00,NC,0,0.00,0.00,NC,0,0.00,0.00,NC,0,0.00,0.00,NC,0,0.00,0.00,NC,0,0.00,0.00,NC,0,0.00,0.00,NC,0,0.00,,0,3150.90,1,40500,12300,50700,10/16.,9/19.,,,FALSE,,,0.00,0.00,,FALSE,,,0.00,0.00,,FALSE,0.00,0.00,0.00,,,,,,,,,,,,,,,,,,,,,,,,,,,,,,,,,,,,,,,,,,,,,,,,,,,,,,,,,,,,,,,,,,,,,,,,,,,,,,,,,,,,,,,,FALSE,0,,,,,,,0.00,0.00,0.00,TRUE,,,,0,,0.00,NIJ68IV
TYPHIM (C),TYPHIM,1,FALSE,FALSE,,,,3707.00,NC,0,0.00,0.00,NC,0,0.00,0.00,NC,0,0.00,0.00,NC,0,0.00,0.00,NC,0,0.00,0.00,NC,0,0.00,0.00,NC,0,0.00,0.00,NC,0,0.00,0.00,NC,0,0.00,0.00,NC,0,0.00,,0,3150.90,1,40500,12300,50700,05  / 18,04 / 21,,,FALSE,,,0.00,0.00,,FALSE,,,0.00,0.00,,FALSE,0.00,0.00,0.00,,,,,,,,,,,,,,,,,,,,,,,,,,,,,,,,,,,,,,,,,,,,,,,,,,,,,,,,,,,,,,,,,,,,,,,,,,,,,,,,,,,,,,,,FALSE,0,,,,,,,0.00,0.00,0.00,TRUE,,,,0,,0.00,R2A272M
TYPHIM (D),TYPHIM,1,FALSE,FALSE,,,,4253.00,NC,0,0.00,0.00,NC,0,0.00,0.00,NC,0,0.00,0.00,NC,0,0.00,0.00,NC,0,0.00,0.00,NC,0,0.00,0.00,NC,0,0.00,0.00,NC,0,0.00,0.00,NC,0,0.00,0.00,NC,0,0.00,,0,3150.90,1,40500,12300,50700,02  / 18,01 / 21,,,FALSE,,,0.00,0.00,,FALSE,,,0.00,0.00,,FALSE,0.00,0.00,0.00,,,,,,,,,,,,,,,,,,,,,,,,,,,,,,,,,,,,,,,,,,,,,,,,,,,,,,,,,,,,,,,,,,,,,,,,,,,,,,,,,,,,,,,,FALSE,0,,,,,,,0.00,0.00,0.00,TRUE,,,,0,,0.00,R2A073M
TYPHIM (F),TYPHIM,1,FALSE,FALSE,,,,4253.00,NC,0,0.00,0.00,NC,0,0.00,0.00,NC,0,0.00,0.00,NC,0,0.00,0.00,NC,0,0.00,0.00,NC,0,0.00,0.00,NC,0,0.00,0.00,NC,0,0.00,0.00,NC,0,0.00,0.00,NC,0,0.00,,0,3150.90,1,40500,12300,50700,05 // 18..,04 // 21,,,FALSE,,,0.00,0.00,,FALSE,,,0.00,0.00,,FALSE,0.00,0.00,0.00,,,,,,,,,,,,,,,,,,,,,,,,,,,,,,,,,,,,,,,,,,,,,,,,,,,,,,,,,,,,,,,,,,,,,,,,,,,,,,,,,,,,,,,,FALSE,0,,,,,,,0.00,0.00,0.00,TRUE,,,,0,,0.00,R2A272M...
TYPHIM (G),TYPHIM,1,FALSE,FALSE,,,,4253.00,NC,0,0.00,0.00,NC,0,0.00,0.00,NC,0,0.00,0.00,NC,0,0.00,0.00,NC,0,0.00,0.00,NC,0,0.00,0.00,NC,0,0.00,0.00,NC,0,0.00,0.00,NC,0,0.00,0.00,NC,0,0.00,,0,3423.75,1,40500,12300,50700,02/19..,01/22,,,FALSE,,,0.00,0.00,,FALSE,,,0.00,0.00,,FALSE,0.00,0.00,0.00,,,,,,,,,,,,,,,,,,,,,,,,,,,,,,,,,,,,,,,,,,,,,,,,,,,,,,,,,,,,,,,,,,,,,,,,,,,,,,,,,,,,,,,,FALSE,0,,,,,,,0.00,0.00,0.00,TRUE,,,,0,,0.00,T2A031M
TYPHIM (H),TYPHIM,1,FALSE,FALSE,,,,4253.00,NC,0,0.00,0.00,NC,0,0.00,0.00,NC,0,0.00,0.00,NC,0,0.00,0.00,NC,0,0.00,0.00,NC,0,0.00,0.00,NC,0,0.00,0.00,NC,0,0.00,0.00,NC,0,0.00,0.00,NC,0,0.00,,0,3698.00,1,40500,12300,50700,03/20.....,02/23,,,FALSE,,,0.00,0.00,,FALSE,,,0.00,0.00,,FALSE,0.00,0.00,0.00,,,,,,,,,,,,,,,,,,,,,,,,,,,,,,,,,,,,,,,,,,,,,,,,,,,,,,,,,,,,,,,,,,,,,,,,,,,,,,,,,,,,,,,,FALSE,0,,,,,,,0.00,0.00,0.00,TRUE,,,,0,,0.00,U2A122V
TYPHIM (I),TYPHIM,1,FALSE,FALSE,,,,4253.00,NC,0,0.00,0.00,NC,0,0.00,0.00,NC,0,0.00,0.00,NC,0,0.00,0.00,NC,0,0.00,0.00,NC,0,0.00,0.00,NC,0,0.00,0.00,NC,0,0.00,0.00,NC,0,0.00,0.00,NC,0,0.00,,0,3698.00,1,40500,12300,50700,10/20.....,09/23,,,FALSE,,,0.00,0.00,,FALSE,,,0.00,0.00,,FALSE,0.00,0.00,0.00,,,,,,,,,,,,,,,,,,,,,,,,,,,,,,,,,,,,,,,,,,,,,,,,,,,,,,,,,,,,,,,,,,,,,,,,,,,,,,,,,,,,,,,,FALSE,0,,,,,,,0.00,0.00,0.00,TRUE,,,,0,,0.00,U2A292V
TYPHIM (J),TYPHIM,1,FALSE,FALSE,,,,4790.00,NC,0,0.00,0.00,NC,0,0.00,0.00,NC,0,0.00,0.00,NC,0,0.00,0.00,NC,0,0.00,0.00,NC,0,0.00,0.00,NC,0,0.00,0.00,NC,0,0.00,0.00,NC,0,0.00,0.00,NC,0,0.00,,0,3698.00,1,40500,12300,50700,11/20.....,10/23..,,,FALSE,,,0.00,0.00,,FALSE,,,0.00,0.00,,FALSE,0.00,0.00,0.00,,,,,,,,,,,,,,,,,,,,,,,,,,,,,,,,,,,,,,,,,,,,,,,,,,,,,,,,,,,,,,,,,,,,,,,,,,,,,,,,,,,,,,,,FALSE,0,,,,,,,0.00,0.00,0.00,TRUE,,,,0,,0.00,U2A332V
TYPHIM (K),TYPHIM,1,FALSE,FALSE,,,,9213.20,NC,0,0.00,0.00,NC,0,0.00,0.00,NC,0,0.00,0.00,NC,0,0.00,0.00,NC,0,0.00,0.00,NC,0,0.00,0.00,NC,0,0.00,0.00,NC,0,0.00,0.00,NC,0,0.00,0.00,NC,0,0.00,,0,5493.60,1,40500,12300,50700,03/21.....,02/24..,,,FALSE,,,0.00,0.00,,FALSE,,,0.00,0.00,,FALSE,0.00,0.00,0.00,,,,,,,,,,,,,,,,,,,,,,,,,,,,,,,,,,,,,,,,,,,,,,,,,,,,,,,,,,,,,,,,,,,,,,,,,,,,,,,,,,,,,,,,FALSE,0,,,,,,,0.00,0.00,0.00,TRUE,,,,0,,0.00,V2AO75V
TYPHIM (L),TYPHIM,1,FALSE,FALSE,,,,12078.00,NC,0,0.00,0.00,NC,0,0.00,0.00,NC,0,0.00,0.00,NC,0,0.00,0.00,NC,0,0.00,0.00,NC,0,0.00,0.00,NC,0,0.00,0.00,NC,0,0.00,0.00,NC,0,0.00,0.00,NC,0,0.00,,0,8011.50,1,40500,12300,50700,"11/21,...",10/24..,,,FALSE,,,0.00,0.00,,FALSE,,,0.00,0.00,,FALSE,0.00,0.00,0.00,,,,,,,,,,,,,,,,,,,,,,,,,,,,,,,,,,,,,,,,,,,,,,,,,,,,,,,,,,,,,,,,,,,,,,,,,,,,,,,,,,,,,,,,FALSE,0,,,,,,,0.00,0.00,0.00,TRUE,,,,0,,0.00,V2A557V
TYPHIM (M),TYPHIM,1,FALSE,FALSE,,,,14228.00,NC,0,0.00,0.00,NC,0,0.00,0.00,NC,0,0.00,0.00,NC,0,0.00,0.00,NC,0,0.00,0.00,NC,0,0.00,0.00,NC,0,0.00,0.00,NC,0,0.00,0.00,NC,0,0.00,0.00,NC,0,0.00,,0,9393.89,1,40500,12300,50700,"08/22,...",07/25...,,,FALSE,,,0.00,0.00,,FALSE,,,0.00,0.00,,FALSE,0.00,0.00,0.00,,,,,,,,,,,,,,,,,,,,,,,,,,,,,,,,,,,,,,,,,,,,,,,,,,,,,,,,,,,,,,,,,,,,,,,,,,,,,,,,,,,,,,,,FALSE,0,,,,,,,0.00,0.00,0.00,TRUE,,,,0,,0.00,W2A292V
TYPHIM (N),TYPHIM,1,FALSE,FALSE,,,,14228.00,NC,0,0.00,0.00,NC,0,0.00,0.00,NC,0,0.00,0.00,NC,0,0.00,0.00,NC,0,0.00,0.00,NC,0,0.00,0.00,NC,0,0.00,0.00,NC,0,0.00,0.00,NC,0,0.00,0.00,NC,0,0.00,,0,9393.89,1,40500,12300,50700,"06/23,...",05/26...,,,FALSE,,,0.00,0.00,,FALSE,,,0.00,0.00,,FALSE,0.00,0.00,0.00,,,,,,,,,,,,,,,,,,,,,,,,,,,,,,,,,,,,,,,,,,,,,,,,,,,,,,,,,,,,,,,,,,,,,,,,,,,,,,,,,,,,,,,,FALSE,0,,,,,,,0.00,0.00,0.00,TRUE,,,,0,,0.00,X2A463V
TYPHIM (O),TYPHIM,1,FALSE,FALSE,,,,14228.00,NC,0,0.00,0.00,NC,0,0.00,0.00,NC,0,0.00,0.00,NC,0,0.00,0.00,NC,0,0.00,0.00,NC,0,0.00,0.00,NC,0,0.00,0.00,NC,0,0.00,0.00,NC,0,0.00,0.00,NC,0,0.00,,0,10087.00,1,40500,12300,50700,"11/23,..",10/26...,,,FALSE,,,0.00,0.00,,FALSE,,,0.00,0.00,,FALSE,0.00,0.00,0.00,,,,,,,,,,,,,,,,,,,,,,,,,,,,,,,,,,,,,,,,,,,,,,,,,,,,,,,,,,,,,,,,,,,,,,,,,,,,,,,,,,,,,,,,FALSE,0,,,,,,,0.00,0.00,1042.00,TRUE,,,,0,,0.00,X2A562V
TYPHIM (P),TYPHIM,1,FALSE,FALSE,,,,14228.00,NC,0,0.00,0.00,NC,0,0.00,0.00,NC,0,0.00,0.00,NC,0,0.00,0.00,NC,0,0.00,0.00,NC,0,0.00,0.00,NC,0,0.00,0.00,NC,0,0.00,0.00,NC,0,0.00,0.00,NC,0,0.00,,0,10087.00,1,40500,12300,50700,"04/24,..",03/27...,,,FALSE,,,0.00,0.00,,FALSE,,,0.00,0.00,,FALSE,0.00,0.00,0.00,,,,,,,,,,,,,,,,,,,,,,,,,,,,,,,,,,,,,,,,,,,,,,,,,,,,,,,,,,,,,,,,,,,,,,,,,,,,,,,,,,,,,,,,FALSE,0,,,,,,,0.00,0.00,2046.00,TRUE,,,,0,,0.00,Y2A01D4
TYPHIM VI 100ML,TYPHIM VI MULTIPLE DOSE,1,FALSE,FALSE,,,,0.00,NC,0,0.00,0.00,NC,0,0.00,0.00,NC,0,0.00,0.00,NC,0,0.00,0.00,NC,0,0.00,0.00,NC,0,0.00,0.00,NC,0,0.00,0.00,NC,0,0.00,0.00,NC,0,0.00,0.00,NC,0,0.00,,0,33372.00,1,40500,12300,50700,06  /17,05/20,,,FALSE,,,0.00,0.00,,FALSE,,,0.00,0.00,,FALSE,0.00,0.00,0.00,,,,,,,,,,,,,,,,,,,,,,,,,,,,,,,,,,,,,,,,,,,,,,,,,,,,,,,,,,,,,,,,,,,,,,,,,,,,,,,,,,,,,,,,FALSE,0,,,,,,,0.00,0.00,0.00,TRUE,,,,0,,0.00,P1B141M
TYPHIM VI 10ML(A),TYPHIM VI MULTIPLE DOSE,1,FALSE,FALSE,,,,12000.00,NC,0,0.00,0.00,NC,0,0.00,0.00,NC,0,0.00,0.00,NC,0,0.00,0.00,NC,0,0.00,0.00,NC,0,0.00,0.00,NC,0,0.00,0.00,NC,0,0.00,0.00,NC,0,0.00,0.00,NC,0,0.00,,0,8000.00,1,40500,12300,50700,,,,,FALSE,,,0.00,0.00,,FALSE,,,0.00,0.00,,FALSE,0.00,0.00,0.00,,,,,,,,,,,,,,,,,,,,,,,,,,,,,,,,,,,,,,,,,,,,,,,,,,,,,,,,,,,,,,,,,,,,,,,,,,,,,,,,,,,,,,,,FALSE,0,,,,,,,0.00,0.00,0.00,TRUE,,,,0,,0.00,
UNI FRESH 30UD,UNI FRESH 30UD EYEDROP,1,FALSE,FALSE,,,,0.00,NC,0,0.00,0.00,NC,0,0.00,0.00,NC,0,0.00,0.00,NC,0,0.00,0.00,NC,0,0.00,0.00,NC,0,0.00,0.00,NC,0,0.00,0.00,NC,0,0.00,0.00,NC,0,0.00,0.00,NC,0,0.00,,0,5800.00,1,49912,12368,59915,"06/23,","12/24,",,,FALSE,,,0.00,0.00,,FALSE,,,0.00,0.00,,FALSE,0.00,0.00,0.00,,,,,,,,,,,,,,,,,,,,,,,,,,,,,,,,,,,,,,,,,,,,,,,,,,,,,,,,,,,,,,,,,,,,,,,,,,,,,,,,,,,,,,,,FALSE,0,,,,,,,0.00,0.00,0.00,TRUE,,,,0,,0.00,AF0062
Utrogestan 100Mg Ora,Utrogestan 100Mg Cap Oral,1,FALSE,FALSE,,,,24096.00,NC,0,0.00,0.00,NC,0,0.00,0.00,NC,0,0.00,0.00,NC,0,0.00,0.00,NC,0,0.00,0.00,NC,0,0.00,0.00,NC,0,0.00,0.00,NC,0,0.00,0.00,NC,0,0.00,0.00,NC,0,0.00,,0,14740.00,1,49906,12362,59909,,,,,FALSE,,,0.00,0.00,,FALSE,,,0.00,0.00,,FALSE,0.00,0.00,0.00,,,,,,,,,,,,,,,,,,,,,,,,,,,,,,,,,,,,,,,,,,,,,,,,,,,,,,,,,,,,,,,,,,,,,,,,,,,,,,,,,,,,,,,,FALSE,0,,,,,,,0.00,0.00,0.00,TRUE,,,,0,,0.00,
VARICELLA,Varicella,1,FALSE,FALSE,,,,4990.00,NC,0,0.00,0.00,NC,0,0.00,0.00,NC,0,0.00,0.00,NC,0,0.00,0.00,NC,0,0.00,0.00,NC,0,0.00,0.00,NC,0,0.00,0.00,NC,0,0.00,0.00,NC,0,0.00,0.00,NC,0,0.00,,0,3990.00,1,40530,12330,50730,01/18,01/21,,,FALSE,,,0.00,0.00,,FALSE,,,0.00,0.00,,FALSE,0.00,0.00,0.00,,,,,,,,,,,,,,,,,,,,,,,,,,,,,,,,,,,,,,,,,,,,,,,,,,,,,,,,,,,,,,,,,,,,,,,,,,,,,,,,,,,,,,,,FALSE,0,,,,,,,0.00,0.00,0.00,TRUE,,,,0,,0.00,201801007-1
VARICELLA (A),Varicella,1,FALSE,FALSE,,,,6780.00,NC,0,0.00,0.00,NC,0,0.00,0.00,NC,0,0.00,0.00,NC,0,0.00,0.00,NC,0,0.00,0.00,NC,0,0.00,0.00,NC,0,0.00,0.00,NC,0,0.00,0.00,NC,0,0.00,0.00,NC,0,0.00,,0,5600.00,1,40530,12330,50730,11 / 19..,10/ 22,,,FALSE,,,0.00,0.00,,FALSE,,,0.00,0.00,,FALSE,0.00,0.00,0.00,,,,,,,,,,,,,,,,,,,,,,,,,,,,,,,,,,,,,,,,,,,,,,,,,,,,,,,,,,,,,,,,,,,,,,,,,,,,,,,,,,,,,,,,FALSE,0,,,,,,,0.00,0.00,0.00,TRUE,,,,0,,0.00,201909109-1
VARICELLA (B),Varicella,1,FALSE,FALSE,,,,6780.00,NC,0,0.00,0.00,NC,0,0.00,0.00,NC,0,0.00,0.00,NC,0,0.00,0.00,NC,0,0.00,0.00,NC,0,0.00,0.00,NC,0,0.00,0.00,NC,0,0.00,0.00,NC,0,0.00,0.00,NC,0,0.00,,0,5600.00,1,40530,12330,50730,11 // 19..,10./ 22.,,,FALSE,,,0.00,0.00,,FALSE,,,0.00,0.00,,FALSE,0.00,0.00,0.00,,,,,,,,,,,,,,,,,,,,,,,,,,,,,,,,,,,,,,,,,,,,,,,,,,,,,,,,,,,,,,,,,,,,,,,,,,,,,,,,,,,,,,,,FALSE,0,,,,,,,0.00,0.00,0.00,TRUE,,,,0,,0.00,201909109-1.
VARICELLA (C),Varicella,1,FALSE,FALSE,,,,6780.00,NC,0,0.00,0.00,NC,0,0.00,0.00,NC,0,0.00,0.00,NC,0,0.00,0.00,NC,0,0.00,0.00,NC,0,0.00,0.00,NC,0,0.00,0.00,NC,0,0.00,0.00,NC,0,0.00,0.00,NC,0,0.00,,0,6147.20,1,40530,12330,50730,4/20.,04/23..,,,FALSE,,,0.00,0.00,,FALSE,,,0.00,0.00,,FALSE,0.00,0.00,0.00,,,,,,,,,,,,,,,,,,,,,,,,,,,,,,,,,,,,,,,,,,,,,,,,,,,,,,,,,,,,,,,,,,,,,,,,,,,,,,,,,,,,,,,,FALSE,0,,,,,,,0.00,0.00,0.00,TRUE,,,,0,,0.00,202004047-1
VARICELLA (D),Varicella,1,FALSE,FALSE,,,,10588.00,NC,0,0.00,0.00,NC,0,0.00,0.00,NC,0,0.00,0.00,NC,0,0.00,0.00,NC,0,0.00,0.00,NC,0,0.00,0.00,NC,0,0.00,0.00,NC,0,0.00,0.00,NC,0,0.00,0.00,NC,0,0.00,,0,6147.20,1,40530,12330,50730,05/21,05/24,,,FALSE,,,0.00,0.00,,FALSE,,,0.00,0.00,,FALSE,0.00,0.00,0.00,,,,,,,,,,,,,,,,,,,,,,,,,,,,,,,,,,,,,,,,,,,,,,,,,,,,,,,,,,,,,,,,,,,,,,,,,,,,,,,,,,,,,,,,FALSE,0,,,,,,,0.00,0.00,0.00,TRUE,,,,0,,0.00,202105058
VARICELLA (E),Varicella,1,FALSE,FALSE,,,,26790.00,NC,0,0.00,0.00,NC,0,0.00,0.00,NC,0,0.00,0.00,NC,0,0.00,0.00,NC,0,0.00,0.00,NC,0,0.00,0.00,NC,0,0.00,0.00,NC,0,0.00,0.00,NC,0,0.00,0.00,NC,0,0.00,,0,9210.00,1,40530,12330,50730,04/22,04/25.,,,FALSE,,,0.00,0.00,,FALSE,,,0.00,0.00,,FALSE,0.00,0.00,0.00,,,,,,,,,,,,,,,,,,,,,,,,,,,,,,,,,,,,,,,,,,,,,,,,,,,,,,,,,,,,,,,,,,,,,,,,,,,,,,,,,,,,,,,,FALSE,0,,,,,,,0.00,0.00,0.00,TRUE,,,,0,,0.00,M2O22O4042-2
VARICELLA (F),Varicella,1,FALSE,FALSE,,,,29850.00,NC,0,0.00,0.00,NC,0,0.00,0.00,NC,0,0.00,0.00,NC,0,0.00,0.00,NC,0,0.00,0.00,NC,0,0.00,0.00,NC,0,0.00,0.00,NC,0,0.00,0.00,NC,0,0.00,0.00,NC,0,0.00,,0,22140.00,1,40530,12330,50730,"07/24,,","07/27..,",,,FALSE,,,0.00,0.00,,FALSE,,,0.00,0.00,,FALSE,0.00,0.00,0.00,,,,,,,,,,,,,,,,,,,,,,,,,,,,,,,,,,,,,,,,,,,,,,,,,,,,,,,,,,,,,,,,,,,,,,,,,,,,,,,,,,,,,,,,FALSE,0,,,,,,,0.00,0.00,269.00,TRUE,,,,0,,0.00,M202407052
VARILRIX,Varilrix,1,FALSE,FALSE,,,,6300.00,NC,0,0.00,0.00,NC,0,0.00,0.00,NC,0,0.00,0.00,NC,0,0.00,0.00,NC,0,0.00,0.00,NC,0,0.00,0.00,NC,0,0.00,0.00,NC,0,0.00,0.00,NC,0,0.00,0.00,NC,0,0.00,,0,5297.60,1,40502,12302,50702,09 /17,08/19,,,FALSE,,,0.00,0.00,,FALSE,,,0.00,0.00,,FALSE,0.00,0.00,0.00,,,,,,,,,,,,,,,,,,,,,,,,,,,,,,,,,,,,,,,,,,,,,,,,,,,,,,,,,,,,,,,,,,,,,,,,,,,,,,,,,,,,,,,,FALSE,0,,,,,,,0.00,0.00,0.00,TRUE,,,,0,,0.00,A70CD214A
VARILRIX A,Varilrix A,1,FALSE,FALSE,,,,7250.00,NC,0,0.00,0.00,NC,0,0.00,0.00,NC,0,0.00,0.00,NC,0,0.00,0.00,NC,0,0.00,0.00,NC,0,0.00,0.00,NC,0,0.00,0.00,NC,0,0.00,0.00,NC,0,0.00,0.00,NC,0,0.00,,0,6092.24,1,40502,12302,50702,09 / 18,08/20,,,FALSE,,,0.00,0.00,,FALSE,,,0.00,0.00,,FALSE,0.00,0.00,0.00,,,,,,,,,,,,,,,,,,,,,,,,,,,,,,,,,,,,,,,,,,,,,,,,,,,,,,,,,,,,,,,,,,,,,,,,,,,,,,,,,,,,,,,,FALSE,0,,,,,,,0.00,0.00,0.00,TRUE,,,,0,,0.00,A70CD374A
VARILRIX(B),Varilrix A,1,FALSE,FALSE,,,,7250.00,NC,0,0.00,0.00,NC,0,0.00,0.00,NC,0,0.00,0.00,NC,0,0.00,0.00,NC,0,0.00,0.00,NC,0,0.00,0.00,NC,0,0.00,0.00,NC,0,0.00,0.00,NC,0,0.00,0.00,NC,0,0.00,,0,6092.24,1,40502,12302,50702,10/19,09/21,,,FALSE,,,0.00,0.00,,FALSE,,,0.00,0.00,,FALSE,0.00,0.00,0.00,,,,,,,,,,,,,,,,,,,,,,,,,,,,,,,,,,,,,,,,,,,,,,,,,,,,,,,,,,,,,,,,,,,,,,,,,,,,,,,,,,,,,,,,FALSE,0,,,,,,,0.00,0.00,0.00,TRUE,,,,0,,0.00,A70CD391B
VARILRIX(C),Varilrix A,1,FALSE,FALSE,,,,7250.00,NC,0,0.00,0.00,NC,0,0.00,0.00,NC,0,0.00,0.00,NC,0,0.00,0.00,NC,0,0.00,0.00,NC,0,0.00,0.00,NC,0,0.00,0.00,NC,0,0.00,0.00,NC,0,0.00,0.00,NC,0,0.00,,0,6092.24,1,40502,12302,50702,03/20,02/22,,,FALSE,,,0.00,0.00,,FALSE,,,0.00,0.00,,FALSE,0.00,0.00,0.00,,,,,,,,,,,,,,,,,,,,,,,,,,,,,,,,,,,,,,,,,,,,,,,,,,,,,,,,,,,,,,,,,,,,,,,,,,,,,,,,,,,,,,,,FALSE,0,,,,,,,0.00,0.00,0.00,TRUE,,,,0,,0.00,A70CD453A
VARILRIX(D),Varilrix A,1,FALSE,FALSE,,,,7250.00,NC,0,0.00,0.00,NC,0,0.00,0.00,NC,0,0.00,0.00,NC,0,0.00,0.00,NC,0,0.00,0.00,NC,0,0.00,0.00,NC,0,0.00,0.00,NC,0,0.00,0.00,NC,0,0.00,0.00,NC,0,0.00,,0,6092.24,1,40502,12302,50702,08//20..,07/22..,,,FALSE,,,0.00,0.00,,FALSE,,,0.00,0.00,,FALSE,0.00,0.00,0.00,,,,,,,,,,,,,,,,,,,,,,,,,,,,,,,,,,,,,,,,,,,,,,,,,,,,,,,,,,,,,,,,,,,,,,,,,,,,,,,,,,,,,,,,FALSE,0,,,,,,,0.00,0.00,0.00,TRUE,,,,0,,0.00,A70CD538A.
VARILRIX(E),Varilrix A,1,FALSE,FALSE,,,,15993.00,NC,0,0.00,0.00,NC,0,0.00,0.00,NC,0,0.00,0.00,NC,0,0.00,0.00,NC,0,0.00,0.00,NC,0,0.00,0.00,NC,0,0.00,0.00,NC,0,0.00,0.00,NC,0,0.00,0.00,NC,0,0.00,,0,6092.24,1,40502,12302,50702,09//21,08/23.,,,FALSE,,,0.00,0.00,,FALSE,,,0.00,0.00,,FALSE,0.00,0.00,0.00,,,,,,,,,,,,,,,,,,,,,,,,,,,,,,,,,,,,,,,,,,,,,,,,,,,,,,,,,,,,,,,,,,,,,,,,,,,,,,,,,,,,,,,,FALSE,0,,,,,,,0.00,0.00,0.00,TRUE,,,,0,,0.00,A70CD620B
VARIRID,VARIRID,1,FALSE,FALSE,,,,19935.00,NC,0,0.00,0.00,NC,0,0.00,0.00,NC,0,0.00,0.00,NC,0,0.00,0.00,NC,0,0.00,0.00,NC,0,0.00,0.00,NC,0,0.00,0.00,NC,0,0.00,0.00,NC,0,0.00,0.00,NC,0,0.00,,0,12719.00,1,49907,12363,59910,09/23,09/25,,,FALSE,,,0.00,0.00,,FALSE,,,0.00,0.00,,FALSE,0.00,0.00,0.00,,,,,,,,,,,,,,,,,,,,,,,,,,,,,,,,,,,,,,,,,,,,,,,,,,,,,,,,,,,,,,,,,,,,,,,,,,,,,,,,,,,,,,,,FALSE,0,,,,,,,0.00,0.00,0.00,TRUE,,,,0,,0.00,202309014
VARIRID(A),VARIRID,1,FALSE,FALSE,,,,19935.00,NC,0,0.00,0.00,NC,0,0.00,0.00,NC,0,0.00,0.00,NC,0,0.00,0.00,NC,0,0.00,0.00,NC,0,0.00,0.00,NC,0,0.00,0.00,NC,0,0.00,0.00,NC,0,0.00,0.00,NC,0,0.00,,0,14682.63,1,49907,12363,59910,02/24,01/26,,,FALSE,,,0.00,0.00,,FALSE,,,0.00,0.00,,FALSE,0.00,0.00,0.00,,,,,,,,,,,,,,,,,,,,,,,,,,,,,,,,,,,,,,,,,,,,,,,,,,,,,,,,,,,,,,,,,,,,,,,,,,,,,,,,,,,,,,,,FALSE,0,,,,,,,0.00,0.00,0.00,TRUE,,,,0,,0.00,202402007
VARIRID(B),VARIRID,1,FALSE,FALSE,,,,19935.00,NC,0,0.00,0.00,NC,0,0.00,0.00,NC,0,0.00,0.00,NC,0,0.00,0.00,NC,0,0.00,0.00,NC,0,0.00,0.00,NC,0,0.00,0.00,NC,0,0.00,0.00,NC,0,0.00,0.00,NC,0,0.00,,0,14682.63,1,49907,12363,59910,11/24,11/26...,,,FALSE,,,0.00,0.00,,FALSE,,,0.00,0.00,,FALSE,0.00,0.00,0.00,,,,,,,,,,,,,,,,,,,,,,,,,,,,,,,,,,,,,,,,,,,,,,,,,,,,,,,,,,,,,,,,,,,,,,,,,,,,,,,,,,,,,,,,FALSE,0,,,,,,,0.00,0.00,0.00,TRUE,,,,0,,0.00,202411034
VARIRID(C),VARIRID,1,FALSE,FALSE,,,,20435.00,NC,0,0.00,0.00,NC,0,0.00,0.00,NC,0,0.00,0.00,NC,0,0.00,0.00,NC,0,0.00,0.00,NC,0,0.00,0.00,NC,0,0.00,0.00,NC,0,0.00,0.00,NC,0,0.00,0.00,NC,0,0.00,,0,14682.63,1,49907,12363,59910,03/25,03/27...,,,FALSE,,,0.00,0.00,,FALSE,,,0.00,0.00,,FALSE,0.00,0.00,0.00,,,,,,,,,,,,,,,,,,,,,,,,,,,,,,,,,,,,,,,,,,,,,,,,,,,,,,,,,,,,,,,,,,,,,,,,,,,,,,,,,,,,,,,,FALSE,0,,,,,,,0.00,0.00,426.00,TRUE,,,,0,,0.00,202503006
VAXIGRIP,VAXIGRIP SH AD. 1 SYR 0.5,1,FALSE,FALSE,,,,2545.00,NC,0,0.00,0.00,NC,0,0.00,0.00,NC,0,0.00,0.00,NC,0,0.00,0.00,NC,0,0.00,0.00,NC,0,0.00,0.00,NC,0,0.00,0.00,NC,0,0.00,0.00,NC,0,0.00,0.00,NC,0,0.00,,0,2162.70,1,40544,12344,50744,01 /19,12/19,,,FALSE,,,0.00,0.00,,FALSE,,,0.00,0.00,,FALSE,0.00,0.00,0.00,,,,,,,,,,,,,,,,,,,,,,,,,,,,,,,,,,,,,,,,,,,,,,,,,,,,,,,,,,,,,,,,,,,,,,,,,,,,,,,,,,,,,,,,FALSE,0,,,,,,,0.00,0.00,0.00,TRUE,,,,0,,0.00,T3BO92V
VAXIGRIP JUNIOR,VAXIGRIP JUNIOR 1 SYR 0.5,1,FALSE,FALSE,,,,2150.55,NC,0,0.00,0.00,NC,0,0.00,0.00,NC,0,0.00,0.00,NC,0,0.00,0.00,NC,0,0.00,0.00,NC,0,0.00,0.00,NC,0,0.00,0.00,NC,0,0.00,0.00,NC,0,0.00,0.00,NC,0,0.00,,0,1913.63,1,40544,12344,50744,01 / 19...,12. / 19,,,FALSE,,,0.00,0.00,,FALSE,,,0.00,0.00,,FALSE,0.00,0.00,0.00,,,,,,,,,,,,,,,,,,,,,,,,,,,,,,,,,,,,,,,,,,,,,,,,,,,,,,,,,,,,,,,,,,,,,,,,,,,,,,,,,,,,,,,,FALSE,0,,,,,,,0.00,0.00,0.00,TRUE,,,,0,,0.00,T3A662V.
VAXIGRIP JUNIOR (A),VAXIGRIP JUNIOR 1 SYR 0.5,1,FALSE,FALSE,,,,2150.55,NC,0,0.00,0.00,NC,0,0.00,0.00,NC,0,0.00,0.00,NC,0,0.00,0.00,NC,0,0.00,0.00,NC,0,0.00,0.00,NC,0,0.00,0.00,NC,0,0.00,0.00,NC,0,0.00,0.00,NC,0,0.00,,0,1822.50,1,40544,12344,50744,08/19...,07/20...,,,FALSE,,,0.00,0.00,,FALSE,,,0.00,0.00,,FALSE,0.00,0.00,0.00,,,,,,,,,,,,,,,,,,,,,,,,,,,,,,,,,,,,,,,,,,,,,,,,,,,,,,,,,,,,,,,,,,,,,,,,,,,,,,,,,,,,,,,,FALSE,0,,,,,,,0.00,0.00,0.00,TRUE,,,,0,,0.00,T3H032V
Vaxigrip Tetra,Vaxigrip Tetra,1,FALSE,FALSE,,,,3485.00,NC,0,0.00,0.00,NC,0,0.00,0.00,NC,0,0.00,0.00,NC,0,0.00,0.00,NC,0,0.00,0.00,NC,0,0.00,0.00,NC,0,0.00,0.00,NC,0,0.00,0.00,NC,0,0.00,0.00,NC,0,0.00,,0,2905.00,1,40544,12344,50744,08/20..,07/21,,,FALSE,,,0.00,0.00,,FALSE,,,0.00,0.00,,FALSE,0.00,0.00,0.00,,,,,,,,,,,,,,,,,,,,,,,,,,,,,,,,,,,,,,,,,,,,,,,,,,,,,,,,,,,,,,,,,,,,,,,,,,,,,,,,,,,,,,,,FALSE,0,,,,,,,0.00,0.00,0.00,TRUE,,,,0,,0.00,U3K371V
Vaxigrip Tetra(A),Vaxigrip Tetra,1,FALSE,FALSE,,,,3485.00,NC,0,0.00,0.00,NC,0,0.00,0.00,NC,0,0.00,0.00,NC,0,0.00,0.00,NC,0,0.00,0.00,NC,0,0.00,0.00,NC,0,0.00,0.00,NC,0,0.00,0.00,NC,0,0.00,0.00,NC,0,0.00,,0,2905.00,1,40544,12344,50744,01/21..,12/21,,,FALSE,,,0.00,0.00,,FALSE,,,0.00,0.00,,FALSE,0.00,0.00,0.00,,,,,,,,,,,,,,,,,,,,,,,,,,,,,,,,,,,,,,,,,,,,,,,,,,,,,,,,,,,,,,,,,,,,,,,,,,,,,,,,,,,,,,,,FALSE,0,,,,,,,0.00,0.00,0.00,TRUE,,,,0,,0.00,V3B266M
Vaxigrip Tetra(B),Vaxigrip Tetra,1,FALSE,FALSE,,,,4288.00,NC,0,0.00,0.00,NC,0,0.00,0.00,NC,0,0.00,0.00,NC,0,0.00,0.00,NC,0,0.00,0.00,NC,0,0.00,0.00,NC,0,0.00,0.00,NC,0,0.00,0.00,NC,0,0.00,0.00,NC,0,0.00,,0,2905.00,1,40544,12344,50744,08//20,07/21,,,FALSE,,,0.00,0.00,,FALSE,,,0.00,0.00,,FALSE,0.00,0.00,0.00,,,,,,,,,,,,,,,,,,,,,,,,,,,,,,,,,,,,,,,,,,,,,,,,,,,,,,,,,,,,,,,,,,,,,,,,,,,,,,,,,,,,,,,,FALSE,0,,,,,,,0.00,0.00,0.00,TRUE,,,,0,,0.00,U3K603M
Vaxigrip Tetra(C),Vaxigrip Tetra,1,FALSE,FALSE,,,,4288.00,NC,0,0.00,0.00,NC,0,0.00,0.00,NC,0,0.00,0.00,NC,0,0.00,0.00,NC,0,0.00,0.00,NC,0,0.00,0.00,NC,0,0.00,0.00,NC,0,0.00,0.00,NC,0,0.00,0.00,NC,0,0.00,,0,2905.00,1,40544,12344,50744,09/21,08/22.,,,FALSE,,,0.00,0.00,,FALSE,,,0.00,0.00,,FALSE,0.00,0.00,0.00,,,,,,,,,,,,,,,,,,,,,,,,,,,,,,,,,,,,,,,,,,,,,,,,,,,,,,,,,,,,,,,,,,,,,,,,,,,,,,,,,,,,,,,,FALSE,0,,,,,,,0.00,0.00,0.00,TRUE,,,,0,,0.00,V3K242V
Vaxigrip Tetra(D),Vaxigrip Tetra,1,FALSE,FALSE,,,,4288.00,NC,0,0.00,0.00,NC,0,0.00,0.00,NC,0,0.00,0.00,NC,0,0.00,0.00,NC,0,0.00,0.00,NC,0,0.00,0.00,NC,0,0.00,0.00,NC,0,0.00,0.00,NC,0,0.00,0.00,NC,0,0.00,,0,3430.00,1,40544,12344,50744,09/21.,08/22.,,,FALSE,,,0.00,0.00,,FALSE,,,0.00,0.00,,FALSE,0.00,0.00,0.00,,,,,,,,,,,,,,,,,,,,,,,,,,,,,,,,,,,,,,,,,,,,,,,,,,,,,,,,,,,,,,,,,,,,,,,,,,,,,,,,,,,,,,,,FALSE,0,,,,,,,0.00,0.00,0.00,TRUE,,,,0,,0.00,V3K782V
Vaxigrip Tetra(E),Vaxigrip Tetra,1,FALSE,FALSE,,,,4288.00,NC,0,0.00,0.00,NC,0,0.00,0.00,NC,0,0.00,0.00,NC,0,0.00,0.00,NC,0,0.00,0.00,NC,0,0.00,0.00,NC,0,0.00,0.00,NC,0,0.00,0.00,NC,0,0.00,0.00,NC,0,0.00,,0,3430.00,1,40544,12344,50744,06/22.,05/23..,,,FALSE,,,0.00,0.00,,FALSE,,,0.00,0.00,,FALSE,0.00,0.00,0.00,,,,,,,,,,,,,,,,,,,,,,,,,,,,,,,,,,,,,,,,,,,,,,,,,,,,,,,,,,,,,,,,,,,,,,,,,,,,,,,,,,,,,,,,FALSE,0,,,,,,,0.00,0.00,0.00,TRUE,,,,0,,0.00,W3E573M
Vaxigrip Tetra(F),Vaxigrip Tetra,1,FALSE,FALSE,,,,4900.00,NC,0,0.00,0.00,NC,0,0.00,0.00,NC,0,0.00,0.00,NC,0,0.00,0.00,NC,0,0.00,0.00,NC,0,0.00,0.00,NC,0,0.00,0.00,NC,0,0.00,0.00,NC,0,0.00,0.00,NC,0,0.00,,0,3430.00,1,40544,12344,50744,06 /22.,05/23..,,,FALSE,,,0.00,0.00,,FALSE,,,0.00,0.00,,FALSE,0.00,0.00,0.00,,,,,,,,,,,,,,,,,,,,,,,,,,,,,,,,,,,,,,,,,,,,,,,,,,,,,,,,,,,,,,,,,,,,,,,,,,,,,,,,,,,,,,,,FALSE,0,,,,,,,0.00,0.00,0.00,TRUE,,,,0,,0.00,W3F011V
Vaxigrip Tetra(G),Vaxigrip Tetra,1,FALSE,FALSE,,,,4900.00,NC,0,0.00,0.00,NC,0,0.00,0.00,NC,0,0.00,0.00,NC,0,0.00,0.00,NC,0,0.00,0.00,NC,0,0.00,0.00,NC,0,0.00,0.00,NC,0,0.00,0.00,NC,0,0.00,0.00,NC,0,0.00,,0,3920.00,1,40544,12344,50744,07 /22.,06/23...,,,FALSE,,,0.00,0.00,,FALSE,,,0.00,0.00,,FALSE,0.00,0.00,0.00,,,,,,,,,,,,,,,,,,,,,,,,,,,,,,,,,,,,,,,,,,,,,,,,,,,,,,,,,,,,,,,,,,,,,,,,,,,,,,,,,,,,,,,,FALSE,0,,,,,,,0.00,0.00,0.00,TRUE,,,,0,,0.00,W3F64IV
Vaxigrip Tetra(H),Vaxigrip Tetra,1,FALSE,FALSE,,,,6390.00,NC,0,0.00,0.00,NC,0,0.00,0.00,NC,0,0.00,0.00,NC,0,0.00,0.00,NC,0,0.00,0.00,NC,0,0.00,0.00,NC,0,0.00,0.00,NC,0,0.00,0.00,NC,0,0.00,0.00,NC,0,0.00,,0,3920.00,1,40544,12344,50744,01 /23.,12/23...,,,FALSE,,,0.00,0.00,,FALSE,,,0.00,0.00,,FALSE,0.00,0.00,0.00,,,,,,,,,,,,,,,,,,,,,,,,,,,,,,,,,,,,,,,,,,,,,,,,,,,,,,,,,,,,,,,,,,,,,,,,,,,,,,,,,,,,,,,,FALSE,0,,,,,,,0.00,0.00,0.00,TRUE,,,,0,,0.00,X3A543V
Vaxigrip Tetra(I),Vaxigrip Tetra,1,FALSE,FALSE,,,,8946.00,NC,0,0.00,0.00,NC,0,0.00,0.00,NC,0,0.00,0.00,NC,0,0.00,0.00,NC,0,0.00,0.00,NC,0,0.00,0.00,NC,0,0.00,0.00,NC,0,0.00,0.00,NC,0,0.00,0.00,NC,0,0.00,,0,5112.00,1,40544,12344,50744,01/23.,12/23...,,,FALSE,,,0.00,0.00,,FALSE,,,0.00,0.00,,FALSE,0.00,0.00,0.00,,,,,,,,,,,,,,,,,,,,,,,,,,,,,,,,,,,,,,,,,,,,,,,,,,,,,,,,,,,,,,,,,,,,,,,,,,,,,,,,,,,,,,,,FALSE,0,,,,,,,0.00,0.00,0.00,TRUE,,,,0,,0.00,X3A544V
Vaxigrip Tetra(J),Vaxigrip Tetra,1,FALSE,FALSE,,,,11431.00,NC,0,0.00,0.00,NC,0,0.00,0.00,NC,0,0.00,0.00,NC,0,0.00,0.00,NC,0,0.00,0.00,NC,0,0.00,0.00,NC,0,0.00,0.00,NC,0,0.00,0.00,NC,0,0.00,0.00,NC,0,0.00,,0,8896.72,1,40544,12344,50744,08/23.,07/24...,,,FALSE,,,0.00,0.00,,FALSE,,,0.00,0.00,,FALSE,0.00,0.00,0.00,,,,,,,,,,,,,,,,,,,,,,,,,,,,,,,,,,,,,,,,,,,,,,,,,,,,,,,,,,,,,,,,,,,,,,,,,,,,,,,,,,,,,,,,FALSE,0,,,,,,,0.00,0.00,0.00,TRUE,,,,0,,0.00,X3G272M
Vaxigrip Tetra(K),Vaxigrip Tetra,1,FALSE,FALSE,,,,13800.00,NC,0,0.00,0.00,NC,0,0.00,0.00,NC,0,0.00,0.00,NC,0,0.00,0.00,NC,0,0.00,0.00,NC,0,0.00,0.00,NC,0,0.00,0.00,NC,0,0.00,0.00,NC,0,0.00,0.00,NC,0,0.00,,0,12000.00,1,40544,12344,50744,02/24.,01/25...,,,FALSE,,,0.00,0.00,,FALSE,,,0.00,0.00,,FALSE,0.00,0.00,0.00,,,,,,,,,,,,,,,,,,,,,,,,,,,,,,,,,,,,,,,,,,,,,,,,,,,,,,,,,,,,,,,,,,,,,,,,,,,,,,,,,,,,,,,,FALSE,0,,,,,,,0.00,0.00,0.00,TRUE,,,,0,,0.00,Y3B092V
Vaxigrip Tetra(L),Vaxigrip Tetra,1,FALSE,FALSE,,,,13800.00,NC,0,0.00,0.00,NC,0,0.00,0.00,NC,0,0.00,0.00,NC,0,0.00,0.00,NC,0,0.00,0.00,NC,0,0.00,0.00,NC,0,0.00,0.00,NC,0,0.00,0.00,NC,0,0.00,0.00,NC,0,0.00,,0,12000.00,1,40544,12344,50744,"02/24.,",01/25...,,,FALSE,,,0.00,0.00,,FALSE,,,0.00,0.00,,FALSE,0.00,0.00,0.00,,,,,,,,,,,,,,,,,,,,,,,,,,,,,,,,,,,,,,,,,,,,,,,,,,,,,,,,,,,,,,,,,,,,,,,,,,,,,,,,,,,,,,,,FALSE,0,,,,,,,0.00,0.00,0.00,TRUE,,,,0,,0.00,Y3A721V
Vaxigrip Tetra(M),Vaxigrip Tetra,1,FALSE,FALSE,,,,13800.00,NC,0,0.00,0.00,NC,0,0.00,0.00,NC,0,0.00,0.00,NC,0,0.00,0.00,NC,0,0.00,0.00,NC,0,0.00,0.00,NC,0,0.00,0.00,NC,0,0.00,0.00,NC,0,0.00,0.00,NC,0,0.00,,0,12000.00,1,40544,12344,50744,06/24,05/25,,,FALSE,,,0.00,0.00,,FALSE,,,0.00,0.00,,FALSE,0.00,0.00,0.00,,,,,,,,,,,,,,,,,,,,,,,,,,,,,,,,,,,,,,,,,,,,,,,,,,,,,,,,,,,,,,,,,,,,,,,,,,,,,,,,,,,,,,,,FALSE,0,,,,,,,0.00,0.00,0.00,TRUE,,,,0,,0.00,Y4A121V
Vaxigrip Tetra(N),Vaxigrip Tetra,1,FALSE,FALSE,,,,13800.00,NC,0,0.00,0.00,NC,0,0.00,0.00,NC,0,0.00,0.00,NC,0,0.00,0.00,NC,0,0.00,0.00,NC,0,0.00,0.00,NC,0,0.00,0.00,NC,0,0.00,0.00,NC,0,0.00,0.00,NC,0,0.00,,0,12000.00,1,40544,12344,50744,02/25,01/26,,,FALSE,,,0.00,0.00,,FALSE,,,0.00,0.00,,FALSE,0.00,0.00,0.00,,,,,,,,,,,,,,,,,,,,,,,,,,,,,,,,,,,,,,,,,,,,,,,,,,,,,,,,,,,,,,,,,,,,,,,,,,,,,,,,,,,,,,,,FALSE,0,,,,,,,0.00,0.00,0.00,TRUE,,,,0,,0.00,5DA82D1
Vaxigrip Tetra(O),Vaxigrip Tetra,1,FALSE,FALSE,,,,13800.00,NC,0,0.00,0.00,NC,0,0.00,0.00,NC,0,0.00,0.00,NC,0,0.00,0.00,NC,0,0.00,0.00,NC,0,0.00,0.00,NC,0,0.00,0.00,NC,0,0.00,0.00,NC,0,0.00,0.00,NC,0,0.00,,0,9897.00,1,40544,12344,50744,06/25,05/26,,,FALSE,,,0.00,0.00,,FALSE,,,0.00,0.00,,FALSE,0.00,0.00,0.00,,,,,,,,,,,,,,,,,,,,,,,,,,,,,,,,,,,,,,,,,,,,,,,,,,,,,,,,,,,,,,,,,,,,,,,,,,,,,,,,,,,,,,,,FALSE,0,,,,,,,0.00,0.00,69.00,TRUE,,,,0,,0.00,5DE53P5
Vaxigrip Tetra(P),Vaxigrip Tetra,1,FALSE,FALSE,,,,13800.00,NC,0,0.00,0.00,NC,0,0.00,0.00,NC,0,0.00,0.00,NC,0,0.00,0.00,NC,0,0.00,0.00,NC,0,0.00,0.00,NC,0,0.00,0.00,NC,0,0.00,0.00,NC,0,0.00,0.00,NC,0,0.00,,0,9897.00,1,40544,12344,50744,07/25,06/26..,,,FALSE,,,0.00,0.00,,FALSE,,,0.00,0.00,,FALSE,0.00,0.00,0.00,,,,,,,,,,,,,,,,,,,,,,,,,,,,,,,,,,,,,,,,,,,,,,,,,,,,,,,,,,,,,,,,,,,,,,,,,,,,,,,,,,,,,,,,FALSE,0,,,,,,,0.00,0.00,0.00,TRUE,,,,0,,0.00,5DF56D3
Vaxigrip Tetra(Q),Vaxigrip Tetra,1,FALSE,FALSE,,,,13800.00,NC,0,0.00,0.00,NC,0,0.00,0.00,NC,0,0.00,0.00,NC,0,0.00,0.00,NC,0,0.00,0.00,NC,0,0.00,0.00,NC,0,0.00,0.00,NC,0,0.00,0.00,NC,0,0.00,0.00,NC,0,0.00,,0,12000.00,1,40544,12344,50744,01/26,12/26..,,,FALSE,,,0.00,0.00,,FALSE,,,0.00,0.00,,FALSE,0.00,0.00,0.00,,,,,,,,,,,,,,,,,,,,,,,,,,,,,,,,,,,,,,,,,,,,,,,,,,,,,,,,,,,,,,,,,,,,,,,,,,,,,,,,,,,,,,,,FALSE,0,,,,,,,0.00,0.00,540.00,TRUE,,,,0,,0.00,6DA57D1
VAXIGRIP(A),VAXIGRIP SH AD. 1 SYR 0.5,1,FALSE,FALSE,,,,3486.00,NC,0,0.00,0.00,NC,0,0.00,0.00,NC,0,0.00,0.00,NC,0,0.00,0.00,NC,0,0.00,0.00,NC,0,0.00,0.00,NC,0,0.00,0.00,NC,0,0.00,0.00,NC,0,0.00,0.00,NC,0,0.00,,0,2162.70,1,40544,12344,50744,09 /19,08/ 20,,,FALSE,,,0.00,0.00,,FALSE,,,0.00,0.00,,FALSE,0.00,0.00,0.00,,,,,,,,,,,,,,,,,,,,,,,,,,,,,,,,,,,,,,,,,,,,,,,,,,,,,,,,,,,,,,,,,,,,,,,,,,,,,,,,,,,,,,,,FALSE,0,,,,,,,0.00,0.00,0.00,TRUE,,,,0,,0.00,T3J453V
VAXIGRIP(B),VAXIGRIP SH AD. 1 SYR 0.5,1,FALSE,FALSE,,,,0.00,NC,0,0.00,0.00,NC,0,0.00,0.00,NC,0,0.00,0.00,NC,0,0.00,0.00,NC,0,0.00,0.00,NC,0,0.00,0.00,NC,0,0.00,0.00,NC,0,0.00,0.00,NC,0,0.00,0.00,NC,0,0.00,,0,2162.70,1,40544,12344,50744,09  /19,08/ 20,,,FALSE,,,0.00,0.00,,FALSE,,,0.00,0.00,,FALSE,0.00,0.00,0.00,,,,,,,,,,,,,,,,,,,,,,,,,,,,,,,,,,,,,,,,,,,,,,,,,,,,,,,,,,,,,,,,,,,,,,,,,,,,,,,,,,,,,,,,FALSE,0,,,,,,,0.00,0.00,0.00,TRUE,,,,0,,0.00,T3J772V
VAXIGRIP(C),VAXIGRIP SH AD. 1 SYR 0.5,1,FALSE,FALSE,,,,0.00,NC,0,0.00,0.00,NC,0,0.00,0.00,NC,0,0.00,0.00,NC,0,0.00,0.00,NC,0,0.00,0.00,NC,0,0.00,0.00,NC,0,0.00,0.00,NC,0,0.00,0.00,NC,0,0.00,0.00,NC,0,0.00,,0,2162.70,1,40544,12344,50744,08/20,07/21,,,FALSE,,,0.00,0.00,,FALSE,,,0.00,0.00,,FALSE,0.00,0.00,0.00,,,,,,,,,,,,,,,,,,,,,,,,,,,,,,,,,,,,,,,,,,,,,,,,,,,,,,,,,,,,,,,,,,,,,,,,,,,,,,,,,,,,,,,,FALSE,0,,,,,,,0.00,0.00,0.00,TRUE,,,,0,,0.00,U3K234M
Ventolin Inhaler,Ventolin Inhaler,1,FALSE,FALSE,,,,0.00,NC,0,0.00,0.00,NC,0,0.00,0.00,NC,0,0.00,0.00,NC,0,0.00,0.00,NC,0,0.00,0.00,NC,0,0.00,0.00,NC,0,0.00,0.00,NC,0,0.00,0.00,NC,0,0.00,0.00,NC,0,0.00,,0,1105.00,1,40528,12328,50728,,,,,FALSE,,,0.00,0.00,,FALSE,,,0.00,0.00,,FALSE,0.00,0.00,0.00,,,,,,,,,,,,,,,,,,,,,,,,,,,,,,,,,,,,,,,,,,,,,,,,,,,,,,,,,,,,,,,,,,,,,,,,,,,,,,,,,,,,,,,,FALSE,0,,,,,,,0.00,0.00,0.00,TRUE,,,,0,,0.00,
VERORAB,VERORAB,1,FALSE,FALSE,,,,4236.00,NC,0,0.00,0.00,NC,0,0.00,0.00,NC,0,0.00,0.00,NC,0,0.00,0.00,NC,0,0.00,0.00,NC,0,0.00,0.00,NC,0,0.00,0.00,NC,0,0.00,0.00,NC,0,0.00,0.00,NC,0,0.00,,0,3600.45,1,40512,12312,50712,08 /17,07/20,,,FALSE,,,0.00,0.00,,FALSE,,,0.00,0.00,,FALSE,0.00,0.00,0.00,,,,,,,,,,,,,,,,,,,,,,,,,,,,,,,,,,,,,,,,,,,,,,,,,,,,,,,,,,,,,,,,,,,,,,,,,,,,,,,,,,,,,,,,FALSE,0,,,,,,,0.00,0.00,0.00,TRUE,,,,0,,0.00,PIC551M
VERORAB (A),VERORAB,1,FALSE,FALSE,,,,4248.53,NC,0,0.00,0.00,NC,0,0.00,0.00,NC,0,0.00,0.00,NC,0,0.00,0.00,NC,0,0.00,0.00,NC,0,0.00,0.00,NC,0,0.00,0.00,NC,0,0.00,0.00,NC,0,0.00,0.00,NC,0,0.00,,0,3600.45,1,40512,12312,50712,10 / 17..,09 / 20,,,FALSE,,,0.00,0.00,,FALSE,,,0.00,0.00,,FALSE,0.00,0.00,0.00,,,,,,,,,,,,,,,,,,,,,,,,,,,,,,,,,,,,,,,,,,,,,,,,,,,,,,,,,,,,,,,,,,,,,,,,,,,,,,,,,,,,,,,,FALSE,0,,,,,,,0.00,0.00,0.00,TRUE,,,,0,,0.00,P1D982M
VERORAB (B),VERORAB,1,FALSE,FALSE,,,,4482.50,NC,0,0.00,0.00,NC,0,0.00,0.00,NC,0,0.00,0.00,NC,0,0.00,0.00,NC,0,0.00,0.00,NC,0,0.00,0.00,NC,0,0.00,0.00,NC,0,0.00,0.00,NC,0,0.00,0.00,NC,0,0.00,,0,3600.45,1,40512,12312,50712,06 /19,05/ 22,,,FALSE,,,0.00,0.00,,FALSE,,,0.00,0.00,,FALSE,0.00,0.00,0.00,,,,,,,,,,,,,,,,,,,,,,,,,,,,,,,,,,,,,,,,,,,,,,,,,,,,,,,,,,,,,,,,,,,,,,,,,,,,,,,,,,,,,,,,FALSE,0,,,,,,,0.00,0.00,0.00,TRUE,,,,0,,0.00,T1C681V
VERORAB (C),VERORAB,1,FALSE,FALSE,,,,4482.50,NC,0,0.00,0.00,NC,0,0.00,0.00,NC,0,0.00,0.00,NC,0,0.00,0.00,NC,0,0.00,0.00,NC,0,0.00,0.00,NC,0,0.00,0.00,NC,0,0.00,0.00,NC,0,0.00,0.00,NC,0,0.00,,0,3735.00,1,40512,12312,50712,06 //19,05/ 22,,,FALSE,,,0.00,0.00,,FALSE,,,0.00,0.00,,FALSE,0.00,0.00,0.00,,,,,,,,,,,,,,,,,,,,,,,,,,,,,,,,,,,,,,,,,,,,,,,,,,,,,,,,,,,,,,,,,,,,,,,,,,,,,,,,,,,,,,,,FALSE,0,,,,,,,0.00,0.00,0.00,TRUE,,,,0,,0.00,T1C612V
VERORAB (D),VERORAB,1,FALSE,FALSE,,,,5269.00,NC,0,0.00,0.00,NC,0,0.00,0.00,NC,0,0.00,0.00,NC,0,0.00,0.00,NC,0,0.00,0.00,NC,0,0.00,0.00,NC,0,0.00,0.00,NC,0,0.00,0.00,NC,0,0.00,0.00,NC,0,0.00,,0,4165.00,1,40512,12312,50712,09/19,08//22,,,FALSE,,,0.00,0.00,,FALSE,,,0.00,0.00,,FALSE,0.00,0.00,0.00,,,,,,,,,,,,,,,,,,,,,,,,,,,,,,,,,,,,,,,,,,,,,,,,,,,,,,,,,,,,,,,,,,,,,,,,,,,,,,,,,,,,,,,,FALSE,0,,,,,,,0.00,0.00,0.00,TRUE,,,,0,,0.00,T1E263V
VERORAB (E),VERORAB,1,FALSE,FALSE,,,,5269.00,NC,0,0.00,0.00,NC,0,0.00,0.00,NC,0,0.00,0.00,NC,0,0.00,0.00,NC,0,0.00,0.00,NC,0,0.00,0.00,NC,0,0.00,0.00,NC,0,0.00,0.00,NC,0,0.00,0.00,NC,0,0.00,,0,4165.00,1,40512,12312,50712,03//20..,02//23,,,FALSE,,,0.00,0.00,,FALSE,,,0.00,0.00,,FALSE,0.00,0.00,0.00,,,,,,,,,,,,,,,,,,,,,,,,,,,,,,,,,,,,,,,,,,,,,,,,,,,,,,,,,,,,,,,,,,,,,,,,,,,,,,,,,,,,,,,,FALSE,0,,,,,,,0.00,0.00,0.00,TRUE,,,,0,,0.00,U1A631M
VERORAB (F),VERORAB,1,FALSE,FALSE,,,,5579.00,NC,0,0.00,0.00,NC,0,0.00,0.00,NC,0,0.00,0.00,NC,0,0.00,0.00,NC,0,0.00,0.00,NC,0,0.00,0.00,NC,0,0.00,0.00,NC,0,0.00,0.00,NC,0,0.00,0.00,NC,0,0.00,,0,4165.00,1,40512,12312,50712,07//21..,06//24,,,FALSE,,,0.00,0.00,,FALSE,,,0.00,0.00,,FALSE,0.00,0.00,0.00,,,,,,,,,,,,,,,,,,,,,,,,,,,,,,,,,,,,,,,,,,,,,,,,,,,,,,,,,,,,,,,,,,,,,,,,,,,,,,,,,,,,,,,,FALSE,0,,,,,,,0.00,0.00,0.00,TRUE,,,,0,,0.00,VIC87IM
VERORAB (G),VERORAB,1,FALSE,FALSE,,,,7350.20,NC,0,0.00,0.00,NC,0,0.00,0.00,NC,0,0.00,0.00,NC,0,0.00,0.00,NC,0,0.00,0.00,NC,0,0.00,0.00,NC,0,0.00,0.00,NC,0,0.00,0.00,NC,0,0.00,0.00,NC,0,0.00,,0,4410.00,1,40512,12312,50712,09//21.,08//24..,,,FALSE,,,0.00,0.00,,FALSE,,,0.00,0.00,,FALSE,0.00,0.00,0.00,,,,,,,,,,,,,,,,,,,,,,,,,,,,,,,,,,,,,,,,,,,,,,,,,,,,,,,,,,,,,,,,,,,,,,,,,,,,,,,,,,,,,,,,FALSE,0,,,,,,,0.00,0.00,0.00,TRUE,,,,0,,0.00,VID662M
VERORAB (H),VERORAB,1,FALSE,FALSE,,,,25415.00,NC,0,0.00,0.00,NC,0,0.00,0.00,NC,0,0.00,0.00,NC,0,0.00,0.00,NC,0,0.00,0.00,NC,0,0.00,0.00,NC,0,0.00,0.00,NC,0,0.00,0.00,NC,0,0.00,0.00,NC,0,0.00,,0,21708.75,1,40512,12312,50712,07/22...,06//25..,,,FALSE,,,0.00,0.00,,FALSE,,,0.00,0.00,,FALSE,0.00,0.00,0.00,,,,,,,,,,,,,,,,,,,,,,,,,,,,,,,,,,,,,,,,,,,,,,,,,,,,,,,,,,,,,,,,,,,,,,,,,,,,,,,,,,,,,,,,FALSE,0,,,,,,,0.00,0.00,0.00,TRUE,,,,0,,0.00,W1B321M
VICTOZA,VICTOZA,1,FALSE,FALSE,,,,36522.00,NC,0,0.00,0.00,NC,0,0.00,0.00,NC,0,0.00,0.00,NC,0,0.00,0.00,NC,0,0.00,0.00,NC,0,0.00,0.00,NC,0,0.00,0.00,NC,0,0.00,0.00,NC,0,0.00,0.00,NC,0,0.00,,0,26930.00,1,40535,12335,50735,11 /17,04/20,,,FALSE,,,0.00,0.00,,FALSE,,,0.00,0.00,,FALSE,0.00,0.00,0.00,,,,,,,,,,,,,,,,,,,,,,,,,,,,,,,,,,,,,,,,,,,,,,,,,,,,,,,,,,,,,,,,,,,,,,,,,,,,,,,,,,,,,,,,FALSE,0,,,,,,,0.00,0.00,0.00,TRUE,,,,0,,0.00,HS65J76
VICTOZA  (A),VICTOZA,1,FALSE,FALSE,,,,38712.00,NC,0,0.00,0.00,NC,0,0.00,0.00,NC,0,0.00,0.00,NC,0,0.00,0.00,NC,0,0.00,0.00,NC,0,0.00,0.00,NC,0,0.00,0.00,NC,0,0.00,0.00,NC,0,0.00,0.00,NC,0,0.00,,0,26930.00,1,40535,12335,50735,02 /18,07/20,,,FALSE,,,0.00,0.00,,FALSE,,,0.00,0.00,,FALSE,0.00,0.00,0.00,,,,,,,,,,,,,,,,,,,,,,,,,,,,,,,,,,,,,,,,,,,,,,,,,,,,,,,,,,,,,,,,,,,,,,,,,,,,,,,,,,,,,,,,FALSE,0,,,,,,,0.00,0.00,0.00,TRUE,,,,0,,0.00,HS65V83
VICTOZA  (B),VICTOZA,1,FALSE,FALSE,,,,38712.00,NC,0,0.00,0.00,NC,0,0.00,0.00,NC,0,0.00,0.00,NC,0,0.00,0.00,NC,0,0.00,0.00,NC,0,0.00,0.00,NC,0,0.00,0.00,NC,0,0.00,0.00,NC,0,0.00,0.00,NC,0,0.00,,0,26930.00,1,40535,12335,50735,,09/21,,,FALSE,,,0.00,0.00,,FALSE,,,0.00,0.00,,FALSE,0.00,0.00,0.00,,,,,,,,,,,,,,,,,,,,,,,,,,,,,,,,,,,,,,,,,,,,,,,,,,,,,,,,,,,,,,,,,,,,,,,,,,,,,,,,,,,,,,,,FALSE,0,,,,,,,0.00,0.00,0.00,TRUE,,,,0,,0.00,JS69H45
VICTOZA  (C),VICTOZA,1,FALSE,FALSE,,,,38712.00,NC,0,0.00,0.00,NC,0,0.00,0.00,NC,0,0.00,0.00,NC,0,0.00,0.00,NC,0,0.00,0.00,NC,0,0.00,0.00,NC,0,0.00,0.00,NC,0,0.00,0.00,NC,0,0.00,0.00,NC,0,0.00,,0,29000.00,1,40535,12335,50735,6/19,11/21,,,FALSE,,,0.00,0.00,,FALSE,,,0.00,0.00,,FALSE,0.00,0.00,0.00,,,,,,,,,,,,,,,,,,,,,,,,,,,,,,,,,,,,,,,,,,,,,,,,,,,,,,,,,,,,,,,,,,,,,,,,,,,,,,,,,,,,,,,,FALSE,0,,,,,,,0.00,0.00,0.00,TRUE,,,,0,,0.00,JS69S07
VICTOZA  (D),VICTOZA,1,FALSE,FALSE,,,,38712.00,NC,0,0.00,0.00,NC,0,0.00,0.00,NC,0,0.00,0.00,NC,0,0.00,0.00,NC,0,0.00,0.00,NC,0,0.00,0.00,NC,0,0.00,0.00,NC,0,0.00,0.00,NC,0,0.00,0.00,NC,0,0.00,,0,29000.00,1,40535,12335,50735,11/19,04/22,,,FALSE,,,0.00,0.00,,FALSE,,,0.00,0.00,,FALSE,0.00,0.00,0.00,,,,,,,,,,,,,,,,,,,,,,,,,,,,,,,,,,,,,,,,,,,,,,,,,,,,,,,,,,,,,,,,,,,,,,,,,,,,,,,,,,,,,,,,FALSE,0,,,,,,,0.00,0.00,0.00,TRUE,,,,0,,0.00,KS6AL54
VICTOZA  (E),VICTOZA,1,FALSE,FALSE,,,,38712.00,NC,0,0.00,0.00,NC,0,0.00,0.00,NC,0,0.00,0.00,NC,0,0.00,0.00,NC,0,0.00,0.00,NC,0,0.00,0.00,NC,0,0.00,0.00,NC,0,0.00,0.00,NC,0,0.00,0.00,NC,0,0.00,,0,33201.00,1,40535,12335,50735,04/20,09/22,,,FALSE,,,0.00,0.00,,FALSE,,,0.00,0.00,,FALSE,0.00,0.00,0.00,,,,,,,,,,,,,,,,,,,,,,,,,,,,,,,,,,,,,,,,,,,,,,,,,,,,,,,,,,,,,,,,,,,,,,,,,,,,,,,,,,,,,,,,FALSE,0,,,,,,,0.00,0.00,0.00,TRUE,,,,0,,0.00,KS6CC01
VICTOZA  (F),VICTOZA,1,FALSE,FALSE,,,,38712.00,NC,0,0.00,0.00,NC,0,0.00,0.00,NC,0,0.00,0.00,NC,0,0.00,0.00,NC,0,0.00,0.00,NC,0,0.00,0.00,NC,0,0.00,0.00,NC,0,0.00,0.00,NC,0,0.00,0.00,NC,0,0.00,,0,35193.00,1,40535,12335,50735,11//20...,04//23..,,,FALSE,,,0.00,0.00,,FALSE,,,0.00,0.00,,FALSE,0.00,0.00,0.00,,,,,,,,,,,,,,,,,,,,,,,,,,,,,,,,,,,,,,,,,,,,,,,,,,,,,,,,,,,,,,,,,,,,,,,,,,,,,,,,,,,,,,,,FALSE,0,,,,,,,0.00,0.00,0.00,TRUE,,,,0,,0.00,LS6DF55
VICTOZA  (G),VICTOZA,1,FALSE,FALSE,,,,38712.00,NC,0,0.00,0.00,NC,0,0.00,0.00,NC,0,0.00,0.00,NC,0,0.00,0.00,NC,0,0.00,0.00,NC,0,0.00,0.00,NC,0,0.00,0.00,NC,0,0.00,0.00,NC,0,0.00,0.00,NC,0,0.00,,0,35193.00,1,40535,12335,50735,02//21...,07/23..,,,FALSE,,,0.00,0.00,,FALSE,,,0.00,0.00,,FALSE,0.00,0.00,0.00,,,,,,,,,,,,,,,,,,,,,,,,,,,,,,,,,,,,,,,,,,,,,,,,,,,,,,,,,,,,,,,,,,,,,,,,,,,,,,,,,,,,,,,,FALSE,0,,,,,,,0.00,0.00,0.00,TRUE,,,,0,,0.00,LS6DP78
VICTOZA  (H),VICTOZA,1,FALSE,FALSE,,,,43502.00,NC,0,0.00,0.00,NC,0,0.00,0.00,NC,0,0.00,0.00,NC,0,0.00,0.00,NC,0,0.00,0.00,NC,0,0.00,0.00,NC,0,0.00,0.00,NC,0,0.00,0.00,NC,0,0.00,0.00,NC,0,0.00,,0,35193.00,1,40535,12335,50735,04//21...,09/23..,,,FALSE,,,0.00,0.00,,FALSE,,,0.00,0.00,,FALSE,0.00,0.00,0.00,,,,,,,,,,,,,,,,,,,,,,,,,,,,,,,,,,,,,,,,,,,,,,,,,,,,,,,,,,,,,,,,,,,,,,,,,,,,,,,,,,,,,,,,FALSE,0,,,,,,,0.00,0.00,0.00,TRUE,,,,0,,0.00,LS6EG25
VICTOZA  (I),VICTOZA,1,FALSE,FALSE,,,,71989.00,NC,0,0.00,0.00,NC,0,0.00,0.00,NC,0,0.00,0.00,NC,0,0.00,0.00,NC,0,0.00,0.00,NC,0,0.00,0.00,NC,0,0.00,0.00,NC,0,0.00,0.00,NC,0,0.00,0.00,NC,0,0.00,,0,39547.00,1,40535,12335,50735,04//22...,09/24..,,,FALSE,,,0.00,0.00,,FALSE,,,0.00,0.00,,FALSE,0.00,0.00,0.00,,,,,,,,,,,,,,,,,,,,,,,,,,,,,,,,,,,,,,,,,,,,,,,,,,,,,,,,,,,,,,,,,,,,,,,,,,,,,,,,,,,,,,,,FALSE,0,,,,,,,0.00,0.00,0.00,TRUE,,,,0,,0.00,MS6GV57
VICTOZA  (J),VICTOZA,1,FALSE,FALSE,,,,71989.00,NC,0,0.00,0.00,NC,0,0.00,0.00,NC,0,0.00,0.00,NC,0,0.00,0.00,NC,0,0.00,0.00,NC,0,0.00,0.00,NC,0,0.00,0.00,NC,0,0.00,0.00,NC,0,0.00,0.00,NC,0,0.00,,0,39547.00,1,40535,12335,50735,06//22...,11/24...,,,FALSE,,,0.00,0.00,,FALSE,,,0.00,0.00,,FALSE,0.00,0.00,0.00,,,,,,,,,,,,,,,,,,,,,,,,,,,,,,,,,,,,,,,,,,,,,,,,,,,,,,,,,,,,,,,,,,,,,,,,,,,,,,,,,,,,,,,,FALSE,0,,,,,,,0.00,0.00,0.00,TRUE,,,,0,,0.00,MS6HG62
VICTOZA  (K),VICTOZA,1,FALSE,FALSE,,,,129336.00,NC,0,0.00,0.00,NC,0,0.00,0.00,NC,0,0.00,0.00,NC,0,0.00,0.00,NC,0,0.00,0.00,NC,0,0.00,0.00,NC,0,0.00,0.00,NC,0,0.00,0.00,NC,0,0.00,0.00,NC,0,0.00,,0,76363.00,1,40535,12335,50735,12//22...,05/25...,,,FALSE,,,0.00,0.00,,FALSE,,,0.00,0.00,,FALSE,0.00,0.00,0.00,,,,,,,,,,,,,,,,,,,,,,,,,,,,,,,,,,,,,,,,,,,,,,,,,,,,,,,,,,,,,,,,,,,,,,,,,,,,,,,,,,,,,,,,FALSE,0,,,,,,,0.00,0.00,0.00,TRUE,,,,0,,0.00,NS6JD10
VICTOZA  (L),VICTOZA,1,FALSE,FALSE,,,,137970.00,NC,0,0.00,0.00,NC,0,0.00,0.00,NC,0,0.00,0.00,NC,0,0.00,0.00,NC,0,0.00,0.00,NC,0,0.00,0.00,NC,0,0.00,0.00,NC,0,0.00,0.00,NC,0,0.00,0.00,NC,0,0.00,,0,92226.00,1,40535,12335,50735,06//23...,11/25...,,,FALSE,,,0.00,0.00,,FALSE,,,0.00,0.00,,FALSE,0.00,0.00,0.00,,,,,,,,,,,,,,,,,,,,,,,,,,,,,,,,,,,,,,,,,,,,,,,,,,,,,,,,,,,,,,,,,,,,,,,,,,,,,,,,,,,,,,,,FALSE,0,,,,,,,0.00,0.00,0.00,TRUE,,,,0,,0.00,NS6JY51
VICTOZA  (M),VICTOZA,1,FALSE,FALSE,,,,137970.00,NC,0,0.00,0.00,NC,0,0.00,0.00,NC,0,0.00,0.00,NC,0,0.00,0.00,NC,0,0.00,0.00,NC,0,0.00,0.00,NC,0,0.00,0.00,NC,0,0.00,0.00,NC,0,0.00,0.00,NC,0,0.00,,0,125427.00,1,40535,12335,50735,"11/23...,",04/26...,,,FALSE,,,0.00,0.00,,FALSE,,,0.00,0.00,,FALSE,0.00,0.00,0.00,,,,,,,,,,,,,,,,,,,,,,,,,,,,,,,,,,,,,,,,,,,,,,,,,,,,,,,,,,,,,,,,,,,,,,,,,,,,,,,,,,,,,,,,FALSE,0,,,,,,,0.00,0.00,0.00,TRUE,,,,0,,0.00,PS6LB33
Xplended  10mg,Xplended 10mg,1,FALSE,FALSE,,,,4410.00,NC,0,0.00,0.00,NC,0,0.00,0.00,NC,0,0.00,0.00,NC,0,0.00,0.00,NC,0,0.00,0.00,NC,0,0.00,0.00,NC,0,0.00,0.00,NC,0,0.00,0.00,NC,0,0.00,0.00,NC,0,0.00,,0,3260.00,1,49905,12361,59908,"12/22,.,",11/24,,,FALSE,,,0.00,0.00,,FALSE,,,0.00,0.00,,FALSE,0.00,0.00,0.00,,,,,,,,,,,,,,,,,,,,,,,,,,,,,,,,,,,,,,,,,,,,,,,,,,,,,,,,,,,,,,,,,,,,,,,,,,,,,,,,,,,,,,,,FALSE,0,,,,,,,0.00,0.00,0.00,TRUE,,,,0,,0.00,2N079
YELLOW FEVER (MULTIP,YELLOW FEVER (MULTIPLE),1,FALSE,FALSE,,,,2500.00,NC,0,0.00,0.00,NC,0,0.00,0.00,NC,0,0.00,0.00,NC,0,0.00,0.00,NC,0,0.00,0.00,NC,0,0.00,0.00,NC,0,0.00,0.00,NC,0,0.00,0.00,NC,0,0.00,0.00,NC,0,0.00,,0,2500.00,1,40540,12340,50740,,,,,FALSE,,,0.00,0.00,,FALSE,,,0.00,0.00,,FALSE,0.00,0.00,0.00,,,,,,,,,,,,,,,,,,,,,,,,,,,,,,,,,,,,,,,,,,,,,,,,,,,,,,,,,,,,,,,,,,,,,,,,,,,,,,,,,,,,,,,,FALSE,0,,,,,,,0.00,0.00,0.00,TRUE,,,,0,,0.00,
YELLOW FEVER VACCINE,YELLOW FEVER VACCINES,1,FALSE,FALSE,,,,0.00,NC,0,0.00,0.00,NC,0,0.00,0.00,NC,0,0.00,0.00,NC,0,0.00,0.00,NC,0,0.00,0.00,NC,0,0.00,0.00,NC,0,0.00,0.00,NC,0,0.00,0.00,NC,0,0.00,0.00,NC,0,0.00,,0,3175.00,1,40000,12000,50000,,,,,FALSE,,,0.00,0.00,,FALSE,,,0.00,0.00,,FALSE,0.00,0.00,0.00,,,,,,,,,,,,,,,,,,,,,,,,,,,,,,,,,,,,,,,,,,,,,,,,,,,,,,,,,,,,,,,,,,,,,,,,,,,,,,,,,,,,,,,,FALSE,0,,,,,,,0.00,0.00,0.00,TRUE,,,,0,,0.00,
ZEFFIX TABS 100mg,Zeffix Tabs 100mg,1,FALSE,FALSE,,,,0.00,NC,0,0.00,0.00,NC,0,0.00,0.00,NC,0,0.00,0.00,NC,0,0.00,0.00,NC,0,0.00,0.00,NC,0,0.00,0.00,NC,0,0.00,0.00,NC,0,0.00,0.00,NC,0,0.00,0.00,NC,0,0.00,,0,0.00,1,40506,12306,50706,,,,,FALSE,,,0.00,0.00,,FALSE,,,0.00,0.00,,FALSE,0.00,0.00,0.00,,,,,,,,,,,,,,,,,,,,,,,,,,,,,,,,,,,,,,,,,,,,,,,,,,,,,,,,,,,,,,,,,,,,,,,,,,,,,,,,,,,,,,,,FALSE,0,,,,,,,0.00,0.00,0.00,TRUE,,,,0,,0.00,
Zinnat Inj.,ZINNAT INJ.,1,FALSE,FALSE,,,,0.00,NC,0,0.00,0.00,NC,0,0.00,0.00,NC,0,0.00,0.00,NC,0,0.00,0.00,NC,0,0.00,0.00,NC,0,0.00,0.00,NC,0,0.00,0.00,NC,0,0.00,0.00,NC,0,0.00,0.00,NC,0,0.00,,0,4215.00,1,40528,12328,50728,,,,,FALSE,,,0.00,0.00,,FALSE,,,0.00,0.00,,FALSE,0.00,0.00,0.00,,,,,,,,,,,,,,,,,,,,,,,,,,,,,,,,,,,,,,,,,,,,,,,,,,,,,,,,,,,,,,,,,,,,,,,,,,,,,,,,,,,,,,,,FALSE,0,,,,,,,0.00,0.00,0.00,TRUE,,,,0,,0.00,
ZOXON POWDER SOLV(A),ZOXON POWDER&SOLVENT 1000,1,FALSE,FALSE,,,,0.00,NC,0,0.00,0.00,NC,0,0.00,0.00,NC,0,0.00,0.00,NC,0,0.00,0.00,NC,0,0.00,0.00,NC,0,0.00,0.00,NC,0,0.00,0.00,NC,0,0.00,0.00,NC,0,0.00,0.00,NC,0,0.00,,0,315.00,1,40000,12000,50000,02/19,01/22,,,FALSE,,,0.00,0.00,,FALSE,,,0.00,0.00,,FALSE,0.00,0.00,0.00,,,,,,,,,,,,,,,,,,,,,,,,,,,,,,,,,,,,,,,,,,,,,,,,,,,,,,,,,,,,,,,,,,,,,,,,,,,,,,,,,,,,,,,,FALSE,0,,,,,,,0.00,0.00,0.00,TRUE,,,,0,,0.00,950016
ZOXON POWDER SOLV(B),ZOXON POWDER&SOLVENT 1000,1,FALSE,FALSE,,,,0.00,NC,0,0.00,0.00,NC,0,0.00,0.00,NC,0,0.00,0.00,NC,0,0.00,0.00,NC,0,0.00,0.00,NC,0,0.00,0.00,NC,0,0.00,0.00,NC,0,0.00,0.00,NC,0,0.00,0.00,NC,0,0.00,,0,460.00,1,40000,12000,50000,06/19....,05/22,,,FALSE,,,0.00,0.00,,FALSE,,,0.00,0.00,,FALSE,0.00,0.00,0.00,,,,,,,,,,,,,,,,,,,,,,,,,,,,,,,,,,,,,,,,,,,,,,,,,,,,,,,,,,,,,,,,,,,,,,,,,,,,,,,,,,,,,,,,FALSE,0,,,,,,,0.00,0.00,0.00,TRUE,,,,0,,0.00,950047
ZOXON POWDER SOLVENT,ZOXON POWDER&SOLVENT 1000,1,FALSE,FALSE,,,,0.00,NC,0,0.00,0.00,NC,0,0.00,0.00,NC,0,0.00,0.00,NC,0,0.00,0.00,NC,0,0.00,0.00,NC,0,0.00,0.00,NC,0,0.00,0.00,NC,0,0.00,0.00,NC,0,0.00,0.00,NC,0,0.00,,0,526.00,1,40000,12000,50000,01/19,12/21,,,FALSE,,,0.00,0.00,,FALSE,,,0.00,0.00,,FALSE,0.00,0.00,0.00,,,,,,,,,,,,,,,,,,,,,,,,,,,,,,,,,,,,,,,,,,,,,,,,,,,,,,,,,,,,,,,,,,,,,,,,,,,,,,,,,,,,,,,,FALSE,0,,,,,,,0.00,0.00,0.00,TRUE,,,,0,,0.00,950010
