Customer ID,Customer Name,Invoice/CM #,Apply to Invoice Number,Credit Memo,Progress Billing Invoice,Date,Ship By,Quote,Quote #,Quote Good Thru Date,Drop Ship,Ship to Name,Ship to Address-Line One,Ship to Address-Line Two,Ship to City,Ship to State,Ship to Zipcode,Ship to Country,Customer PO,Ship Via,Ship Date,Date Due,Discount Amount,Discount Date,Displayed Terms,Sales Representative ID,Accounts Receivable Account,Accounts Receivable Amount,Sales Tax ID,Invoice Note,Note Prints After Line Items,Statement Note,Stmt Note Prints Before Ref,Internal Note,Beginning Balance Transaction,AR Date Cleared in Bank Rec,Number of Distributions,Invoice/CM Distribution,Apply to Invoice Distribution,Apply To Sales Order,Apply to Proposal,Quantity,SO/Proposal Number,Item ID,Serial Number,SO/Proposal Distribution,Description,G/L Account,GL Date Cleared in Bank Rec,Unit Price,Tax Type,UPC / SKU,Weight,Amount,Inventory Account,Inv Acnt Date Cleared In Bank Rec,Cost of Sales Account,COS Acnt Date Cleared In Bank Rec,U/M ID,U/M No. of Stocking Units,Stocking Quantity,Stocking Unit Price,Cost of Sales Amount,Job ID,Sales Tax Agency ID,Transaction Period,Transaction Number,Receipt Number,Return Authorization,Voided by Transaction,Retainage Percent,Recur Number,Recur Frequency
ANNOX NIG. LTD,ANNOX NIG.LTD,52080,,FALSE,FALSE,6/1/26,,FALSE,,,FALSE,,"1B, UNTH Road, Enugu",7031243571.... 08033166858,Enugu,,,,,Hand Delivery,,7/1/26,0.00,6/1/26,Net 30 Days,,11000,10756585.00,,,FALSE,,FALSE,,FALSE,,8,1,0,FALSE,FALSE,160.00,,HEXAXIM (Q),,0,HEXAXIM,40548,,33620.00,1,04/24.....,0.00,-5379200.00,12352,,50748,,<Each>,1.00,160.00,33620.00,4923520.00,,,34,1,,,,0.00,0,0
ANNOX NIG. LTD,ANNOX NIG.LTD,52080,,FALSE,FALSE,6/1/26,,FALSE,,,FALSE,,"1B, UNTH Road, Enugu",7031243571.... 08033166858,Enugu,,,,,Hand Delivery,,7/1/26,0.00,6/1/26,Net 30 Days,,11000,10756585.00,,,FALSE,,FALSE,,FALSE,,8,2,0,FALSE,FALSE,100.00,,Euvichol - S,,0,Euvichol - S,49921,,10335.00,1,10/25,0.00,-1033500.00,12377,,59924,,<Each>,1.00,100.00,10335.00,939458.00,,,34,1,,,,0.00,0,0
ANNOX NIG. LTD,ANNOX NIG.LTD,52080,,FALSE,FALSE,6/1/26,,FALSE,,,FALSE,,"1B, UNTH Road, Enugu",7031243571.... 08033166858,Enugu,,,,,Hand Delivery,,7/1/26,0.00,6/1/26,Net 30 Days,,11000,10756585.00,,,FALSE,,FALSE,,FALSE,,8,3,0,FALSE,FALSE,100.00,,MENACTRA (R),,0,MENACTRA,40505,,26400.00,1,"07/25,.",0.00,-2640000.00,12305,,50705,,<Each>,1.00,100.00,26400.00,2450000.00,,,34,1,,,,0.00,0,0
ANNOX NIG. LTD,ANNOX NIG.LTD,52080,,FALSE,FALSE,6/1/26,,FALSE,,,FALSE,,"1B, UNTH Road, Enugu",7031243571.... 08033166858,Enugu,,,,,Hand Delivery,,7/1/26,0.00,6/1/26,Net 30 Days,,11000,10756585.00,,,FALSE,,FALSE,,FALSE,,8,4,0,FALSE,FALSE,15.00,,CERVARIX 0.5ml(H),,0,CERVARIX 0.5ml,40300,,53295.00,1,02/2024.....,0.00,-799425.00,12150,,50550,,<Each>,1.00,15.00,53295.00,726450.00,,,34,1,,,,0.00,0,0
ANNOX NIG. LTD,ANNOX NIG.LTD,52080,,FALSE,FALSE,6/1/26,,FALSE,,,FALSE,,"1B, UNTH Road, Enugu",7031243571.... 08033166858,Enugu,,,,,Hand Delivery,,7/1/26,0.00,6/1/26,Net 30 Days,,11000,10756585.00,,,FALSE,,FALSE,,FALSE,,8,7,0,FALSE,FALSE,10.00,,TYPHIM (O),,0,TYPHIM,40500,,13516.00,1,"11/23,..",0.00,-135160.00,12300,,50700,,<Each>,1.00,10.00,13516.00,103920.00,,,34,1,,,,0.00,0,0
ANNOX NIG. LTD,ANNOX NIG.LTD,52080,,FALSE,FALSE,6/1/26,,FALSE,,,FALSE,,"1B, UNTH Road, Enugu",7031243571.... 08033166858,Enugu,,,,,Hand Delivery,,7/1/26,0.00,6/1/26,Net 30 Days,,11000,10756585.00,,,FALSE,,FALSE,,FALSE,,8,8,0,FALSE,FALSE,10.00,,PRIORIX (H),,0,PRIORIX,40501,,17550.00,1,08/24....,0.00,-175500.00,12301,,50701,,<Each>,1.00,10.00,17550.00,166580.00,,,34,1,,,,0.00,0,0
ANNOX NIG. LTD,ANNOX NIG.LTD,52080,,FALSE,FALSE,6/1/26,,FALSE,,,FALSE,,"1B, UNTH Road, Enugu",7031243571.... 08033166858,Enugu,,,,,Hand Delivery,,7/1/26,0.00,6/1/26,Net 30 Days,,11000,10756585.00,,,FALSE,,FALSE,,FALSE,,8,5,0,FALSE,FALSE,20.00,,VARICELLA (F),,0,Varicella,40530,,27440.00,1,"07/24,,",0.00,-548800.00,12330,,50730,,<Each>,1.00,20.00,27440.00,442800.00,,,34,1,,,,0.00,0,0
ANNOX NIG. LTD,ANNOX NIG.LTD,52080,,FALSE,FALSE,6/1/26,,FALSE,,,FALSE,,"1B, UNTH Road, Enugu",7031243571.... 08033166858,Enugu,,,,,Hand Delivery,,7/1/26,0.00,6/1/26,Net 30 Days,,11000,10756585.00,,,FALSE,,FALSE,,FALSE,,8,6,0,FALSE,FALSE,1.00,,,,0,Delivery Charge,40800,,45000.00,1,,0.00,-45000.00,,,,,,1.00,1.00,45000.00,0.00,,,34,1,,,,0.00,0,0
Nebula Care Hospital,Nebula Care Hospital,52081,,FALSE,FALSE,6/1/26,,FALSE,,,FALSE,Nebula Care Hospital,"24, Wilmer street off coker",Road Ilupeju lagos 09113232777,09117773232,,,Nigeria,,Hand Delivery,,6/1/26,0.00,6/1/26,C.O.D.,,11000,24866.01,,,FALSE,,FALSE,,FALSE,,1,1,0,FALSE,FALSE,1.00,,STAMARIL 1 VIAL (E),,0,STAMARIL 1 VIAL,40521,,24866.01,1,05//24,0.00,-24866.01,12321,,50721,,<Each>,1.00,1.00,24866.01,20723.00,,,34,2,,,,0.00,0,0
Mr Akande,Mr Akande Olusegun Ibadan,52082,,FALSE,FALSE,6/1/26,,FALSE,,,FALSE,Mr Akande Olusegun Ibadan,"IBADAN, IWO ROAD.",08068647915,,,,,,Hand Delivery,,6/1/26,0.00,6/1/26,C.O.D.,,11000,244660.00,,,FALSE,,FALSE,,FALSE,,4,1,0,FALSE,FALSE,3.00,,HEXAXIM (Q),,0,HEXAXIM,40548,,34845.00,1,04/24.....,0.00,-104535.00,12352,,50748,,<Each>,1.00,3.00,34845.00,92316.00,,,34,3,,,,0.00,0,0
Mr Akande,Mr Akande Olusegun Ibadan,52082,,FALSE,FALSE,6/1/26,,FALSE,,,FALSE,Mr Akande Olusegun Ibadan,"IBADAN, IWO ROAD.",08068647915,,,,,,Hand Delivery,,6/1/26,0.00,6/1/26,C.O.D.,,11000,244660.00,,,FALSE,,FALSE,,FALSE,,4,2,0,FALSE,FALSE,3.00,,ROTARIX(L),,0,ROTARIX,40508,,29900.00,1,09/23.',0.00,-89700.00,12308,,50708,,<Each>,1.00,3.00,29900.00,75621.00,,,34,3,,,,0.00,0,0
Mr Akande,Mr Akande Olusegun Ibadan,52082,,FALSE,FALSE,6/1/26,,FALSE,,,FALSE,Mr Akande Olusegun Ibadan,"IBADAN, IWO ROAD.",08068647915,,,,,,Hand Delivery,,6/1/26,0.00,6/1/26,C.O.D.,,11000,244660.00,,,FALSE,,FALSE,,FALSE,,4,3,0,FALSE,FALSE,2.00,,Vaxigrip Tetra(Q),,0,Vaxigrip Tetra,40544,,13800.00,1,01/26,0.00,-27600.00,12344,,50744,,<Each>,1.00,2.00,13800.00,24000.00,,,34,3,,,,0.00,0,0
Mr Akande,Mr Akande Olusegun Ibadan,52082,,FALSE,FALSE,6/1/26,,FALSE,,,FALSE,Mr Akande Olusegun Ibadan,"IBADAN, IWO ROAD.",08068647915,,,,,,Hand Delivery,,6/1/26,0.00,6/1/26,C.O.D.,,11000,244660.00,,,FALSE,,FALSE,,FALSE,,4,4,0,FALSE,FALSE,1.00,,Avaxim inj. Ped (Q),,0,Avaxim inj. Ped,40200,,22825.00,1,"09/23...,",0.00,-22825.00,12100,,50500,,<Each>,1.00,1.00,22825.00,17389.00,,,34,3,,,,0.00,0,0
County Hospital,County Hospital,52083,,FALSE,FALSE,6/1/26,,FALSE,,,FALSE,,43/45 Isheri Road,Ogba,OGBA,,,,,Cust. Pickup,,7/1/26,0.00,6/1/26,Net 30 Days,,11000,281590.00,,,FALSE,,FALSE,,FALSE,,4,1,0,FALSE,FALSE,4.00,,VARIRID(C),,0,VARIRID,49907,,20435.00,1,03/25,0.00,-81740.00,12363,,59910,,<Each>,1.00,4.00,20435.00,58730.52,,,34,5,,,,0.00,0,0
County Hospital,County Hospital,52083,,FALSE,FALSE,6/1/26,,FALSE,,,FALSE,,43/45 Isheri Road,Ogba,OGBA,,,,,Cust. Pickup,,7/1/26,0.00,6/1/26,Net 30 Days,,11000,281590.00,,,FALSE,,FALSE,,FALSE,,4,2,0,FALSE,FALSE,4.00,,PRIORIX (H),,0,PRIORIX,40501,,17850.00,1,08/24....,0.00,-71400.00,12301,,50701,,<Each>,1.00,4.00,17850.00,66632.00,,,34,5,,,,0.00,0,0
County Hospital,County Hospital,52083,,FALSE,FALSE,6/1/26,,FALSE,,,FALSE,,43/45 Isheri Road,Ogba,OGBA,,,,,Cust. Pickup,,7/1/26,0.00,6/1/26,Net 30 Days,,11000,281590.00,,,FALSE,,FALSE,,FALSE,,4,3,0,FALSE,FALSE,6.00,,Vaxigrip Tetra(Q),,0,Vaxigrip Tetra,40544,,13800.00,1,01/26,0.00,-82800.00,12344,,50744,,<Each>,1.00,6.00,13800.00,72000.00,,,34,5,,,,0.00,0,0
County Hospital,County Hospital,52083,,FALSE,FALSE,6/1/26,,FALSE,,,FALSE,,43/45 Isheri Road,Ogba,OGBA,,,,,Cust. Pickup,,7/1/26,0.00,6/1/26,Net 30 Days,,11000,281590.00,,,FALSE,,FALSE,,FALSE,,4,4,0,FALSE,FALSE,2.00,,Avaxim inj. Ped (Q),,0,Avaxim inj. Ped,40200,,22825.00,1,"09/23...,",0.00,-45650.00,12100,,50500,,<Each>,1.00,2.00,22825.00,34778.00,,,34,5,,,,0.00,0,0
St Mary's Hospital,St Mary's Hospital,52084,,FALSE,FALSE,6/1/26,,FALSE,,,FALSE,,"458, Titilayo Adedoyin Street",Phase 1,Omole Estate,,,,,Hand Delivery,,7/1/26,0.00,6/1/26,Net 30 Days,,11000,22825.00,,,FALSE,,FALSE,,FALSE,,1,1,0,FALSE,FALSE,1.00,,Avaxim inj. Ped (Q),,0,Avaxim inj. Ped,40200,,22825.00,1,"09/23...,",0.00,-22825.00,12100,,50500,,<Each>,1.00,1.00,22825.00,17389.00,,,34,6,,,,0.00,0,0
LASUTH Fee Paying Px,LASUTH Fee Paying Pharmacy,52085,,FALSE,FALSE,6/1/26,,FALSE,,,FALSE,,,,IKEJA,,,,,Hand Delivery,,7/1/26,0.00,6/1/26,Net 30 Days,,11000,1163505.00,,,FALSE,,FALSE,,FALSE,,7,1,0,FALSE,FALSE,5.00,,Nucard 160mg (I) Tab,,0,Nucard 160mg,49800,,7580.00,1,09/25..,0.00,-37900.00,12355,,59902,,<Each>,1.00,5.00,7580.00,34250.00,,,34,7,,,,0.00,0,0
LASUTH Fee Paying Px,LASUTH Fee Paying Pharmacy,52085,,FALSE,FALSE,6/1/26,,FALSE,,,FALSE,,,,IKEJA,,,,,Hand Delivery,,7/1/26,0.00,6/1/26,Net 30 Days,,11000,1163505.00,,,FALSE,,FALSE,,FALSE,,7,2,0,FALSE,FALSE,20.00,,Nucard 80mg(K),,0,Nucard (Valsartan) 80mg,49900,,6050.00,1,"03/24..,.",0.00,-121000.00,12356,,59903,,<Each>,1.00,20.00,6050.00,75692.40,,,34,7,,,,0.00,0,0
LASUTH Fee Paying Px,LASUTH Fee Paying Pharmacy,52085,,FALSE,FALSE,6/1/26,,FALSE,,,FALSE,,,,IKEJA,,,,,Hand Delivery,,7/1/26,0.00,6/1/26,Net 30 Days,,11000,1163505.00,,,FALSE,,FALSE,,FALSE,,7,3,0,FALSE,FALSE,10.00,,Tavanic 500MG TAB(K),,0,TAVANIC 500MG TAB 5'S,49600,,20590.00,1,11/24..,0.00,-205900.00,12353,,50749,,<Each>,1.00,10.00,20590.00,187100.00,,,34,7,,,,0.00,0,0
LASUTH Fee Paying Px,LASUTH Fee Paying Pharmacy,52085,,FALSE,FALSE,6/1/26,,FALSE,,,FALSE,,,,IKEJA,,,,,Hand Delivery,,7/1/26,0.00,6/1/26,Net 30 Days,,11000,1163505.00,,,FALSE,,FALSE,,FALSE,,7,4,0,FALSE,FALSE,5.00,,CERVARIX 0.5ml(H),,0,CERVARIX 0.5ml,40300,,55690.00,1,02/2024.....,0.00,-278450.00,12150,,50550,,<Each>,1.00,5.00,55690.00,242150.00,,,34,7,,,,0.00,0,0
LASUTH Fee Paying Px,LASUTH Fee Paying Pharmacy,52085,,FALSE,FALSE,6/1/26,,FALSE,,,FALSE,,,,IKEJA,,,,,Hand Delivery,,7/1/26,0.00,6/1/26,Net 30 Days,,11000,1163505.00,,,FALSE,,FALSE,,FALSE,,7,5,0,FALSE,FALSE,5.00,,TYPHIM (O),,0,TYPHIM,40500,,14228.00,1,"11/23,..",0.00,-71140.00,12300,,50700,,<Each>,1.00,5.00,14228.00,51960.00,,,34,7,,,,0.00,0,0
LASUTH Fee Paying Px,LASUTH Fee Paying Pharmacy,52085,,FALSE,FALSE,6/1/26,,FALSE,,,FALSE,,,,IKEJA,,,,,Hand Delivery,,7/1/26,0.00,6/1/26,Net 30 Days,,11000,1163505.00,,,FALSE,,FALSE,,FALSE,,7,6,0,FALSE,FALSE,10.00,,MENACTRA (R),,0,MENACTRA,40505,,27600.00,1,"07/25,.",0.00,-276000.00,12305,,50705,,<Each>,1.00,10.00,27600.00,245000.00,,,34,7,,,,0.00,0,0
LASUTH Fee Paying Px,LASUTH Fee Paying Pharmacy,52085,,FALSE,FALSE,6/1/26,,FALSE,,,FALSE,,,,IKEJA,,,,,Hand Delivery,,7/1/26,0.00,6/1/26,Net 30 Days,,11000,1163505.00,,,FALSE,,FALSE,,FALSE,,7,7,0,FALSE,FALSE,5.00,,ADACEL POLIO(M),,0,ADACEL POLIO TDAP/IPV,40546,,34623.00,1,07/24...,0.00,-173115.00,12346,,50746,,<Each>,1.00,5.00,34623.00,119970.00,,,34,7,,,,0.00,0,0
Light Hospital,Light Hospital,52087,,FALSE,FALSE,6/1/26,,FALSE,,,FALSE,,"15, OLUMIDE ONANUBI STREET,",ALIMOSHO LAGOS.,,,,,,Hand Deliver,,7/1/26,0.00,6/1/26,Net 30 Days,,11000,69183.00,,,FALSE,,FALSE,,FALSE,,3,1,0,FALSE,FALSE,1.00,,PRIORIX (H),,0,PRIORIX,40501,,18743.00,1,08/24....,0.00,-18743.00,12301,,50701,,<Each>,1.00,1.00,18743.00,16658.00,,,34,8,,,,0.00,0,0
Light Hospital,Light Hospital,52087,,FALSE,FALSE,6/1/26,,FALSE,,,FALSE,,"15, OLUMIDE ONANUBI STREET,",ALIMOSHO LAGOS.,,,,,,Hand Deliver,,7/1/26,0.00,6/1/26,Net 30 Days,,11000,69183.00,,,FALSE,,FALSE,,FALSE,,3,2,0,FALSE,FALSE,1.00,,MENACTRA (R),,0,MENACTRA,40505,,28980.00,1,"07/25,.",0.00,-28980.00,12305,,50705,,<Each>,1.00,1.00,28980.00,24500.00,,,34,8,,,,0.00,0,0
Light Hospital,Light Hospital,52087,,FALSE,FALSE,6/1/26,,FALSE,,,FALSE,,"15, OLUMIDE ONANUBI STREET,",ALIMOSHO LAGOS.,,,,,,Hand Deliver,,7/1/26,0.00,6/1/26,Net 30 Days,,11000,69183.00,,,FALSE,,FALSE,,FALSE,,3,3,0,FALSE,FALSE,1.00,,VARIRID(C),,0,VARIRID,49907,,21460.00,1,03/25,0.00,-21460.00,12363,,59910,,<Each>,1.00,1.00,21460.00,14682.63,,,34,8,,,,0.00,0,0
Reddington Hospital,Reddington Hospital,52086,,FALSE,FALSE,6/1/26,,FALSE,,,FALSE,,"39, Isaac Jone Street,",Ikeja GRA.,IKEJA,,,,,Hand Deliver,,7/1/26,0.00,6/1/26,Net 30 Days,,11000,660392.00,,,FALSE,,FALSE,,FALSE,,9,1,0,FALSE,FALSE,2.00,,PREVENAR 13 (X),,0,PREVENAR  13,40510,,34604.00,1,"11/24,,",0.00,-69208.00,12310,,50710,,<Each>,1.00,2.00,34604.00,62872.00,,,34,9,,,,0.00,0,0
Reddington Hospital,Reddington Hospital,52086,,FALSE,FALSE,6/1/26,,FALSE,,,FALSE,,"39, Isaac Jone Street,",Ikeja GRA.,IKEJA,,,,,Hand Deliver,,7/1/26,0.00,6/1/26,Net 30 Days,,11000,660392.00,,,FALSE,,FALSE,,FALSE,,9,2,0,FALSE,FALSE,4.00,,HEXAXIM (Q),,0,HEXAXIM,40548,,36934.00,1,04/24.....,0.00,-147736.00,12352,,50748,,<Each>,1.00,4.00,36934.00,123088.00,,,34,9,,,,0.00,0,0
Reddington Hospital,Reddington Hospital,52086,,FALSE,FALSE,6/1/26,,FALSE,,,FALSE,,"39, Isaac Jone Street,",Ikeja GRA.,IKEJA,,,,,Hand Deliver,,7/1/26,0.00,6/1/26,Net 30 Days,,11000,660392.00,,,FALSE,,FALSE,,FALSE,,9,4,0,FALSE,FALSE,2.00,,Vaxigrip Tetra(Q),,0,Vaxigrip Tetra,40544,,14628.00,1,01/26,0.00,-29256.00,12344,,50744,,<Each>,1.00,2.00,14628.00,24000.00,,,34,9,,,,0.00,0,0
Reddington Hospital,Reddington Hospital,52086,,FALSE,FALSE,6/1/26,,FALSE,,,FALSE,,"39, Isaac Jone Street,",Ikeja GRA.,IKEJA,,,,,Hand Deliver,,7/1/26,0.00,6/1/26,Net 30 Days,,11000,660392.00,,,FALSE,,FALSE,,FALSE,,9,5,0,FALSE,FALSE,5.00,,PRIORIX (H),,0,PRIORIX,40501,,18921.00,1,08/24....,0.00,-94605.00,12301,,50701,,<Each>,1.00,5.00,18921.00,83290.00,,,34,9,,,,0.00,0,0
Reddington Hospital,Reddington Hospital,52086,,FALSE,FALSE,6/1/26,,FALSE,,,FALSE,,"39, Isaac Jone Street,",Ikeja GRA.,IKEJA,,,,,Hand Deliver,,7/1/26,0.00,6/1/26,Net 30 Days,,11000,660392.00,,,FALSE,,FALSE,,FALSE,,9,6,0,FALSE,FALSE,1.00,,MENACTRA (R),,0,MENACTRA,40505,,29256.00,1,"07/25,.",0.00,-29256.00,12305,,50705,,<Each>,1.00,1.00,29256.00,24500.00,,,34,9,,,,0.00,0,0
Reddington Hospital,Reddington Hospital,52086,,FALSE,FALSE,6/1/26,,FALSE,,,FALSE,,"39, Isaac Jone Street,",Ikeja GRA.,IKEJA,,,,,Hand Deliver,,7/1/26,0.00,6/1/26,Net 30 Days,,11000,660392.00,,,FALSE,,FALSE,,FALSE,,9,7,0,FALSE,FALSE,3.00,,TYPHIM (O),,0,TYPHIM,40500,,15082.00,1,"11/23,..",0.00,-45246.00,12300,,50700,,<Each>,1.00,3.00,15082.00,31176.00,,,34,9,,,,0.00,0,0
Reddington Hospital,Reddington Hospital,52086,,FALSE,FALSE,6/1/26,,FALSE,,,FALSE,,"39, Isaac Jone Street,",Ikeja GRA.,IKEJA,,,,,Hand Deliver,,7/1/26,0.00,6/1/26,Net 30 Days,,11000,660392.00,,,FALSE,,FALSE,,FALSE,,9,8,0,FALSE,FALSE,5.00,,VARIRID(C),,0,VARIRID,49907,,21665.00,1,03/25,0.00,-108325.00,12363,,59910,,<Each>,1.00,5.00,21665.00,73413.15,,,34,9,,,,0.00,0,0
Reddington Hospital,Reddington Hospital,52086,,FALSE,FALSE,6/1/26,,FALSE,,,FALSE,,"39, Isaac Jone Street,",Ikeja GRA.,IKEJA,,,,,Hand Deliver,,7/1/26,0.00,6/1/26,Net 30 Days,,11000,660392.00,,,FALSE,,FALSE,,FALSE,,9,9,0,FALSE,FALSE,5.00,,Avaxim inj. Ped (Q),,0,Avaxim inj. Ped,40200,,24192.00,1,"09/23...,",0.00,-120960.00,12100,,50500,,<Each>,1.00,5.00,24192.00,86945.00,,,34,9,,,,0.00,0,0
Reddington Hospital,Reddington Hospital,52086,,FALSE,FALSE,6/1/26,,FALSE,,,FALSE,,"39, Isaac Jone Street,",Ikeja GRA.,IKEJA,,,,,Hand Deliver,,7/1/26,0.00,6/1/26,Net 30 Days,,11000,660392.00,,,FALSE,,FALSE,,FALSE,,9,11,0,FALSE,FALSE,10.00,,TETANUS TOXOID(I),,0,TETANUS TOXOID,40531,,1580.00,1,06-25.,0.00,-15800.00,12331,,50731,,<Each>,1.00,10.00,1580.00,12000.00,,,34,9,,,,0.00,0,0
Sundry,Sundry,52089,,FALSE,FALSE,6/1/26,,FALSE,,,FALSE,,,,,,,,,Cust. Pickup,,7/1/26,0.00,6/1/26,Net 30 Days,,11000,13800.00,,"God of Authority Hospital Oluwole Street, Kara, Ibafo 07084330834",FALSE,,FALSE,,FALSE,,1,1,0,FALSE,FALSE,1.00,,Vaxigrip Tetra(Q),,0,Vaxigrip Tetra,40544,,13800.00,1,01/26,0.00,-13800.00,12344,,50744,,<Each>,1.00,1.00,13800.00,12000.00,,,34,10,,,,0.00,0,0
Blue Gate Pharmacy,Blue Gate Pharmacy,52088,,FALSE,FALSE,6/1/26,,FALSE,,,FALSE,,7035682637,4th Avenue Junction,FESTAC,,,,,Hand Delivery,,7/1/26,0.00,6/1/26,Net 30 Days,,11000,10335.00,,,FALSE,,FALSE,,FALSE,,1,1,0,FALSE,FALSE,1.00,,Euvichol - S,,0,Euvichol - S,49921,,10335.00,1,10/25,0.00,-10335.00,12377,,59924,,<Each>,1.00,1.00,10335.00,9394.58,,,34,11,,,,0.00,0,0
Sundry,Sundry,52091,,FALSE,FALSE,6/1/26,,FALSE,,,FALSE,,,,,,,,,Cust. Pickup,,7/1/26,0.00,6/1/26,Net 30 Days,,11000,13800.00,,Mrs Damilola Oyenuga,FALSE,,FALSE,,FALSE,,1,1,0,FALSE,FALSE,1.00,,Vaxigrip Tetra(Q),,0,Vaxigrip Tetra,40544,,13800.00,1,01/26,0.00,-13800.00,12344,,50744,,<Each>,1.00,1.00,13800.00,12000.00,,,34,12,,,,0.00,0,0
Mucas Hospital,Mucas Hospital,52092,,FALSE,FALSE,6/2/26,,FALSE,,,FALSE,,"19, Ogun Street, Adealu Bustop","Dopemu,  lagos",,,,,,Hand Delivery,,7/2/26,0.00,6/2/26,Net 30 Days,,11000,38285.00,,,FALSE,,FALSE,,FALSE,,2,1,0,FALSE,FALSE,1.00,,PRIORIX (H),,0,PRIORIX,40501,,17850.00,1,08/24....,0.00,-17850.00,12301,,50701,,<Each>,1.00,1.00,17850.00,16658.00,,,34,13,,,,0.00,0,0
Mucas Hospital,Mucas Hospital,52092,,FALSE,FALSE,6/2/26,,FALSE,,,FALSE,,"19, Ogun Street, Adealu Bustop","Dopemu,  lagos",,,,,,Hand Delivery,,7/2/26,0.00,6/2/26,Net 30 Days,,11000,38285.00,,,FALSE,,FALSE,,FALSE,,2,2,0,FALSE,FALSE,1.00,,VARIRID(C),,0,VARIRID,49907,,20435.00,1,03/25,0.00,-20435.00,12363,,59910,,<Each>,1.00,1.00,20435.00,14682.63,,,34,13,,,,0.00,0,0
REDEEM HEALTH PHARMA,REDEEM HEALTH PHARMACY,52093,,FALSE,FALSE,6/2/26,,FALSE,,,FALSE,REDEEM HEALTH PHARMACY,Redemption camp,,,,,,,Hand Deliver,,6/2/26,0.00,6/2/26,C.O.D.,,11000,864445.00,,,FALSE,,FALSE,,FALSE,,4,1,0,FALSE,FALSE,5.00,,Tavanic Infusion (M),,0,Tavanic Infusion (L),49600,,57860.00,1,"01/25  ,..",0.00,-289300.00,12353,,50749,,<Each>,1.00,5.00,57860.00,163800.00,,,34,14,,,,0.00,0,0
REDEEM HEALTH PHARMA,REDEEM HEALTH PHARMACY,52093,,FALSE,FALSE,6/2/26,,FALSE,,,FALSE,REDEEM HEALTH PHARMACY,Redemption camp,,,,,,,Hand Deliver,,6/2/26,0.00,6/2/26,C.O.D.,,11000,864445.00,,,FALSE,,FALSE,,FALSE,,4,2,0,FALSE,FALSE,5.00,,ACTRAPID 100 I.U (T),,0,ACTRAPID 100 I.U,40516,,13687.00,1,06/ 25.,0.00,-68435.00,12316,,50716,,<Each>,1.00,5.00,13687.00,62210.00,,,34,14,,,,0.00,0,0
REDEEM HEALTH PHARMA,REDEEM HEALTH PHARMACY,52093,,FALSE,FALSE,6/2/26,,FALSE,,,FALSE,REDEEM HEALTH PHARMACY,Redemption camp,,,,,,,Hand Deliver,,6/2/26,0.00,6/2/26,C.O.D.,,11000,864445.00,,,FALSE,,FALSE,,FALSE,,4,3,0,FALSE,FALSE,5.00,,LANTUS SOLOST300I(Q),,0,LANTUS SOLOSTAR 300IU,40536,,64800.00,1,08/25.',0.00,-324000.00,12336,,50736,,<Each>,1.00,5.00,64800.00,294000.00,,,34,14,,,,0.00,0,0
REDEEM HEALTH PHARMA,REDEEM HEALTH PHARMACY,52093,,FALSE,FALSE,6/2/26,,FALSE,,,FALSE,REDEEM HEALTH PHARMACY,Redemption camp,,,,,,,Hand Deliver,,6/2/26,0.00,6/2/26,C.O.D.,,11000,864445.00,,,FALSE,,FALSE,,FALSE,,4,4,0,FALSE,FALSE,10.00,,CLEXANE 40mg(Z)iii,,0,CLEXANE 40mg,40538,,18271.00,1,"06/25..,",0.00,-182710.00,12338,,50738,,<Each>,1.00,10.00,18271.00,166100.00,,,34,14,,,,0.00,0,0
Faith Hills Hospital,Faith Hills Specialist Hospital,52095,,FALSE,FALSE,6/2/26,,FALSE,,,FALSE,Faith Hills Specialist Hospital,"87, Alimosho Road, Opposite",Alaguntan nepa office,iyana ipaja,,,,,Hand Delivery,,6/2/26,0.00,6/2/26,C.O.D.,,11000,220845.00,,,FALSE,,FALSE,,FALSE,,4,1,0,FALSE,FALSE,5.00,,Euvichol - S,,0,Euvichol - S,49921,,12918.00,1,10/25,0.00,-64590.00,12377,,59924,,<Each>,1.00,5.00,12918.00,46972.90,,,34,15,,,,0.00,0,0
Faith Hills Hospital,Faith Hills Specialist Hospital,52095,,FALSE,FALSE,6/2/26,,FALSE,,,FALSE,Faith Hills Specialist Hospital,"87, Alimosho Road, Opposite",Alaguntan nepa office,iyana ipaja,,,,,Hand Delivery,,6/2/26,0.00,6/2/26,C.O.D.,,11000,220845.00,,,FALSE,,FALSE,,FALSE,,4,2,0,FALSE,FALSE,3.00,,VARIRID(C),,0,VARIRID,49907,,20435.00,1,03/25,0.00,-61305.00,12363,,59910,,<Each>,1.00,3.00,20435.00,44047.89,,,34,15,,,,0.00,0,0
Faith Hills Hospital,Faith Hills Specialist Hospital,52095,,FALSE,FALSE,6/2/26,,FALSE,,,FALSE,Faith Hills Specialist Hospital,"87, Alimosho Road, Opposite",Alaguntan nepa office,iyana ipaja,,,,,Hand Delivery,,6/2/26,0.00,6/2/26,C.O.D.,,11000,220845.00,,,FALSE,,FALSE,,FALSE,,4,4,0,FALSE,FALSE,3.00,,PRIORIX (H),,0,PRIORIX,40501,,17850.00,1,08/24....,0.00,-53550.00,12301,,50701,,<Each>,1.00,3.00,17850.00,49974.00,,,34,15,,,,0.00,0,0
Faith Hills Hospital,Faith Hills Specialist Hospital,52095,,FALSE,FALSE,6/2/26,,FALSE,,,FALSE,Faith Hills Specialist Hospital,"87, Alimosho Road, Opposite",Alaguntan nepa office,iyana ipaja,,,,,Hand Delivery,,6/2/26,0.00,6/2/26,C.O.D.,,11000,220845.00,,,FALSE,,FALSE,,FALSE,,4,5,0,FALSE,FALSE,3.00,,Vaxigrip Tetra(Q),,0,Vaxigrip Tetra,40544,,13800.00,1,01/26,0.00,-41400.00,12344,,50744,,<Each>,1.00,3.00,13800.00,36000.00,,,34,15,,,,0.00,0,0
Sundry,Sundry,52094,,FALSE,FALSE,6/2/26,,FALSE,,,FALSE,,,,,,,,,Hand Delivery,,7/2/26,0.00,6/2/26,Net 30 Days,,11000,41061.00,,Mrs Chidinma Nwosu LUTH,FALSE,,FALSE,,FALSE,,1,1,0,FALSE,FALSE,3.00,,ACTRAPID 100 I.U (T),,0,ACTRAPID 100 I.U,40516,,13687.00,1,06/ 25.,0.00,-41061.00,12316,,50716,,<Each>,1.00,3.00,13687.00,37326.00,,,34,16,,,,0.00,0,0
O'kit Pharmaceutical,O'kit Pharmaceuticals Enterprises,52096,,FALSE,FALSE,6/2/26,,FALSE,,,FALSE,O'kit Pharmaceuticals Enterprises,"Moses Hall, Redemption City",Ogun State. 07065545069,,,,,,Hand Delivery,,6/2/26,0.00,6/2/26,C.O.D.,,11000,411638.00,,,FALSE,,FALSE,,FALSE,,5,1,0,FALSE,FALSE,6.00,,Avaxim inj. Ped (Q),,0,Avaxim inj. Ped,40200,,22824.00,1,"09/23...,",0.00,-136944.00,12100,,50500,,<Each>,1.00,6.00,22824.00,104334.00,,,34,17,,,,0.00,0,0
O'kit Pharmaceutical,O'kit Pharmaceuticals Enterprises,52096,,FALSE,FALSE,6/2/26,,FALSE,,,FALSE,O'kit Pharmaceuticals Enterprises,"Moses Hall, Redemption City",Ogun State. 07065545069,,,,,,Hand Delivery,,6/2/26,0.00,6/2/26,C.O.D.,,11000,411638.00,,,FALSE,,FALSE,,FALSE,,5,2,0,FALSE,FALSE,3.00,,MENACTRA (R),,0,MENACTRA,40505,,27600.00,1,"07/25,.",0.00,-82800.00,12305,,50705,,<Each>,1.00,3.00,27600.00,73500.00,,,34,17,,,,0.00,0,0
O'kit Pharmaceutical,O'kit Pharmaceuticals Enterprises,52096,,FALSE,FALSE,6/2/26,,FALSE,,,FALSE,O'kit Pharmaceuticals Enterprises,"Moses Hall, Redemption City",Ogun State. 07065545069,,,,,,Hand Delivery,,6/2/26,0.00,6/2/26,C.O.D.,,11000,411638.00,,,FALSE,,FALSE,,FALSE,,5,4,0,FALSE,FALSE,3.00,,Euvichol - S,,0,Euvichol - S,49921,,12918.00,1,10/25,0.00,-38754.00,12377,,59924,,<Each>,1.00,3.00,12918.00,28183.74,,,34,17,,,,0.00,0,0
O'kit Pharmaceutical,O'kit Pharmaceuticals Enterprises,52096,,FALSE,FALSE,6/2/26,,FALSE,,,FALSE,O'kit Pharmaceuticals Enterprises,"Moses Hall, Redemption City",Ogun State. 07065545069,,,,,,Hand Delivery,,6/2/26,0.00,6/2/26,C.O.D.,,11000,411638.00,,,FALSE,,FALSE,,FALSE,,5,5,0,FALSE,FALSE,4.00,,PRIORIX (H),,0,PRIORIX,40501,,17850.00,1,08/24....,0.00,-71400.00,12301,,50701,,<Each>,1.00,4.00,17850.00,66632.00,,,34,17,,,,0.00,0,0
O'kit Pharmaceutical,O'kit Pharmaceuticals Enterprises,52096,,FALSE,FALSE,6/2/26,,FALSE,,,FALSE,O'kit Pharmaceuticals Enterprises,"Moses Hall, Redemption City",Ogun State. 07065545069,,,,,,Hand Delivery,,6/2/26,0.00,6/2/26,C.O.D.,,11000,411638.00,,,FALSE,,FALSE,,FALSE,,5,6,0,FALSE,FALSE,4.00,,VARIRID(C),,0,VARIRID,49907,,20435.00,1,03/25,0.00,-81740.00,12363,,59910,,<Each>,1.00,4.00,20435.00,58730.52,,,34,17,,,,0.00,0,0
Alalade Memorial  Hx,Alalade Memorial Hospital,52097,,FALSE,FALSE,6/2/26,,FALSE,,,FALSE,Alalade Memorial Hospital,"67 Abeokuta Expy, Dopemu,Lagos",08089917627.,,,,,,Hand Deliver,,6/2/26,0.00,6/2/26,C.O.D.,,11000,55690.00,,,FALSE,,FALSE,,FALSE,,1,1,0,FALSE,FALSE,1.00,,CERVARIX 0.5ml(H),,0,CERVARIX 0.5ml,40300,,55690.00,1,02/2024.....,0.00,-55690.00,12150,,50550,,<Each>,1.00,1.00,55690.00,48430.00,,,34,18,,,,0.00,0,0
Sundry,Sundry,52098,,FALSE,FALSE,6/2/26,,FALSE,,,FALSE,,,,,,,,,Hand Delivery,,7/2/26,0.00,6/2/26,Net 30 Days,,11000,124000.00,,Engr. Olurotimi Ogunwemimo 08091894523 35 Adebisi Str Off Alagomeji Yaba,FALSE,,FALSE,,FALSE,,1,1,0,FALSE,FALSE,4.00,,Tresiba (K),,0,Tresiba,40545,,31000.00,1,06/25..,0.00,-124000.00,12345,,50745,,<Each>,1.00,4.00,31000.00,112240.00,,,34,19,,,,0.00,0,0
PeaceMaker Pharmacy,Peace Maker Pharmacy,52099,,FALSE,FALSE,6/2/26,,FALSE,,,FALSE,Peace Maker Pharmacy,"Illishan Road, Shagamu.",09031178440,,,,,,Hand Deliver,,6/2/26,0.00,6/2/26,C.O.D.,,11000,220084.00,,,FALSE,,FALSE,,FALSE,,7,1,0,FALSE,FALSE,2.00,,TYPHIM (O),,0,TYPHIM,40500,,13516.00,1,"11/23,..",0.00,-27032.00,12300,,50700,,<Each>,1.00,2.00,13516.00,20784.00,,,34,20,,,,0.00,0,0
PeaceMaker Pharmacy,Peace Maker Pharmacy,52099,,FALSE,FALSE,6/2/26,,FALSE,,,FALSE,Peace Maker Pharmacy,"Illishan Road, Shagamu.",09031178440,,,,,,Hand Deliver,,6/2/26,0.00,6/2/26,C.O.D.,,11000,220084.00,,,FALSE,,FALSE,,FALSE,,7,2,0,FALSE,FALSE,1.00,,Avaxim 160 0.5ML (E),,0,Avaxim 160 0.5ML,40200,,34902.00,1,8/24..,0.00,-34902.00,12100,,50500,,<Each>,1.00,1.00,34902.00,30845.11,,,34,20,,,,0.00,0,0
PeaceMaker Pharmacy,Peace Maker Pharmacy,52099,,FALSE,FALSE,6/2/26,,FALSE,,,FALSE,Peace Maker Pharmacy,"Illishan Road, Shagamu.",09031178440,,,,,,Hand Deliver,,6/2/26,0.00,6/2/26,C.O.D.,,11000,220084.00,,,FALSE,,FALSE,,FALSE,,7,3,0,FALSE,FALSE,6.00,,Euvichol - S,,0,Euvichol - S,49921,,10335.00,1,10/25,0.00,-62010.00,12377,,59924,,<Each>,1.00,6.00,10335.00,56367.48,,,34,20,,,,0.00,0,0
PeaceMaker Pharmacy,Peace Maker Pharmacy,52099,,FALSE,FALSE,6/2/26,,FALSE,,,FALSE,Peace Maker Pharmacy,"Illishan Road, Shagamu.",09031178440,,,,,,Hand Deliver,,6/2/26,0.00,6/2/26,C.O.D.,,11000,220084.00,,,FALSE,,FALSE,,FALSE,,7,4,0,FALSE,FALSE,1.00,,ADACEL POLIO(M),,0,ADACEL POLIO TDAP/IPV,40546,,33150.00,1,07/24...,0.00,-33150.00,12346,,50746,,<Each>,1.00,1.00,33150.00,23994.00,,,34,20,,,,0.00,0,0
PeaceMaker Pharmacy,Peace Maker Pharmacy,52099,,FALSE,FALSE,6/2/26,,FALSE,,,FALSE,Peace Maker Pharmacy,"Illishan Road, Shagamu.",09031178440,,,,,,Hand Deliver,,6/2/26,0.00,6/2/26,C.O.D.,,11000,220084.00,,,FALSE,,FALSE,,FALSE,,7,5,0,FALSE,FALSE,1.00,,VARIRID(C),,0,VARIRID,49907,,19040.00,1,03/25,0.00,-19040.00,12363,,59910,,<Each>,1.00,1.00,19040.00,14682.63,,,34,20,,,,0.00,0,0
PeaceMaker Pharmacy,Peace Maker Pharmacy,52099,,FALSE,FALSE,6/2/26,,FALSE,,,FALSE,Peace Maker Pharmacy,"Illishan Road, Shagamu.",09031178440,,,,,,Hand Deliver,,6/2/26,0.00,6/2/26,C.O.D.,,11000,220084.00,,,FALSE,,FALSE,,FALSE,,7,6,0,FALSE,FALSE,1.00,,MENACTRA (R),,0,MENACTRA,40505,,26400.00,1,"07/25,.",0.00,-26400.00,12305,,50705,,<Each>,1.00,1.00,26400.00,24500.00,,,34,20,,,,0.00,0,0
PeaceMaker Pharmacy,Peace Maker Pharmacy,52099,,FALSE,FALSE,6/2/26,,FALSE,,,FALSE,Peace Maker Pharmacy,"Illishan Road, Shagamu.",09031178440,,,,,,Hand Deliver,,6/2/26,0.00,6/2/26,C.O.D.,,11000,220084.00,,,FALSE,,FALSE,,FALSE,,7,7,0,FALSE,FALSE,1.00,,PRIORIX (H),,0,PRIORIX,40501,,17550.00,1,08/24....,0.00,-17550.00,12301,,50701,,<Each>,1.00,1.00,17550.00,16658.00,,,34,20,,,,0.00,0,0
Milennium Pharmacy,Milennium Pharmacy,52100,,FALSE,FALSE,6/2/26,,FALSE,,,FALSE,Dr Abbey,"13B, Oba Olagbegi Str,Old",Bodija Ibadan 08023875481,oyo state,,,,,Hand Delivery,,6/2/26,0.00,6/2/26,C.O.D.,,11000,190695.00,,,FALSE,,FALSE,,FALSE,,5,1,0,FALSE,FALSE,2.00,,MENACTRA (R),,0,MENACTRA,40505,,26400.00,1,"07/25,.",0.00,-52800.00,12305,,50705,,<Each>,1.00,2.00,26400.00,49000.00,,,34,21,,,,0.00,0,0
Milennium Pharmacy,Milennium Pharmacy,52100,,FALSE,FALSE,6/2/26,,FALSE,,,FALSE,Dr Abbey,"13B, Oba Olagbegi Str,Old",Bodija Ibadan 08023875481,oyo state,,,,,Hand Delivery,,6/2/26,0.00,6/2/26,C.O.D.,,11000,190695.00,,,FALSE,,FALSE,,FALSE,,5,2,0,FALSE,FALSE,4.00,,Avaxim inj. Ped (Q),,0,Avaxim inj. Ped,40200,,21673.00,1,"09/23...,",0.00,-86692.00,12100,,50500,,<Each>,1.00,4.00,21673.00,69556.00,,,34,21,,,,0.00,0,0
Milennium Pharmacy,Milennium Pharmacy,52100,,FALSE,FALSE,6/2/26,,FALSE,,,FALSE,Dr Abbey,"13B, Oba Olagbegi Str,Old",Bodija Ibadan 08023875481,oyo state,,,,,Hand Delivery,,6/2/26,0.00,6/2/26,C.O.D.,,11000,190695.00,,,FALSE,,FALSE,,FALSE,,5,3,0,FALSE,FALSE,1.00,,VARIRID(C),,0,VARIRID,49907,,20435.00,1,03/25,0.00,-20435.00,12363,,59910,,<Each>,1.00,1.00,20435.00,14682.63,,,34,21,,,,0.00,0,0
Milennium Pharmacy,Milennium Pharmacy,52100,,FALSE,FALSE,6/2/26,,FALSE,,,FALSE,Dr Abbey,"13B, Oba Olagbegi Str,Old",Bodija Ibadan 08023875481,oyo state,,,,,Hand Delivery,,6/2/26,0.00,6/2/26,C.O.D.,,11000,190695.00,,,FALSE,,FALSE,,FALSE,,5,4,0,FALSE,FALSE,1.00,,PRIORIX (H),,0,PRIORIX,40501,,17850.00,1,08/24....,0.00,-17850.00,12301,,50701,,<Each>,1.00,1.00,17850.00,16658.00,,,34,21,,,,0.00,0,0
Milennium Pharmacy,Milennium Pharmacy,52100,,FALSE,FALSE,6/2/26,,FALSE,,,FALSE,Dr Abbey,"13B, Oba Olagbegi Str,Old",Bodija Ibadan 08023875481,oyo state,,,,,Hand Delivery,,6/2/26,0.00,6/2/26,C.O.D.,,11000,190695.00,,,FALSE,,FALSE,,FALSE,,5,5,0,FALSE,FALSE,1.00,,Euvichol - S,,0,Euvichol - S,49921,,12918.00,1,10/25,0.00,-12918.00,12377,,59924,,<Each>,1.00,1.00,12918.00,9394.58,,,34,21,,,,0.00,0,0
Life Giver Global,Life Giver Global,52101,,FALSE,FALSE,6/2/26,,FALSE,,,FALSE,,Ibadan,,IBADAN,,,,,Hand Delivery,,7/2/26,0.00,6/2/26,Net 30 Days,,11000,1680900.00,,,FALSE,,FALSE,,FALSE,,4,1,0,FALSE,FALSE,3.00,,ROTARIX(L),,0,ROTARIX,40508,,28860.00,1,09/23.',0.00,-86580.00,12308,,50708,,<Each>,1.00,3.00,28860.00,75621.00,,,34,22,,,,0.00,0,0
Life Giver Global,Life Giver Global,52101,,FALSE,FALSE,6/2/26,,FALSE,,,FALSE,,Ibadan,,IBADAN,,,,,Hand Delivery,,7/2/26,0.00,6/2/26,Net 30 Days,,11000,1680900.00,,,FALSE,,FALSE,,FALSE,,4,2,0,FALSE,FALSE,20.00,,TYPHIM (O),,0,TYPHIM,40500,,13516.00,1,"11/23,..",0.00,-270320.00,12300,,50700,,<Each>,1.00,20.00,13516.00,207840.00,,,34,22,,,,0.00,0,0
Life Giver Global,Life Giver Global,52101,,FALSE,FALSE,6/2/26,,FALSE,,,FALSE,,Ibadan,,IBADAN,,,,,Hand Delivery,,7/2/26,0.00,6/2/26,Net 30 Days,,11000,1680900.00,,,FALSE,,FALSE,,FALSE,,4,3,0,FALSE,FALSE,50.00,,MENACTRA (R),,0,MENACTRA,40505,,26400.00,1,"07/25,.",0.00,-1320000.00,12305,,50705,,<Each>,1.00,50.00,26400.00,1225000.00,,,34,22,,,,0.00,0,0
Life Giver Global,Life Giver Global,52101,,FALSE,FALSE,6/2/26,,FALSE,,,FALSE,,Ibadan,,IBADAN,,,,,Hand Delivery,,7/2/26,0.00,6/2/26,Net 30 Days,,11000,1680900.00,,,FALSE,,FALSE,,FALSE,,4,4,0,FALSE,FALSE,0.00,,,,0,Delivery Charge,40800,,0.00,1,,0.00,-4000.00,,,,,,1.00,0.00,0.00,0.00,,,34,22,,,,0.00,0,0
Blue Gate Pharmacy,Blue Gate Pharmacy,52102,,FALSE,FALSE,6/2/26,,FALSE,,,FALSE,,7035682637,4th Avenue Junction,FESTAC,,,,,Hand Delivery,,7/2/26,0.00,6/2/26,Net 30 Days,,11000,284445.00,,,FALSE,,FALSE,,FALSE,,4,1,0,FALSE,FALSE,13.00,,Vaxigrip Tetra(Q),,0,Vaxigrip Tetra,40544,,13200.00,1,01/26,0.00,-171600.00,12344,,50744,,<Each>,1.00,13.00,13200.00,156000.00,,,34,23,,,,0.00,0,0
Blue Gate Pharmacy,Blue Gate Pharmacy,52102,,FALSE,FALSE,6/2/26,,FALSE,,,FALSE,,7035682637,4th Avenue Junction,FESTAC,,,,,Hand Delivery,,7/2/26,0.00,6/2/26,Net 30 Days,,11000,284445.00,,,FALSE,,FALSE,,FALSE,,4,2,0,FALSE,FALSE,1.00,,ADACEL POLIO(M),,0,ADACEL POLIO TDAP/IPV,40546,,33150.00,1,07/24...,0.00,-33150.00,12346,,50746,,<Each>,1.00,1.00,33150.00,23994.00,,,34,23,,,,0.00,0,0
Blue Gate Pharmacy,Blue Gate Pharmacy,52102,,FALSE,FALSE,6/2/26,,FALSE,,,FALSE,,7035682637,4th Avenue Junction,FESTAC,,,,,Hand Delivery,,7/2/26,0.00,6/2/26,Net 30 Days,,11000,284445.00,,,FALSE,,FALSE,,FALSE,,4,3,0,FALSE,FALSE,1.00,,MENACTRA (R),,0,MENACTRA,40505,,26400.00,1,"07/25,.",0.00,-26400.00,12305,,50705,,<Each>,1.00,1.00,26400.00,24500.00,,,34,23,,,,0.00,0,0
Blue Gate Pharmacy,Blue Gate Pharmacy,52102,,FALSE,FALSE,6/2/26,,FALSE,,,FALSE,,7035682637,4th Avenue Junction,FESTAC,,,,,Hand Delivery,,7/2/26,0.00,6/2/26,Net 30 Days,,11000,284445.00,,,FALSE,,FALSE,,FALSE,,4,4,0,FALSE,FALSE,1.00,,CERVARIX 0.5ml(H),,0,CERVARIX 0.5ml,40300,,53295.00,1,02/2024.....,0.00,-53295.00,12150,,50550,,<Each>,1.00,1.00,53295.00,48430.00,,,34,23,,,,0.00,0,0
B.J Pharmacy,B.J Pharmacy,52103,,FALSE,FALSE,6/2/26,,FALSE,,,FALSE,,8157074742,Costain Bustop,Costain,,,,,Hand Delivery,,7/2/26,0.00,6/2/26,Net 30 Days,,11000,229320.00,,,FALSE,,FALSE,,FALSE,,2,1,0,FALSE,FALSE,13.00,,Vaxigrip Tetra(Q),,0,Vaxigrip Tetra,40544,,13200.00,1,01/26,0.00,-171600.00,12344,,50744,,<Each>,1.00,13.00,13200.00,156000.00,,,34,24,,,,0.00,0,0
B.J Pharmacy,B.J Pharmacy,52103,,FALSE,FALSE,6/2/26,,FALSE,,,FALSE,,8157074742,Costain Bustop,Costain,,,,,Hand Delivery,,7/2/26,0.00,6/2/26,Net 30 Days,,11000,229320.00,,,FALSE,,FALSE,,FALSE,,2,2,0,FALSE,FALSE,2.00,,ROTARIX(L),,0,ROTARIX,40508,,28860.00,1,09/23.',0.00,-57720.00,12308,,50708,,<Each>,1.00,2.00,28860.00,50414.00,,,34,24,,,,0.00,0,0
Renew Pharmacy,Renew Pharmacy,52104,,FALSE,FALSE,6/2/26,,FALSE,,,FALSE,Renew Pharmacy,"15,Ijaiye Street Iju",07064197409,Ishaga,,,,,Hand Delivery,,6/2/26,0.00,6/2/26,C.O.D.,,11000,127840.00,,,FALSE,,FALSE,,FALSE,,3,1,0,FALSE,FALSE,2.00,,Avaxim inj. Ped (Q),,0,Avaxim inj. Ped,40200,,21673.00,1,"09/23...,",0.00,-43346.00,12100,,50500,,<Each>,1.00,2.00,21673.00,34778.00,,,34,25,,,,0.00,0,0
Renew Pharmacy,Renew Pharmacy,52104,,FALSE,FALSE,6/2/26,,FALSE,,,FALSE,Renew Pharmacy,"15,Ijaiye Street Iju",07064197409,Ishaga,,,,,Hand Delivery,,6/2/26,0.00,6/2/26,C.O.D.,,11000,127840.00,,,FALSE,,FALSE,,FALSE,,3,2,0,FALSE,FALSE,3.00,,VARIRID(C),,0,VARIRID,49907,,19040.00,1,03/25,0.00,-57120.00,12363,,59910,,<Each>,1.00,3.00,19040.00,44047.89,,,34,25,,,,0.00,0,0
Renew Pharmacy,Renew Pharmacy,52104,,FALSE,FALSE,6/2/26,,FALSE,,,FALSE,Renew Pharmacy,"15,Ijaiye Street Iju",07064197409,Ishaga,,,,,Hand Delivery,,6/2/26,0.00,6/2/26,C.O.D.,,11000,127840.00,,,FALSE,,FALSE,,FALSE,,3,3,0,FALSE,FALSE,2.00,,MIXTARD 30HM 100 (S,,0,MIXTARD 30HM 100 I.U,40520,,13687.00,1,"05-25.,...",0.00,-27374.00,12320,,50720,,<Each>,1.00,2.00,13687.00,24884.00,,,34,25,,,,0.00,0,0
Mart Medicare,Mart Medicare,52105,,FALSE,FALSE,6/2/26,,FALSE,,,FALSE,,"21, Mobolaji bank anthony way",by leventis b/stop,,,,,,Hand Delivery,,7/2/26,0.00,6/2/26,Net 30 Days,,11000,276000.00,,,FALSE,,FALSE,,FALSE,,2,1,0,FALSE,FALSE,10.00,,Vaxigrip Tetra(Q),,0,Vaxigrip Tetra,40544,,13800.00,1,01/26,0.00,-138000.00,12344,,50744,,<Each>,1.00,10.00,13800.00,120000.00,,,34,26,,,,0.00,0,0
Mart Medicare,Mart Medicare,52105,,FALSE,FALSE,6/2/26,,FALSE,,,FALSE,,"21, Mobolaji bank anthony way",by leventis b/stop,,,,,,Hand Delivery,,7/2/26,0.00,6/2/26,Net 30 Days,,11000,276000.00,,,FALSE,,FALSE,,FALSE,,2,2,0,FALSE,FALSE,5.00,,MENACTRA (R),,0,MENACTRA,40505,,27600.00,1,"07/25,.",0.00,-138000.00,12305,,50705,,<Each>,1.00,5.00,27600.00,122500.00,,,34,26,,,,0.00,0,0
Mercy Stripes Hosp,Mercy Stripes Spec. Hospital,52106,,FALSE,FALSE,6/2/26,,FALSE,,,FALSE,,"30,Phillips Taiwo Str,",Coker Estate Orisunbare,Shasha,,,,,Hand Delivery,,7/2/26,0.00,6/2/26,Net 30 Days,,11000,110400.00,,,FALSE,,FALSE,,FALSE,,1,1,0,FALSE,FALSE,8.00,,Vaxigrip Tetra(Q),,0,Vaxigrip Tetra,40544,,13800.00,1,01/26,0.00,-110400.00,12344,,50744,,<Each>,1.00,8.00,13800.00,96000.00,,,34,27,,,,0.00,0,0
Duchess Hospital,Duchess Hospital,52107,,FALSE,FALSE,6/2/26,,FALSE,,,FALSE,Duchess Hospital,"22A, Joel Ogunaike Street",Ikeja G.R.A,,,,,,Hand Delivery,,6/2/26,0.00,6/2/26,C.O.D.,,11000,2116267.00,,,FALSE,,FALSE,,FALSE,,9,1,0,FALSE,FALSE,7.00,,Tresiba (K),,0,Tresiba,40545,,30866.00,1,06/25..,0.00,-216062.00,12345,,50745,,<Each>,1.00,7.00,30866.00,196420.00,,,34,28,,,,0.00,0,0
Duchess Hospital,Duchess Hospital,52107,,FALSE,FALSE,6/2/26,,FALSE,,,FALSE,Duchess Hospital,"22A, Joel Ogunaike Street",Ikeja G.R.A,,,,,,Hand Delivery,,6/2/26,0.00,6/2/26,C.O.D.,,11000,2116267.00,,,FALSE,,FALSE,,FALSE,,9,2,0,FALSE,FALSE,10.00,,HEXAXIM (Q),,0,HEXAXIM,40548,,34843.00,1,04/24.....,0.00,-348430.00,12352,,50748,,<Each>,1.00,10.00,34843.00,307720.00,,,34,28,,,,0.00,0,0
Duchess Hospital,Duchess Hospital,52107,,FALSE,FALSE,6/2/26,,FALSE,,,FALSE,Duchess Hospital,"22A, Joel Ogunaike Street",Ikeja G.R.A,,,,,,Hand Delivery,,6/2/26,0.00,6/2/26,C.O.D.,,11000,2116267.00,,,FALSE,,FALSE,,FALSE,,9,3,0,FALSE,FALSE,15.00,,PREVENAR 13 (X),,0,PREVENAR  13,40510,,34604.00,1,"11/24,,",0.00,-519060.00,12310,,50710,,<Each>,1.00,15.00,34604.00,471540.00,,,34,28,,,,0.00,0,0
Duchess Hospital,Duchess Hospital,52107,,FALSE,FALSE,6/2/26,,FALSE,,,FALSE,Duchess Hospital,"22A, Joel Ogunaike Street",Ikeja G.R.A,,,,,,Hand Delivery,,6/2/26,0.00,6/2/26,C.O.D.,,11000,2116267.00,,,FALSE,,FALSE,,FALSE,,9,4,0,FALSE,FALSE,5.00,,Vaxigrip Tetra(Q),,0,Vaxigrip Tetra,40544,,13800.00,1,01/26,0.00,-69000.00,12344,,50744,,<Each>,1.00,5.00,13800.00,60000.00,,,34,28,,,,0.00,0,0
Duchess Hospital,Duchess Hospital,52107,,FALSE,FALSE,6/2/26,,FALSE,,,FALSE,Duchess Hospital,"22A, Joel Ogunaike Street",Ikeja G.R.A,,,,,,Hand Delivery,,6/2/26,0.00,6/2/26,C.O.D.,,11000,2116267.00,,,FALSE,,FALSE,,FALSE,,9,5,0,FALSE,FALSE,2.00,,ROTARIX(L),,0,ROTARIX,40508,,29900.00,1,09/23.',0.00,-59800.00,12308,,50708,,<Each>,1.00,2.00,29900.00,50414.00,,,34,28,,,,0.00,0,0
Duchess Hospital,Duchess Hospital,52107,,FALSE,FALSE,6/2/26,,FALSE,,,FALSE,Duchess Hospital,"22A, Joel Ogunaike Street",Ikeja G.R.A,,,,,,Hand Delivery,,6/2/26,0.00,6/2/26,C.O.D.,,11000,2116267.00,,,FALSE,,FALSE,,FALSE,,9,6,0,FALSE,FALSE,5.00,,NOVOMIX30 FLEXPEN(Y),,0,NOVOMIX 30 FLEXPEN 100U,40523,,71202.00,1,"03/25.,",0.00,-356010.00,12323,,50723,,<Each>,1.00,5.00,71202.00,309575.00,,,34,28,,,,0.00,0,0
Duchess Hospital,Duchess Hospital,52107,,FALSE,FALSE,6/2/26,,FALSE,,,FALSE,Duchess Hospital,"22A, Joel Ogunaike Street",Ikeja G.R.A,,,,,,Hand Delivery,,6/2/26,0.00,6/2/26,C.O.D.,,11000,2116267.00,,,FALSE,,FALSE,,FALSE,,9,7,0,FALSE,FALSE,4.00,,NOVORAPID FLEXPEN (N,,0,NOVORAPID FLEXPEN 3ML,40523,,70701.00,1,04/25,0.00,-282804.00,12323,,50723,,<Each>,1.00,4.00,70701.00,210968.00,,,34,28,,,,0.00,0,0
Duchess Hospital,Duchess Hospital,52107,,FALSE,FALSE,6/2/26,,FALSE,,,FALSE,Duchess Hospital,"22A, Joel Ogunaike Street",Ikeja G.R.A,,,,,,Hand Delivery,,6/2/26,0.00,6/2/26,C.O.D.,,11000,2116267.00,,,FALSE,,FALSE,,FALSE,,9,9,0,FALSE,FALSE,1.00,,NOVORAPID FLEXPEN (M,,0,NOVORAPID FLEXPEN 3ML,40523,,70701.00,1,01/25,0.00,-70701.00,12323,,50723,,<Each>,1.00,1.00,70701.00,58430.90,,,34,28,,,,0.00,0,0
Duchess Hospital,Duchess Hospital,52107,,FALSE,FALSE,6/2/26,,FALSE,,,FALSE,Duchess Hospital,"22A, Joel Ogunaike Street",Ikeja G.R.A,,,,,,Hand Delivery,,6/2/26,0.00,6/2/26,C.O.D.,,11000,2116267.00,,,FALSE,,FALSE,,FALSE,,9,8,0,FALSE,FALSE,3.00,,LANTUS SOLOST300I(Q),,0,LANTUS SOLOSTAR 300IU,40536,,64800.00,1,08/25.',0.00,-194400.00,12336,,50736,,<Each>,1.00,3.00,64800.00,176400.00,,,34,28,,,,0.00,0,0
Raphai Hospital,Raphai Hospital.,52108,,FALSE,FALSE,6/2/26,,FALSE,,,FALSE,Raphai Hospital.,"53, Charity road, Oko Oba",Agege,,,,,,Hand Delivery,,6/2/26,0.00,6/2/26,C.O.D.,,11000,82122.00,,,FALSE,,FALSE,,FALSE,,2,1,0,FALSE,FALSE,4.00,,ACTRAPID 100 I.U (T),,0,ACTRAPID 100 I.U,40516,,13687.00,1,06/ 25.,0.00,-54748.00,12316,,50716,,<Each>,1.00,4.00,13687.00,49768.00,,,34,29,,,,0.00,0,0
Raphai Hospital,Raphai Hospital.,52108,,FALSE,FALSE,6/2/26,,FALSE,,,FALSE,Raphai Hospital.,"53, Charity road, Oko Oba",Agege,,,,,,Hand Delivery,,6/2/26,0.00,6/2/26,C.O.D.,,11000,82122.00,,,FALSE,,FALSE,,FALSE,,2,2,0,FALSE,FALSE,2.00,,MIXTARD 30HM 100 (S,,0,MIXTARD 30HM 100 I.U,40520,,13687.00,1,"05-25.,...",0.00,-27374.00,12320,,50720,,<Each>,1.00,2.00,13687.00,24884.00,,,34,29,,,,0.00,0,0
Vaccination Centre,Vaccination Centre,52109,,FALSE,FALSE,6/2/26,,FALSE,,,FALSE,,"155, Akowonjo Road",Egbeda,LAGOS,,,,,Hand Delivery,,7/2/26,0.00,6/2/26,Net 30 Days,,11000,540460.00,,,FALSE,,FALSE,,FALSE,,4,1,0,FALSE,FALSE,10.00,,Avaxim inj. Ped (Q),,0,Avaxim inj. Ped,40200,,20000.00,1,"09/23...,",0.00,-200000.00,12100,,50500,,<Each>,1.00,10.00,20000.00,173890.00,,,34,30,,,,0.00,0,0
Vaccination Centre,Vaccination Centre,52109,,FALSE,FALSE,6/2/26,,FALSE,,,FALSE,,"155, Akowonjo Road",Egbeda,LAGOS,,,,,Hand Delivery,,7/2/26,0.00,6/2/26,Net 30 Days,,11000,540460.00,,,FALSE,,FALSE,,FALSE,,4,2,0,FALSE,FALSE,10.00,,TYPHIM (O),,0,TYPHIM,40500,,14228.00,1,"11/23,..",0.00,-142280.00,12300,,50700,,<Each>,1.00,10.00,14228.00,103920.00,,,34,30,,,,0.00,0,0
Vaccination Centre,Vaccination Centre,52109,,FALSE,FALSE,6/2/26,,FALSE,,,FALSE,,"155, Akowonjo Road",Egbeda,LAGOS,,,,,Hand Delivery,,7/2/26,0.00,6/2/26,Net 30 Days,,11000,540460.00,,,FALSE,,FALSE,,FALSE,,4,3,0,FALSE,FALSE,10.00,,Euvichol - S,,0,Euvichol - S,49921,,12918.00,1,10/25,0.00,-129180.00,12377,,59924,,<Each>,1.00,10.00,12918.00,93945.80,,,34,30,,,,0.00,0,0
Vaccination Centre,Vaccination Centre,52109,,FALSE,FALSE,6/2/26,,FALSE,,,FALSE,,"155, Akowonjo Road",Egbeda,LAGOS,,,,,Hand Delivery,,7/2/26,0.00,6/2/26,Net 30 Days,,11000,540460.00,,,FALSE,,FALSE,,FALSE,,4,4,0,FALSE,FALSE,5.00,,Vaxigrip Tetra(Q),,0,Vaxigrip Tetra,40544,,13800.00,1,01/26,0.00,-69000.00,12344,,50744,,<Each>,1.00,5.00,13800.00,60000.00,,,34,30,,,,0.00,0,0
Pill Box,Pill Box px.,52110,,FALSE,FALSE,6/2/26,,FALSE,,,FALSE,,"4, OLUMO STREET,IWAYA",,,,,,,Hand Delivery,,7/2/26,0.00,6/2/26,Net 30 Days,,11000,182950.00,,,FALSE,,FALSE,,FALSE,,2,1,0,FALSE,FALSE,5.00,,PRIORIX (H),,0,PRIORIX,40501,,17550.00,1,08/24....,0.00,-87750.00,12301,,50701,,<Each>,1.00,5.00,17550.00,83290.00,,,34,31,,,,0.00,0,0
Pill Box,Pill Box px.,52110,,FALSE,FALSE,6/2/26,,FALSE,,,FALSE,,"4, OLUMO STREET,IWAYA",,,,,,,Hand Delivery,,7/2/26,0.00,6/2/26,Net 30 Days,,11000,182950.00,,,FALSE,,FALSE,,FALSE,,2,2,0,FALSE,FALSE,5.00,,VARIRID(C),,0,VARIRID,49907,,19040.00,1,03/25,0.00,-95200.00,12363,,59910,,<Each>,1.00,5.00,19040.00,73413.15,,,34,31,,,,0.00,0,0
Sundry,Sundry,52111,,FALSE,FALSE,6/2/26,,FALSE,,,FALSE,,,,,,,,,Cust. Pickup,,7/2/26,0.00,6/2/26,Net 30 Days,,11000,81980.00,,Mrs Iyogun Mary 07061664037 Iba,FALSE,,FALSE,,FALSE,,1,1,0,FALSE,FALSE,2.00,,MIXTARD 30HM FLEX (U,,0,MIXTARD 30 FLEXPEN,40520,,40990.00,1,02/25..,0.00,-81980.00,12320,,50720,,<Each>,1.00,2.00,40990.00,74520.00,,,34,32,,,,0.00,0,0
International Organi,International Organisation,52112,,FALSE,FALSE,6/2/26,,FALSE,,,FALSE,,"for Migration.1,Isaac John Str",GRA Ikeja,,,,NIGERIA,,Hand Delivery,,7/2/26,0.00,6/2/26,Net 30 Days,,11000,64844640.00,,PO45000180735,FALSE,,FALSE,,FALSE,,6,1,0,FALSE,FALSE,168.00,,Tetanus dipthteria,,0,Tetanus dipthteria (Multiple),49914,,3375.00,1,,0.00,-567000.00,12370,,59917,,<Each>,1.00,168.00,3375.00,420000.00,,,34,33,,,,0.00,0,0
International Organi,International Organisation,52112,,FALSE,FALSE,6/2/26,,FALSE,,,FALSE,,"for Migration.1,Isaac John Str",GRA Ikeja,,,,NIGERIA,,Hand Delivery,,7/2/26,0.00,6/2/26,Net 30 Days,,11000,64844640.00,,PO45000180735,FALSE,,FALSE,,FALSE,,6,2,0,FALSE,FALSE,97.00,,HEPATITIS B (M/D),,0,HEPATITIS B (MULTIPLE),50000,,6990.00,1,03/24.,0.00,-678030.00,12000,,50000,,<Each>,1.00,97.00,6990.00,485000.00,,,34,33,,,,0.00,0,0
International Organi,International Organisation,52112,,FALSE,FALSE,6/2/26,,FALSE,,,FALSE,,"for Migration.1,Isaac John Str",GRA Ikeja,,,,NIGERIA,,Hand Delivery,,7/2/26,0.00,6/2/26,Net 30 Days,,11000,64844640.00,,PO45000180735,FALSE,,FALSE,,FALSE,,6,3,0,FALSE,FALSE,375.00,,MENACTRA (R),,0,MENACTRA,40505,,23650.00,1,"07/25,.",0.00,-8868750.00,12305,,50705,,<Each>,1.00,375.00,23650.00,9187500.00,,,34,33,,,,0.00,0,0
International Organi,International Organisation,52112,,FALSE,FALSE,6/2/26,,FALSE,,,FALSE,,"for Migration.1,Isaac John Str",GRA Ikeja,,,,NIGERIA,,Hand Delivery,,7/2/26,0.00,6/2/26,Net 30 Days,,11000,64844640.00,,PO45000180735,FALSE,,FALSE,,FALSE,,6,4,0,FALSE,FALSE,1560.00,,MMR,,0,MMR,40501,,17200.00,1,,0.00,-26832000.00,12301,,50701,,<Each>,1.00,1560.00,17200.00,4528680.00,,,34,33,,,,0.00,0,0
International Organi,International Organisation,52112,,FALSE,FALSE,6/2/26,,FALSE,,,FALSE,,"for Migration.1,Isaac John Str",GRA Ikeja,,,,NIGERIA,,Hand Delivery,,7/2/26,0.00,6/2/26,Net 30 Days,,11000,64844640.00,,PO45000180735,FALSE,,FALSE,,FALSE,,6,5,0,FALSE,FALSE,1575.00,,VARIRID(C),,0,VARIRID,49907,,17500.00,1,03/25,0.00,-27562500.00,12363,,59910,,<Each>,1.00,1575.00,17500.00,23125142.25,,,34,33,,,,0.00,0,0
International Organi,International Organisation,52112,,FALSE,FALSE,6/2/26,,FALSE,,,FALSE,,"for Migration.1,Isaac John Str",GRA Ikeja,,,,NIGERIA,,Hand Delivery,,7/2/26,0.00,6/2/26,Net 30 Days,,11000,64844640.00,,PO45000180735,FALSE,,FALSE,,FALSE,,6,6,0,FALSE,FALSE,10.00,,PREVENAR 13 (X),,0,PREVENAR  13,40510,,33636.00,1,"11/24,,",0.00,-336360.00,12310,,50710,,<Each>,1.00,10.00,33636.00,314360.00,,,34,33,,,,0.00,0,0
Millitary Ref. Hosp,Millitary Reference Hospital,52113,,FALSE,FALSE,6/3/26,,FALSE,,,FALSE,,,,Yaba,,,,,Hand Delivery,,7/3/26,0.00,6/3/26,Net 30 Days,,11000,82800.00,,,FALSE,,FALSE,,FALSE,,1,1,0,FALSE,FALSE,6.00,,Vaxigrip Tetra(Q),,0,Vaxigrip Tetra,40544,,13800.00,1,01/26,0.00,-82800.00,12344,,50744,,<Each>,1.00,6.00,13800.00,72000.00,,,34,34,,,,0.00,0,0
Lagoon  Hospital,Lagoon Hospital,52114,,FALSE,FALSE,6/3/26,,FALSE,,,FALSE,,"NO 8, MARINE ROAD, APAPA",OFF LIVERPOOL ROUNABOUT,LAGOS,,,,,Hand Delivery,,7/3/26,0.00,6/3/26,Net 30 Days,,11000,31600.00,,Obafemi Awolowo Ikeja,FALSE,,FALSE,,FALSE,,1,1,0,FALSE,FALSE,20.00,,TETANUS TOXOID(I),,0,TETANUS TOXOID,40531,,1580.00,1,06-25.,0.00,-31600.00,12331,,50731,,<Each>,1.00,20.00,1580.00,24000.00,,,34,35,,,,0.00,0,0
Victory Drugs Pharma,Victory Drugs Pharmacy,52115,,FALSE,FALSE,6/3/26,,FALSE,,,FALSE,,"57A, 11 Road",Festac Town,LAGOS,,,,,Hand Delivery6,,7/3/26,0.00,6/3/26,Net 30 Days,,11000,79200.00,,,FALSE,,FALSE,,FALSE,,1,1,0,FALSE,FALSE,6.00,,Vaxigrip Tetra(Q),,0,Vaxigrip Tetra,40544,,13200.00,1,01/26,0.00,-79200.00,12344,,50744,,<Each>,1.00,6.00,13200.00,72000.00,,,34,36,,,,0.00,0,0
Faith  City Hospital,Faith City Hospital,52116,,FALSE,FALSE,6/3/26,,FALSE,,,FALSE,,"16, ASA-AFARIOGUN STREET",ISOLO.. 08082252996,,,,NIGERIA,,Hand Delivery,,7/3/26,0.00,6/3/26,Net 30 Days,,11000,169059.00,,,FALSE,,FALSE,,FALSE,,3,1,0,FALSE,FALSE,3.00,,VARIRID(C),,0,VARIRID,49907,,20435.00,1,03/25,0.00,-61305.00,12363,,59910,,<Each>,1.00,3.00,20435.00,44047.89,,,34,37,,,,0.00,0,0
Faith  City Hospital,Faith City Hospital,52116,,FALSE,FALSE,6/3/26,,FALSE,,,FALSE,,"16, ASA-AFARIOGUN STREET",ISOLO.. 08082252996,,,,NIGERIA,,Hand Delivery,,7/3/26,0.00,6/3/26,Net 30 Days,,11000,169059.00,,,FALSE,,FALSE,,FALSE,,3,2,0,FALSE,FALSE,5.00,,Vaxigrip Tetra(Q),,0,Vaxigrip Tetra,40544,,13800.00,1,01/26,0.00,-69000.00,12344,,50744,,<Each>,1.00,5.00,13800.00,60000.00,,,34,37,,,,0.00,0,0
Faith  City Hospital,Faith City Hospital,52116,,FALSE,FALSE,6/3/26,,FALSE,,,FALSE,,"16, ASA-AFARIOGUN STREET",ISOLO.. 08082252996,,,,NIGERIA,,Hand Delivery,,7/3/26,0.00,6/3/26,Net 30 Days,,11000,169059.00,,,FALSE,,FALSE,,FALSE,,3,3,0,FALSE,FALSE,3.00,,Euvichol - S,,0,Euvichol - S,49921,,12918.00,1,10/25,0.00,-38754.00,12377,,59924,,<Each>,1.00,3.00,12918.00,28183.74,,,34,37,,,,0.00,0,0
Golden Cross Hospita,Golden Cross Hospital,52117,,FALSE,FALSE,6/3/26,,FALSE,,,FALSE,,22 ROAD,BESIDE HOLY FAMILY,FESTAC,,,,,Hand Delivery,,7/3/26,0.00,6/3/26,Net 30 Days,,11000,240175.00,,,FALSE,,FALSE,,FALSE,,2,1,0,FALSE,FALSE,10.00,,Vaxigrip Tetra(Q),,0,Vaxigrip Tetra,40544,,13800.00,1,01/26,0.00,-138000.00,12344,,50744,,<Each>,1.00,10.00,13800.00,120000.00,,,34,38,,,,0.00,0,0
Golden Cross Hospita,Golden Cross Hospital,52117,,FALSE,FALSE,6/3/26,,FALSE,,,FALSE,,22 ROAD,BESIDE HOLY FAMILY,FESTAC,,,,,Hand Delivery,,7/3/26,0.00,6/3/26,Net 30 Days,,11000,240175.00,,,FALSE,,FALSE,,FALSE,,2,2,0,FALSE,FALSE,5.00,,VARIRID(C),,0,VARIRID,49907,,20435.00,1,03/25,0.00,-102175.00,12363,,59910,,<Each>,1.00,5.00,20435.00,73413.15,,,34,38,,,,0.00,0,0
X-Serve Children's,X-Serve Children's Hospital,52118,,FALSE,FALSE,6/3/26,,FALSE,,,FALSE,X-Serve Children's Hospital,"House 3C, Chevron Alt Route",Beside Waterbrook School,,,,Lekki,,Hand Delivery,,6/3/26,0.00,6/3/26,C.O.D.,,11000,22825.00,,Masha Branch,FALSE,,FALSE,,FALSE,,1,1,0,FALSE,FALSE,1.00,,Avaxim inj. Ped (Q),,0,Avaxim inj. Ped,40200,,22825.00,1,"09/23...,",0.00,-22825.00,12100,,50500,,<Each>,1.00,1.00,22825.00,17389.00,,,34,39,,,,0.00,0,0
Maris Health Place,Maris Health Place,52119,,FALSE,FALSE,6/3/26,,FALSE,,,FALSE,,"17, Ajagunbade strt, Off Jimoh","Balogun strt, Off C.M.D Road",IKOSI KETU,,,07060600078,,Hand Delivery,,7/3/26,0.00,6/3/26,Net 30 Days,,11000,34604.00,,,FALSE,,FALSE,,FALSE,,1,2,0,FALSE,FALSE,1.00,,PREVENAR 13 (X),,0,PREVENAR  13,40510,,34604.00,1,"11/24,,",0.00,-34604.00,12310,,50710,,<Each>,1.00,1.00,34604.00,31436.00,,,34,40,,,,0.00,0,0
PeaceMaker Pharmacy,Peace Maker Pharmacy,52120,,FALSE,FALSE,6/3/26,,FALSE,,,FALSE,Peace Maker Pharmacy,"Illishan Road, Shagamu.",09031178440,,,,,,Hand Deliver,,6/3/26,0.00,6/3/26,C.O.D.,,11000,62990.00,,,FALSE,,FALSE,,FALSE,,3,1,0,FALSE,FALSE,2.00,,Vaxigrip Tetra(Q),,0,Vaxigrip Tetra,40544,,13200.00,1,01/26,0.00,-26400.00,12344,,50744,,<Each>,1.00,2.00,13200.00,24000.00,,,34,41,,,,0.00,0,0
PeaceMaker Pharmacy,Peace Maker Pharmacy,52120,,FALSE,FALSE,6/3/26,,FALSE,,,FALSE,Peace Maker Pharmacy,"Illishan Road, Shagamu.",09031178440,,,,,,Hand Deliver,,6/3/26,0.00,6/3/26,C.O.D.,,11000,62990.00,,,FALSE,,FALSE,,FALSE,,3,2,0,FALSE,FALSE,1.00,,PRIORIX (H),,0,PRIORIX,40501,,17550.00,1,08/24....,0.00,-17550.00,12301,,50701,,<Each>,1.00,1.00,17550.00,16658.00,,,34,41,,,,0.00,0,0
PeaceMaker Pharmacy,Peace Maker Pharmacy,52120,,FALSE,FALSE,6/3/26,,FALSE,,,FALSE,Peace Maker Pharmacy,"Illishan Road, Shagamu.",09031178440,,,,,,Hand Deliver,,6/3/26,0.00,6/3/26,C.O.D.,,11000,62990.00,,,FALSE,,FALSE,,FALSE,,3,3,0,FALSE,FALSE,1.00,,VARIRID(C),,0,VARIRID,49907,,19040.00,1,03/25,0.00,-19040.00,12363,,59910,,<Each>,1.00,1.00,19040.00,14682.63,,,34,41,,,,0.00,0,0
Blue Gate Pharmacy,Blue Gate Pharmacy,52121,,FALSE,FALSE,6/3/26,,FALSE,,,FALSE,,7035682637,4th Avenue Junction,FESTAC,,,,,Hand Delivery,,7/3/26,0.00,6/3/26,Net 30 Days,,11000,20670.00,,,FALSE,,FALSE,,FALSE,,1,1,0,FALSE,FALSE,2.00,,Euvichol - S,,0,Euvichol - S,49921,,10335.00,1,10/25,0.00,-20670.00,12377,,59924,,<Each>,1.00,2.00,10335.00,18789.16,,,34,42,,,,0.00,0,0
Sundry,Sundry,52122,,FALSE,FALSE,6/3/26,,FALSE,,,FALSE,,,,,,,,,Hand Delivery,,7/3/26,0.00,6/3/26,Net 30 Days,,11000,17850.00,,Pharm Faith,FALSE,,FALSE,,FALSE,,1,1,0,FALSE,FALSE,1.00,,PRIORIX (H),,0,PRIORIX,40501,,17850.00,1,08/24....,0.00,-17850.00,12301,,50701,,<Each>,1.00,1.00,17850.00,16658.00,,,34,43,,,,0.00,0,0
Sundry,Sundry,52123,,FALSE,FALSE,6/3/26,,FALSE,,,FALSE,,,,,,,,,Cust. Pickup,,7/3/26,0.00,6/3/26,Net 30 Days,,11000,34625.00,,C.Matron Royan Hx,FALSE,,FALSE,,FALSE,,1,1,0,FALSE,FALSE,1.00,,ADACEL POLIO(M),,0,ADACEL POLIO TDAP/IPV,40546,,34625.00,1,07/24...,0.00,-34625.00,12346,,50746,,<Each>,1.00,1.00,34625.00,23994.00,,,34,44,,,,0.00,0,0
Broadland Hospital,Broadland Hospital,52124,,FALSE,FALSE,6/3/26,,FALSE,,,FALSE,,Magboro,,Ibafo,,,,,Hand Delivery,,7/3/26,0.00,6/3/26,Net 30 Days,,11000,47825.00,,,FALSE,,FALSE,,FALSE,,2,1,0,FALSE,FALSE,1.00,,Avaxim inj. Ped (Q),,0,Avaxim inj. Ped,40200,,22825.00,1,"09/23...,",0.00,-22825.00,12100,,50500,,<Each>,1.00,1.00,22825.00,17389.00,,,34,45,,,,0.00,0,0
Broadland Hospital,Broadland Hospital,52124,,FALSE,FALSE,6/3/26,,FALSE,,,FALSE,,Magboro,,Ibafo,,,,,Hand Delivery,,7/3/26,0.00,6/3/26,Net 30 Days,,11000,47825.00,,,FALSE,,FALSE,,FALSE,,2,2,0,FALSE,FALSE,1.00,,GARDASIL 4  HPV(A),,0,GARDASIL  4  HPV,40350,,25000.00,1,02/22.,0.00,-25000.00,12160,,50560,,<Each>,1.00,1.00,25000.00,20000.00,,,34,45,,,,0.00,0,0
Sundry,Sundry,52125,,FALSE,FALSE,6/3/26,,FALSE,,,FALSE,,,,,,,,,Cust. Pickup,,7/3/26,0.00,6/3/26,Net 30 Days,,11000,19500.00,,Mrs Korede Ogundele,FALSE,,FALSE,,FALSE,,1,1,0,FALSE,FALSE,3.00,,HEPATITIS B (M/D),,0,HEPATITIS B (MULTIPLE),50000,,6500.00,1,03/24.,0.00,-19500.00,12000,,50000,,<Each>,1.00,3.00,6500.00,15000.00,,,34,46,,,,0.00,0,0
St Raphel Hospital,St Raphel Hospital,52126,,FALSE,FALSE,6/4/26,,FALSE,,,FALSE,,"Ijede Road,Hosptial B/stop",Ikorodu,,,,,,Hand Delivery,,7/4/26,0.00,6/4/26,Net 30 Days,,11000,273740.00,,,FALSE,,FALSE,,FALSE,,1,1,0,FALSE,FALSE,20.00,,ACTRAPID 100 I.U (T),,0,ACTRAPID 100 I.U,40516,,13687.00,1,06/ 25.,0.00,-273740.00,12316,,50716,,<Each>,1.00,20.00,13687.00,248840.00,,,34,47,,,,0.00,0,0
Chronicare Diabetes,Chronicare Diabetes Centre,52127,,FALSE,FALSE,6/4/26,,FALSE,,,FALSE,Chronicare Diabetes Centre,"143, Gbagada Express Way New",Castle B/stop 07067071097,Gbagada,,,,,Hand Delivery,,6/4/26,0.00,6/4/26,C.O.D.,,11000,281820.00,,,FALSE,,FALSE,,FALSE,,2,1,0,FALSE,FALSE,7.00,,Tresiba (K),,0,Tresiba,40545,,30936.00,1,06/25..,0.00,-216552.00,12345,,50745,,<Each>,1.00,7.00,30936.00,196420.00,,,34,48,,,,0.00,0,0
Chronicare Diabetes,Chronicare Diabetes Centre,52127,,FALSE,FALSE,6/4/26,,FALSE,,,FALSE,Chronicare Diabetes Centre,"143, Gbagada Express Way New",Castle B/stop 07067071097,Gbagada,,,,,Hand Delivery,,6/4/26,0.00,6/4/26,C.O.D.,,11000,281820.00,,,FALSE,,FALSE,,FALSE,,2,2,0,FALSE,FALSE,1.00,,LANTUS SOLOST300I(Q),,0,LANTUS SOLOSTAR 300IU,40536,,65268.00,1,08/25.',0.00,-65268.00,12336,,50736,,<Each>,1.00,1.00,65268.00,58800.00,,,34,48,,,,0.00,0,0
Lagoon  Hospital,Lagoon Hospital,52128,,FALSE,FALSE,6/4/26,,FALSE,,,FALSE,,"NO 8, MARINE ROAD, APAPA",OFF LIVERPOOL ROUNABOUT,LAGOS,,,,,Hand Delivery,,7/4/26,0.00,6/4/26,Net 30 Days,,11000,1800500.00,,Idejo,FALSE,,FALSE,,FALSE,,1,1,0,FALSE,FALSE,50.00,,HEXAXIM (Q),,0,HEXAXIM,40548,,36010.00,1,04/24.....,0.00,-1800500.00,12352,,50748,,<Each>,1.00,50.00,36010.00,1538600.00,,,34,49,,,,0.00,0,0
West Care Hospital,West Care Hospital,52129,,FALSE,FALSE,6/4/26,,FALSE,,,FALSE,,"32, Samuel Street",,Akowonjo,,,,,Hand Delivery,,7/4/26,0.00,6/4/26,Net 30 Days,,11000,158250.00,,,FALSE,,FALSE,,FALSE,,2,1,0,FALSE,FALSE,5.00,,PRIORIX (H),,0,PRIORIX,40501,,17850.00,1,08/24....,0.00,-89250.00,12301,,50701,,<Each>,1.00,5.00,17850.00,83290.00,,,34,50,,,,0.00,0,0
West Care Hospital,West Care Hospital,52129,,FALSE,FALSE,6/4/26,,FALSE,,,FALSE,,"32, Samuel Street",,Akowonjo,,,,,Hand Delivery,,7/4/26,0.00,6/4/26,Net 30 Days,,11000,158250.00,,,FALSE,,FALSE,,FALSE,,2,2,0,FALSE,FALSE,5.00,,Vaxigrip Tetra(Q),,0,Vaxigrip Tetra,40544,,13800.00,1,01/26,0.00,-69000.00,12344,,50744,,<Each>,1.00,5.00,13800.00,60000.00,,,34,50,,,,0.00,0,0
Oyo Messi Hospital,Oyo Messi Hospital,52130,,FALSE,FALSE,6/4/26,,FALSE,,,FALSE,Oyo Messi Hospital,"61, Tokunbo Ojo Street",Orogun Ibadan. Oyo State,07063359546,,,,,Hand Delivery,,6/4/26,0.00,6/4/26,C.O.D.,,11000,1574038.00,,,FALSE,,FALSE,,FALSE,,8,1,0,FALSE,FALSE,16.00,,HEXAXIM (Q),,0,HEXAXIM,40548,,34843.00,1,04/24.....,0.00,-557488.00,12352,,50748,,<Each>,1.00,16.00,34843.00,492352.00,,,34,51,,,,0.00,0,0
Oyo Messi Hospital,Oyo Messi Hospital,52130,,FALSE,FALSE,6/4/26,,FALSE,,,FALSE,Oyo Messi Hospital,"61, Tokunbo Ojo Street",Orogun Ibadan. Oyo State,07063359546,,,,,Hand Delivery,,6/4/26,0.00,6/4/26,C.O.D.,,11000,1574038.00,,,FALSE,,FALSE,,FALSE,,8,2,0,FALSE,FALSE,12.00,,Vaxigrip Tetra(Q),,0,Vaxigrip Tetra,40544,,13800.00,1,01/26,0.00,-165600.00,12344,,50744,,<Each>,1.00,12.00,13800.00,144000.00,,,34,51,,,,0.00,0,0
Oyo Messi Hospital,Oyo Messi Hospital,52130,,FALSE,FALSE,6/4/26,,FALSE,,,FALSE,Oyo Messi Hospital,"61, Tokunbo Ojo Street",Orogun Ibadan. Oyo State,07063359546,,,,,Hand Delivery,,6/4/26,0.00,6/4/26,C.O.D.,,11000,1574038.00,,,FALSE,,FALSE,,FALSE,,8,3,0,FALSE,FALSE,10.00,,Euvichol - S,,0,Euvichol - S,49921,,12918.00,1,10/25,0.00,-129180.00,12377,,59924,,<Each>,1.00,10.00,12918.00,93945.80,,,34,51,,,,0.00,0,0
Oyo Messi Hospital,Oyo Messi Hospital,52130,,FALSE,FALSE,6/4/26,,FALSE,,,FALSE,Oyo Messi Hospital,"61, Tokunbo Ojo Street",Orogun Ibadan. Oyo State,07063359546,,,,,Hand Delivery,,6/4/26,0.00,6/4/26,C.O.D.,,11000,1574038.00,,,FALSE,,FALSE,,FALSE,,8,4,0,FALSE,FALSE,8.00,,MENACTRA (R),,0,MENACTRA,40505,,27600.00,1,"07/25,.",0.00,-220800.00,12305,,50705,,<Each>,1.00,8.00,27600.00,196000.00,,,34,51,,,,0.00,0,0
Oyo Messi Hospital,Oyo Messi Hospital,52130,,FALSE,FALSE,6/4/26,,FALSE,,,FALSE,Oyo Messi Hospital,"61, Tokunbo Ojo Street",Orogun Ibadan. Oyo State,07063359546,,,,,Hand Delivery,,6/4/26,0.00,6/4/26,C.O.D.,,11000,1574038.00,,,FALSE,,FALSE,,FALSE,,8,5,0,FALSE,FALSE,10.00,,PRIORIX (H),,0,PRIORIX,40501,,17850.00,1,08/24....,0.00,-178500.00,12301,,50701,,<Each>,1.00,10.00,17850.00,166580.00,,,34,51,,,,0.00,0,0
Oyo Messi Hospital,Oyo Messi Hospital,52130,,FALSE,FALSE,6/4/26,,FALSE,,,FALSE,Oyo Messi Hospital,"61, Tokunbo Ojo Street",Orogun Ibadan. Oyo State,07063359546,,,,,Hand Delivery,,6/4/26,0.00,6/4/26,C.O.D.,,11000,1574038.00,,,FALSE,,FALSE,,FALSE,,8,6,0,FALSE,FALSE,10.00,,VARIRID(C),,0,VARIRID,49907,,20435.00,1,03/25,0.00,-204350.00,12363,,59910,,<Each>,1.00,10.00,20435.00,146826.30,,,34,51,,,,0.00,0,0
Oyo Messi Hospital,Oyo Messi Hospital,52130,,FALSE,FALSE,6/4/26,,FALSE,,,FALSE,Oyo Messi Hospital,"61, Tokunbo Ojo Street",Orogun Ibadan. Oyo State,07063359546,,,,,Hand Delivery,,6/4/26,0.00,6/4/26,C.O.D.,,11000,1574038.00,,,FALSE,,FALSE,,FALSE,,8,7,0,FALSE,FALSE,5.00,,Avaxim inj. Ped (Q),,0,Avaxim inj. Ped,40200,,22824.00,1,"09/23...,",0.00,-114120.00,12100,,50500,,<Each>,1.00,5.00,22824.00,86945.00,,,34,51,,,,0.00,0,0
Oyo Messi Hospital,Oyo Messi Hospital,52130,,FALSE,FALSE,6/4/26,,FALSE,,,FALSE,Oyo Messi Hospital,"61, Tokunbo Ojo Street",Orogun Ibadan. Oyo State,07063359546,,,,,Hand Delivery,,6/4/26,0.00,6/4/26,C.O.D.,,11000,1574038.00,,,FALSE,,FALSE,,FALSE,,8,8,0,FALSE,FALSE,0.00,,,,0,Delivery Charge,40800,,0.00,1,,0.00,-4000.00,,,,,,1.00,0.00,0.00,0.00,,,34,51,,,,0.00,0,0
Bob Specialist,Bob Specialist,52131,,FALSE,FALSE,6/4/26,,FALSE,,,FALSE,,"22,Olugbede Street,Off Orelope","str, Egbeda Lagos",Akowonjo,,,,,Airborne,,7/4/26,0.00,6/4/26,Net 30 Days,,11000,13800.00,,,FALSE,,FALSE,,FALSE,,1,1,0,FALSE,FALSE,1.00,,Vaxigrip Tetra(Q),,0,Vaxigrip Tetra,40544,,13800.00,1,01/26,0.00,-13800.00,12344,,50744,,<Each>,1.00,1.00,13800.00,12000.00,,,34,52,,,,0.00,0,0
Blue Gate Pharmacy,Blue Gate Pharmacy,52132,,FALSE,FALSE,6/4/26,,FALSE,,,FALSE,,7035682637,4th Avenue Junction,FESTAC,,,,,Hand Delivery,,7/4/26,0.00,6/4/26,Net 30 Days,,11000,62990.00,,,FALSE,,FALSE,,FALSE,,3,1,0,FALSE,FALSE,1.00,,MENACTRA (R),,0,MENACTRA,40505,,26400.00,1,"07/25,.",0.00,-26400.00,12305,,50705,,<Each>,1.00,1.00,26400.00,24500.00,,,34,53,,,,0.00,0,0
Blue Gate Pharmacy,Blue Gate Pharmacy,52132,,FALSE,FALSE,6/4/26,,FALSE,,,FALSE,,7035682637,4th Avenue Junction,FESTAC,,,,,Hand Delivery,,7/4/26,0.00,6/4/26,Net 30 Days,,11000,62990.00,,,FALSE,,FALSE,,FALSE,,3,2,0,FALSE,FALSE,1.00,,PRIORIX (H),,0,PRIORIX,40501,,17550.00,1,08/24....,0.00,-17550.00,12301,,50701,,<Each>,1.00,1.00,17550.00,16658.00,,,34,53,,,,0.00,0,0
Blue Gate Pharmacy,Blue Gate Pharmacy,52132,,FALSE,FALSE,6/4/26,,FALSE,,,FALSE,,7035682637,4th Avenue Junction,FESTAC,,,,,Hand Delivery,,7/4/26,0.00,6/4/26,Net 30 Days,,11000,62990.00,,,FALSE,,FALSE,,FALSE,,3,3,0,FALSE,FALSE,1.00,,VARIRID(C),,0,VARIRID,49907,,19040.00,1,03/25,0.00,-19040.00,12363,,59910,,<Each>,1.00,1.00,19040.00,14682.63,,,34,53,,,,0.00,0,0
Milennium Pharmacy,Milennium Pharmacy,52133,,FALSE,FALSE,6/4/26,,FALSE,,,FALSE,Dr Abbey,"13B, Oba Olagbegi Str,Old",Bodija Ibadan 08023875481,oyo state,,,,,Hand Delivery,,6/4/26,0.00,6/4/26,C.O.D.,,11000,19040.00,,,FALSE,,FALSE,,FALSE,,1,1,0,FALSE,FALSE,1.00,,VARIRID(C),,0,VARIRID,49907,,19040.00,1,03/25,0.00,-19040.00,12363,,59910,,<Each>,1.00,1.00,19040.00,14682.63,,,34,54,,,,0.00,0,0
DAMIKAY HOSPITAL,DAMIKAY HOSPITAL,52134,,FALSE,FALSE,6/4/26,,FALSE,,,FALSE,,ILUPEJU,,,,,,,Airborne,,7/4/26,0.00,6/4/26,Net 30 Days,,11000,45440.00,,Mr Taofeek Salam 08055634087,FALSE,,FALSE,,FALSE,,2,1,0,FALSE,FALSE,1.00,,VARIRID(C),,0,VARIRID,49907,,19040.00,1,03/25,0.00,-19040.00,12363,,59910,,<Each>,1.00,1.00,19040.00,14682.63,,,34,55,,,,0.00,0,0
DAMIKAY HOSPITAL,DAMIKAY HOSPITAL,52134,,FALSE,FALSE,6/4/26,,FALSE,,,FALSE,,ILUPEJU,,,,,,,Airborne,,7/4/26,0.00,6/4/26,Net 30 Days,,11000,45440.00,,Mr Taofeek Salam 08055634087,FALSE,,FALSE,,FALSE,,2,2,0,FALSE,FALSE,1.00,,MENACTRA (R),,0,MENACTRA,40505,,26400.00,1,"07/25,.",0.00,-26400.00,12305,,50705,,<Each>,1.00,1.00,26400.00,24500.00,,,34,55,,,,0.00,0,0
LASUTH Fee Paying Px,LASUTH Fee Paying Pharmacy,52135,,FALSE,FALSE,6/4/26,,FALSE,,,FALSE,,,,IKEJA,,,,,Hand Delivery,,7/4/26,0.00,6/4/26,Net 30 Days,,11000,151600.00,,,FALSE,,FALSE,,FALSE,,1,1,0,FALSE,FALSE,20.00,,Nucard 160mg (I) Tab,,0,Nucard 160mg,49800,,7580.00,1,09/25..,0.00,-151600.00,12355,,59902,,<Each>,1.00,20.00,7580.00,129600.00,,,34,56,,,,0.00,0,0
P & G Hospital,P & G Hospital,52136,,FALSE,FALSE,6/4/26,,FALSE,,,FALSE,,"21, SANI LABODE STREET","OKO-OBA, ABULE EGBA",,,,,,Hand Delivery,,7/4/26,0.00,6/4/26,Net 30 Days,,11000,305548.00,,,FALSE,,FALSE,,FALSE,,4,1,0,FALSE,FALSE,4.00,,PRIORIX (H),,0,PRIORIX,40501,,17850.00,1,08/24....,0.00,-71400.00,12301,,50701,,<Each>,1.00,4.00,17850.00,66632.00,,,34,57,,,,0.00,0,0
P & G Hospital,P & G Hospital,52136,,FALSE,FALSE,6/4/26,,FALSE,,,FALSE,,"21, SANI LABODE STREET","OKO-OBA, ABULE EGBA",,,,,,Hand Delivery,,7/4/26,0.00,6/4/26,Net 30 Days,,11000,305548.00,,,FALSE,,FALSE,,FALSE,,4,2,0,FALSE,FALSE,3.00,,VARIRID(C),,0,VARIRID,49907,,20435.00,1,03/25,0.00,-61305.00,12363,,59910,,<Each>,1.00,3.00,20435.00,44047.89,,,34,57,,,,0.00,0,0
P & G Hospital,P & G Hospital,52136,,FALSE,FALSE,6/4/26,,FALSE,,,FALSE,,"21, SANI LABODE STREET","OKO-OBA, ABULE EGBA",,,,,,Hand Delivery,,7/4/26,0.00,6/4/26,Net 30 Days,,11000,305548.00,,,FALSE,,FALSE,,FALSE,,4,3,0,FALSE,FALSE,1.00,,HEXAXIM (Q),,0,HEXAXIM,40548,,34843.00,1,04/24.....,0.00,-34843.00,12352,,50748,,<Each>,1.00,1.00,34843.00,30772.00,,,34,57,,,,0.00,0,0
P & G Hospital,P & G Hospital,52136,,FALSE,FALSE,6/4/26,,FALSE,,,FALSE,,"21, SANI LABODE STREET","OKO-OBA, ABULE EGBA",,,,,,Hand Delivery,,7/4/26,0.00,6/4/26,Net 30 Days,,11000,305548.00,,,FALSE,,FALSE,,FALSE,,4,4,0,FALSE,FALSE,5.00,,MENACTRA (R),,0,MENACTRA,40505,,27600.00,1,"07/25,.",0.00,-138000.00,12305,,50705,,<Each>,1.00,5.00,27600.00,122500.00,,,34,57,,,,0.00,0,0
Life Line Hospt Suru,Life line specialist,52137,,FALSE,FALSE,6/4/26,,FALSE,,,FALSE,,Surulere,,,,,,,Hand Delivery,,7/4/26,0.00,6/4/26,Net 30 Days,,11000,1931425.00,,,FALSE,,FALSE,,FALSE,,7,1,0,FALSE,FALSE,20.00,,Avaxim inj. Ped (Q),,0,Avaxim inj. Ped,40200,,20000.00,1,"09/23...,",0.00,-400000.00,12100,,50500,,<Each>,1.00,20.00,20000.00,347780.00,,,34,58,,,,0.00,0,0
Life Line Hospt Suru,Life line specialist,52137,,FALSE,FALSE,6/4/26,,FALSE,,,FALSE,,Surulere,,,,,,,Hand Delivery,,7/4/26,0.00,6/4/26,Net 30 Days,,11000,1931425.00,,,FALSE,,FALSE,,FALSE,,7,2,0,FALSE,FALSE,10.00,,Euvichol - S,,0,Euvichol - S,49921,,12918.00,1,10/25,0.00,-129180.00,12377,,59924,,<Each>,1.00,10.00,12918.00,93945.80,,,34,58,,,,0.00,0,0
Life Line Hospt Suru,Life line specialist,52137,,FALSE,FALSE,6/4/26,,FALSE,,,FALSE,,Surulere,,,,,,,Hand Delivery,,7/4/26,0.00,6/4/26,Net 30 Days,,11000,1931425.00,,,FALSE,,FALSE,,FALSE,,7,3,0,FALSE,FALSE,21.00,,Vaxigrip Tetra(Q),,0,Vaxigrip Tetra,40544,,13800.00,1,01/26,0.00,-289800.00,12344,,50744,,<Each>,1.00,21.00,13800.00,252000.00,,,34,58,,,,0.00,0,0
Life Line Hospt Suru,Life line specialist,52137,,FALSE,FALSE,6/4/26,,FALSE,,,FALSE,,Surulere,,,,,,,Hand Delivery,,7/4/26,0.00,6/4/26,Net 30 Days,,11000,1931425.00,,,FALSE,,FALSE,,FALSE,,7,4,0,FALSE,FALSE,15.00,,MENACTRA (R),,0,MENACTRA,40505,,27600.00,1,"07/25,.",0.00,-414000.00,12305,,50705,,<Each>,1.00,15.00,27600.00,367500.00,,,34,58,,,,0.00,0,0
Life Line Hospt Suru,Life line specialist,52137,,FALSE,FALSE,6/4/26,,FALSE,,,FALSE,,Surulere,,,,,,,Hand Delivery,,7/4/26,0.00,6/4/26,Net 30 Days,,11000,1931425.00,,,FALSE,,FALSE,,FALSE,,7,5,0,FALSE,FALSE,15.00,,VARIRID(C),,0,VARIRID,49907,,20435.00,1,03/25,0.00,-306525.00,12363,,59910,,<Each>,1.00,15.00,20435.00,220239.45,,,34,58,,,,0.00,0,0
Life Line Hospt Suru,Life line specialist,52137,,FALSE,FALSE,6/4/26,,FALSE,,,FALSE,,Surulere,,,,,,,Hand Delivery,,7/4/26,0.00,6/4/26,Net 30 Days,,11000,1931425.00,,,FALSE,,FALSE,,FALSE,,7,6,0,FALSE,FALSE,10.00,,PRIORIX (H),,0,PRIORIX,40501,,17850.00,1,08/24....,0.00,-178500.00,12301,,50701,,<Each>,1.00,10.00,17850.00,166580.00,,,34,58,,,,0.00,0,0
Life Line Hospt Suru,Life line specialist,52137,,FALSE,FALSE,6/4/26,,FALSE,,,FALSE,,Surulere,,,,,,,Hand Delivery,,7/4/26,0.00,6/4/26,Net 30 Days,,11000,1931425.00,,,FALSE,,FALSE,,FALSE,,7,7,0,FALSE,FALSE,15.00,,TYPHIM (O),,0,TYPHIM,40500,,14228.00,1,"11/23,..",0.00,-213420.00,12300,,50700,,<Each>,1.00,15.00,14228.00,155880.00,,,34,58,,,,0.00,0,0
Osuntuyi Hospital,Osuntuyi Hospital,52138,,FALSE,FALSE,6/4/26,,FALSE,,,FALSE,,"255,Iju Road Road Balogun",B/stop Iju Ishaga,Iju,,,,,Hand Delivery,,7/4/26,0.00,6/4/26,Net 30 Days,,11000,27600.00,,,FALSE,,FALSE,,FALSE,,1,1,0,FALSE,FALSE,1.00,,MENACTRA (R),,0,MENACTRA,40505,,27600.00,1,"07/25,.",0.00,-27600.00,12305,,50705,,<Each>,1.00,1.00,27600.00,24500.00,,,34,59,,,,0.00,0,0
Dr Dauda Adekunle,Dr Dauda Adekunle,52139,,FALSE,FALSE,6/4/26,,FALSE,,,FALSE,Dr Dauda Adekunle,08033255448,,,,,,,Cust. Pickup,,6/4/26,0.00,6/4/26,C.O.D.,,11000,30870.00,,,FALSE,,FALSE,,FALSE,,1,1,0,FALSE,FALSE,1.00,,Tresiba (K),,0,Tresiba,40545,,30870.00,1,06/25..,0.00,-30870.00,12345,,50745,,<Each>,1.00,1.00,30870.00,28060.00,,,34,60,,,,0.00,0,0
Lawcas Pharmacy,Lawcas Pharmacy,52140,,FALSE,FALSE,6/4/26,,FALSE,,,FALSE,,"AGNES PLAZA,ADEMOLA ADETOKUNBO","CRES, OFF OBA OTUDEKO AVE,LAGO",,,,,,Hand Delivery,,7/4/26,0.00,6/4/26,Net 30 Days,,11000,646220.00,,,FALSE,,FALSE,,FALSE,,1,1,0,FALSE,FALSE,20.00,,HEXAXIM (Q),,0,HEXAXIM,40548,,32311.00,1,04/24.....,0.00,-646220.00,12352,,50748,,<Each>,1.00,20.00,32311.00,615440.00,,,34,61,,,,0.00,0,0
Redwood Clinic,Redwood Clinic,52141,,FALSE,FALSE,6/5/26,,FALSE,,,FALSE,,Quarry road Abeokuta,09045140300,,,,,,Hand Delivery,,7/5/26,0.00,6/5/26,Net 30 Days,,11000,259200.00,,,FALSE,,FALSE,,FALSE,,1,1,0,FALSE,FALSE,4.00,,LANTUS SOLOST300I(Q),,0,LANTUS SOLOSTAR 300IU,40536,,64800.00,1,08/25.',0.00,-259200.00,12336,,50736,,<Each>,1.00,4.00,64800.00,235200.00,,,34,62,,,,0.00,0,0
Vaccination Centre,Vaccination Centre,52142,,FALSE,FALSE,6/5/26,,FALSE,,,FALSE,,"155, Akowonjo Road",Egbeda,LAGOS,,,,,Hand Delivery,,7/5/26,0.00,6/5/26,Net 30 Days,,11000,274065.00,,,FALSE,,FALSE,,FALSE,,1,1,0,FALSE,FALSE,15.00,,CLEXANE 40mg(Z)iii,,0,CLEXANE 40mg,40538,,18271.00,1,"06/25..,",0.00,-274065.00,12338,,50738,,<Each>,1.00,15.00,18271.00,249150.00,,,34,63,,,,0.00,0,0
Mobonike Hospital,Mobonike Hospital,52143,,FALSE,FALSE,6/5/26,,FALSE,,,FALSE,,"50, SURULERE STREET, DOPEMU",LAGOS,,,,,,Hand Delivery,,7/5/26,0.00,6/5/26,Net 30 Days,,11000,27600.00,,,FALSE,,FALSE,,FALSE,,1,1,0,FALSE,FALSE,1.00,,MENACTRA (R),,0,MENACTRA,40505,,27600.00,1,"07/25,.",0.00,-27600.00,12305,,50705,,<Each>,1.00,1.00,27600.00,24500.00,,,34,64,,,,0.00,0,0
Sundry,Sundry,52144,,FALSE,FALSE,6/5/26,,FALSE,,,FALSE,,,,,,,,,Airborne,,7/5/26,0.00,6/5/26,Net 30 Days,,11000,37230.00,,Mrs Ewurum M&C Omole,FALSE,,FALSE,,FALSE,,1,1,0,FALSE,FALSE,1.00,,Avaxim 160 0.5ML (E),,0,Avaxim 160 0.5ML,40200,,37230.00,1,8/24..,0.00,-37230.00,12100,,50500,,<Each>,1.00,1.00,37230.00,30845.11,,,34,65,,,,0.00,0,0
Pill Box,Pill Box px.,52145,,FALSE,FALSE,6/5/26,,FALSE,,,FALSE,,"4, OLUMO STREET,IWAYA",,,,,,,Hand Delivery,,7/5/26,0.00,6/5/26,Net 30 Days,,11000,115681.00,,,FALSE,,FALSE,,FALSE,,3,1,0,FALSE,FALSE,2.00,,Avaxim inj. Ped (Q),,0,Avaxim inj. Ped,40200,,21673.00,1,"09/23...,",0.00,-43346.00,12100,,50500,,<Each>,1.00,2.00,21673.00,34778.00,,,34,66,,,,0.00,0,0
Pill Box,Pill Box px.,52145,,FALSE,FALSE,6/5/26,,FALSE,,,FALSE,,"4, OLUMO STREET,IWAYA",,,,,,,Hand Delivery,,7/5/26,0.00,6/5/26,Net 30 Days,,11000,115681.00,,,FALSE,,FALSE,,FALSE,,3,2,0,FALSE,FALSE,1.00,,CERVARIX 0.5ml(H),,0,CERVARIX 0.5ml,40300,,53295.00,1,02/2024.....,0.00,-53295.00,12150,,50550,,<Each>,1.00,1.00,53295.00,48430.00,,,34,66,,,,0.00,0,0
Pill Box,Pill Box px.,52145,,FALSE,FALSE,6/5/26,,FALSE,,,FALSE,,"4, OLUMO STREET,IWAYA",,,,,,,Hand Delivery,,7/5/26,0.00,6/5/26,Net 30 Days,,11000,115681.00,,,FALSE,,FALSE,,FALSE,,3,3,0,FALSE,FALSE,1.00,,VARIRID(C),,0,VARIRID,49907,,19040.00,1,03/25,0.00,-19040.00,12363,,59910,,<Each>,1.00,1.00,19040.00,14682.63,,,34,66,,,,0.00,0,0
AB 10 Hospital,AB 10 Hospital,52146,,FALSE,FALSE,6/5/26,,FALSE,,,FALSE,,"Karaole Estate, Ogba off","College Road, Ifako Ijaye",Lagos,,,,,Cust. Pickup,,6/5/26,0.00,6/5/26,C.O.D.,,11000,152520.00,,,FALSE,,FALSE,,FALSE,,4,1,0,FALSE,FALSE,1.00,,PRIORIX (H),,0,PRIORIX,40501,,17850.00,1,08/24....,0.00,-17850.00,12301,,50701,,<Each>,1.00,1.00,17850.00,16658.00,,,34,67,,,,0.00,0,0
AB 10 Hospital,AB 10 Hospital,52146,,FALSE,FALSE,6/5/26,,FALSE,,,FALSE,,"Karaole Estate, Ogba off","College Road, Ifako Ijaye",Lagos,,,,,Cust. Pickup,,6/5/26,0.00,6/5/26,C.O.D.,,11000,152520.00,,,FALSE,,FALSE,,FALSE,,4,2,0,FALSE,FALSE,3.00,,VARIRID(C),,0,VARIRID,49907,,20435.00,1,03/25,0.00,-61305.00,12363,,59910,,<Each>,1.00,3.00,20435.00,44047.89,,,34,67,,,,0.00,0,0
AB 10 Hospital,AB 10 Hospital,52146,,FALSE,FALSE,6/5/26,,FALSE,,,FALSE,,"Karaole Estate, Ogba off","College Road, Ifako Ijaye",Lagos,,,,,Cust. Pickup,,6/5/26,0.00,6/5/26,C.O.D.,,11000,152520.00,,,FALSE,,FALSE,,FALSE,,4,3,0,FALSE,FALSE,3.00,,Euvichol - S,,0,Euvichol - S,49921,,12920.00,1,10/25,0.00,-38760.00,12377,,59924,,<Each>,1.00,3.00,12920.00,28183.74,,,34,67,,,,0.00,0,0
AB 10 Hospital,AB 10 Hospital,52146,,FALSE,FALSE,6/5/26,,FALSE,,,FALSE,,"Karaole Estate, Ogba off","College Road, Ifako Ijaye",Lagos,,,,,Cust. Pickup,,6/5/26,0.00,6/5/26,C.O.D.,,11000,152520.00,,,FALSE,,FALSE,,FALSE,,4,4,0,FALSE,FALSE,1.00,,PREVENAR 13 (X),,0,PREVENAR  13,40510,,34605.00,1,"11/24,,",0.00,-34605.00,12310,,50710,,<Each>,1.00,1.00,34605.00,31436.00,,,34,67,,,,0.00,0,0
Sundry,Sundry,52147,,FALSE,FALSE,6/5/26,,FALSE,,,FALSE,,,,,,,,,Airborne,,7/5/26,0.00,6/5/26,Net 30 Days,,11000,71202.00,,Ezinwa Novo 09139048888 Sapphire Gardens Estate after Coscharis Dealership Awoyaya after Ajah Lagos,FALSE,,FALSE,,FALSE,,1,1,0,FALSE,FALSE,1.00,,NOVOMIX30 FLEXPEN(Y),,0,NOVOMIX 30 FLEXPEN 100U,40523,,71202.00,1,"03/25.,",0.00,-71202.00,12323,,50723,,<Each>,1.00,1.00,71202.00,61915.00,,,34,68,,,,0.00,0,0
Mother & Child,Mother & Child  Hospital,52148,,FALSE,FALSE,6/5/26,,FALSE,,,FALSE,,"39, ADENIYI JONES AVENUUE",OBA ANKRA.  IKEJA,,,,,,Hand Delivery,,7/5/26,0.00,6/5/26,Net 30 Days,,11000,1115275.00,,Omole,FALSE,,FALSE,,FALSE,,3,1,0,FALSE,FALSE,20.00,,Euvichol - S,,0,Euvichol - S,49921,,12918.00,1,10/25,0.00,-258360.00,12377,,59924,,<Each>,1.00,20.00,12918.00,187891.60,,,34,69,,,,0.00,0,0
Mother & Child,Mother & Child  Hospital,52148,,FALSE,FALSE,6/5/26,,FALSE,,,FALSE,,"39, ADENIYI JONES AVENUUE",OBA ANKRA.  IKEJA,,,,,,Hand Delivery,,7/5/26,0.00,6/5/26,Net 30 Days,,11000,1115275.00,,Omole,FALSE,,FALSE,,FALSE,,3,2,0,FALSE,FALSE,25.00,,VARIRID(C),,0,VARIRID,49907,,20435.00,1,03/25,0.00,-510875.00,12363,,59910,,<Each>,1.00,25.00,20435.00,367065.75,,,34,69,,,,0.00,0,0
Mother & Child,Mother & Child  Hospital,52148,,FALSE,FALSE,6/5/26,,FALSE,,,FALSE,,"39, ADENIYI JONES AVENUUE",OBA ANKRA.  IKEJA,,,,,,Hand Delivery,,7/5/26,0.00,6/5/26,Net 30 Days,,11000,1115275.00,,Omole,FALSE,,FALSE,,FALSE,,3,4,0,FALSE,FALSE,10.00,,PREVENAR 13 (X),,0,PREVENAR  13,40510,,34604.00,1,"11/24,,",0.00,-346040.00,12310,,50710,,<Each>,1.00,10.00,34604.00,314360.00,,,34,69,,,,0.00,0,0
Mother & Child,Mother & Child  Hospital,52149,,FALSE,FALSE,6/5/26,,FALSE,,,FALSE,,"39, ADENIYI JONES AVENUUE",OBA ANKRA.  IKEJA,,,,,,Hand Delivery,,7/5/26,0.00,6/5/26,Net 30 Days,,11000,1268345.00,,Ikeja,FALSE,,FALSE,,FALSE,,4,1,0,FALSE,FALSE,30.00,,Euvichol - S,,0,Euvichol - S,49921,,12918.00,1,10/25,0.00,-387540.00,12377,,59924,,<Each>,1.00,30.00,12918.00,281837.40,,,34,70,,,,0.00,0,0
Mother & Child,Mother & Child  Hospital,52149,,FALSE,FALSE,6/5/26,,FALSE,,,FALSE,,"39, ADENIYI JONES AVENUUE",OBA ANKRA.  IKEJA,,,,,,Hand Delivery,,7/5/26,0.00,6/5/26,Net 30 Days,,11000,1268345.00,,Ikeja,FALSE,,FALSE,,FALSE,,4,2,0,FALSE,FALSE,15.00,,VARIRID(C),,0,VARIRID,49907,,20435.00,1,03/25,0.00,-306525.00,12363,,59910,,<Each>,1.00,15.00,20435.00,220239.45,,,34,70,,,,0.00,0,0
Mother & Child,Mother & Child  Hospital,52149,,FALSE,FALSE,6/5/26,,FALSE,,,FALSE,,"39, ADENIYI JONES AVENUUE",OBA ANKRA.  IKEJA,,,,,,Hand Delivery,,7/5/26,0.00,6/5/26,Net 30 Days,,11000,1268345.00,,Ikeja,FALSE,,FALSE,,FALSE,,4,4,0,FALSE,FALSE,10.00,,Avaxim inj. Ped (Q),,0,Avaxim inj. Ped,40200,,22824.00,1,"09/23...,",0.00,-228240.00,12100,,50500,,<Each>,1.00,10.00,22824.00,173890.00,,,34,70,,,,0.00,0,0
Mother & Child,Mother & Child  Hospital,52149,,FALSE,FALSE,6/5/26,,FALSE,,,FALSE,,"39, ADENIYI JONES AVENUUE",OBA ANKRA.  IKEJA,,,,,,Hand Delivery,,7/5/26,0.00,6/5/26,Net 30 Days,,11000,1268345.00,,Ikeja,FALSE,,FALSE,,FALSE,,4,5,0,FALSE,FALSE,10.00,,PREVENAR 13 (X),,0,PREVENAR  13,40510,,34604.00,1,"11/24,,",0.00,-346040.00,12310,,50710,,<Each>,1.00,10.00,34604.00,314360.00,,,34,70,,,,0.00,0,0
Matron Okeke,Matron Okeke C/O Lagoon Hx,52150,,FALSE,FALSE,6/5/26,,FALSE,,,FALSE,Matron Okeke C/O Lagoon Hx,Adeniyi Jones Ikeja,08034799883,,,,,,Hand Delivery,,6/5/26,0.00,6/5/26,C.O.D.,,11000,38285.00,,Deliver to Nurse Ayanwu Lagoon Hx Adeniyi Jones 09161568349,FALSE,,FALSE,,FALSE,,2,1,0,FALSE,FALSE,1.00,,PRIORIX (H),,0,PRIORIX,40501,,17850.00,1,08/24....,0.00,-17850.00,12301,,50701,,<Each>,1.00,1.00,17850.00,16658.00,,,34,71,,,,0.00,0,0
Matron Okeke,Matron Okeke C/O Lagoon Hx,52150,,FALSE,FALSE,6/5/26,,FALSE,,,FALSE,Matron Okeke C/O Lagoon Hx,Adeniyi Jones Ikeja,08034799883,,,,,,Hand Delivery,,6/5/26,0.00,6/5/26,C.O.D.,,11000,38285.00,,Deliver to Nurse Ayanwu Lagoon Hx Adeniyi Jones 09161568349,FALSE,,FALSE,,FALSE,,2,2,0,FALSE,FALSE,1.00,,VARIRID(C),,0,VARIRID,49907,,20435.00,1,03/25,0.00,-20435.00,12363,,59910,,<Each>,1.00,1.00,20435.00,14682.63,,,34,71,,,,0.00,0,0
Provita Clinic,Provita Clinic,52151,,FALSE,FALSE,6/5/26,,FALSE,,,FALSE,Provita Clinic,"No 1 Lagos,  Kaly Reastuarant","Akin Adesola Street, V.I",,,,08055553074,,Hand Delivery,,6/5/26,0.00,6/5/26,C.O.D.,,11000,82800.00,,,FALSE,,FALSE,,FALSE,,1,1,0,FALSE,FALSE,3.00,,MENACTRA (R),,0,MENACTRA,40505,,27600.00,1,"07/25,.",0.00,-82800.00,12305,,50705,,<Each>,1.00,3.00,27600.00,73500.00,,,34,72,,,,0.00,0,0
Duchess Hospital,Duchess Hospital,52152,,FALSE,FALSE,6/5/26,,FALSE,,,FALSE,Duchess Hospital,"22A, Joel Ogunaike Street",Ikeja G.R.A,,,,,,Hand Deliver,,6/5/26,0.00,6/5/26,C.O.D.,,11000,308660.00,,,FALSE,,FALSE,,FALSE,,1,1,0,FALSE,FALSE,10.00,,Tresiba (K),,0,Tresiba,40545,,30866.00,1,06/25..,0.00,-308660.00,12345,,50745,,<Each>,1.00,10.00,30866.00,280600.00,,,34,73,,,,0.00,0,0
EXC Pharmarcy,EXC Pharmarcy,52153,,FALSE,FALSE,6/5/26,,FALSE,,,FALSE,EXC Pharmarcy,"3, dan okehi street,","off okpanam road, asaba.",08039613648,,,,,Hand Delivery,,6/5/26,0.00,6/5/26,C.O.D.,,11000,233120.00,,,FALSE,,FALSE,,FALSE,,1,1,0,FALSE,FALSE,10.00,,STAMARIL 1 VIAL (E),,0,STAMARIL 1 VIAL,40521,,23312.00,1,05//24,0.00,-233120.00,12321,,50721,,<Each>,1.00,10.00,23312.00,207230.00,,,34,74,,,,0.00,0,0
Sundry,Sundry,52154,,FALSE,FALSE,6/5/26,,FALSE,,,FALSE,,,,,,,,,Hand Delivery,,7/5/26,0.00,6/5/26,Net 30 Days,,11000,71205.00,,Mrs illo 08033053732 Ikeja,FALSE,,FALSE,,FALSE,,1,1,0,FALSE,FALSE,1.00,,NOVOMIX30 FLEXPEN(Y),,0,NOVOMIX 30 FLEXPEN 100U,40523,,71205.00,1,"03/25.,",0.00,-71205.00,12323,,50723,,<Each>,1.00,1.00,71205.00,61915.00,,,34,75,,,,0.00,0,0
Ayodele Hospital,Ayodele Hospital,52155,,FALSE,FALSE,6/8/26,,FALSE,,,FALSE,,"Ayodele Close,Off Johnathan","Coker Road,Ijaiye LAGOS",Fagba,,,Fagba,,Airborne,,7/8/26,0.00,6/8/26,Net 30 Days,,11000,320070.00,,,FALSE,,FALSE,,FALSE,,2,1,0,FALSE,FALSE,2.00,,Tavanic Infusion (M),,0,Tavanic Infusion (L),49600,,57860.00,1,"01/25  ,..",0.00,-115720.00,12353,,50749,,<Each>,1.00,2.00,57860.00,65520.00,,,34,76,,,,0.00,0,0
Ayodele Hospital,Ayodele Hospital,52155,,FALSE,FALSE,6/8/26,,FALSE,,,FALSE,,"Ayodele Close,Off Johnathan","Coker Road,Ijaiye LAGOS",Fagba,,,Fagba,,Airborne,,7/8/26,0.00,6/8/26,Net 30 Days,,11000,320070.00,,,FALSE,,FALSE,,FALSE,,2,2,0,FALSE,FALSE,10.00,,VARIRID(C),,0,VARIRID,49907,,20435.00,1,03/25,0.00,-204350.00,12363,,59910,,<Each>,1.00,10.00,20435.00,146826.30,,,34,76,,,,0.00,0,0
St Agnes Hospital,St Agnes Hospital,52156,,FALSE,FALSE,6/8/26,,FALSE,,,FALSE,,"2, Ikorodu Road",,MaryLand,,,,,Hand Delivery,,7/8/26,0.00,6/8/26,Net 30 Days,,11000,278450.00,,,FALSE,,FALSE,,FALSE,,1,1,0,FALSE,FALSE,5.00,,CERVARIX 0.5ml(H),,0,CERVARIX 0.5ml,40300,,55690.00,1,02/2024.....,0.00,-278450.00,12150,,50550,,<Each>,1.00,5.00,55690.00,242150.00,,,34,77,,,,0.00,0,0
X-Serve Children's,X-Serve Children's Hospital,52157,,FALSE,FALSE,6/8/26,,FALSE,,,FALSE,X-Serve Children's Hospital,"House 3C, Chevron Alt Route",Beside Waterbrook School,,,,Lekki,,Hand Delivery,,6/8/26,0.00,6/8/26,C.O.D.,,11000,201666.00,,,FALSE,,FALSE,,FALSE,,4,1,0,FALSE,FALSE,3.00,,PRIORIX (H),,0,PRIORIX,40501,,17850.00,1,08/24....,0.00,-53550.00,12301,,50701,,<Each>,1.00,3.00,17850.00,49974.00,,,34,78,,,,0.00,0,0
X-Serve Children's,X-Serve Children's Hospital,52157,,FALSE,FALSE,6/8/26,,FALSE,,,FALSE,X-Serve Children's Hospital,"House 3C, Chevron Alt Route",Beside Waterbrook School,,,,Lekki,,Hand Delivery,,6/8/26,0.00,6/8/26,C.O.D.,,11000,201666.00,,,FALSE,,FALSE,,FALSE,,4,2,0,FALSE,FALSE,3.00,,VARICELLA (F),,0,Varicella,40530,,29850.00,1,"07/24,,",0.00,-89550.00,12330,,50730,,<Each>,1.00,3.00,29850.00,66420.00,,,34,78,,,,0.00,0,0
X-Serve Children's,X-Serve Children's Hospital,52157,,FALSE,FALSE,6/8/26,,FALSE,,,FALSE,X-Serve Children's Hospital,"House 3C, Chevron Alt Route",Beside Waterbrook School,,,,Lekki,,Hand Delivery,,6/8/26,0.00,6/8/26,C.O.D.,,11000,201666.00,,,FALSE,,FALSE,,FALSE,,4,3,0,FALSE,FALSE,2.00,,Avaxim inj. Ped (Q),,0,Avaxim inj. Ped,40200,,22824.00,1,"09/23...,",0.00,-45648.00,12100,,50500,,<Each>,1.00,2.00,22824.00,34778.00,,,34,78,,,,0.00,0,0
X-Serve Children's,X-Serve Children's Hospital,52157,,FALSE,FALSE,6/8/26,,FALSE,,,FALSE,X-Serve Children's Hospital,"House 3C, Chevron Alt Route",Beside Waterbrook School,,,,Lekki,,Hand Delivery,,6/8/26,0.00,6/8/26,C.O.D.,,11000,201666.00,,,FALSE,,FALSE,,FALSE,,4,4,0,FALSE,FALSE,1.00,,Euvichol - S,,0,Euvichol - S,49921,,12918.00,1,10/25,0.00,-12918.00,12377,,59924,,<Each>,1.00,1.00,12918.00,9394.58,,,34,78,,,,0.00,0,0
PeaceMaker Pharmacy,Peace Maker Pharmacy,52158,,FALSE,FALSE,6/8/26,,FALSE,,,FALSE,Peace Maker Pharmacy,"Illishan Road, Shagamu.",09031178440,,,,,,Hand Delivery,,6/8/26,0.00,6/8/26,C.O.D.,,11000,142524.00,,,FALSE,,FALSE,,FALSE,,5,1,0,FALSE,FALSE,2.00,,Vaxigrip Tetra(Q),,0,Vaxigrip Tetra,40544,,13200.00,1,01/26,0.00,-26400.00,12344,,50744,,<Each>,1.00,2.00,13200.00,24000.00,,,34,79,,,,0.00,0,0
PeaceMaker Pharmacy,Peace Maker Pharmacy,52158,,FALSE,FALSE,6/8/26,,FALSE,,,FALSE,Peace Maker Pharmacy,"Illishan Road, Shagamu.",09031178440,,,,,,Hand Delivery,,6/8/26,0.00,6/8/26,C.O.D.,,11000,142524.00,,,FALSE,,FALSE,,FALSE,,5,2,0,FALSE,FALSE,1.00,,VARIRID(C),,0,VARIRID,49907,,19040.00,1,03/25,0.00,-19040.00,12363,,59910,,<Each>,1.00,1.00,19040.00,14682.63,,,34,79,,,,0.00,0,0
PeaceMaker Pharmacy,Peace Maker Pharmacy,52158,,FALSE,FALSE,6/8/26,,FALSE,,,FALSE,Peace Maker Pharmacy,"Illishan Road, Shagamu.",09031178440,,,,,,Hand Delivery,,6/8/26,0.00,6/8/26,C.O.D.,,11000,142524.00,,,FALSE,,FALSE,,FALSE,,5,3,0,FALSE,FALSE,1.00,,HEXAXIM (Q),,0,HEXAXIM,40548,,33620.00,1,04/24.....,0.00,-33620.00,12352,,50748,,<Each>,1.00,1.00,33620.00,30772.00,,,34,79,,,,0.00,0,0
PeaceMaker Pharmacy,Peace Maker Pharmacy,52158,,FALSE,FALSE,6/8/26,,FALSE,,,FALSE,Peace Maker Pharmacy,"Illishan Road, Shagamu.",09031178440,,,,,,Hand Delivery,,6/8/26,0.00,6/8/26,C.O.D.,,11000,142524.00,,,FALSE,,FALSE,,FALSE,,5,4,0,FALSE,FALSE,1.00,,PREVENAR 13 (X),,0,PREVENAR  13,40510,,34604.00,1,"11/24,,",0.00,-34604.00,12310,,50710,,<Each>,1.00,1.00,34604.00,31436.00,,,34,79,,,,0.00,0,0
PeaceMaker Pharmacy,Peace Maker Pharmacy,52158,,FALSE,FALSE,6/8/26,,FALSE,,,FALSE,Peace Maker Pharmacy,"Illishan Road, Shagamu.",09031178440,,,,,,Hand Delivery,,6/8/26,0.00,6/8/26,C.O.D.,,11000,142524.00,,,FALSE,,FALSE,,FALSE,,5,5,0,FALSE,FALSE,1.00,,ROTARIX(M),,0,ROTARIX,40508,,28860.00,1,02/24.',0.00,-28860.00,12308,,50708,,<Each>,1.00,1.00,28860.00,25207.00,,,34,79,,,,0.00,0,0
Renew Pharmacy,Renew Pharmacy,52159,,FALSE,FALSE,6/8/26,,FALSE,,,FALSE,Renew Pharmacy,"15,Ijaiye Street Iju",07064197409,Ishaga,,,,,Hand Delivery,,6/8/26,0.00,6/8/26,C.O.D.,,11000,81693.00,,,FALSE,,FALSE,,FALSE,,3,1,0,FALSE,FALSE,1.00,,HEXAXIM (Q),,0,HEXAXIM,40548,,33620.00,1,04/24.....,0.00,-33620.00,12352,,50748,,<Each>,1.00,1.00,33620.00,30772.00,,,34,80,,,,0.00,0,0
Renew Pharmacy,Renew Pharmacy,52159,,FALSE,FALSE,6/8/26,,FALSE,,,FALSE,Renew Pharmacy,"15,Ijaiye Street Iju",07064197409,Ishaga,,,,,Hand Delivery,,6/8/26,0.00,6/8/26,C.O.D.,,11000,81693.00,,,FALSE,,FALSE,,FALSE,,3,2,0,FALSE,FALSE,1.00,,Avaxim inj. Ped (Q),,0,Avaxim inj. Ped,40200,,21673.00,1,"09/23...,",0.00,-21673.00,12100,,50500,,<Each>,1.00,1.00,21673.00,17389.00,,,34,80,,,,0.00,0,0
Renew Pharmacy,Renew Pharmacy,52159,,FALSE,FALSE,6/8/26,,FALSE,,,FALSE,Renew Pharmacy,"15,Ijaiye Street Iju",07064197409,Ishaga,,,,,Hand Delivery,,6/8/26,0.00,6/8/26,C.O.D.,,11000,81693.00,,,FALSE,,FALSE,,FALSE,,3,3,0,FALSE,FALSE,1.00,,MENACTRA (R),,0,MENACTRA,40505,,26400.00,1,"07/25,.",0.00,-26400.00,12305,,50705,,<Each>,1.00,1.00,26400.00,24500.00,,,34,80,,,,0.00,0,0
Nurse Taiwo Ifako,Nurse Taiwo Ifako,52160,,FALSE,FALSE,6/8/26,,FALSE,,,FALSE,Nurse Taiwo Ifako,07032048506.,,,,,,,Hand Delivery,,6/8/26,0.00,6/8/26,C.O.D.,,11000,51205.00,,,FALSE,,FALSE,,FALSE,,3,1,0,FALSE,FALSE,1.00,,VARIRID(C),,0,VARIRID,49907,,20435.00,1,03/25,0.00,-20435.00,12363,,59910,,<Each>,1.00,1.00,20435.00,14682.63,,,34,81,,,,0.00,0,0
Nurse Taiwo Ifako,Nurse Taiwo Ifako,52160,,FALSE,FALSE,6/8/26,,FALSE,,,FALSE,Nurse Taiwo Ifako,07032048506.,,,,,,,Hand Delivery,,6/8/26,0.00,6/8/26,C.O.D.,,11000,51205.00,,,FALSE,,FALSE,,FALSE,,3,2,0,FALSE,FALSE,1.00,,PRIORIX (H),,0,PRIORIX,40501,,17850.00,1,08/24....,0.00,-17850.00,12301,,50701,,<Each>,1.00,1.00,17850.00,16658.00,,,34,81,,,,0.00,0,0
Nurse Taiwo Ifako,Nurse Taiwo Ifako,52160,,FALSE,FALSE,6/8/26,,FALSE,,,FALSE,Nurse Taiwo Ifako,07032048506.,,,,,,,Hand Delivery,,6/8/26,0.00,6/8/26,C.O.D.,,11000,51205.00,,,FALSE,,FALSE,,FALSE,,3,3,0,FALSE,FALSE,1.00,,Euvichol - S,,0,Euvichol - S,49921,,12920.00,1,10/25,0.00,-12920.00,12377,,59924,,<Each>,1.00,1.00,12920.00,9394.58,,,34,81,,,,0.00,0,0
Blue Gate Pharmacy,Blue Gate Pharmacy,52161,,FALSE,FALSE,6/8/26,,FALSE,,,FALSE,,7035682637,4th Avenue Junction,FESTAC,,,,,Hand Delivery,,7/8/26,0.00,6/8/26,Net 30 Days,,11000,279664.00,,,FALSE,,FALSE,,FALSE,,3,1,0,FALSE,FALSE,6.00,,Avaxim inj. Ped (Q),,0,Avaxim inj. Ped,40200,,20000.00,1,"09/23...,",0.00,-120000.00,12100,,50500,,<Each>,1.00,6.00,20000.00,104334.00,,,34,82,,,,0.00,0,0
Blue Gate Pharmacy,Blue Gate Pharmacy,52161,,FALSE,FALSE,6/8/26,,FALSE,,,FALSE,,7035682637,4th Avenue Junction,FESTAC,,,,,Hand Delivery,,7/8/26,0.00,6/8/26,Net 30 Days,,11000,279664.00,,,FALSE,,FALSE,,FALSE,,3,2,0,FALSE,FALSE,4.00,,TYPHIM (O),,0,TYPHIM,40500,,13516.00,1,"11/23,..",0.00,-54064.00,12300,,50700,,<Each>,1.00,4.00,13516.00,41568.00,,,34,82,,,,0.00,0,0
Blue Gate Pharmacy,Blue Gate Pharmacy,52161,,FALSE,FALSE,6/8/26,,FALSE,,,FALSE,,7035682637,4th Avenue Junction,FESTAC,,,,,Hand Delivery,,7/8/26,0.00,6/8/26,Net 30 Days,,11000,279664.00,,,FALSE,,FALSE,,FALSE,,3,3,0,FALSE,FALSE,4.00,,MENACTRA (R),,0,MENACTRA,40505,,26400.00,1,"07/25,.",0.00,-105600.00,12305,,50705,,<Each>,1.00,4.00,26400.00,98000.00,,,34,82,,,,0.00,0,0
Pure Heart Wellness,Pure Heart Wellness Solution Clinic,52162,,FALSE,FALSE,6/8/26,,FALSE,,,FALSE,Matron ipaye,"48,Oluwaleimu Street,Off Amore","Washaman Building, 1st Floor",Ikeja,,08168511435,,,Cust. Pickup,,6/8/26,0.00,6/8/26,C.O.D.,,11000,55690.00,,,FALSE,,FALSE,,FALSE,,1,2,0,FALSE,FALSE,1.00,,CERVARIX 0.5ml(H),,0,CERVARIX 0.5ml,40300,,55690.00,1,02/2024.....,0.00,-55690.00,12150,,50550,,<Each>,1.00,1.00,55690.00,48430.00,,,34,83,,,,0.00,0,0
B.J Pharmacy,B.J Pharmacy,52163,,FALSE,FALSE,6/8/26,,FALSE,,,FALSE,,8157074742,Costain Bustop,Costain,,,,,Airborne,,7/8/26,0.00,6/8/26,Net 30 Days,,11000,106590.00,,,FALSE,,FALSE,,FALSE,,1,1,0,FALSE,FALSE,2.00,,CERVARIX 0.5ml(H),,0,CERVARIX 0.5ml,40300,,53295.00,1,02/2024.....,0.00,-106590.00,12150,,50550,,<Each>,1.00,2.00,53295.00,96860.00,,,34,84,,,,0.00,0,0
Reddington Hospital,Reddington Hospital,52164,,FALSE,FALSE,6/8/26,,FALSE,,,FALSE,,"39, Isaac Jone Street,",Ikeja GRA.,IKEJA,,,,,Hand Delivery,,7/8/26,0.00,6/8/26,Net 30 Days,,11000,702318.00,,,FALSE,,FALSE,,FALSE,,8,1,0,FALSE,FALSE,3.00,,PREVENAR 13 (X),,0,PREVENAR  13,40510,,36680.00,1,"11/24,,",0.00,-110040.00,12310,,50710,,<Each>,1.00,3.00,36680.00,94308.00,,,34,85,,,,0.00,0,0
Reddington Hospital,Reddington Hospital,52164,,FALSE,FALSE,6/8/26,,FALSE,,,FALSE,,"39, Isaac Jone Street,",Ikeja GRA.,IKEJA,,,,,Hand Delivery,,7/8/26,0.00,6/8/26,Net 30 Days,,11000,702318.00,,,FALSE,,FALSE,,FALSE,,8,2,0,FALSE,FALSE,5.00,,HEXAXIM (Q),,0,HEXAXIM,40548,,36934.00,1,04/24.....,0.00,-184670.00,12352,,50748,,<Each>,1.00,5.00,36934.00,153860.00,,,34,85,,,,0.00,0,0
Reddington Hospital,Reddington Hospital,52164,,FALSE,FALSE,6/8/26,,FALSE,,,FALSE,,"39, Isaac Jone Street,",Ikeja GRA.,IKEJA,,,,,Hand Delivery,,7/8/26,0.00,6/8/26,Net 30 Days,,11000,702318.00,,,FALSE,,FALSE,,FALSE,,8,3,0,FALSE,FALSE,2.00,,CERVARIX 0.5ml(H),,0,CERVARIX 0.5ml,40300,,59032.00,1,02/2024.....,0.00,-118064.00,12150,,50550,,<Each>,1.00,2.00,59032.00,96860.00,,,34,85,,,,0.00,0,0
Reddington Hospital,Reddington Hospital,52164,,FALSE,FALSE,6/8/26,,FALSE,,,FALSE,,"39, Isaac Jone Street,",Ikeja GRA.,IKEJA,,,,,Hand Delivery,,7/8/26,0.00,6/8/26,Net 30 Days,,11000,702318.00,,,FALSE,,FALSE,,FALSE,,8,4,0,FALSE,FALSE,2.00,,Vaxigrip Tetra(Q),,0,Vaxigrip Tetra,40544,,14628.00,1,01/26,0.00,-29256.00,12344,,50744,,<Each>,1.00,2.00,14628.00,24000.00,,,34,85,,,,0.00,0,0
Reddington Hospital,Reddington Hospital,52164,,FALSE,FALSE,6/8/26,,FALSE,,,FALSE,,"39, Isaac Jone Street,",Ikeja GRA.,IKEJA,,,,,Hand Delivery,,7/8/26,0.00,6/8/26,Net 30 Days,,11000,702318.00,,,FALSE,,FALSE,,FALSE,,8,5,0,FALSE,FALSE,4.00,,PRIORIX (H),,0,PRIORIX,40501,,18921.00,1,08/24....,0.00,-75684.00,12301,,50701,,<Each>,1.00,4.00,18921.00,66632.00,,,34,85,,,,0.00,0,0
Reddington Hospital,Reddington Hospital,52164,,FALSE,FALSE,6/8/26,,FALSE,,,FALSE,,"39, Isaac Jone Street,",Ikeja GRA.,IKEJA,,,,,Hand Delivery,,7/8/26,0.00,6/8/26,Net 30 Days,,11000,702318.00,,,FALSE,,FALSE,,FALSE,,8,6,0,FALSE,FALSE,1.00,,MENACTRA (R),,0,MENACTRA,40505,,29256.00,1,"07/25,.",0.00,-29256.00,12305,,50705,,<Each>,1.00,1.00,29256.00,24500.00,,,34,85,,,,0.00,0,0
Reddington Hospital,Reddington Hospital,52164,,FALSE,FALSE,6/8/26,,FALSE,,,FALSE,,"39, Isaac Jone Street,",Ikeja GRA.,IKEJA,,,,,Hand Delivery,,7/8/26,0.00,6/8/26,Net 30 Days,,11000,702318.00,,,FALSE,,FALSE,,FALSE,,8,7,0,FALSE,FALSE,4.00,,VARIRID(C),,0,VARIRID,49907,,21665.00,1,03/25,0.00,-86660.00,12363,,59910,,<Each>,1.00,4.00,21665.00,58730.52,,,34,85,,,,0.00,0,0
Reddington Hospital,Reddington Hospital,52164,,FALSE,FALSE,6/8/26,,FALSE,,,FALSE,,"39, Isaac Jone Street,",Ikeja GRA.,IKEJA,,,,,Hand Delivery,,7/8/26,0.00,6/8/26,Net 30 Days,,11000,702318.00,,,FALSE,,FALSE,,FALSE,,8,8,0,FALSE,FALSE,1.00,,LANTUS SOLOST300I(Q),,0,LANTUS SOLOSTAR 300IU,40536,,68688.00,1,08/25.',0.00,-68688.00,12336,,50736,,<Each>,1.00,1.00,68688.00,58800.00,,,34,85,,,,0.00,0,0
County Hospital,County Hospital,52165,,FALSE,FALSE,6/8/26,,FALSE,,,FALSE,,43/45 Isheri Road,Ogba,OGBA,,,,,Cust. Pickup,,7/8/26,0.00,6/8/26,Net 30 Days,,11000,281590.00,,,FALSE,,FALSE,,FALSE,,4,1,0,FALSE,FALSE,4.00,,PRIORIX (H),,0,PRIORIX,40501,,17850.00,1,08/24....,0.00,-71400.00,12301,,50701,,<Each>,1.00,4.00,17850.00,66632.00,,,34,86,,,,0.00,0,0
County Hospital,County Hospital,52165,,FALSE,FALSE,6/8/26,,FALSE,,,FALSE,,43/45 Isheri Road,Ogba,OGBA,,,,,Cust. Pickup,,7/8/26,0.00,6/8/26,Net 30 Days,,11000,281590.00,,,FALSE,,FALSE,,FALSE,,4,2,0,FALSE,FALSE,4.00,,VARIRID(C),,0,VARIRID,49907,,20435.00,1,03/25,0.00,-81740.00,12363,,59910,,<Each>,1.00,4.00,20435.00,58730.52,,,34,86,,,,0.00,0,0
County Hospital,County Hospital,52165,,FALSE,FALSE,6/8/26,,FALSE,,,FALSE,,43/45 Isheri Road,Ogba,OGBA,,,,,Cust. Pickup,,7/8/26,0.00,6/8/26,Net 30 Days,,11000,281590.00,,,FALSE,,FALSE,,FALSE,,4,3,0,FALSE,FALSE,6.00,,Vaxigrip Tetra(Q),,0,Vaxigrip Tetra,40544,,13800.00,1,01/26,0.00,-82800.00,12344,,50744,,<Each>,1.00,6.00,13800.00,72000.00,,,34,86,,,,0.00,0,0
County Hospital,County Hospital,52165,,FALSE,FALSE,6/8/26,,FALSE,,,FALSE,,43/45 Isheri Road,Ogba,OGBA,,,,,Cust. Pickup,,7/8/26,0.00,6/8/26,Net 30 Days,,11000,281590.00,,,FALSE,,FALSE,,FALSE,,4,4,0,FALSE,FALSE,2.00,,Avaxim inj. Ped (Q),,0,Avaxim inj. Ped,40200,,22825.00,1,"09/23...,",0.00,-45650.00,12100,,50500,,<Each>,1.00,2.00,22825.00,34778.00,,,34,86,,,,0.00,0,0
Flexi Pharma,Flexi Pharma,52166,,FALSE,FALSE,6/8/26,,FALSE,,,FALSE,Flexi Pharma,"27, Acme Road, Ogba Ikeja",08136258878,,,,,,Cust. Pickup,,6/8/26,0.00,6/8/26,C.O.D.,,11000,347149.00,,,FALSE,,FALSE,,FALSE,,1,1,0,FALSE,FALSE,19.00,,CLEXANE 40mg(Z)iii,,0,CLEXANE 40mg,40538,,18271.00,1,"06/25..,",0.00,-347149.00,12338,,50738,,<Each>,1.00,19.00,18271.00,315590.00,,,34,87,,,,0.00,0,0
May Central,May Central,52168,,FALSE,FALSE,6/9/26,,FALSE,,,FALSE,,,,,,,,,Hand Delivery,,7/9/26,0.00,6/9/26,Net 30 Days,,11000,1242000.00,,,FALSE,,FALSE,,FALSE,,2,1,0,FALSE,FALSE,30.00,,Vaxigrip Tetra(Q),,0,Vaxigrip Tetra,40544,,13800.00,1,01/26,0.00,-414000.00,12344,,50744,,<Each>,1.00,30.00,13800.00,360000.00,,,34,89,,,,0.00,0,0
May Central,May Central,52168,,FALSE,FALSE,6/9/26,,FALSE,,,FALSE,,,,,,,,,Hand Delivery,,7/9/26,0.00,6/9/26,Net 30 Days,,11000,1242000.00,,,FALSE,,FALSE,,FALSE,,2,2,0,FALSE,FALSE,30.00,,MENACTRA (R),,0,MENACTRA,40505,,27600.00,1,"07/25,.",0.00,-828000.00,12305,,50705,,<Each>,1.00,30.00,27600.00,735000.00,,,34,89,,,,0.00,0,0
Charistan HealthCare,Charistan Health Care,52169,,FALSE,FALSE,6/9/26,,FALSE,,,FALSE,Charistan Health Care,"14, Obokun Av Ojodu",09167208518,,,,Lagos,,Hand Delivery,,6/9/26,0.00,6/9/26,C.O.D.,,11000,91355.00,,,FALSE,,FALSE,,FALSE,,1,1,0,FALSE,FALSE,5.00,,CLEXANE 40mg(Z)iii,,0,CLEXANE 40mg,40538,,18271.00,1,"06/25..,",0.00,-91355.00,12338,,50738,,<Each>,1.00,5.00,18271.00,83050.00,,,34,90,,,,0.00,0,0
OLAN HOSPITAL,OLAN HOSPITAL,52170,,FALSE,FALSE,6/9/26,,FALSE,,,FALSE,,"119, ADENIYI JONES IKEJA",,,,,,,Hand Delivery,,7/9/26,0.00,6/9/26,Net 30 Days,,11000,14228.00,,,FALSE,,FALSE,,FALSE,,1,1,0,FALSE,FALSE,1.00,,TYPHIM (O),,0,TYPHIM,40500,,14228.00,1,"11/23,..",0.00,-14228.00,12300,,50700,,<Each>,1.00,1.00,14228.00,10392.00,,,34,91,,,,0.00,0,0
St. Ives Specialist,St Ives Specialist Hospital,52171,,FALSE,FALSE,6/9/26,,FALSE,,,FALSE,,"12, Salvation road",Opebi - Ikeja,,,,,,Hand Delivery,,7/9/26,0.00,6/9/26,Net 30 Days,,11000,777475.00,,Ikeja,FALSE,,FALSE,,FALSE,,4,1,0,FALSE,FALSE,10.00,,VARIRID(C),,0,VARIRID,49907,,20435.00,1,03/25,0.00,-204350.00,12363,,59910,,<Each>,1.00,10.00,20435.00,146826.30,,,34,92,,,,0.00,0,0
St. Ives Specialist,St Ives Specialist Hospital,52171,,FALSE,FALSE,6/9/26,,FALSE,,,FALSE,,"12, Salvation road",Opebi - Ikeja,,,,,,Hand Delivery,,7/9/26,0.00,6/9/26,Net 30 Days,,11000,777475.00,,Ikeja,FALSE,,FALSE,,FALSE,,4,2,0,FALSE,FALSE,10.00,,TRESIVAC (MMR) (G),,0,TRESIVAC (MMR),40501,,18300.00,1,09/24...,0.00,-183000.00,12301,,50701,,<Each>,1.00,10.00,18300.00,147000.00,,,34,92,,,,0.00,0,0
St. Ives Specialist,St Ives Specialist Hospital,52171,,FALSE,FALSE,6/9/26,,FALSE,,,FALSE,,"12, Salvation road",Opebi - Ikeja,,,,,,Hand Delivery,,7/9/26,0.00,6/9/26,Net 30 Days,,11000,777475.00,,Ikeja,FALSE,,FALSE,,FALSE,,4,3,0,FALSE,FALSE,5.00,,Avaxim inj. Ped (Q),,0,Avaxim inj. Ped,40200,,22825.00,1,"09/23...,",0.00,-114125.00,12100,,50500,,<Each>,1.00,5.00,22825.00,86945.00,,,34,92,,,,0.00,0,0
St. Ives Specialist,St Ives Specialist Hospital,52171,,FALSE,FALSE,6/9/26,,FALSE,,,FALSE,,"12, Salvation road",Opebi - Ikeja,,,,,,Hand Delivery,,7/9/26,0.00,6/9/26,Net 30 Days,,11000,777475.00,,Ikeja,FALSE,,FALSE,,FALSE,,4,4,0,FALSE,FALSE,10.00,,MENACTRA (R),,0,MENACTRA,40505,,27600.00,1,"07/25,.",0.00,-276000.00,12305,,50705,,<Each>,1.00,10.00,27600.00,245000.00,,,34,92,,,,0.00,0,0
CARE POINT HOSPITAL,CARE POINT HOSPITAL,52172,,FALSE,FALSE,6/9/26,,FALSE,,,FALSE,CARE POINT HOSPITAL,"7,Ogunlana Street,Off Akowonjo","Road, Egbeda Lagos.",,,,,,Hand Delivery1,,6/9/26,0.00,6/9/26,C.O.D.,,11000,20435.00,,,FALSE,,FALSE,,FALSE,,1,1,0,FALSE,FALSE,1.00,,VARIRID(C),,0,VARIRID,49907,,20435.00,1,03/25,0.00,-20435.00,12363,,59910,,<Each>,1.00,1.00,20435.00,14682.63,,,34,93,,,,0.00,0,0
Victory Drugs Pharma,Victory Drugs Pharmacy,52173,,FALSE,FALSE,6/9/26,,FALSE,,,FALSE,,"57A, 11 Road",Festac Town,LAGOS,,,,,Hand Delivery,,7/9/26,0.00,6/9/26,Net 30 Days,,11000,170960.00,,,FALSE,,FALSE,,FALSE,,1,1,0,FALSE,FALSE,8.00,,INDIRAB(ANTI RABIS)B,,0,INDIRAB (ANTI RABIS)(A),40533,,21370.00,1,"03/25.,,",0.00,-170960.00,12333,,50733,,<Each>,1.00,8.00,21370.00,146200.00,,,34,94,,,,0.00,0,0
Winan Hospital,Winan Hospital,52174,,FALSE,FALSE,6/9/26,,FALSE,,,FALSE,,"2,Niyi Ayeye Street Channel TV",Opic bus-stop.,,,,,,Hand Delivery,,7/9/26,0.00,6/9/26,Net 30 Days,,11000,38285.00,,,FALSE,,FALSE,,FALSE,,2,1,0,FALSE,FALSE,1.00,,VARIRID(C),,0,VARIRID,49907,,20435.00,1,03/25,0.00,-20435.00,12363,,59910,,<Each>,1.00,1.00,20435.00,14682.63,,,34,95,,,,0.00,0,0
Winan Hospital,Winan Hospital,52174,,FALSE,FALSE,6/9/26,,FALSE,,,FALSE,,"2,Niyi Ayeye Street Channel TV",Opic bus-stop.,,,,,,Hand Delivery,,7/9/26,0.00,6/9/26,Net 30 Days,,11000,38285.00,,,FALSE,,FALSE,,FALSE,,2,2,0,FALSE,FALSE,1.00,,PRIORIX (H),,0,PRIORIX,40501,,17850.00,1,08/24....,0.00,-17850.00,12301,,50701,,<Each>,1.00,1.00,17850.00,16658.00,,,34,95,,,,0.00,0,0
Regina Mondi,Regina Mondi,52167,,FALSE,FALSE,6/9/26,,FALSE,,,FALSE,,Mushin,,,,,,,Hand Delivery,,7/9/26,0.00,6/9/26,Net 30 Days,,11000,82800.00,,,FALSE,,FALSE,,FALSE,,1,1,0,FALSE,FALSE,3.00,,MENACTRA (R),,0,MENACTRA,40505,,27600.00,1,"07/25,.",0.00,-82800.00,12305,,50705,,<Each>,1.00,3.00,27600.00,73500.00,,,34,96,,,,0.00,0,0
John Burke Hospital,John Burke Hospital,52175,,FALSE,FALSE,6/9/26,,FALSE,,,FALSE,John Burke Hospital,LSDPC Low Cost Housing Estate,Abesan Ipaja Lagos.,09030046351,,,,,Hand Delivery1,,6/9/26,0.00,6/9/26,C.O.D.,,11000,55690.00,,,FALSE,,FALSE,,FALSE,,1,1,0,FALSE,FALSE,1.00,,CERVARIX 0.5ml(H),,0,CERVARIX 0.5ml,40300,,55690.00,1,02/2024.....,0.00,-55690.00,12150,,50550,,<Each>,1.00,1.00,55690.00,48430.00,,,34,97,,,,0.00,0,0
GH ISOLO,GH ISOLO,52176,,FALSE,FALSE,6/9/26,,FALSE,,,FALSE,,ISOLO,,LAGOS,,,NIGERIA,,Hand Delivery,,7/9/26,0.00,6/9/26,Net 30 Days,,11000,194890.00,,,FALSE,,FALSE,,FALSE,,2,1,0,FALSE,FALSE,10.00,,ACTRAPID 100 I.U (T),,0,ACTRAPID 100 I.U,40516,,13687.00,1,06/ 25.,0.00,-136870.00,12316,,50716,,<Each>,1.00,10.00,13687.00,124420.00,,,34,98,,,,0.00,0,0
GH ISOLO,GH ISOLO,52176,,FALSE,FALSE,6/9/26,,FALSE,,,FALSE,,ISOLO,,LAGOS,,,NIGERIA,,Hand Delivery,,7/9/26,0.00,6/9/26,Net 30 Days,,11000,194890.00,,,FALSE,,FALSE,,FALSE,,2,2,0,FALSE,FALSE,1.00,,NOVORAPID FLEXPEN (N,,0,NOVORAPID FLEXPEN 3ML,40523,,58020.00,1,04/25,0.00,-58020.00,12323,,50723,,<Each>,1.00,1.00,58020.00,52742.00,,,34,98,,,,0.00,0,0
Axa Mansard One Heal,Axa Mansard One Health Hospital,52177,,FALSE,FALSE,6/9/26,,FALSE,,,FALSE,Axa Mansard One Health Hospital,"25, Mobolaji Bank Anthony Way",Ikeja. 07063913330,Pharm Ijeoma,,,,,Hand Delivery,,6/9/26,0.00,6/9/26,C.O.D.,,11000,614531.00,,,FALSE,,FALSE,,FALSE,,5,1,0,FALSE,FALSE,10.00,,GARDASIL 4  HPV(A),,0,GARDASIL  4  HPV,40350,,25000.00,1,02/22.,0.00,-250000.00,12160,,50560,,<Each>,1.00,10.00,25000.00,200000.00,,,34,99,,,,0.00,0,0
Axa Mansard One Heal,Axa Mansard One Health Hospital,52177,,FALSE,FALSE,6/9/26,,FALSE,,,FALSE,Axa Mansard One Health Hospital,"25, Mobolaji Bank Anthony Way",Ikeja. 07063913330,Pharm Ijeoma,,,,,Hand Delivery,,6/9/26,0.00,6/9/26,C.O.D.,,11000,614531.00,,,FALSE,,FALSE,,FALSE,,5,2,0,FALSE,FALSE,8.00,,Euvichol - S,,0,Euvichol - S,49921,,12918.00,1,10/25,0.00,-103344.00,12377,,59924,,<Each>,1.00,8.00,12918.00,75156.64,,,34,99,,,,0.00,0,0
Axa Mansard One Heal,Axa Mansard One Health Hospital,52177,,FALSE,FALSE,6/9/26,,FALSE,,,FALSE,Axa Mansard One Health Hospital,"25, Mobolaji Bank Anthony Way",Ikeja. 07063913330,Pharm Ijeoma,,,,,Hand Delivery,,6/9/26,0.00,6/9/26,C.O.D.,,11000,614531.00,,,FALSE,,FALSE,,FALSE,,5,3,0,FALSE,FALSE,5.00,,VARIRID(C),,0,VARIRID,49907,,20435.00,1,03/25,0.00,-102175.00,12363,,59910,,<Each>,1.00,5.00,20435.00,73413.15,,,34,99,,,,0.00,0,0
Axa Mansard One Heal,Axa Mansard One Health Hospital,52177,,FALSE,FALSE,6/9/26,,FALSE,,,FALSE,Axa Mansard One Health Hospital,"25, Mobolaji Bank Anthony Way",Ikeja. 07063913330,Pharm Ijeoma,,,,,Hand Delivery,,6/9/26,0.00,6/9/26,C.O.D.,,11000,614531.00,,,FALSE,,FALSE,,FALSE,,5,4,0,FALSE,FALSE,3.00,,PREVENAR 13 (X),,0,PREVENAR  13,40510,,34604.00,1,"11/24,,",0.00,-103812.00,12310,,50710,,<Each>,1.00,3.00,34604.00,94308.00,,,34,99,,,,0.00,0,0
Axa Mansard One Heal,Axa Mansard One Health Hospital,52177,,FALSE,FALSE,6/9/26,,FALSE,,,FALSE,Axa Mansard One Health Hospital,"25, Mobolaji Bank Anthony Way",Ikeja. 07063913330,Pharm Ijeoma,,,,,Hand Delivery,,6/9/26,0.00,6/9/26,C.O.D.,,11000,614531.00,,,FALSE,,FALSE,,FALSE,,5,5,0,FALSE,FALSE,4.00,,Vaxigrip Tetra(Q),,0,Vaxigrip Tetra,40544,,13800.00,1,01/26,0.00,-55200.00,12344,,50744,,<Each>,1.00,4.00,13800.00,48000.00,,,34,99,,,,0.00,0,0
DAMIKAY HOSPITAL,DAMIKAY HOSPITAL,52178,,FALSE,FALSE,6/9/26,,FALSE,,,FALSE,,ILUPEJU,,,,,,,Hand Delivery,,7/9/26,0.00,6/9/26,Net 30 Days,,11000,190400.00,,,FALSE,,FALSE,,FALSE,,1,1,0,FALSE,FALSE,10.00,,VARIRID(C),,0,VARIRID,49907,,19040.00,1,03/25,0.00,-190400.00,12363,,59910,,<Each>,1.00,10.00,19040.00,146826.30,,,34,100,,,,0.00,0,0
Royan Hospital PX,Royan Hospital Px,52180,,FALSE,FALSE,6/9/26,,FALSE,,,FALSE,,,,,,,,,Hand Delivery,,7/9/26,0.00,6/9/26,Net 30 Days,,11000,52810.00,,,FALSE,,FALSE,,FALSE,,2,1,0,FALSE,FALSE,5.00,,Nucard 160mg (I) Tab,,0,Nucard 160mg,49800,,7580.00,1,09/25..,0.00,-37900.00,12355,,59902,,<Each>,1.00,5.00,7580.00,32400.00,,,34,101,,,,0.00,0,0
Royan Hospital PX,Royan Hospital Px,52180,,FALSE,FALSE,6/9/26,,FALSE,,,FALSE,,,,,,,,,Hand Delivery,,7/9/26,0.00,6/9/26,Net 30 Days,,11000,52810.00,,,FALSE,,FALSE,,FALSE,,2,2,0,FALSE,FALSE,10.00,,TETANUS TOXOID(I),,0,TETANUS TOXOID,40531,,1491.00,1,06-25.,0.00,-14910.00,12331,,50731,,<Each>,1.00,10.00,1491.00,12000.00,,,34,101,,,,0.00,0,0
LASUTH Fee Paying Px,LASUTH Fee Paying Pharmacy,52181,,FALSE,FALSE,6/9/26,,FALSE,,,FALSE,,,,IKEJA,,,,,Hand Delivery,,7/9/26,0.00,6/9/26,Net 30 Days,,11000,697940.00,,,FALSE,,FALSE,,FALSE,,3,1,0,FALSE,FALSE,20.00,,ACTRAPID 100 I.U (T),,0,ACTRAPID 100 I.U,40516,,13687.00,1,06/ 25.,0.00,-273740.00,12316,,50716,,<Each>,1.00,20.00,13687.00,248840.00,,,34,102,,,,0.00,0,0
LASUTH Fee Paying Px,LASUTH Fee Paying Pharmacy,52181,,FALSE,FALSE,6/9/26,,FALSE,,,FALSE,,,,IKEJA,,,,,Hand Delivery,,7/9/26,0.00,6/9/26,Net 30 Days,,11000,697940.00,,,FALSE,,FALSE,,FALSE,,3,2,0,FALSE,FALSE,20.00,,Nucard 80mg(K),,0,Nucard (Valsartan) 80mg,49900,,6050.00,1,"03/24..,.",0.00,-121000.00,12356,,59903,,<Each>,1.00,20.00,6050.00,75692.40,,,34,102,,,,0.00,0,0
LASUTH Fee Paying Px,LASUTH Fee Paying Pharmacy,52181,,FALSE,FALSE,6/9/26,,FALSE,,,FALSE,,,,IKEJA,,,,,Hand Delivery,,7/9/26,0.00,6/9/26,Net 30 Days,,11000,697940.00,,,FALSE,,FALSE,,FALSE,,3,3,0,FALSE,FALSE,40.00,,Nucard 160mg (I) Tab,,0,Nucard 160mg,49800,,7580.00,1,09/25..,0.00,-303200.00,12355,,59902,,<Each>,1.00,40.00,7580.00,259200.00,,,34,102,,,,0.00,0,0
Renew Pharmacy,Renew Pharmacy,52182,,FALSE,FALSE,6/9/26,,FALSE,,,FALSE,Renew Pharmacy,"15,Ijaiye Street Iju",07064197409,Ishaga,,,,,Hand Delivery,,6/9/26,0.00,6/9/26,C.O.D.,,11000,40713.00,,,FALSE,,FALSE,,FALSE,,2,1,0,FALSE,FALSE,1.00,,VARIRID(C),,0,VARIRID,49907,,19040.00,1,03/25,0.00,-19040.00,12363,,59910,,<Each>,1.00,1.00,19040.00,14682.63,,,34,103,,,,0.00,0,0
Renew Pharmacy,Renew Pharmacy,52182,,FALSE,FALSE,6/9/26,,FALSE,,,FALSE,Renew Pharmacy,"15,Ijaiye Street Iju",07064197409,Ishaga,,,,,Hand Delivery,,6/9/26,0.00,6/9/26,C.O.D.,,11000,40713.00,,,FALSE,,FALSE,,FALSE,,2,2,0,FALSE,FALSE,1.00,,Avaxim inj. Ped (Q),,0,Avaxim inj. Ped,40200,,21673.00,1,"09/23...,",0.00,-21673.00,12100,,50500,,<Each>,1.00,1.00,21673.00,17389.00,,,34,103,,,,0.00,0,0
Isalu Hospital,Isalu Hospital,52183,,FALSE,FALSE,6/9/26,,FALSE,,,FALSE,,"349B, ODUSANMI STREET,","OFF WEMCO ROAD, OGBA IKEJA",,,,,,Hand Delivery,,7/9/26,0.00,6/9/26,Net 30 Days,,11000,1136220.00,,,FALSE,,FALSE,,FALSE,,4,1,0,FALSE,FALSE,10.00,,Avaxim inj. Ped (Q),,0,Avaxim inj. Ped,40200,,22824.00,1,"09/23...,",0.00,-228240.00,12100,,50500,,<Each>,1.00,10.00,22824.00,173890.00,,,34,104,,,,0.00,0,0
Isalu Hospital,Isalu Hospital,52183,,FALSE,FALSE,6/9/26,,FALSE,,,FALSE,,"349B, ODUSANMI STREET,","OFF WEMCO ROAD, OGBA IKEJA",,,,,,Hand Delivery,,7/9/26,0.00,6/9/26,Net 30 Days,,11000,1136220.00,,,FALSE,,FALSE,,FALSE,,4,2,0,FALSE,FALSE,20.00,,VARIRID(C),,0,VARIRID,49907,,20435.00,1,03/25,0.00,-408700.00,12363,,59910,,<Each>,1.00,20.00,20435.00,293652.60,,,34,104,,,,0.00,0,0
Isalu Hospital,Isalu Hospital,52183,,FALSE,FALSE,6/9/26,,FALSE,,,FALSE,,"349B, ODUSANMI STREET,","OFF WEMCO ROAD, OGBA IKEJA",,,,,,Hand Delivery,,7/9/26,0.00,6/9/26,Net 30 Days,,11000,1136220.00,,,FALSE,,FALSE,,FALSE,,4,3,0,FALSE,FALSE,20.00,,PRIORIX (H),,0,PRIORIX,40501,,17850.00,1,08/24....,0.00,-357000.00,12301,,50701,,<Each>,1.00,20.00,17850.00,333160.00,,,34,104,,,,0.00,0,0
Isalu Hospital,Isalu Hospital,52183,,FALSE,FALSE,6/9/26,,FALSE,,,FALSE,,"349B, ODUSANMI STREET,","OFF WEMCO ROAD, OGBA IKEJA",,,,,,Hand Delivery,,7/9/26,0.00,6/9/26,Net 30 Days,,11000,1136220.00,,,FALSE,,FALSE,,FALSE,,4,4,0,FALSE,FALSE,10.00,,TYPHIM (O),,0,TYPHIM,40500,,14228.00,1,"11/23,..",0.00,-142280.00,12300,,50700,,<Each>,1.00,10.00,14228.00,103920.00,,,34,104,,,,0.00,0,0
Ibelin Pharmacy,Ibelin Pharmacy Limited Owerri,52184,,FALSE,FALSE,6/9/26,,FALSE,,,FALSE,Ibelin Pharmacy Limited Owerri,Owerri...,08035763984,,,,,,Hand Deliver,,6/9/26,0.00,6/9/26,C.O.D.,,11000,282416.00,,,FALSE,,FALSE,,FALSE,,3,1,0,FALSE,FALSE,4.00,,PREVENAR 13 (X),,0,PREVENAR  13,40510,,34604.00,1,"11/24,,",0.00,-138416.00,12310,,50710,,<Each>,1.00,4.00,34604.00,125744.00,,,34,105,,,,0.00,0,0
Ibelin Pharmacy,Ibelin Pharmacy Limited Owerri,52184,,FALSE,FALSE,6/9/26,,FALSE,,,FALSE,Ibelin Pharmacy Limited Owerri,Owerri...,08035763984,,,,,,Hand Deliver,,6/9/26,0.00,6/9/26,C.O.D.,,11000,282416.00,,,FALSE,,FALSE,,FALSE,,3,2,0,FALSE,FALSE,10.00,,Vaxigrip Tetra(Q),,0,Vaxigrip Tetra,40544,,13200.00,1,01/26,0.00,-132000.00,12344,,50744,,<Each>,1.00,10.00,13200.00,120000.00,,,34,105,,,,0.00,0,0
Ibelin Pharmacy,Ibelin Pharmacy Limited Owerri,52184,,FALSE,FALSE,6/9/26,,FALSE,,,FALSE,Ibelin Pharmacy Limited Owerri,Owerri...,08035763984,,,,,,Hand Deliver,,6/9/26,0.00,6/9/26,C.O.D.,,11000,282416.00,,,FALSE,,FALSE,,FALSE,,3,3,0,FALSE,FALSE,0.00,,,,0,Delivery Charge,40800,,0.00,1,,0.00,-12000.00,,,,,,1.00,0.00,0.00,0.00,,,34,105,,,,0.00,0,0
St Timothy Hospital,St Timothy Hospital,52185,,FALSE,FALSE,6/9/26,,FALSE,,,FALSE,,"15, Otunba Street",,Ojodu,,,,,Cust. Pickup,,7/9/26,0.00,6/9/26,Net 30 Days,,11000,76570.00,,,FALSE,,FALSE,,FALSE,,2,1,0,FALSE,FALSE,2.00,,PRIORIX (H),,0,PRIORIX,40501,,17850.00,1,08/24....,0.00,-35700.00,12301,,50701,,<Each>,1.00,2.00,17850.00,33316.00,,,34,106,,,,0.00,0,0
St Timothy Hospital,St Timothy Hospital,52185,,FALSE,FALSE,6/9/26,,FALSE,,,FALSE,,"15, Otunba Street",,Ojodu,,,,,Cust. Pickup,,7/9/26,0.00,6/9/26,Net 30 Days,,11000,76570.00,,,FALSE,,FALSE,,FALSE,,2,2,0,FALSE,FALSE,2.00,,VARIRID(C),,0,VARIRID,49907,,20435.00,1,03/25,0.00,-40870.00,12363,,59910,,<Each>,1.00,2.00,20435.00,29365.26,,,34,106,,,,0.00,0,0
Lagoon  Hospital,Lagoon Hospital,52186,,FALSE,FALSE,6/10/26,,FALSE,,,FALSE,,"NO 8, MARINE ROAD, APAPA",OFF LIVERPOOL ROUNABOUT,LAGOS,,,,,Hand Delivery,,7/10/26,0.00,6/10/26,Net 30 Days,,11000,68688.00,,Ikoyi,FALSE,,FALSE,,FALSE,,1,1,0,FALSE,FALSE,1.00,,LANTUS SOLOST300I(Q),,0,LANTUS SOLOSTAR 300IU,40536,,68688.00,1,08/25.',0.00,-68688.00,12336,,50736,,<Each>,1.00,1.00,68688.00,58800.00,,,34,107,,,,0.00,0,0
Lagoon  Hospital,Lagoon Hospital,52187,,FALSE,FALSE,6/10/26,,FALSE,,,FALSE,,"NO 8, MARINE ROAD, APAPA",OFF LIVERPOOL ROUNABOUT,LAGOS,,,,,Hand Delivery,,7/10/26,0.00,6/10/26,Net 30 Days,,11000,4516358.30,,Adeniyi Jones Ikeja,FALSE,,FALSE,,FALSE,,5,2,0,FALSE,FALSE,60.00,,HEXAXIM (Q),,0,HEXAXIM,40548,,36010.00,1,04/24.....,0.00,-2160600.00,12352,,50748,,<Each>,1.00,60.00,36010.00,1846320.00,,,34,108,,,,0.00,0,0
Lagoon  Hospital,Lagoon Hospital,52187,,FALSE,FALSE,6/10/26,,FALSE,,,FALSE,,"NO 8, MARINE ROAD, APAPA",OFF LIVERPOOL ROUNABOUT,LAGOS,,,,,Hand Delivery,,7/10/26,0.00,6/10/26,Net 30 Days,,11000,4516358.30,,Adeniyi Jones Ikeja,FALSE,,FALSE,,FALSE,,5,3,0,FALSE,FALSE,50.00,,MENACTRA (R),,0,MENACTRA,40505,,28525.00,1,"07/25,.",0.00,-1426250.00,12305,,50705,,<Each>,1.00,50.00,28525.00,1225000.00,,,34,108,,,,0.00,0,0
Lagoon  Hospital,Lagoon Hospital,52187,,FALSE,FALSE,6/10/26,,FALSE,,,FALSE,,"NO 8, MARINE ROAD, APAPA",OFF LIVERPOOL ROUNABOUT,LAGOS,,,,,Hand Delivery,,7/10/26,0.00,6/10/26,Net 30 Days,,11000,4516358.30,,Adeniyi Jones Ikeja,FALSE,,FALSE,,FALSE,,5,4,0,FALSE,FALSE,21.00,,Vaxigrip Tetra(Q),,0,Vaxigrip Tetra,40544,,14262.30,1,01/26,0.00,-299508.30,12344,,50744,,<Each>,1.00,21.00,14262.30,252000.00,,,34,108,,,,0.00,0,0
Lagoon  Hospital,Lagoon Hospital,52187,,FALSE,FALSE,6/10/26,,FALSE,,,FALSE,,"NO 8, MARINE ROAD, APAPA",OFF LIVERPOOL ROUNABOUT,LAGOS,,,,,Hand Delivery,,7/10/26,0.00,6/10/26,Net 30 Days,,11000,4516358.30,,Adeniyi Jones Ikeja,FALSE,,FALSE,,FALSE,,5,5,0,FALSE,FALSE,30.00,,Avaxim inj. Ped (Q),,0,Avaxim inj. Ped,40200,,24192.00,1,"09/23...,",0.00,-725760.00,12100,,50500,,<Each>,1.00,30.00,24192.00,521670.00,,,34,108,,,,0.00,0,0
Lagoon  Hospital,Lagoon Hospital,52187,,FALSE,FALSE,6/10/26,,FALSE,,,FALSE,,"NO 8, MARINE ROAD, APAPA",OFF LIVERPOOL ROUNABOUT,LAGOS,,,,,Hand Delivery,,7/10/26,0.00,6/10/26,Net 30 Days,,11000,4516358.30,,Adeniyi Jones Ikeja,FALSE,,FALSE,,FALSE,,5,7,0,FALSE,FALSE,30.00,,,,0,Less Discount on 30 Avaxim Paed,49000,,-3192.00,1,,0.00,95760.00,,,,,,1.00,30.00,-3192.00,0.00,,,34,108,,,,0.00,0,0
Sundry,Sundry,52188,,FALSE,FALSE,6/10/26,,FALSE,,,FALSE,,,,,,,,,Hand Delivery,,7/10/26,0.00,6/10/26,Net 30 Days,,11000,12920.00,,Damilola Aiyegbusi Somolu GH 08086758140,FALSE,,FALSE,,FALSE,,1,1,0,FALSE,FALSE,1.00,,Euvichol - S,,0,Euvichol - S,49921,,12920.00,1,10/25,0.00,-12920.00,12377,,59924,,<Each>,1.00,1.00,12920.00,9394.58,,,34,109,,,,0.00,0,0
Porshah Health Care,Porshah Health Care,52189,,FALSE,FALSE,6/10/26,,FALSE,,,FALSE,,"30, Olutoye Crescent Off","Adeniyi Jones, Ikeja",Lagos,,,,,Hand Delivery,,7/10/26,0.00,6/10/26,Net 30 Days,,11000,223560.01,,,FALSE,,FALSE,,FALSE,,4,1,0,FALSE,FALSE,2.00,,HEXAXIM (Q),,0,HEXAXIM,40548,,34843.00,1,04/24.....,0.00,-69686.00,12352,,50748,,<Each>,1.00,2.00,34843.00,61544.00,,,34,110,,,,0.00,0,0
Porshah Health Care,Porshah Health Care,52189,,FALSE,FALSE,6/10/26,,FALSE,,,FALSE,,"30, Olutoye Crescent Off","Adeniyi Jones, Ikeja",Lagos,,,,,Hand Delivery,,7/10/26,0.00,6/10/26,Net 30 Days,,11000,223560.01,,,FALSE,,FALSE,,FALSE,,4,2,0,FALSE,FALSE,2.00,,PREVENAR 13 (X),,0,PREVENAR  13,40510,,34604.00,1,"11/24,,",0.00,-69208.00,12310,,50710,,<Each>,1.00,2.00,34604.00,62872.00,,,34,110,,,,0.00,0,0
Porshah Health Care,Porshah Health Care,52189,,FALSE,FALSE,6/10/26,,FALSE,,,FALSE,,"30, Olutoye Crescent Off","Adeniyi Jones, Ikeja",Lagos,,,,,Hand Delivery,,7/10/26,0.00,6/10/26,Net 30 Days,,11000,223560.01,,,FALSE,,FALSE,,FALSE,,4,3,0,FALSE,FALSE,2.00,,ROTARIX(M),,0,ROTARIX,40508,,29900.00,1,02/24.',0.00,-59800.00,12308,,50708,,<Each>,1.00,2.00,29900.00,50414.00,,,34,110,,,,0.00,0,0
Porshah Health Care,Porshah Health Care,52189,,FALSE,FALSE,6/10/26,,FALSE,,,FALSE,,"30, Olutoye Crescent Off","Adeniyi Jones, Ikeja",Lagos,,,,,Hand Delivery,,7/10/26,0.00,6/10/26,Net 30 Days,,11000,223560.01,,,FALSE,,FALSE,,FALSE,,4,6,0,FALSE,FALSE,1.00,,STAMARIL 1 VIAL (E),,0,STAMARIL 1 VIAL,40521,,24866.01,1,05//24,0.00,-24866.01,12321,,50721,,<Each>,1.00,1.00,24866.01,20723.00,,,34,110,,,,0.00,0,0
Emel Hospital,Emel Hospital,52190,,FALSE,FALSE,6/10/26,,FALSE,,,FALSE,,"21, ROAD, 2 CLOSE, 2ND AVENUE",FESTAC TOWN,,,,,,Hand Delivery,,7/10/26,0.00,6/10/26,Net 30 Days,,11000,502977.00,,,FALSE,,FALSE,,FALSE,,4,1,0,FALSE,FALSE,1.00,,NOVOMIX30 FLEXPEN(Y),,0,NOVOMIX 30 FLEXPEN 100U,40523,,71202.00,1,"03/25.,",0.00,-71202.00,12323,,50723,,<Each>,1.00,1.00,71202.00,61915.00,,,34,111,,,,0.00,0,0
Emel Hospital,Emel Hospital,52190,,FALSE,FALSE,6/10/26,,FALSE,,,FALSE,,"21, ROAD, 2 CLOSE, 2ND AVENUE",FESTAC TOWN,,,,,,Hand Delivery,,7/10/26,0.00,6/10/26,Net 30 Days,,11000,502977.00,,,FALSE,,FALSE,,FALSE,,4,2,0,FALSE,FALSE,2.00,,LANTUS SOLOST300I(Q),,0,LANTUS SOLOSTAR 300IU,40536,,64800.00,1,08/25.',0.00,-129600.00,12336,,50736,,<Each>,1.00,2.00,64800.00,117600.00,,,34,111,,,,0.00,0,0
Emel Hospital,Emel Hospital,52190,,FALSE,FALSE,6/10/26,,FALSE,,,FALSE,,"21, ROAD, 2 CLOSE, 2ND AVENUE",FESTAC TOWN,,,,,,Hand Delivery,,7/10/26,0.00,6/10/26,Net 30 Days,,11000,502977.00,,,FALSE,,FALSE,,FALSE,,4,3,0,FALSE,FALSE,5.00,,VARIRID(C),,0,VARIRID,49907,,20435.00,1,03/25,0.00,-102175.00,12363,,59910,,<Each>,1.00,5.00,20435.00,73413.15,,,34,111,,,,0.00,0,0
Emel Hospital,Emel Hospital,52190,,FALSE,FALSE,6/10/26,,FALSE,,,FALSE,,"21, ROAD, 2 CLOSE, 2ND AVENUE",FESTAC TOWN,,,,,,Hand Delivery,,7/10/26,0.00,6/10/26,Net 30 Days,,11000,502977.00,,,FALSE,,FALSE,,FALSE,,4,4,0,FALSE,FALSE,10.00,,INDIRAB(ANTI RABIS)B,,0,INDIRAB (ANTI RABIS)(A),40533,,20000.00,1,"03/25.,,",0.00,-200000.00,12333,,50733,,<Each>,1.00,10.00,20000.00,182750.00,,,34,111,,,,0.00,0,0
Golden Cross Hospita,Golden Cross Hospital,52191,,FALSE,FALSE,6/10/26,,FALSE,,,FALSE,,22 ROAD,BESIDE HOLY FAMILY,FESTAC,,,,,Hand Delivery,,7/10/26,0.00,6/10/26,Net 30 Days,,11000,311684.00,,,FALSE,,FALSE,,FALSE,,4,1,0,FALSE,FALSE,5.00,,Vaxigrip Tetra(Q),,0,Vaxigrip Tetra,40544,,13800.00,1,01/26,0.00,-69000.00,12344,,50744,,<Each>,1.00,5.00,13800.00,60000.00,,,34,112,,,,0.00,0,0
Golden Cross Hospita,Golden Cross Hospital,52191,,FALSE,FALSE,6/10/26,,FALSE,,,FALSE,,22 ROAD,BESIDE HOLY FAMILY,FESTAC,,,,,Hand Delivery,,7/10/26,0.00,6/10/26,Net 30 Days,,11000,311684.00,,,FALSE,,FALSE,,FALSE,,4,2,0,FALSE,FALSE,3.00,,TYPHIM (O),,0,TYPHIM,40500,,14228.00,1,"11/23,..",0.00,-42684.00,12300,,50700,,<Each>,1.00,3.00,14228.00,31176.00,,,34,112,,,,0.00,0,0
Golden Cross Hospita,Golden Cross Hospital,52191,,FALSE,FALSE,6/10/26,,FALSE,,,FALSE,,22 ROAD,BESIDE HOLY FAMILY,FESTAC,,,,,Hand Delivery,,7/10/26,0.00,6/10/26,Net 30 Days,,11000,311684.00,,,FALSE,,FALSE,,FALSE,,4,3,0,FALSE,FALSE,10.00,,Avaxim inj. Ped (Q),,0,Avaxim inj. Ped,40200,,22824.00,1,"09/23...,",0.00,-228240.00,12100,,50500,,<Each>,1.00,10.00,22824.00,173890.00,,,34,112,,,,0.00,0,0
Golden Cross Hospita,Golden Cross Hospital,52191,,FALSE,FALSE,6/10/26,,FALSE,,,FALSE,,22 ROAD,BESIDE HOLY FAMILY,FESTAC,,,,,Hand Delivery,,7/10/26,0.00,6/10/26,Net 30 Days,,11000,311684.00,,,FALSE,,FALSE,,FALSE,,4,4,0,FALSE,FALSE,10.00,,,,0,Less Discount on 10 Avaxim Paed,49000,,-2824.00,1,,0.00,28240.00,,,,,,1.00,10.00,-2824.00,0.00,,,34,112,,,,0.00,0,0
Royan Hospital,Royan Hospital,52192,,FALSE,FALSE,6/10/26,,FALSE,,,FALSE,,"72, AINA STREET, OJODU BERGER",LAGOS,,,,,,Hand Delivery,,7/10/26,0.00,6/10/26,Net 30 Days,,11000,465155.00,,,FALSE,,FALSE,,FALSE,,5,1,0,FALSE,FALSE,10.00,,Vaxigrip Tetra(Q),,0,Vaxigrip Tetra,40544,,13800.00,1,01/26,0.00,-138000.00,12344,,50744,,<Each>,1.00,10.00,13800.00,120000.00,,,34,113,,,,0.00,0,0
Royan Hospital,Royan Hospital,52192,,FALSE,FALSE,6/10/26,,FALSE,,,FALSE,,"72, AINA STREET, OJODU BERGER",LAGOS,,,,,,Hand Delivery,,7/10/26,0.00,6/10/26,Net 30 Days,,11000,465155.00,,,FALSE,,FALSE,,FALSE,,5,2,0,FALSE,FALSE,5.00,,TYPHIM (O),,0,TYPHIM,40500,,14228.00,1,"11/23,..",0.00,-71140.00,12300,,50700,,<Each>,1.00,5.00,14228.00,51960.00,,,34,113,,,,0.00,0,0
Royan Hospital,Royan Hospital,52192,,FALSE,FALSE,6/10/26,,FALSE,,,FALSE,,"72, AINA STREET, OJODU BERGER",LAGOS,,,,,,Hand Delivery,,7/10/26,0.00,6/10/26,Net 30 Days,,11000,465155.00,,,FALSE,,FALSE,,FALSE,,5,4,0,FALSE,FALSE,5.00,,Euvichol - S,,0,Euvichol - S,49921,,12918.00,1,10/25,0.00,-64590.00,12377,,59924,,<Each>,1.00,5.00,12918.00,46972.90,,,34,113,,,,0.00,0,0
Royan Hospital,Royan Hospital,52192,,FALSE,FALSE,6/10/26,,FALSE,,,FALSE,,"72, AINA STREET, OJODU BERGER",LAGOS,,,,,,Hand Delivery,,7/10/26,0.00,6/10/26,Net 30 Days,,11000,465155.00,,,FALSE,,FALSE,,FALSE,,5,5,0,FALSE,FALSE,5.00,,PRIORIX (H),,0,PRIORIX,40501,,17850.00,1,08/24....,0.00,-89250.00,12301,,50701,,<Each>,1.00,5.00,17850.00,83290.00,,,34,113,,,,0.00,0,0
Royan Hospital,Royan Hospital,52192,,FALSE,FALSE,6/10/26,,FALSE,,,FALSE,,"72, AINA STREET, OJODU BERGER",LAGOS,,,,,,Hand Delivery,,7/10/26,0.00,6/10/26,Net 30 Days,,11000,465155.00,,,FALSE,,FALSE,,FALSE,,5,6,0,FALSE,FALSE,5.00,,VARIRID(C),,0,VARIRID,49907,,20435.00,1,03/25,0.00,-102175.00,12363,,59910,,<Each>,1.00,5.00,20435.00,73413.15,,,34,113,,,,0.00,0,0
PINK CLINIC,PINK CLINIC,52193,,FALSE,FALSE,6/10/26,,FALSE,,,FALSE,PINK CLINIC,"13B, Muri Folami Street, Pako",Ogudu GRA... 07069367466,,,,,,Hand Deliver,,6/10/26,0.00,6/10/26,C.O.D.,,11000,556900.00,,,FALSE,,FALSE,,FALSE,,1,1,0,FALSE,FALSE,10.00,,CERVARIX 0.5ml(H),,0,CERVARIX 0.5ml,40300,,55690.00,1,02/2024.....,0.00,-556900.00,12150,,50550,,<Each>,1.00,10.00,55690.00,484300.00,,,34,114,,,,0.00,0,0
Sundry,Sundry,52194,,FALSE,FALSE,6/10/26,,FALSE,,,FALSE,,,,,,,,,Airborne,,7/10/26,0.00,6/10/26,Net 30 Days,,11000,13800.00,,Miss Iwuchukwu Oluebeube,FALSE,,FALSE,,FALSE,,1,1,0,FALSE,FALSE,1.00,,Vaxigrip Tetra(Q),,0,Vaxigrip Tetra,40544,,13800.00,1,01/26,0.00,-13800.00,12344,,50744,,<Each>,1.00,1.00,13800.00,12000.00,,,34,115,,,,0.00,0,0
Mr Solomon Oretolu,Mr Solomon Oretolu,52195,,FALSE,FALSE,6/10/26,,FALSE,,,FALSE,Mr Solomon Oretolu,"29, Alade Owode, Sango",08081650813,,,,,,Cust. Pickup,,6/10/26,0.00,6/10/26,C.O.D.,,11000,58020.00,,,FALSE,,FALSE,,FALSE,,1,1,0,FALSE,FALSE,1.00,,NOVORAPID FLEXPEN (N,,0,NOVORAPID FLEXPEN 3ML,40523,,58020.00,1,04/25,0.00,-58020.00,12323,,50723,,<Each>,1.00,1.00,58020.00,52742.00,,,34,116,,,,0.00,0,0
Sundry,Sundry,52196,,FALSE,FALSE,6/10/26,,FALSE,,,FALSE,,,,,,,,,Cust. Pickup,,7/10/26,0.00,6/10/26,Net 30 Days,,11000,6050.00,,Mrs Olofinlade,FALSE,,FALSE,,FALSE,,1,1,0,FALSE,FALSE,1.00,,Nucard 80mg(K),,0,Nucard (Valsartan) 80mg,49900,,6050.00,1,"03/24..,.",0.00,-6050.00,12356,,59903,,<Each>,1.00,1.00,6050.00,3784.62,,,34,118,,,,0.00,0,0
King Smith Hospital,King Smith Hospital,52197,,FALSE,FALSE,6/10/26,,FALSE,,,FALSE,,"12, OJODU ROAD, AKUTE",,,,,NIGERIA,,Cust. Pickup,,7/10/26,0.00,6/10/26,Net 30 Days,,11000,96600.00,,,FALSE,,FALSE,,FALSE,,1,1,0,FALSE,FALSE,7.00,,Vaxigrip Tetra(Q),,0,Vaxigrip Tetra,40544,,13800.00,1,01/26,0.00,-96600.00,12344,,50744,,<Each>,1.00,7.00,13800.00,84000.00,,,34,121,,,,0.00,0,0
EXC Pharmarcy,EXC Pharmarcy,52198,,FALSE,FALSE,6/10/26,,FALSE,,,FALSE,EXC Pharmarcy,"3, dan okehi street,","off okpanam road, asaba.",08039613648,,,,,Hand Deliver,,6/10/26,0.00,6/10/26,C.O.D.,,11000,349680.00,,,FALSE,,FALSE,,FALSE,,1,1,0,FALSE,FALSE,15.00,,STAMARIL 1 VIAL (E),,0,STAMARIL 1 VIAL,40521,,23312.00,1,05//24,0.00,-349680.00,12321,,50721,,<Each>,1.00,15.00,23312.00,310845.00,,,34,133,,,,0.00,0,0
Light Hospital,Light Hospital,52200,,FALSE,FALSE,6/11/26,,FALSE,,,FALSE,,"15, OLUMIDE ONANUBI STREET,",ALIMOSHO LAGOS.,,,,,,Hand Delivery,,7/11/26,0.00,6/11/26,Net 30 Days,,11000,73832.00,,,FALSE,,FALSE,,FALSE,,3,1,0,FALSE,FALSE,1.00,,PRIORIX (H),,0,PRIORIX,40501,,18743.00,1,08/24....,0.00,-18743.00,12301,,50701,,<Each>,1.00,1.00,18743.00,16658.00,,,34,117,,,,0.00,0,0
Light Hospital,Light Hospital,52200,,FALSE,FALSE,6/11/26,,FALSE,,,FALSE,,"15, OLUMIDE ONANUBI STREET,",ALIMOSHO LAGOS.,,,,,,Hand Delivery,,7/11/26,0.00,6/11/26,Net 30 Days,,11000,73832.00,,,FALSE,,FALSE,,FALSE,,3,2,0,FALSE,FALSE,1.00,,MENACTRA (R),,0,MENACTRA,40505,,28980.00,1,"07/25,.",0.00,-28980.00,12305,,50705,,<Each>,1.00,1.00,28980.00,24500.00,,,34,117,,,,0.00,0,0
Light Hospital,Light Hospital,52200,,FALSE,FALSE,6/11/26,,FALSE,,,FALSE,,"15, OLUMIDE ONANUBI STREET,",ALIMOSHO LAGOS.,,,,,,Hand Delivery,,7/11/26,0.00,6/11/26,Net 30 Days,,11000,73832.00,,,FALSE,,FALSE,,FALSE,,3,3,0,FALSE,FALSE,1.00,,STAMARIL 1 VIAL (E),,0,STAMARIL 1 VIAL,40521,,26109.00,1,05//24,0.00,-26109.00,12321,,50721,,<Each>,1.00,1.00,26109.00,20723.00,,,34,117,,,,0.00,0,0
Duchess Hospital,Duchess Hospital,52212,,FALSE,FALSE,6/11/26,,FALSE,,,FALSE,Duchess Hospital,"22A, Joel Ogunaike Street",Ikeja G.R.A,,,,,,Hand Delivery,,6/11/26,0.00,6/11/26,C.O.D.,,11000,1202330.00,,,FALSE,,FALSE,,FALSE,,6,1,0,FALSE,FALSE,10.00,,HEXAXIM (Q),,0,HEXAXIM,40548,,34843.00,1,04/24.....,0.00,-348430.00,12352,,50748,,<Each>,1.00,10.00,34843.00,307720.00,,,34,119,,,,0.00,0,0
Duchess Hospital,Duchess Hospital,52212,,FALSE,FALSE,6/11/26,,FALSE,,,FALSE,Duchess Hospital,"22A, Joel Ogunaike Street",Ikeja G.R.A,,,,,,Hand Delivery,,6/11/26,0.00,6/11/26,C.O.D.,,11000,1202330.00,,,FALSE,,FALSE,,FALSE,,6,2,0,FALSE,FALSE,10.00,,PREVENAR 13 (X),,0,PREVENAR  13,40510,,34604.00,1,"11/24,,",0.00,-346040.00,12310,,50710,,<Each>,1.00,10.00,34604.00,314360.00,,,34,119,,,,0.00,0,0
Duchess Hospital,Duchess Hospital,52212,,FALSE,FALSE,6/11/26,,FALSE,,,FALSE,Duchess Hospital,"22A, Joel Ogunaike Street",Ikeja G.R.A,,,,,,Hand Delivery,,6/11/26,0.00,6/11/26,C.O.D.,,11000,1202330.00,,,FALSE,,FALSE,,FALSE,,6,3,0,FALSE,FALSE,5.00,,ROTARIX(M),,0,ROTARIX,40508,,29900.00,1,02/24.',0.00,-149500.00,12308,,50708,,<Each>,1.00,5.00,29900.00,126035.00,,,34,119,,,,0.00,0,0
Duchess Hospital,Duchess Hospital,52212,,FALSE,FALSE,6/11/26,,FALSE,,,FALSE,Duchess Hospital,"22A, Joel Ogunaike Street",Ikeja G.R.A,,,,,,Hand Delivery,,6/11/26,0.00,6/11/26,C.O.D.,,11000,1202330.00,,,FALSE,,FALSE,,FALSE,,6,4,0,FALSE,FALSE,20.00,,Euvichol - S,,0,Euvichol - S,49921,,12918.00,1,10/25,0.00,-258360.00,12377,,59924,,<Each>,1.00,20.00,12918.00,187891.60,,,34,119,,,,0.00,0,0
Duchess Hospital,Duchess Hospital,52212,,FALSE,FALSE,6/11/26,,FALSE,,,FALSE,Duchess Hospital,"22A, Joel Ogunaike Street",Ikeja G.R.A,,,,,,Hand Delivery,,6/11/26,0.00,6/11/26,C.O.D.,,11000,1202330.00,,,FALSE,,FALSE,,FALSE,,6,5,0,FALSE,FALSE,5.00,,Avaxim inj. Ped (Q),,0,Avaxim inj. Ped,40200,,22824.00,1,"09/23...,",0.00,-114120.00,12100,,50500,,<Each>,1.00,5.00,22824.00,86945.00,,,34,119,,,,0.00,0,0
Duchess Hospital,Duchess Hospital,52212,,FALSE,FALSE,6/11/26,,FALSE,,,FALSE,Duchess Hospital,"22A, Joel Ogunaike Street",Ikeja G.R.A,,,,,,Hand Delivery,,6/11/26,0.00,6/11/26,C.O.D.,,11000,1202330.00,,,FALSE,,FALSE,,FALSE,,6,6,0,FALSE,FALSE,5.00,,,,0,Less Discount on Avaxim Paed,49000,,-2824.00,1,,0.00,14120.00,,,,,,1.00,5.00,-2824.00,0.00,,,34,119,,,,0.00,0,0
Beachland Specialist,Beachland Specialist Hospital,52199,,FALSE,FALSE,6/11/26,,FALSE,,,FALSE,,"Plot 16,Alfirdaus Estate,Arepo",Ogun State,,,,,,Hand Delivery,,7/11/26,0.00,6/11/26,Net 30 Days,,11000,2135980.00,,,FALSE,,FALSE,,FALSE,,7,1,0,FALSE,FALSE,20.00,,MENACTRA (R),,0,MENACTRA,40505,,27600.00,1,"07/25,.",0.00,-552000.00,12305,,50705,,<Each>,1.00,20.00,27600.00,490000.00,,,34,120,,,,0.00,0,0
Beachland Specialist,Beachland Specialist Hospital,52199,,FALSE,FALSE,6/11/26,,FALSE,,,FALSE,,"Plot 16,Alfirdaus Estate,Arepo",Ogun State,,,,,,Hand Delivery,,7/11/26,0.00,6/11/26,Net 30 Days,,11000,2135980.00,,,FALSE,,FALSE,,FALSE,,7,2,0,FALSE,FALSE,20.00,,VARIRID(C),,0,VARIRID,49907,,20435.00,1,03/25,0.00,-408700.00,12363,,59910,,<Each>,1.00,20.00,20435.00,293652.60,,,34,120,,,,0.00,0,0
Beachland Specialist,Beachland Specialist Hospital,52199,,FALSE,FALSE,6/11/26,,FALSE,,,FALSE,,"Plot 16,Alfirdaus Estate,Arepo",Ogun State,,,,,,Hand Delivery,,7/11/26,0.00,6/11/26,Net 30 Days,,11000,2135980.00,,,FALSE,,FALSE,,FALSE,,7,3,0,FALSE,FALSE,20.00,,PRIORIX (H),,0,PRIORIX,40501,,17850.00,1,08/24....,0.00,-357000.00,12301,,50701,,<Each>,1.00,20.00,17850.00,333160.00,,,34,120,,,,0.00,0,0
Beachland Specialist,Beachland Specialist Hospital,52199,,FALSE,FALSE,6/11/26,,FALSE,,,FALSE,,"Plot 16,Alfirdaus Estate,Arepo",Ogun State,,,,,,Hand Delivery,,7/11/26,0.00,6/11/26,Net 30 Days,,11000,2135980.00,,,FALSE,,FALSE,,FALSE,,7,4,0,FALSE,FALSE,10.00,,TYPHIM (O),,0,TYPHIM,40500,,14228.00,1,"11/23,..",0.00,-142280.00,12300,,50700,,<Each>,1.00,10.00,14228.00,103920.00,,,34,120,,,,0.00,0,0
Beachland Specialist,Beachland Specialist Hospital,52199,,FALSE,FALSE,6/11/26,,FALSE,,,FALSE,,"Plot 16,Alfirdaus Estate,Arepo",Ogun State,,,,,,Hand Delivery,,7/11/26,0.00,6/11/26,Net 30 Days,,11000,2135980.00,,,FALSE,,FALSE,,FALSE,,7,5,0,FALSE,FALSE,20.00,,Vaxigrip Tetra(Q),,0,Vaxigrip Tetra,40544,,13800.00,1,01/26,0.00,-276000.00,12344,,50744,,<Each>,1.00,20.00,13800.00,240000.00,,,34,120,,,,0.00,0,0
Beachland Specialist,Beachland Specialist Hospital,52199,,FALSE,FALSE,6/11/26,,FALSE,,,FALSE,,"Plot 16,Alfirdaus Estate,Arepo",Ogun State,,,,,,Hand Delivery,,7/11/26,0.00,6/11/26,Net 30 Days,,11000,2135980.00,,,FALSE,,FALSE,,FALSE,,7,6,0,FALSE,FALSE,20.00,,Avaxim inj. Ped (Q),,0,Avaxim inj. Ped,40200,,22824.00,1,"09/23...,",0.00,-456480.00,12100,,50500,,<Each>,1.00,20.00,22824.00,347780.00,,,34,120,,,,0.00,0,0
Beachland Specialist,Beachland Specialist Hospital,52199,,FALSE,FALSE,6/11/26,,FALSE,,,FALSE,,"Plot 16,Alfirdaus Estate,Arepo",Ogun State,,,,,,Hand Delivery,,7/11/26,0.00,6/11/26,Net 30 Days,,11000,2135980.00,,,FALSE,,FALSE,,FALSE,,7,7,0,FALSE,FALSE,20.00,,,,0,Less Discount on 20 Avaxim Paed,49000,,-2824.00,1,,0.00,56480.00,,,,,,1.00,20.00,-2824.00,0.00,,,34,120,,,,0.00,0,0
St Joseph Egbeda,St Joseph Egbeda,52201,,FALSE,FALSE,6/11/26,,FALSE,,,FALSE,,"Medical Centre,Gowon Estate Rd",412 Ipaja Lagos,,,,NIGERIA,,Hand Delivery,,7/11/26,0.00,6/11/26,Net 30 Days,,11000,51203.00,,,FALSE,,FALSE,,FALSE,,3,1,0,FALSE,FALSE,1.00,,Euvichol - S,,0,Euvichol - S,49921,,12918.00,1,10/25,0.00,-12918.00,12377,,59924,,<Each>,1.00,1.00,12918.00,9394.58,,,34,122,,,,0.00,0,0
St Joseph Egbeda,St Joseph Egbeda,52201,,FALSE,FALSE,6/11/26,,FALSE,,,FALSE,,"Medical Centre,Gowon Estate Rd",412 Ipaja Lagos,,,,NIGERIA,,Hand Delivery,,7/11/26,0.00,6/11/26,Net 30 Days,,11000,51203.00,,,FALSE,,FALSE,,FALSE,,3,2,0,FALSE,FALSE,1.00,,PRIORIX (H),,0,PRIORIX,40501,,17850.00,1,08/24....,0.00,-17850.00,12301,,50701,,<Each>,1.00,1.00,17850.00,16658.00,,,34,122,,,,0.00,0,0
St Joseph Egbeda,St Joseph Egbeda,52201,,FALSE,FALSE,6/11/26,,FALSE,,,FALSE,,"Medical Centre,Gowon Estate Rd",412 Ipaja Lagos,,,,NIGERIA,,Hand Delivery,,7/11/26,0.00,6/11/26,Net 30 Days,,11000,51203.00,,,FALSE,,FALSE,,FALSE,,3,3,0,FALSE,FALSE,1.00,,VARIRID(C),,0,VARIRID,49907,,20435.00,1,03/25,0.00,-20435.00,12363,,59910,,<Each>,1.00,1.00,20435.00,14682.63,,,34,122,,,,0.00,0,0
Milennium Pharmacy,Milennium Pharmacy,52202,,FALSE,FALSE,6/11/26,,FALSE,,,FALSE,Dr Abbey,"13B, Oba Olagbegi Str,Old",Bodija Ibadan 08023875481,oyo state,,,,,Hand Delivery,,6/11/26,0.00,6/11/26,C.O.D.,,11000,797230.00,,,FALSE,,FALSE,,FALSE,,8,1,0,FALSE,FALSE,2.00,,Vaxigrip Tetra(Q),,0,Vaxigrip Tetra,40544,,13200.00,1,01/26,0.00,-26400.00,12344,,50744,,<Each>,1.00,2.00,13200.00,24000.00,,,34,123,,,,0.00,0,0
Milennium Pharmacy,Milennium Pharmacy,52202,,FALSE,FALSE,6/11/26,,FALSE,,,FALSE,Dr Abbey,"13B, Oba Olagbegi Str,Old",Bodija Ibadan 08023875481,oyo state,,,,,Hand Delivery,,6/11/26,0.00,6/11/26,C.O.D.,,11000,797230.00,,,FALSE,,FALSE,,FALSE,,8,2,0,FALSE,FALSE,7.00,,VARIRID(C),,0,VARIRID,49907,,19040.00,1,03/25,0.00,-133280.00,12363,,59910,,<Each>,1.00,7.00,19040.00,102778.41,,,34,123,,,,0.00,0,0
Milennium Pharmacy,Milennium Pharmacy,52202,,FALSE,FALSE,6/11/26,,FALSE,,,FALSE,Dr Abbey,"13B, Oba Olagbegi Str,Old",Bodija Ibadan 08023875481,oyo state,,,,,Hand Delivery,,6/11/26,0.00,6/11/26,C.O.D.,,11000,797230.00,,,FALSE,,FALSE,,FALSE,,8,3,0,FALSE,FALSE,2.00,,CERVARIX 0.5ml(H),,0,CERVARIX 0.5ml,40300,,53295.00,1,02/2024.....,0.00,-106590.00,12150,,50550,,<Each>,1.00,2.00,53295.00,96860.00,,,34,123,,,,0.00,0,0
Milennium Pharmacy,Milennium Pharmacy,52202,,FALSE,FALSE,6/11/26,,FALSE,,,FALSE,Dr Abbey,"13B, Oba Olagbegi Str,Old",Bodija Ibadan 08023875481,oyo state,,,,,Hand Delivery,,6/11/26,0.00,6/11/26,C.O.D.,,11000,797230.00,,,FALSE,,FALSE,,FALSE,,8,4,0,FALSE,FALSE,1.00,,ADACEL POLIO(M),,0,ADACEL POLIO TDAP/IPV,40546,,33150.00,1,07/24...,0.00,-33150.00,12346,,50746,,<Each>,1.00,1.00,33150.00,23994.00,,,34,123,,,,0.00,0,0
Milennium Pharmacy,Milennium Pharmacy,52202,,FALSE,FALSE,6/11/26,,FALSE,,,FALSE,Dr Abbey,"13B, Oba Olagbegi Str,Old",Bodija Ibadan 08023875481,oyo state,,,,,Hand Delivery,,6/11/26,0.00,6/11/26,C.O.D.,,11000,797230.00,,,FALSE,,FALSE,,FALSE,,8,5,0,FALSE,FALSE,7.00,,HEXAXIM (Q),,0,HEXAXIM,40548,,33620.00,1,04/24.....,0.00,-235340.00,12352,,50748,,<Each>,1.00,7.00,33620.00,215404.00,,,34,123,,,,0.00,0,0
Milennium Pharmacy,Milennium Pharmacy,52202,,FALSE,FALSE,6/11/26,,FALSE,,,FALSE,Dr Abbey,"13B, Oba Olagbegi Str,Old",Bodija Ibadan 08023875481,oyo state,,,,,Hand Delivery,,6/11/26,0.00,6/11/26,C.O.D.,,11000,797230.00,,,FALSE,,FALSE,,FALSE,,8,6,0,FALSE,FALSE,2.00,,Euvichol - S,,0,Euvichol - S,49921,,10335.00,1,10/25,0.00,-20670.00,12377,,59924,,<Each>,1.00,2.00,10335.00,18789.16,,,34,123,,,,0.00,0,0
Milennium Pharmacy,Milennium Pharmacy,52202,,FALSE,FALSE,6/11/26,,FALSE,,,FALSE,Dr Abbey,"13B, Oba Olagbegi Str,Old",Bodija Ibadan 08023875481,oyo state,,,,,Hand Delivery,,6/11/26,0.00,6/11/26,C.O.D.,,11000,797230.00,,,FALSE,,FALSE,,FALSE,,8,7,0,FALSE,FALSE,7.00,,Avaxim inj. Ped (Q),,0,Avaxim inj. Ped,40200,,19500.00,1,"09/23...,",0.00,-136500.00,12100,,50500,,<Each>,1.00,7.00,19500.00,121723.00,,,34,123,,,,0.00,0,0
Milennium Pharmacy,Milennium Pharmacy,52202,,FALSE,FALSE,6/11/26,,FALSE,,,FALSE,Dr Abbey,"13B, Oba Olagbegi Str,Old",Bodija Ibadan 08023875481,oyo state,,,,,Hand Delivery,,6/11/26,0.00,6/11/26,C.O.D.,,11000,797230.00,,,FALSE,,FALSE,,FALSE,,8,8,0,FALSE,FALSE,6.00,,PRIORIX (H),,0,PRIORIX,40501,,17550.00,1,08/24....,0.00,-105300.00,12301,,50701,,<Each>,1.00,6.00,17550.00,99948.00,,,34,123,,,,0.00,0,0
PeaceMaker Pharmacy,Peace Maker Pharmacy,52203,,FALSE,FALSE,6/11/26,,FALSE,,,FALSE,Peace Maker Pharmacy,"Illishan Road, Shagamu.",09031178440,,,,,,Hand Delivery,,6/11/26,0.00,6/11/26,C.O.D.,,11000,301730.00,,,FALSE,,FALSE,,FALSE,,6,1,0,FALSE,FALSE,2.00,,Avaxim inj. Ped (Q),,0,Avaxim inj. Ped,40200,,19500.00,1,"09/23...,",0.00,-39000.00,12100,,50500,,<Each>,1.00,2.00,19500.00,34778.00,,,34,124,,,,0.00,0,0
PeaceMaker Pharmacy,Peace Maker Pharmacy,52203,,FALSE,FALSE,6/11/26,,FALSE,,,FALSE,Peace Maker Pharmacy,"Illishan Road, Shagamu.",09031178440,,,,,,Hand Delivery,,6/11/26,0.00,6/11/26,C.O.D.,,11000,301730.00,,,FALSE,,FALSE,,FALSE,,6,2,0,FALSE,FALSE,2.00,,MENACTRA (R),,0,MENACTRA,40505,,26400.00,1,"07/25,.",0.00,-52800.00,12305,,50705,,<Each>,1.00,2.00,26400.00,49000.00,,,34,124,,,,0.00,0,0
PeaceMaker Pharmacy,Peace Maker Pharmacy,52203,,FALSE,FALSE,6/11/26,,FALSE,,,FALSE,Peace Maker Pharmacy,"Illishan Road, Shagamu.",09031178440,,,,,,Hand Delivery,,6/11/26,0.00,6/11/26,C.O.D.,,11000,301730.00,,,FALSE,,FALSE,,FALSE,,6,3,0,FALSE,FALSE,1.00,,PRIORIX (H),,0,PRIORIX,40501,,17550.00,1,08/24....,0.00,-17550.00,12301,,50701,,<Each>,1.00,1.00,17550.00,16658.00,,,34,124,,,,0.00,0,0
PeaceMaker Pharmacy,Peace Maker Pharmacy,52203,,FALSE,FALSE,6/11/26,,FALSE,,,FALSE,Peace Maker Pharmacy,"Illishan Road, Shagamu.",09031178440,,,,,,Hand Delivery,,6/11/26,0.00,6/11/26,C.O.D.,,11000,301730.00,,,FALSE,,FALSE,,FALSE,,6,4,0,FALSE,FALSE,1.00,,VARIRID(C),,0,VARIRID,49907,,19040.00,1,03/25,0.00,-19040.00,12363,,59910,,<Each>,1.00,1.00,19040.00,14682.63,,,34,124,,,,0.00,0,0
PeaceMaker Pharmacy,Peace Maker Pharmacy,52203,,FALSE,FALSE,6/11/26,,FALSE,,,FALSE,Peace Maker Pharmacy,"Illishan Road, Shagamu.",09031178440,,,,,,Hand Delivery,,6/11/26,0.00,6/11/26,C.O.D.,,11000,301730.00,,,FALSE,,FALSE,,FALSE,,6,5,0,FALSE,FALSE,10.00,,Vaxigrip Tetra(Q),,0,Vaxigrip Tetra,40544,,13200.00,1,01/26,0.00,-132000.00,12344,,50744,,<Each>,1.00,10.00,13200.00,120000.00,,,34,124,,,,0.00,0,0
PeaceMaker Pharmacy,Peace Maker Pharmacy,52203,,FALSE,FALSE,6/11/26,,FALSE,,,FALSE,Peace Maker Pharmacy,"Illishan Road, Shagamu.",09031178440,,,,,,Hand Delivery,,6/11/26,0.00,6/11/26,C.O.D.,,11000,301730.00,,,FALSE,,FALSE,,FALSE,,6,6,0,FALSE,FALSE,4.00,,Euvichol - S,,0,Euvichol - S,49921,,10335.00,1,10/25,0.00,-41340.00,12377,,59924,,<Each>,1.00,4.00,10335.00,37578.32,,,34,124,,,,0.00,0,0
Redeem Health Centre,Redeem Health Centre,52204,,FALSE,FALSE,6/11/26,,FALSE,,,FALSE,,Redeem Camp,,,,,,,Hand Delivery,,7/11/26,0.00,6/11/26,Net 30 Days,,11000,200000.00,,,FALSE,,FALSE,,FALSE,,2,1,0,FALSE,FALSE,10.00,,Avaxim inj. Ped (Q),,0,Avaxim inj. Ped,40200,,22824.00,1,"09/23...,",0.00,-228240.00,12100,,50500,,<Each>,1.00,10.00,22824.00,173890.00,,,34,125,,,,0.00,0,0
Redeem Health Centre,Redeem Health Centre,52204,,FALSE,FALSE,6/11/26,,FALSE,,,FALSE,,Redeem Camp,,,,,,,Hand Delivery,,7/11/26,0.00,6/11/26,Net 30 Days,,11000,200000.00,,,FALSE,,FALSE,,FALSE,,2,2,0,FALSE,FALSE,10.00,,,,0,Less Discount,49000,,-2824.00,1,,0.00,28240.00,,,,,,1.00,10.00,-2824.00,0.00,,,34,125,,,,0.00,0,0
Redeem Health Centre,Redeem Health Centre,52205,,FALSE,FALSE,6/11/26,,FALSE,,,FALSE,,Redeem Camp,,,,,,,Hand Delivery,,7/11/26,0.00,6/11/26,Net 30 Days,,11000,278450.00,,,FALSE,,FALSE,,FALSE,,1,1,0,FALSE,FALSE,5.00,,CERVARIX 0.5ml(H),,0,CERVARIX 0.5ml,40300,,55690.00,1,02/2024.....,0.00,-278450.00,12150,,50550,,<Each>,1.00,5.00,55690.00,242150.00,,,34,126,,,,0.00,0,0
Vine Branch Med.Cent,Vine Branch Med Centre,52206,,FALSE,FALSE,6/11/26,,FALSE,,,FALSE,,"1,Olubadan Palace Rd,off Queen",Elizabeth Rd Mokola,IBADAN,,,,,Hand Delivery,,7/11/26,0.00,6/11/26,Net 30 Days,,11000,600000.00,,,FALSE,,FALSE,,FALSE,,2,1,0,FALSE,FALSE,30.00,,Avaxim inj. Ped (Q),,0,Avaxim inj. Ped,40200,,22824.00,1,"09/23...,",0.00,-684720.00,12100,,50500,,<Each>,1.00,30.00,22824.00,521670.00,,,34,127,,,,0.00,0,0
Vine Branch Med.Cent,Vine Branch Med Centre,52206,,FALSE,FALSE,6/11/26,,FALSE,,,FALSE,,"1,Olubadan Palace Rd,off Queen",Elizabeth Rd Mokola,IBADAN,,,,,Hand Delivery,,7/11/26,0.00,6/11/26,Net 30 Days,,11000,600000.00,,,FALSE,,FALSE,,FALSE,,2,2,0,FALSE,FALSE,30.00,,,,0,Less Discount,49000,,-2824.00,1,,0.00,84720.00,,,,,,1.00,30.00,-2824.00,0.00,,,34,127,,,,0.00,0,0
Vine Branch Med.Cent,Vine Branch Med Centre,52207,,FALSE,FALSE,6/11/26,,FALSE,,,FALSE,,"1,Olubadan Palace Rd,off Queen",Elizabeth Rd Mokola,IBADAN,,,,,Hand Delivery,,7/11/26,0.00,6/11/26,Net 30 Days,,11000,1224725.00,,,FALSE,,FALSE,,FALSE,,6,1,0,FALSE,FALSE,30.00,,Vaxigrip Tetra(Q),,0,Vaxigrip Tetra,40544,,13800.00,1,01/26,0.00,-414000.00,12344,,50744,,<Each>,1.00,30.00,13800.00,360000.00,,,34,128,,,,0.00,0,0
Vine Branch Med.Cent,Vine Branch Med Centre,52207,,FALSE,FALSE,6/11/26,,FALSE,,,FALSE,,"1,Olubadan Palace Rd,off Queen",Elizabeth Rd Mokola,IBADAN,,,,,Hand Delivery,,7/11/26,0.00,6/11/26,Net 30 Days,,11000,1224725.00,,,FALSE,,FALSE,,FALSE,,6,2,0,FALSE,FALSE,10.00,,VARIRID(C),,0,VARIRID,49907,,20435.00,1,03/25,0.00,-204350.00,12363,,59910,,<Each>,1.00,10.00,20435.00,146826.30,,,34,128,,,,0.00,0,0
Vine Branch Med.Cent,Vine Branch Med Centre,52207,,FALSE,FALSE,6/11/26,,FALSE,,,FALSE,,"1,Olubadan Palace Rd,off Queen",Elizabeth Rd Mokola,IBADAN,,,,,Hand Delivery,,7/11/26,0.00,6/11/26,Net 30 Days,,11000,1224725.00,,,FALSE,,FALSE,,FALSE,,6,3,0,FALSE,FALSE,10.00,,PRIORIX (H),,0,PRIORIX,40501,,17850.00,1,08/24....,0.00,-178500.00,12301,,50701,,<Each>,1.00,10.00,17850.00,166580.00,,,34,128,,,,0.00,0,0
Vine Branch Med.Cent,Vine Branch Med Centre,52207,,FALSE,FALSE,6/11/26,,FALSE,,,FALSE,,"1,Olubadan Palace Rd,off Queen",Elizabeth Rd Mokola,IBADAN,,,,,Hand Delivery,,7/11/26,0.00,6/11/26,Net 30 Days,,11000,1224725.00,,,FALSE,,FALSE,,FALSE,,6,4,0,FALSE,FALSE,5.00,,HEXAXIM (Q),,0,HEXAXIM,40548,,34843.00,1,04/24.....,0.00,-174215.00,12352,,50748,,<Each>,1.00,5.00,34843.00,153860.00,,,34,128,,,,0.00,0,0
Vine Branch Med.Cent,Vine Branch Med Centre,52207,,FALSE,FALSE,6/11/26,,FALSE,,,FALSE,,"1,Olubadan Palace Rd,off Queen",Elizabeth Rd Mokola,IBADAN,,,,,Hand Delivery,,7/11/26,0.00,6/11/26,Net 30 Days,,11000,1224725.00,,,FALSE,,FALSE,,FALSE,,6,5,0,FALSE,FALSE,10.00,,TYPHIM (O),,0,TYPHIM,40500,,14228.00,1,"11/23,..",0.00,-142280.00,12300,,50700,,<Each>,1.00,10.00,14228.00,103920.00,,,34,128,,,,0.00,0,0
Vine Branch Med.Cent,Vine Branch Med Centre,52207,,FALSE,FALSE,6/11/26,,FALSE,,,FALSE,,"1,Olubadan Palace Rd,off Queen",Elizabeth Rd Mokola,IBADAN,,,,,Hand Delivery,,7/11/26,0.00,6/11/26,Net 30 Days,,11000,1224725.00,,,FALSE,,FALSE,,FALSE,,6,6,0,FALSE,FALSE,2.00,,CERVARIX 0.5ml(H),,0,CERVARIX 0.5ml,40300,,55690.00,1,02/2024.....,0.00,-111380.00,12150,,50550,,<Each>,1.00,2.00,55690.00,96860.00,,,34,128,,,,0.00,0,0
Life Giver Global,Life Giver Global,52208,,FALSE,FALSE,6/11/26,,FALSE,,,FALSE,,Ibadan,,IBADAN,,,,,Hand Delivery,,7/11/26,0.00,6/11/26,Net 30 Days,,11000,2024600.00,,,FALSE,,FALSE,,FALSE,,6,1,0,FALSE,FALSE,20.00,,Vaxigrip Tetra(Q),,0,Vaxigrip Tetra,40544,,13200.00,1,01/26,0.00,-264000.00,12344,,50744,,<Each>,1.00,20.00,13200.00,240000.00,,,34,129,,,,0.00,0,0
Life Giver Global,Life Giver Global,52208,,FALSE,FALSE,6/11/26,,FALSE,,,FALSE,,Ibadan,,IBADAN,,,,,Hand Delivery,,7/11/26,0.00,6/11/26,Net 30 Days,,11000,2024600.00,,,FALSE,,FALSE,,FALSE,,6,2,0,FALSE,FALSE,20.00,,HEXAXIM (Q),,0,HEXAXIM,40548,,33620.00,1,04/24.....,0.00,-672400.00,12352,,50748,,<Each>,1.00,20.00,33620.00,615440.00,,,34,129,,,,0.00,0,0
Life Giver Global,Life Giver Global,52208,,FALSE,FALSE,6/11/26,,FALSE,,,FALSE,,Ibadan,,IBADAN,,,,,Hand Delivery,,7/11/26,0.00,6/11/26,Net 30 Days,,11000,2024600.00,,,FALSE,,FALSE,,FALSE,,6,3,0,FALSE,FALSE,10.00,,PRIORIX (H),,0,PRIORIX,40501,,17550.00,1,08/24....,0.00,-175500.00,12301,,50701,,<Each>,1.00,10.00,17550.00,166580.00,,,34,129,,,,0.00,0,0
Life Giver Global,Life Giver Global,52208,,FALSE,FALSE,6/11/26,,FALSE,,,FALSE,,Ibadan,,IBADAN,,,,,Hand Delivery,,7/11/26,0.00,6/11/26,Net 30 Days,,11000,2024600.00,,,FALSE,,FALSE,,FALSE,,6,4,0,FALSE,FALSE,60.00,,Euvichol - S,,0,Euvichol - S,49921,,10335.00,1,10/25,0.00,-620100.00,12377,,59924,,<Each>,1.00,60.00,10335.00,563674.80,,,34,129,,,,0.00,0,0
Life Giver Global,Life Giver Global,52208,,FALSE,FALSE,6/11/26,,FALSE,,,FALSE,,Ibadan,,IBADAN,,,,,Hand Delivery,,7/11/26,0.00,6/11/26,Net 30 Days,,11000,2024600.00,,,FALSE,,FALSE,,FALSE,,6,5,0,FALSE,FALSE,10.00,,ROTARIX(M),,0,ROTARIX,40508,,28860.00,1,02/24.',0.00,-288600.00,12308,,50708,,<Each>,1.00,10.00,28860.00,252070.00,,,34,129,,,,0.00,0,0
Life Giver Global,Life Giver Global,52208,,FALSE,FALSE,6/11/26,,FALSE,,,FALSE,,Ibadan,,IBADAN,,,,,Hand Delivery,,7/11/26,0.00,6/11/26,Net 30 Days,,11000,2024600.00,,,FALSE,,FALSE,,FALSE,,6,6,0,FALSE,FALSE,0.00,,,,0,Delivery Charge,40800,,0.00,1,,0.00,-4000.00,,,,,,1.00,0.00,0.00,0.00,,,34,129,,,,0.00,0,0
Promise Hospital,Promise Hospital,52209,,FALSE,FALSE,6/11/26,,FALSE,,,FALSE,,"132, DOPEMU ROAD.. LAGOS.",,,,,,,Hand Delivery,,7/11/26,0.00,6/11/26,Net 30 Days,,11000,235050.00,,,FALSE,,FALSE,,FALSE,,2,1,0,FALSE,FALSE,3.00,,PRIORIX (H),,0,PRIORIX,40501,,17850.00,1,08/24....,0.00,-53550.00,12301,,50701,,<Each>,1.00,3.00,17850.00,49974.00,,,34,130,,,,0.00,0,0
Promise Hospital,Promise Hospital,52209,,FALSE,FALSE,6/11/26,,FALSE,,,FALSE,,"132, DOPEMU ROAD.. LAGOS.",,,,,,,Hand Delivery,,7/11/26,0.00,6/11/26,Net 30 Days,,11000,235050.00,,,FALSE,,FALSE,,FALSE,,2,2,0,FALSE,FALSE,30.00,,Nucard 80mg(K),,0,Nucard (Valsartan) 80mg,49900,,6050.00,1,"03/24..,.",0.00,-181500.00,12356,,59903,,<Each>,1.00,30.00,6050.00,113538.60,,,34,130,,,,0.00,0,0
West Care Hospital,West Care Hospital,52210,,FALSE,FALSE,6/11/26,,FALSE,,,FALSE,,"32, Samuel Street",,Akowonjo,,,,,Hand Delivery,,7/11/26,0.00,6/11/26,Net 30 Days,,11000,293725.00,,,FALSE,,FALSE,,FALSE,,3,1,0,FALSE,FALSE,3.00,,PRIORIX (H),,0,PRIORIX,40501,,17850.00,1,08/24....,0.00,-53550.00,12301,,50701,,<Each>,1.00,3.00,17850.00,49974.00,,,34,131,,,,0.00,0,0
West Care Hospital,West Care Hospital,52210,,FALSE,FALSE,6/11/26,,FALSE,,,FALSE,,"32, Samuel Street",,Akowonjo,,,,,Hand Delivery,,7/11/26,0.00,6/11/26,Net 30 Days,,11000,293725.00,,,FALSE,,FALSE,,FALSE,,3,2,0,FALSE,FALSE,5.00,,MENACTRA (R),,0,MENACTRA,40505,,27600.00,1,"07/25,.",0.00,-138000.00,12305,,50705,,<Each>,1.00,5.00,27600.00,122500.00,,,34,131,,,,0.00,0,0
West Care Hospital,West Care Hospital,52210,,FALSE,FALSE,6/11/26,,FALSE,,,FALSE,,"32, Samuel Street",,Akowonjo,,,,,Hand Delivery,,7/11/26,0.00,6/11/26,Net 30 Days,,11000,293725.00,,,FALSE,,FALSE,,FALSE,,3,3,0,FALSE,FALSE,5.00,,VARIRID(C),,0,VARIRID,49907,,20435.00,1,03/25,0.00,-102175.00,12363,,59910,,<Each>,1.00,5.00,20435.00,73413.15,,,34,131,,,,0.00,0,0
O'kit Pharmaceutical,O'kit Pharmaceuticals Enterprises,52211,,FALSE,FALSE,6/11/26,,FALSE,,,FALSE,O'kit Pharmaceuticals Enterprises,"Moses Hall, Redemption City",Ogun State. 07065545069,,,,,,Hand Delivery,,6/11/26,0.00,6/11/26,C.O.D.,,11000,512713.00,,,FALSE,,FALSE,,FALSE,,6,1,0,FALSE,FALSE,6.00,,PRIORIX (H),,0,PRIORIX,40501,,17850.00,1,08/24....,0.00,-107100.00,12301,,50701,,<Each>,1.00,6.00,17850.00,99948.00,,,34,132,,,,0.00,0,0
O'kit Pharmaceutical,O'kit Pharmaceuticals Enterprises,52211,,FALSE,FALSE,6/11/26,,FALSE,,,FALSE,O'kit Pharmaceuticals Enterprises,"Moses Hall, Redemption City",Ogun State. 07065545069,,,,,,Hand Delivery,,6/11/26,0.00,6/11/26,C.O.D.,,11000,512713.00,,,FALSE,,FALSE,,FALSE,,6,2,0,FALSE,FALSE,5.00,,VARIRID(C),,0,VARIRID,49907,,20435.00,1,03/25,0.00,-102175.00,12363,,59910,,<Each>,1.00,5.00,20435.00,73413.15,,,34,132,,,,0.00,0,0
O'kit Pharmaceutical,O'kit Pharmaceuticals Enterprises,52211,,FALSE,FALSE,6/11/26,,FALSE,,,FALSE,O'kit Pharmaceuticals Enterprises,"Moses Hall, Redemption City",Ogun State. 07065545069,,,,,,Hand Delivery,,6/11/26,0.00,6/11/26,C.O.D.,,11000,512713.00,,,FALSE,,FALSE,,FALSE,,6,3,0,FALSE,FALSE,2.00,,MENACTRA (R),,0,MENACTRA,40505,,27600.00,1,"07/25,.",0.00,-55200.00,12305,,50705,,<Each>,1.00,2.00,27600.00,49000.00,,,34,132,,,,0.00,0,0
O'kit Pharmaceutical,O'kit Pharmaceuticals Enterprises,52211,,FALSE,FALSE,6/11/26,,FALSE,,,FALSE,O'kit Pharmaceuticals Enterprises,"Moses Hall, Redemption City",Ogun State. 07065545069,,,,,,Hand Delivery,,6/11/26,0.00,6/11/26,C.O.D.,,11000,512713.00,,,FALSE,,FALSE,,FALSE,,6,4,0,FALSE,FALSE,2.00,,Avaxim inj. Ped (Q),,0,Avaxim inj. Ped,40200,,22824.00,1,"09/23...,",0.00,-45648.00,12100,,50500,,<Each>,1.00,2.00,22824.00,34778.00,,,34,132,,,,0.00,0,0
O'kit Pharmaceutical,O'kit Pharmaceuticals Enterprises,52211,,FALSE,FALSE,6/11/26,,FALSE,,,FALSE,O'kit Pharmaceuticals Enterprises,"Moses Hall, Redemption City",Ogun State. 07065545069,,,,,,Hand Delivery,,6/11/26,0.00,6/11/26,C.O.D.,,11000,512713.00,,,FALSE,,FALSE,,FALSE,,6,5,0,FALSE,FALSE,10.00,,Vaxigrip Tetra(Q),,0,Vaxigrip Tetra,40544,,13800.00,1,01/26,0.00,-138000.00,12344,,50744,,<Each>,1.00,10.00,13800.00,120000.00,,,34,132,,,,0.00,0,0
O'kit Pharmaceutical,O'kit Pharmaceuticals Enterprises,52211,,FALSE,FALSE,6/11/26,,FALSE,,,FALSE,O'kit Pharmaceuticals Enterprises,"Moses Hall, Redemption City",Ogun State. 07065545069,,,,,,Hand Delivery,,6/11/26,0.00,6/11/26,C.O.D.,,11000,512713.00,,,FALSE,,FALSE,,FALSE,,6,6,0,FALSE,FALSE,5.00,,Euvichol - S,,0,Euvichol - S,49921,,12918.00,1,10/25,0.00,-64590.00,12377,,59924,,<Each>,1.00,5.00,12918.00,46972.90,,,34,132,,,,0.00,0,0
Nurse Taiwo Ifako,Nurse Taiwo Ifako,52213,,FALSE,FALSE,6/11/26,,FALSE,,,FALSE,Nurse Taiwo Ifako,07032048506.,,,,,,,Hand Delivery,,6/11/26,0.00,6/11/26,C.O.D.,,11000,56180.00,,,FALSE,,FALSE,,FALSE,,3,1,0,FALSE,FALSE,1.00,,VARIRID(C),,0,VARIRID,49907,,20435.00,1,03/25,0.00,-20435.00,12363,,59910,,<Each>,1.00,1.00,20435.00,14682.63,,,34,134,,,,0.00,0,0
Nurse Taiwo Ifako,Nurse Taiwo Ifako,52213,,FALSE,FALSE,6/11/26,,FALSE,,,FALSE,Nurse Taiwo Ifako,07032048506.,,,,,,,Hand Delivery,,6/11/26,0.00,6/11/26,C.O.D.,,11000,56180.00,,,FALSE,,FALSE,,FALSE,,3,2,0,FALSE,FALSE,1.00,,Avaxim inj. Ped (Q),,0,Avaxim inj. Ped,40200,,22825.00,1,"09/23...,",0.00,-22825.00,12100,,50500,,<Each>,1.00,1.00,22825.00,17389.00,,,34,134,,,,0.00,0,0
Nurse Taiwo Ifako,Nurse Taiwo Ifako,52213,,FALSE,FALSE,6/11/26,,FALSE,,,FALSE,Nurse Taiwo Ifako,07032048506.,,,,,,,Hand Delivery,,6/11/26,0.00,6/11/26,C.O.D.,,11000,56180.00,,,FALSE,,FALSE,,FALSE,,3,3,0,FALSE,FALSE,1.00,,Euvichol - S,,0,Euvichol - S,49921,,12920.00,1,10/25,0.00,-12920.00,12377,,59924,,<Each>,1.00,1.00,12920.00,9394.58,,,34,134,,,,0.00,0,0
St Leo,St Leo,52214,,FALSE,FALSE,6/11/26,,FALSE,,,FALSE,,"56, Toyin Street",,IKEJA,,,,,Hand Delivery,,7/11/26,0.00,6/11/26,Net 30 Days,,11000,400000.00,,,FALSE,,FALSE,,FALSE,,2,1,0,FALSE,FALSE,20.00,,Avaxim inj. Ped (Q),,0,Avaxim inj. Ped,40200,,22824.00,1,"09/23...,",0.00,-456480.00,12100,,50500,,<Each>,1.00,20.00,22824.00,347780.00,,,34,135,,,,0.00,0,0
St Leo,St Leo,52214,,FALSE,FALSE,6/11/26,,FALSE,,,FALSE,,"56, Toyin Street",,IKEJA,,,,,Hand Delivery,,7/11/26,0.00,6/11/26,Net 30 Days,,11000,400000.00,,,FALSE,,FALSE,,FALSE,,2,2,0,FALSE,FALSE,20.00,,,,0,Less Discount on Avaxime Paed,49000,,-2824.00,1,,0.00,56480.00,,,,,,1.00,20.00,-2824.00,0.00,,,34,135,,,,0.00,0,0
St. Ives Specialist,St Ives Specialist Hospital,52215,,FALSE,FALSE,6/11/26,,FALSE,,,FALSE,,"12, Salvation road",Opebi - Ikeja,,,,,,Hand Delivery,,7/11/26,0.00,6/11/26,Net 30 Days,,11000,240175.00,,Akowonjo,FALSE,,FALSE,,FALSE,,2,1,0,FALSE,FALSE,5.00,,VARIRID(C),,0,VARIRID,49907,,20435.00,1,03/25,0.00,-102175.00,12363,,59910,,<Each>,1.00,5.00,20435.00,73413.15,,,34,136,,,,0.00,0,0
St. Ives Specialist,St Ives Specialist Hospital,52215,,FALSE,FALSE,6/11/26,,FALSE,,,FALSE,,"12, Salvation road",Opebi - Ikeja,,,,,,Hand Delivery,,7/11/26,0.00,6/11/26,Net 30 Days,,11000,240175.00,,Akowonjo,FALSE,,FALSE,,FALSE,,2,2,0,FALSE,FALSE,5.00,,MENACTRA (R),,0,MENACTRA,40505,,27600.00,1,"07/25,.",0.00,-138000.00,12305,,50705,,<Each>,1.00,5.00,27600.00,122500.00,,,34,136,,,,0.00,0,0
St Raphel Hospital,St Raphel Hospital,52216,,FALSE,FALSE,6/11/26,,FALSE,,,FALSE,,"Ijede Road,Hosptial B/stop",Ikorodu,,,,,,Hand Delivery,,7/11/26,0.00,6/11/26,Net 30 Days,,11000,133390.00,,,FALSE,,FALSE,,FALSE,,3,1,0,FALSE,FALSE,2.00,,Vaxigrip Tetra(Q),,0,Vaxigrip Tetra,40544,,13800.00,1,01/26,0.00,-27600.00,12344,,50744,,<Each>,1.00,2.00,13800.00,24000.00,,,34,137,,,,0.00,0,0
St Raphel Hospital,St Raphel Hospital,52216,,FALSE,FALSE,6/11/26,,FALSE,,,FALSE,,"Ijede Road,Hosptial B/stop",Ikorodu,,,,,,Hand Delivery,,7/11/26,0.00,6/11/26,Net 30 Days,,11000,133390.00,,,FALSE,,FALSE,,FALSE,,3,2,0,FALSE,FALSE,1.00,,MIXTARD 30HM FLEX (U,,0,MIXTARD 30 FLEXPEN,40520,,40990.00,1,02/25..,0.00,-40990.00,12320,,50720,,<Each>,1.00,1.00,40990.00,37260.00,,,34,137,,,,0.00,0,0
St Raphel Hospital,St Raphel Hospital,52216,,FALSE,FALSE,6/11/26,,FALSE,,,FALSE,,"Ijede Road,Hosptial B/stop",Ikorodu,,,,,,Hand Delivery,,7/11/26,0.00,6/11/26,Net 30 Days,,11000,133390.00,,,FALSE,,FALSE,,FALSE,,3,3,0,FALSE,FALSE,1.00,,LANTUS SOLOST300I(Q),,0,LANTUS SOLOSTAR 300IU,40536,,64800.00,1,08/25.',0.00,-64800.00,12336,,50736,,<Each>,1.00,1.00,64800.00,58800.00,,,34,137,,,,0.00,0,0
Lagoon  Hospital,Lagoon Hospital,52217,,FALSE,FALSE,6/11/26,,FALSE,,,FALSE,,"NO 8, MARINE ROAD, APAPA",OFF LIVERPOOL ROUNABOUT,LAGOS,,,,,Airborne,,7/11/26,0.00,6/11/26,Net 30 Days,,11000,221864.00,,Ligali Ayorinde Str VI,FALSE,,FALSE,,FALSE,,2,1,0,FALSE,FALSE,3.00,,LANTUS SOLOST300I(Q),,0,LANTUS SOLOSTAR 300IU,40536,,68688.00,1,08/25.',0.00,-206064.00,12336,,50736,,<Each>,1.00,3.00,68688.00,176400.00,,,34,138,,,,0.00,0,0
Lagoon  Hospital,Lagoon Hospital,52217,,FALSE,FALSE,6/11/26,,FALSE,,,FALSE,,"NO 8, MARINE ROAD, APAPA",OFF LIVERPOOL ROUNABOUT,LAGOS,,,,,Airborne,,7/11/26,0.00,6/11/26,Net 30 Days,,11000,221864.00,,Ligali Ayorinde Str VI,FALSE,,FALSE,,FALSE,,2,2,0,FALSE,FALSE,10.00,,TETANUS TOXOID(I),,0,TETANUS TOXOID,40531,,1580.00,1,06-25.,0.00,-15800.00,12331,,50731,,<Each>,1.00,10.00,1580.00,12000.00,,,34,138,,,,0.00,0,0
B.J Pharmacy,B.J Pharmacy,52218,,FALSE,FALSE,6/11/26,,FALSE,,,FALSE,,8157074742,Costain Bustop,Costain,,,,,Hand Delivery,,7/11/26,0.00,6/11/26,Net 30 Days,,11000,94853.00,,,FALSE,,FALSE,,FALSE,,3,1,0,FALSE,FALSE,2.00,,PRIORIX (H),,0,PRIORIX,40501,,17550.00,1,08/24....,0.00,-35100.00,12301,,50701,,<Each>,1.00,2.00,17550.00,33316.00,,,34,139,,,,0.00,0,0
B.J Pharmacy,B.J Pharmacy,52218,,FALSE,FALSE,6/11/26,,FALSE,,,FALSE,,8157074742,Costain Bustop,Costain,,,,,Hand Delivery,,7/11/26,0.00,6/11/26,Net 30 Days,,11000,94853.00,,,FALSE,,FALSE,,FALSE,,3,2,0,FALSE,FALSE,2.00,,VARIRID(C),,0,VARIRID,49907,,19040.00,1,03/25,0.00,-38080.00,12363,,59910,,<Each>,1.00,2.00,19040.00,29365.26,,,34,139,,,,0.00,0,0
B.J Pharmacy,B.J Pharmacy,52218,,FALSE,FALSE,6/11/26,,FALSE,,,FALSE,,8157074742,Costain Bustop,Costain,,,,,Hand Delivery,,7/11/26,0.00,6/11/26,Net 30 Days,,11000,94853.00,,,FALSE,,FALSE,,FALSE,,3,3,0,FALSE,FALSE,1.00,,Avaxim inj. Ped (Q),,0,Avaxim inj. Ped,40200,,21673.00,1,"09/23...,",0.00,-21673.00,12100,,50500,,<Each>,1.00,1.00,21673.00,17389.00,,,34,139,,,,0.00,0,0
P & G Hospital,P & G Hospital,52219,,FALSE,FALSE,6/11/26,,FALSE,,,FALSE,,"21, SANI LABODE STREET","OKO-OBA, ABULE EGBA",,,,,,Hand Delivery,,7/11/26,0.00,6/11/26,Net 30 Days,,11000,330231.00,,,FALSE,,FALSE,,FALSE,,5,1,0,FALSE,FALSE,4.00,,VARIRID(C),,0,VARIRID,49907,,20435.00,1,03/25,0.00,-81740.00,12363,,59910,,<Each>,1.00,4.00,20435.00,58730.52,,,34,140,,,,0.00,0,0
P & G Hospital,P & G Hospital,52219,,FALSE,FALSE,6/11/26,,FALSE,,,FALSE,,"21, SANI LABODE STREET","OKO-OBA, ABULE EGBA",,,,,,Hand Delivery,,7/11/26,0.00,6/11/26,Net 30 Days,,11000,330231.00,,,FALSE,,FALSE,,FALSE,,5,2,0,FALSE,FALSE,4.00,,PRIORIX (H),,0,PRIORIX,40501,,17850.00,1,08/24....,0.00,-71400.00,12301,,50701,,<Each>,1.00,4.00,17850.00,66632.00,,,34,140,,,,0.00,0,0
P & G Hospital,P & G Hospital,52219,,FALSE,FALSE,6/11/26,,FALSE,,,FALSE,,"21, SANI LABODE STREET","OKO-OBA, ABULE EGBA",,,,,,Hand Delivery,,7/11/26,0.00,6/11/26,Net 30 Days,,11000,330231.00,,,FALSE,,FALSE,,FALSE,,5,3,0,FALSE,FALSE,1.00,,HEXAXIM (Q),,0,HEXAXIM,40548,,34843.00,1,04/24.....,0.00,-34843.00,12352,,50748,,<Each>,1.00,1.00,34843.00,30772.00,,,34,140,,,,0.00,0,0
P & G Hospital,P & G Hospital,52219,,FALSE,FALSE,6/11/26,,FALSE,,,FALSE,,"21, SANI LABODE STREET","OKO-OBA, ABULE EGBA",,,,,,Hand Delivery,,7/11/26,0.00,6/11/26,Net 30 Days,,11000,330231.00,,,FALSE,,FALSE,,FALSE,,5,4,0,FALSE,FALSE,2.00,,Avaxim inj. Ped (Q),,0,Avaxim inj. Ped,40200,,22824.00,1,"09/23...,",0.00,-45648.00,12100,,50500,,<Each>,1.00,2.00,22824.00,34778.00,,,34,140,,,,0.00,0,0
P & G Hospital,P & G Hospital,52219,,FALSE,FALSE,6/11/26,,FALSE,,,FALSE,,"21, SANI LABODE STREET","OKO-OBA, ABULE EGBA",,,,,,Hand Delivery,,7/11/26,0.00,6/11/26,Net 30 Days,,11000,330231.00,,,FALSE,,FALSE,,FALSE,,5,5,0,FALSE,FALSE,7.00,,Vaxigrip Tetra(Q),,0,Vaxigrip Tetra,40544,,13800.00,1,01/26,0.00,-96600.00,12344,,50744,,<Each>,1.00,7.00,13800.00,84000.00,,,34,140,,,,0.00,0,0
Chris health PX,Chris Health Pharmacy,52220,,FALSE,FALSE,6/11/26,,FALSE,,,FALSE,,"5, Ogunsolu str, Onilekere by",Cement bus stop,,,,,,Hand Delivery,,7/11/26,0.00,6/11/26,Net 30 Days,,11000,36590.00,,,FALSE,,FALSE,,FALSE,,2,1,0,FALSE,FALSE,1.00,,PRIORIX (H),,0,PRIORIX,40501,,17550.00,1,08/24....,0.00,-17550.00,12301,,50701,,<Each>,1.00,1.00,17550.00,16658.00,,,34,141,,,,0.00,0,0
Chris health PX,Chris Health Pharmacy,52220,,FALSE,FALSE,6/11/26,,FALSE,,,FALSE,,"5, Ogunsolu str, Onilekere by",Cement bus stop,,,,,,Hand Delivery,,7/11/26,0.00,6/11/26,Net 30 Days,,11000,36590.00,,,FALSE,,FALSE,,FALSE,,2,2,0,FALSE,FALSE,1.00,,VARIRID(C),,0,VARIRID,49907,,19040.00,1,03/25,0.00,-19040.00,12363,,59910,,<Each>,1.00,1.00,19040.00,14682.63,,,34,141,,,,0.00,0,0
OLAN HOSPITAL,OLAN HOSPITAL,52221,,FALSE,FALSE,6/11/26,,FALSE,,,FALSE,,"119, ADENIYI JONES IKEJA",,,,,,,Hand DeliverY,,7/11/26,0.00,6/11/26,Net 30 Days,,11000,91295.00,,,FALSE,,FALSE,,FALSE,,3,1,0,FALSE,FALSE,2.00,,VARIRID(C),,0,VARIRID,49907,,20435.00,1,03/25,0.00,-40870.00,12363,,59910,,<Each>,1.00,2.00,20435.00,29365.26,,,34,142,,,,0.00,0,0
OLAN HOSPITAL,OLAN HOSPITAL,52221,,FALSE,FALSE,6/11/26,,FALSE,,,FALSE,,"119, ADENIYI JONES IKEJA",,,,,,,Hand DeliverY,,7/11/26,0.00,6/11/26,Net 30 Days,,11000,91295.00,,,FALSE,,FALSE,,FALSE,,3,2,0,FALSE,FALSE,1.00,,MENACTRA (R),,0,MENACTRA,40505,,27600.00,1,"07/25,.",0.00,-27600.00,12305,,50705,,<Each>,1.00,1.00,27600.00,24500.00,,,34,142,,,,0.00,0,0
OLAN HOSPITAL,OLAN HOSPITAL,52221,,FALSE,FALSE,6/11/26,,FALSE,,,FALSE,,"119, ADENIYI JONES IKEJA",,,,,,,Hand DeliverY,,7/11/26,0.00,6/11/26,Net 30 Days,,11000,91295.00,,,FALSE,,FALSE,,FALSE,,3,3,0,FALSE,FALSE,1.00,,Avaxim inj. Ped (Q),,0,Avaxim inj. Ped,40200,,22825.00,1,"09/23...,",0.00,-22825.00,12100,,50500,,<Each>,1.00,1.00,22825.00,17389.00,,,34,142,,,,0.00,0,0
Mother & Child,Mother & Child  Hospital,52222,,FALSE,FALSE,6/11/26,,FALSE,,,FALSE,,"39, ADENIYI JONES AVENUUE",OBA ANKRA.  IKEJA,,,,,,Hand Delivery,,7/11/26,0.00,6/11/26,Net 30 Days,,11000,484040.00,,Ikeja,FALSE,,FALSE,,FALSE,,2,1,0,FALSE,FALSE,10.00,,Vaxigrip Tetra(Q),,0,Vaxigrip Tetra,40544,,13800.00,1,01/26,0.00,-138000.00,12344,,50744,,<Each>,1.00,10.00,13800.00,120000.00,,,34,143,,,,0.00,0,0
Mother & Child,Mother & Child  Hospital,52222,,FALSE,FALSE,6/11/26,,FALSE,,,FALSE,,"39, ADENIYI JONES AVENUUE",OBA ANKRA.  IKEJA,,,,,,Hand Delivery,,7/11/26,0.00,6/11/26,Net 30 Days,,11000,484040.00,,Ikeja,FALSE,,FALSE,,FALSE,,2,2,0,FALSE,FALSE,10.00,,PREVENAR 13 (X),,0,PREVENAR  13,40510,,34604.00,1,"11/24,,",0.00,-346040.00,12310,,50710,,<Each>,1.00,10.00,34604.00,314360.00,,,34,143,,,,0.00,0,0
Mother & Child,Mother & Child  Hospital,52223,,FALSE,FALSE,6/11/26,,FALSE,,,FALSE,,"39, ADENIYI JONES AVENUUE",OBA ANKRA.  IKEJA,,,,,,Hand Delivery,,7/11/26,0.00,6/11/26,Net 30 Days,,11000,812804.00,,,FALSE,,FALSE,,FALSE,,5,1,0,FALSE,FALSE,20.00,,Vaxigrip Tetra(Q),,0,Vaxigrip Tetra,40544,,13800.00,1,01/26,0.00,-276000.00,12344,,50744,,<Each>,1.00,20.00,13800.00,240000.00,,,34,144,,,,0.00,0,0
Mother & Child,Mother & Child  Hospital,52223,,FALSE,FALSE,6/11/26,,FALSE,,,FALSE,,"39, ADENIYI JONES AVENUUE",OBA ANKRA.  IKEJA,,,,,,Hand Delivery,,7/11/26,0.00,6/11/26,Net 30 Days,,11000,812804.00,,,FALSE,,FALSE,,FALSE,,5,2,0,FALSE,FALSE,6.00,,PREVENAR 13 (X),,0,PREVENAR  13,40510,,34604.00,1,"11/24,,",0.00,-207624.00,12310,,50710,,<Each>,1.00,6.00,34604.00,188616.00,,,34,144,,,,0.00,0,0
Mother & Child,Mother & Child  Hospital,52223,,FALSE,FALSE,6/11/26,,FALSE,,,FALSE,,"39, ADENIYI JONES AVENUUE",OBA ANKRA.  IKEJA,,,,,,Hand Delivery,,7/11/26,0.00,6/11/26,Net 30 Days,,11000,812804.00,,,FALSE,,FALSE,,FALSE,,5,3,0,FALSE,FALSE,10.00,,Euvichol - S,,0,Euvichol - S,49921,,12918.00,1,10/25,0.00,-129180.00,12377,,59924,,<Each>,1.00,10.00,12918.00,93945.80,,,34,144,,,,0.00,0,0
Mother & Child,Mother & Child  Hospital,52223,,FALSE,FALSE,6/11/26,,FALSE,,,FALSE,,"39, ADENIYI JONES AVENUUE",OBA ANKRA.  IKEJA,,,,,,Hand Delivery,,7/11/26,0.00,6/11/26,Net 30 Days,,11000,812804.00,,,FALSE,,FALSE,,FALSE,,5,4,0,FALSE,FALSE,10.00,,Avaxim inj. Ped (Q),,0,Avaxim inj. Ped,40200,,22824.00,1,"09/23...,",0.00,-228240.00,12100,,50500,,<Each>,1.00,10.00,22824.00,173890.00,,,34,144,,,,0.00,0,0
Mother & Child,Mother & Child  Hospital,52223,,FALSE,FALSE,6/11/26,,FALSE,,,FALSE,,"39, ADENIYI JONES AVENUUE",OBA ANKRA.  IKEJA,,,,,,Hand Delivery,,7/11/26,0.00,6/11/26,Net 30 Days,,11000,812804.00,,,FALSE,,FALSE,,FALSE,,5,5,0,FALSE,FALSE,10.00,,,,0,Less Discount on Avaxim Paed,49000,,-2824.00,1,,0.00,28240.00,,,,,,1.00,10.00,-2824.00,0.00,,,34,144,,,,0.00,0,0
Royan Hospital,Royan Hospital,52224,,FALSE,FALSE,6/11/26,,FALSE,,,FALSE,,"72, AINA STREET, OJODU BERGER",LAGOS,,,,,,Cust. Pickup,,7/11/26,0.00,6/11/26,Net 30 Days,,11000,174215.00,,,FALSE,,FALSE,,FALSE,,1,1,0,FALSE,FALSE,5.00,,HEXAXIM (Q),,0,HEXAXIM,40548,,34843.00,1,04/24.....,0.00,-174215.00,12352,,50748,,<Each>,1.00,5.00,34843.00,153860.00,,,34,145,,,,0.00,0,0
Pure Heart Wellness,Pure Heart Wellness Solution Clinic,52225,,FALSE,FALSE,6/11/26,,FALSE,,,FALSE,Matron ipaye,"48,Oluwaleimu Street,Off Amore","Washaman Building, 1st Floor",Ikeja,,08168511435,,,Cust. Pickup,,6/11/26,0.00,6/11/26,C.O.D.,,11000,55690.00,,,FALSE,,FALSE,,FALSE,,1,1,0,FALSE,FALSE,1.00,,CERVARIX 0.5ml(H),,0,CERVARIX 0.5ml,40300,,55690.00,1,02/2024.....,0.00,-55690.00,12150,,50550,,<Each>,1.00,1.00,55690.00,48430.00,,,34,146,,,,0.00,0,0
Chest Clinic,Chest Clinic,52226,,FALSE,FALSE,6/11/26,,FALSE,,,FALSE,,45B Sabo Aribiodu Str. GRA,Opp Police Mess. Ikeja,,,,NIGERIA,,Hand Delivery,,7/11/26,0.00,6/11/26,Net 30 Days,,11000,110610.00,,,FALSE,,FALSE,,FALSE,,2,1,0,FALSE,FALSE,2.00,,PREVENAR 13 (X),,0,PREVENAR  13,40510,,34605.00,1,"11/24,,",0.00,-69210.00,12310,,50710,,<Each>,1.00,2.00,34605.00,62872.00,,,34,147,,,,0.00,0,0
Chest Clinic,Chest Clinic,52226,,FALSE,FALSE,6/11/26,,FALSE,,,FALSE,,45B Sabo Aribiodu Str. GRA,Opp Police Mess. Ikeja,,,,NIGERIA,,Hand Delivery,,7/11/26,0.00,6/11/26,Net 30 Days,,11000,110610.00,,,FALSE,,FALSE,,FALSE,,2,2,0,FALSE,FALSE,3.00,,Vaxigrip Tetra(Q),,0,Vaxigrip Tetra,40544,,13800.00,1,01/26,0.00,-41400.00,12344,,50744,,<Each>,1.00,3.00,13800.00,36000.00,,,34,147,,,,0.00,0,0
AB 10 Hospital,AB 10 Hospital,52227,,FALSE,FALSE,6/11/26,,FALSE,,,FALSE,,"Karaole Estate, Ogba off","College Road, Ifako Ijaye",Lagos,,,,,Cust. Pickup,,6/11/26,0.00,6/11/26,C.O.D.,,11000,54475.00,,,FALSE,,FALSE,,FALSE,,3,1,0,FALSE,FALSE,1.00,,Vaxigrip Tetra(Q),,0,Vaxigrip Tetra,40544,,13800.00,1,01/26,0.00,-13800.00,12344,,50744,,<Each>,1.00,1.00,13800.00,12000.00,,,34,148,,,,0.00,0,0
AB 10 Hospital,AB 10 Hospital,52227,,FALSE,FALSE,6/11/26,,FALSE,,,FALSE,,"Karaole Estate, Ogba off","College Road, Ifako Ijaye",Lagos,,,,,Cust. Pickup,,6/11/26,0.00,6/11/26,C.O.D.,,11000,54475.00,,,FALSE,,FALSE,,FALSE,,3,2,0,FALSE,FALSE,1.00,,PRIORIX (H),,0,PRIORIX,40501,,17850.00,1,08/24....,0.00,-17850.00,12301,,50701,,<Each>,1.00,1.00,17850.00,16658.00,,,34,148,,,,0.00,0,0
AB 10 Hospital,AB 10 Hospital,52227,,FALSE,FALSE,6/11/26,,FALSE,,,FALSE,,"Karaole Estate, Ogba off","College Road, Ifako Ijaye",Lagos,,,,,Cust. Pickup,,6/11/26,0.00,6/11/26,C.O.D.,,11000,54475.00,,,FALSE,,FALSE,,FALSE,,3,3,0,FALSE,FALSE,1.00,,Avaxim inj. Ped (Q),,0,Avaxim inj. Ped,40200,,22825.00,1,"09/23...,",0.00,-22825.00,12100,,50500,,<Each>,1.00,1.00,22825.00,17389.00,,,34,148,,,,0.00,0,0
Sundry,Sundry,52228,,FALSE,FALSE,6/12/26,,FALSE,,,FALSE,,,,,,,,,Hand Delivery,,7/12/26,0.00,6/12/26,Net 30 Days,,11000,226235.00,,Mr Segun Awande,FALSE,,FALSE,,FALSE,,3,1,0,FALSE,FALSE,3.00,,PRIORIX (H),,0,PRIORIX,40501,,17850.00,1,08/24....,0.00,-53550.00,12301,,50701,,<Each>,1.00,3.00,17850.00,49974.00,,,34,149,,,,0.00,0,0
Sundry,Sundry,52228,,FALSE,FALSE,6/12/26,,FALSE,,,FALSE,,,,,,,,,Hand Delivery,,7/12/26,0.00,6/12/26,Net 30 Days,,11000,226235.00,,Mr Segun Awande,FALSE,,FALSE,,FALSE,,3,2,0,FALSE,FALSE,3.00,,VARIRID(C),,0,VARIRID,49907,,20435.00,1,03/25,0.00,-61305.00,12363,,59910,,<Each>,1.00,3.00,20435.00,44047.89,,,34,149,,,,0.00,0,0
Sundry,Sundry,52228,,FALSE,FALSE,6/12/26,,FALSE,,,FALSE,,,,,,,,,Hand Delivery,,7/12/26,0.00,6/12/26,Net 30 Days,,11000,226235.00,,Mr Segun Awande,FALSE,,FALSE,,FALSE,,3,4,0,FALSE,FALSE,2.00,,CERVARIX 0.5ml(H),,0,CERVARIX 0.5ml,40300,,55690.00,1,02/2024.....,0.00,-111380.00,12150,,50550,,<Each>,1.00,2.00,55690.00,96860.00,,,34,149,,,,0.00,0,0
Sundry,Sundry,52229,,FALSE,FALSE,6/12/26,,FALSE,,,FALSE,,,,,,,,,Hand Delivery,,7/12/26,0.00,6/12/26,Net 30 Days,,11000,20435.00,,C.Matron Royan Hx,FALSE,,FALSE,,FALSE,,1,1,0,FALSE,FALSE,1.00,,VARIRID(C),,0,VARIRID,49907,,20435.00,1,03/25,0.00,-20435.00,12363,,59910,,<Each>,1.00,1.00,20435.00,14682.63,,,34,150,,,,0.00,0,0
Q-Life Hospital,Q-Life Hospital,52230,,FALSE,FALSE,6/15/26,,FALSE,,,FALSE,,"155A,Prince Ade odedina Street",Off Sinari Danijo Street,Victoria Island,,,,,Hand Delivery,,7/15/26,0.00,6/15/26,Net 30 Days,,11000,7152250.00,,,FALSE,,FALSE,,FALSE,,1,1,0,FALSE,FALSE,350.00,,VARIRID(C),,0,VARIRID,49907,,20435.00,1,03/25,0.00,-7152250.00,12363,,59910,,<Each>,1.00,350.00,20435.00,5138920.50,,,34,151,,,,0.00,0,0
Navy Hospital,Navy Hospital,52231,,FALSE,FALSE,6/15/26,,FALSE,,,FALSE,,,,Ojo,,,Lagos,,Hand Delivery,,7/15/26,0.00,6/15/26,Net 30 Days,,11000,102175.00,,,FALSE,,FALSE,,FALSE,,1,1,0,FALSE,FALSE,5.00,,VARIRID(C),,0,VARIRID,49907,,20435.00,1,03/25,0.00,-102175.00,12363,,59910,,<Each>,1.00,5.00,20435.00,73413.15,,,34,152,,,,0.00,0,0
Reddington Hospital,Reddington Hospital,52232,,FALSE,FALSE,6/15/26,,FALSE,,,FALSE,,"39, Isaac Jone Street,",Ikeja GRA.,IKEJA,,,,,Hand Delivery,,7/15/26,0.00,6/15/26,Net 30 Days,,11000,585165.00,,,FALSE,,FALSE,,FALSE,,10,1,0,FALSE,FALSE,2.00,,PREVENAR 13 (X),,0,PREVENAR  13,40510,,36680.00,1,"11/24,,",0.00,-73360.00,12310,,50710,,<Each>,1.00,2.00,36680.00,62872.00,,,34,153,,,,0.00,0,0
Reddington Hospital,Reddington Hospital,52232,,FALSE,FALSE,6/15/26,,FALSE,,,FALSE,,"39, Isaac Jone Street,",Ikeja GRA.,IKEJA,,,,,Hand Delivery,,7/15/26,0.00,6/15/26,Net 30 Days,,11000,585165.00,,,FALSE,,FALSE,,FALSE,,10,2,0,FALSE,FALSE,1.00,,CERVARIX 0.5ml(H),,0,CERVARIX 0.5ml,40300,,59032.00,1,02/2024.....,0.00,-59032.00,12150,,50550,,<Each>,1.00,1.00,59032.00,48430.00,,,34,153,,,,0.00,0,0
Reddington Hospital,Reddington Hospital,52232,,FALSE,FALSE,6/15/26,,FALSE,,,FALSE,,"39, Isaac Jone Street,",Ikeja GRA.,IKEJA,,,,,Hand Delivery,,7/15/26,0.00,6/15/26,Net 30 Days,,11000,585165.00,,,FALSE,,FALSE,,FALSE,,10,3,0,FALSE,FALSE,2.00,,ROTARIX(M),,0,ROTARIX,40508,,31695.00,1,02/24.',0.00,-63390.00,12308,,50708,,<Each>,1.00,2.00,31695.00,50414.00,,,34,153,,,,0.00,0,0
Reddington Hospital,Reddington Hospital,52232,,FALSE,FALSE,6/15/26,,FALSE,,,FALSE,,"39, Isaac Jone Street,",Ikeja GRA.,IKEJA,,,,,Hand Delivery,,7/15/26,0.00,6/15/26,Net 30 Days,,11000,585165.00,,,FALSE,,FALSE,,FALSE,,10,4,0,FALSE,FALSE,4.00,,Vaxigrip Tetra(Q),,0,Vaxigrip Tetra,40544,,14628.00,1,01/26,0.00,-58512.00,12344,,50744,,<Each>,1.00,4.00,14628.00,48000.00,,,34,153,,,,0.00,0,0
Reddington Hospital,Reddington Hospital,52232,,FALSE,FALSE,6/15/26,,FALSE,,,FALSE,,"39, Isaac Jone Street,",Ikeja GRA.,IKEJA,,,,,Hand Delivery,,7/15/26,0.00,6/15/26,Net 30 Days,,11000,585165.00,,,FALSE,,FALSE,,FALSE,,10,5,0,FALSE,FALSE,1.00,,ADACEL POLIO(M),,0,ADACEL POLIO TDAP/IPV,40546,,36699.00,1,07/24...,0.00,-36699.00,12346,,50746,,<Each>,1.00,1.00,36699.00,23994.00,,,34,153,,,,0.00,0,0
Reddington Hospital,Reddington Hospital,52232,,FALSE,FALSE,6/15/26,,FALSE,,,FALSE,,"39, Isaac Jone Street,",Ikeja GRA.,IKEJA,,,,,Hand Delivery,,7/15/26,0.00,6/15/26,Net 30 Days,,11000,585165.00,,,FALSE,,FALSE,,FALSE,,10,6,0,FALSE,FALSE,4.00,,Euvichol - S,,0,Euvichol - S,49921,,13693.00,1,10/25,0.00,-54772.00,12377,,59924,,<Each>,1.00,4.00,13693.00,37578.32,,,34,153,,,,0.00,0,0
Reddington Hospital,Reddington Hospital,52232,,FALSE,FALSE,6/15/26,,FALSE,,,FALSE,,"39, Isaac Jone Street,",Ikeja GRA.,IKEJA,,,,,Hand Delivery,,7/15/26,0.00,6/15/26,Net 30 Days,,11000,585165.00,,,FALSE,,FALSE,,FALSE,,10,7,0,FALSE,FALSE,3.00,,PRIORIX (H),,0,PRIORIX,40501,,18921.00,1,08/24....,0.00,-56763.00,12301,,50701,,<Each>,1.00,3.00,18921.00,49974.00,,,34,153,,,,0.00,0,0
Reddington Hospital,Reddington Hospital,52232,,FALSE,FALSE,6/15/26,,FALSE,,,FALSE,,"39, Isaac Jone Street,",Ikeja GRA.,IKEJA,,,,,Hand Delivery,,7/15/26,0.00,6/15/26,Net 30 Days,,11000,585165.00,,,FALSE,,FALSE,,FALSE,,10,8,0,FALSE,FALSE,2.00,,MENACTRA (R),,0,MENACTRA,40505,,29256.00,1,"07/25,.",0.00,-58512.00,12305,,50705,,<Each>,1.00,2.00,29256.00,49000.00,,,34,153,,,,0.00,0,0
Reddington Hospital,Reddington Hospital,52232,,FALSE,FALSE,6/15/26,,FALSE,,,FALSE,,"39, Isaac Jone Street,",Ikeja GRA.,IKEJA,,,,,Hand Delivery,,7/15/26,0.00,6/15/26,Net 30 Days,,11000,585165.00,,,FALSE,,FALSE,,FALSE,,10,9,0,FALSE,FALSE,5.00,,VARIRID(C),,0,VARIRID,49907,,21665.00,1,03/25,0.00,-108325.00,12363,,59910,,<Each>,1.00,5.00,21665.00,73413.15,,,34,153,,,,0.00,0,0
Reddington Hospital,Reddington Hospital,52232,,FALSE,FALSE,6/15/26,,FALSE,,,FALSE,,"39, Isaac Jone Street,",Ikeja GRA.,IKEJA,,,,,Hand Delivery,,7/15/26,0.00,6/15/26,Net 30 Days,,11000,585165.00,,,FALSE,,FALSE,,FALSE,,10,10,0,FALSE,FALSE,10.00,,TETANUS TOXOID(I),,0,TETANUS TOXOID,40531,,1580.00,1,06-25.,0.00,-15800.00,12331,,50731,,<Each>,1.00,10.00,1580.00,12000.00,,,34,153,,,,0.00,0,0
Hova's Place Hospita,Hova's Place Hospital,52233,,FALSE,FALSE,6/15/26,,FALSE,,,FALSE,,"5th Avenue,T Close,",Festac,,,,,,Hand Delivery,,7/15/26,0.00,6/15/26,Net 30 Days,,11000,59876.00,,,FALSE,,FALSE,,FALSE,,2,1,0,FALSE,FALSE,2.00,,Avaxim inj. Ped (Q),,0,Avaxim inj. Ped,40200,,22824.00,1,"09/23...,",0.00,-45648.00,12100,,50500,,<Each>,1.00,2.00,22824.00,34778.00,,,34,154,,,,0.00,0,0
Hova's Place Hospita,Hova's Place Hospital,52233,,FALSE,FALSE,6/15/26,,FALSE,,,FALSE,,"5th Avenue,T Close,",Festac,,,,,,Hand Delivery,,7/15/26,0.00,6/15/26,Net 30 Days,,11000,59876.00,,,FALSE,,FALSE,,FALSE,,2,2,0,FALSE,FALSE,1.00,,TYPHIM (O),,0,TYPHIM,40500,,14228.00,1,"11/23,..",0.00,-14228.00,12300,,50700,,<Each>,1.00,1.00,14228.00,10392.00,,,34,154,,,,0.00,0,0
Ave Maria Hospital,Ave Maria Hospital.,52234,,FALSE,FALSE,6/15/26,,FALSE,,,FALSE,Ave Maria Hospital.,"No 7, Oba Idowu Abiodun","Oniru Road, V.I Lagos",,,,07012068498,,Hand Delivery,,6/15/26,0.00,6/15/26,C.O.D.,,11000,198200.00,,,FALSE,,FALSE,,FALSE,,2,1,0,FALSE,FALSE,10.00,,Euvichol - S,,0,Euvichol - S,49921,,12920.00,1,10/25,0.00,-129200.00,12377,,59924,,<Each>,1.00,10.00,12920.00,93945.80,,,34,155,,,,0.00,0,0
Ave Maria Hospital,Ave Maria Hospital.,52234,,FALSE,FALSE,6/15/26,,FALSE,,,FALSE,Ave Maria Hospital.,"No 7, Oba Idowu Abiodun","Oniru Road, V.I Lagos",,,,07012068498,,Hand Delivery,,6/15/26,0.00,6/15/26,C.O.D.,,11000,198200.00,,,FALSE,,FALSE,,FALSE,,2,2,0,FALSE,FALSE,5.00,,Vaxigrip Tetra(Q),,0,Vaxigrip Tetra,40544,,13800.00,1,01/26,0.00,-69000.00,12344,,50744,,<Each>,1.00,5.00,13800.00,60000.00,,,34,155,,,,0.00,0,0
Chion Family & Medic,Chion Family & Medical Centre,52235,,FALSE,FALSE,6/15/26,,FALSE,,,FALSE,,"3, OKI Lane, Mende. Maryland",lagos,,,,NIGERIA,,Hand Delivery,,7/15/26,0.00,6/15/26,Net 30 Days,,11000,17850.00,,,FALSE,,FALSE,,FALSE,,1,1,0,FALSE,FALSE,1.00,,PRIORIX (H),,0,PRIORIX,40501,,17850.00,1,08/24....,0.00,-17850.00,12301,,50701,,<Each>,1.00,1.00,17850.00,16658.00,,,34,156,,,,0.00,0,0
Sundry,Sundry,52236,,FALSE,FALSE,6/15/26,,FALSE,,,FALSE,,,,,,,,,Hand Delivery,,7/15/26,0.00,6/15/26,Net 30 Days,,11000,40990.00,,Mrs Baruwa c/o LASUTH Immunisation 07070119377,FALSE,,FALSE,,FALSE,,1,1,0,FALSE,FALSE,1.00,,MIXTARD 30HM FLEX (U,,0,MIXTARD 30 FLEXPEN,40520,,40990.00,1,02/25..,0.00,-40990.00,12320,,50720,,<Each>,1.00,1.00,40990.00,37260.00,,,34,157,,,,0.00,0,0
Turmeric Pharmacy,Turmeric Pharmacy,52237,,FALSE,FALSE,6/15/26,,FALSE,,,FALSE,,8182989540,Ireakare,Isolo,,,,,Cust. Pickup,,7/15/26,0.00,6/15/26,Net 30 Days,,11000,260956.00,,,FALSE,,FALSE,,FALSE,,3,1,0,FALSE,FALSE,10.00,,Vaxigrip Tetra(Q),,0,Vaxigrip Tetra,40544,,13200.00,1,01/26,0.00,-132000.00,12344,,50744,,<Each>,1.00,10.00,13200.00,120000.00,,,34,158,,,,0.00,0,0
Turmeric Pharmacy,Turmeric Pharmacy,52237,,FALSE,FALSE,6/15/26,,FALSE,,,FALSE,,8182989540,Ireakare,Isolo,,,,,Cust. Pickup,,7/15/26,0.00,6/15/26,Net 30 Days,,11000,260956.00,,,FALSE,,FALSE,,FALSE,,3,2,0,FALSE,FALSE,1.00,,TYPHIM (O),,0,TYPHIM,40500,,13516.00,1,"11/23,..",0.00,-13516.00,12300,,50700,,<Each>,1.00,1.00,13516.00,10392.00,,,34,158,,,,0.00,0,0
Turmeric Pharmacy,Turmeric Pharmacy,52237,,FALSE,FALSE,6/15/26,,FALSE,,,FALSE,,8182989540,Ireakare,Isolo,,,,,Cust. Pickup,,7/15/26,0.00,6/15/26,Net 30 Days,,11000,260956.00,,,FALSE,,FALSE,,FALSE,,3,3,0,FALSE,FALSE,4.00,,ROTARIX(M),,0,ROTARIX,40508,,28860.00,1,02/24.',0.00,-115440.00,12308,,50708,,<Each>,1.00,4.00,28860.00,100828.00,,,34,158,,,,0.00,0,0
The Hospital,The Hospital,52238,,FALSE,FALSE,6/15/26,,FALSE,,,FALSE,,"21,Raji Olademeji Cresent",CMD Road Magodo Phase II,Magodo,,,,,Hand Delivery,,7/15/26,0.00,6/15/26,Net 30 Days,,11000,55690.00,,,FALSE,,FALSE,,FALSE,,1,1,0,FALSE,FALSE,1.00,,CERVARIX 0.5ml(H),,0,CERVARIX 0.5ml,40300,,55690.00,1,02/2024.....,0.00,-55690.00,12150,,50550,,<Each>,1.00,1.00,55690.00,48430.00,,,34,159,,,,0.00,0,0
Santefort Pharmacy,Santefort Pharmacy,52239,,FALSE,FALSE,6/15/26,,FALSE,,,FALSE,,8033302312,"8,Bayo Adeshina Magodo Phase 1",Magodo,,,,,Hand Delivery,,7/15/26,0.00,6/15/26,Net 30 Days,,11000,29820.00,,,FALSE,,FALSE,,FALSE,,1,1,0,FALSE,FALSE,20.00,,TETANUS TOXOID(I),,0,TETANUS TOXOID,40531,,1491.00,1,06-25.,0.00,-29820.00,12331,,50731,,<Each>,1.00,20.00,1491.00,24000.00,,,34,160,,,,0.00,0,0
County Hospital,County Hospital,52240,,FALSE,FALSE,6/15/26,,FALSE,,,FALSE,,43/45 Isheri Road,Ogba,OGBA,,,,,Airborne,,7/15/26,0.00,6/15/26,Net 30 Days,,11000,55690.00,,,FALSE,,FALSE,,FALSE,,1,1,0,FALSE,FALSE,1.00,,CERVARIX 0.5ml(H),,0,CERVARIX 0.5ml,40300,,55690.00,1,02/2024.....,0.00,-55690.00,12150,,50550,,<Each>,1.00,1.00,55690.00,48430.00,,,34,161,,,,0.00,0,0
County Hospital,County Hospital,52241,,FALSE,FALSE,6/15/26,,FALSE,,,FALSE,,43/45 Isheri Road,Ogba,OGBA,,,,,Hand Delivery,,7/15/26,0.00,6/15/26,Net 30 Days,,11000,38285.00,,,FALSE,,FALSE,,FALSE,,2,1,0,FALSE,FALSE,1.00,,PRIORIX (H),,0,PRIORIX,40501,,17850.00,1,08/24....,0.00,-17850.00,12301,,50701,,<Each>,1.00,1.00,17850.00,16658.00,,,34,162,,,,0.00,0,0
County Hospital,County Hospital,52241,,FALSE,FALSE,6/15/26,,FALSE,,,FALSE,,43/45 Isheri Road,Ogba,OGBA,,,,,Hand Delivery,,7/15/26,0.00,6/15/26,Net 30 Days,,11000,38285.00,,,FALSE,,FALSE,,FALSE,,2,2,0,FALSE,FALSE,1.00,,VARIRID(C),,0,VARIRID,49907,,20435.00,1,03/25,0.00,-20435.00,12363,,59910,,<Each>,1.00,1.00,20435.00,14682.63,,,34,162,,,,0.00,0,0
Vaccines Place,Vaccines Place,52242,,FALSE,FALSE,6/15/26,,FALSE,,,FALSE,Vaccines Place,Tolbert Specialist Hospital.,"Plot 17, Democracy Crescent.",GADUWA ESTATE,,ABUJA,NIGERIA,,Hand Deliver,,6/15/26,0.00,6/15/26,C.O.D.,,11000,16270310.00,,,FALSE,,FALSE,,FALSE,,6,1,0,FALSE,FALSE,200.00,,Vaxigrip Tetra(Q),,0,Vaxigrip Tetra,40544,,11844.00,1,01/26,0.00,-2368800.00,12344,,50744,,<Each>,1.00,200.00,11844.00,2400000.00,,,34,163,,,,0.00,0,0
Vaccines Place,Vaccines Place,52242,,FALSE,FALSE,6/15/26,,FALSE,,,FALSE,Vaccines Place,Tolbert Specialist Hospital.,"Plot 17, Democracy Crescent.",GADUWA ESTATE,,ABUJA,NIGERIA,,Hand Deliver,,6/15/26,0.00,6/15/26,C.O.D.,,11000,16270310.00,,,FALSE,,FALSE,,FALSE,,6,2,0,FALSE,FALSE,50.00,,Avaxim inj. Ped (Q),,0,Avaxim inj. Ped,40200,,19755.00,1,"09/23...,",0.00,-987750.00,12100,,50500,,<Each>,1.00,50.00,19755.00,869450.00,,,34,163,,,,0.00,0,0
Vaccines Place,Vaccines Place,52242,,FALSE,FALSE,6/15/26,,FALSE,,,FALSE,Vaccines Place,Tolbert Specialist Hospital.,"Plot 17, Democracy Crescent.",GADUWA ESTATE,,ABUJA,NIGERIA,,Hand Deliver,,6/15/26,0.00,6/15/26,C.O.D.,,11000,16270310.00,,,FALSE,,FALSE,,FALSE,,6,3,0,FALSE,FALSE,200.00,,TYPHIM (P),,0,TYPHIM,40500,,12212.00,1,"04/24,..",0.00,-2442400.00,12300,,50700,,<Each>,1.00,200.00,12212.00,2017400.00,,,34,163,,,,0.00,0,0
Vaccines Place,Vaccines Place,52242,,FALSE,FALSE,6/15/26,,FALSE,,,FALSE,Vaccines Place,Tolbert Specialist Hospital.,"Plot 17, Democracy Crescent.",GADUWA ESTATE,,ABUJA,NIGERIA,,Hand Deliver,,6/15/26,0.00,6/15/26,C.O.D.,,11000,16270310.00,,,FALSE,,FALSE,,FALSE,,6,4,0,FALSE,FALSE,300.00,,HEXAXIM (Q),,0,HEXAXIM,40548,,31481.00,1,04/24.....,0.00,-9444300.00,12352,,50748,,<Each>,1.00,300.00,31481.00,9231600.00,,,34,163,,,,0.00,0,0
Vaccines Place,Vaccines Place,52242,,FALSE,FALSE,6/15/26,,FALSE,,,FALSE,Vaccines Place,Tolbert Specialist Hospital.,"Plot 17, Democracy Crescent.",GADUWA ESTATE,,ABUJA,NIGERIA,,Hand Deliver,,6/15/26,0.00,6/15/26,C.O.D.,,11000,16270310.00,,,FALSE,,FALSE,,FALSE,,6,5,0,FALSE,FALSE,30.00,,PREVENAR 13 (X),,0,PREVENAR  13,40510,,32402.00,1,"11/24,,",0.00,-972060.00,12310,,50710,,<Each>,1.00,30.00,32402.00,943080.00,,,34,163,,,,0.00,0,0
Vaccines Place,Vaccines Place,52242,,FALSE,FALSE,6/15/26,,FALSE,,,FALSE,Vaccines Place,Tolbert Specialist Hospital.,"Plot 17, Democracy Crescent.",GADUWA ESTATE,,ABUJA,NIGERIA,,Hand Deliver,,6/15/26,0.00,6/15/26,C.O.D.,,11000,16270310.00,,,FALSE,,FALSE,,FALSE,,6,6,0,FALSE,FALSE,0.00,,,,0,Delivery Charge,40800,,0.00,1,,0.00,-55000.00,,,,,,1.00,0.00,0.00,0.00,,,34,163,,,,0.00,0,0
Life Fort Children,Life Fort Chhildren Centre,52243,,FALSE,FALSE,6/16/26,,FALSE,,,FALSE,,OFF  Muritala Animashaun STR,,Surulere,,Lagos,,,Hand Delivery,,7/16/26,0.00,6/16/26,Net 30 Days,,11000,96070.00,,,FALSE,,FALSE,,FALSE,,2,1,0,FALSE,FALSE,2.00,,VARIRID(C),,0,VARIRID,49907,,20435.00,1,03/25,0.00,-40870.00,12363,,59910,,<Each>,1.00,2.00,20435.00,29365.26,,,34,164,,,,0.00,0,0
Life Fort Children,Life Fort Chhildren Centre,52243,,FALSE,FALSE,6/16/26,,FALSE,,,FALSE,,OFF  Muritala Animashaun STR,,Surulere,,Lagos,,,Hand Delivery,,7/16/26,0.00,6/16/26,Net 30 Days,,11000,96070.00,,,FALSE,,FALSE,,FALSE,,2,2,0,FALSE,FALSE,2.00,,MENACTRA (R),,0,MENACTRA,40505,,27600.00,1,"07/25,.",0.00,-55200.00,12305,,50705,,<Each>,1.00,2.00,27600.00,49000.00,,,34,164,,,,0.00,0,0
Ace Medicare,Ace Medicare,52244,,FALSE,FALSE,6/16/26,,FALSE,,,FALSE,,Idiroko Road,,Ota,,,,,Hand Delivery,,6/16/26,0.00,6/16/26,C.O.D.,,11000,146772.00,,,FALSE,,FALSE,,FALSE,,2,1,0,FALSE,FALSE,2.00,,MIXTARD 30HM FLEX (U,,0,MIXTARD 30 FLEXPEN,40520,,40986.00,1,02/25..,0.00,-81972.00,12320,,50720,,<Each>,1.00,2.00,40986.00,74520.00,,,34,165,,,,0.00,0,0
Ace Medicare,Ace Medicare,52244,,FALSE,FALSE,6/16/26,,FALSE,,,FALSE,,Idiroko Road,,Ota,,,,,Hand Delivery,,6/16/26,0.00,6/16/26,C.O.D.,,11000,146772.00,,,FALSE,,FALSE,,FALSE,,2,2,0,FALSE,FALSE,1.00,,LANTUS SOLOST300I(Q),,0,LANTUS SOLOSTAR 300IU,40536,,64800.00,1,08/25.',0.00,-64800.00,12336,,50736,,<Each>,1.00,1.00,64800.00,58800.00,,,34,165,,,,0.00,0,0
Ace Medicare,Ace Medicare,52245,,FALSE,FALSE,6/16/26,,FALSE,,,FALSE,,Idiroko Road,,Ota,,,,,Hand Delivery,,6/16/26,0.00,6/16/26,C.O.D.,,11000,61305.00,,,FALSE,,FALSE,,FALSE,,1,2,0,FALSE,FALSE,3.00,,VARIRID(C),,0,VARIRID,49907,,20435.00,1,03/25,0.00,-61305.00,12363,,59910,,<Each>,1.00,3.00,20435.00,44047.89,,,34,166,,,,0.00,0,0
Sundry,Sundry,52246,,FALSE,FALSE,6/16/26,,FALSE,,,FALSE,,,,,,,,,Hand Delivery,,7/16/26,0.00,6/16/26,Net 30 Days,,11000,30866.00,,Ezinwa Novo,FALSE,,FALSE,,FALSE,,1,1,0,FALSE,FALSE,1.00,,Tresiba (K),,0,Tresiba,40545,,30866.00,1,06/25..,0.00,-30866.00,12345,,50745,,<Each>,1.00,1.00,30866.00,28060.00,,,34,167,,,,0.00,0,0
Titobi Pharmacy,Titobi Pharmacy,52247,,FALSE,FALSE,6/16/26,,FALSE,,,FALSE,,"53, Charity Road.",,,,,,,Hand Delivery,,7/16/26,0.00,6/16/26,Net 30 Days,,11000,224376.00,,,FALSE,,FALSE,,FALSE,,2,1,0,FALSE,FALSE,2.00,,MIXTARD 30HM FLEX (U,,0,MIXTARD 30 FLEXPEN,40520,,40986.00,1,02/25..,0.00,-81972.00,12320,,50720,,<Each>,1.00,2.00,40986.00,74520.00,,,34,168,,,,0.00,0,0
Titobi Pharmacy,Titobi Pharmacy,52247,,FALSE,FALSE,6/16/26,,FALSE,,,FALSE,,"53, Charity Road.",,,,,,,Hand Delivery,,7/16/26,0.00,6/16/26,Net 30 Days,,11000,224376.00,,,FALSE,,FALSE,,FALSE,,2,2,0,FALSE,FALSE,2.00,,NOVOMIX30 FLEXPEN(Y),,0,NOVOMIX 30 FLEXPEN 100U,40523,,71202.00,1,"03/25.,",0.00,-142404.00,12323,,50723,,<Each>,1.00,2.00,71202.00,123830.00,,,34,168,,,,0.00,0,0
Queen's Hospital,Queen's Hospital,52248,,FALSE,FALSE,6/16/26,,FALSE,,,FALSE,,"3,CMD ROAD, IKOSI KETU LAGOS",,,,,,,Hand Delivery,,7/16/26,0.00,6/16/26,Net 30 Days,,11000,38285.00,,,FALSE,,FALSE,,FALSE,,2,1,0,FALSE,FALSE,1.00,,PRIORIX (H),,0,PRIORIX,40501,,17850.00,1,08/24....,0.00,-17850.00,12301,,50701,,<Each>,1.00,1.00,17850.00,16658.00,,,34,169,,,,0.00,0,0
Queen's Hospital,Queen's Hospital,52248,,FALSE,FALSE,6/16/26,,FALSE,,,FALSE,,"3,CMD ROAD, IKOSI KETU LAGOS",,,,,,,Hand Delivery,,7/16/26,0.00,6/16/26,Net 30 Days,,11000,38285.00,,,FALSE,,FALSE,,FALSE,,2,2,0,FALSE,FALSE,1.00,,VARIRID(C),,0,VARIRID,49907,,20435.00,1,03/25,0.00,-20435.00,12363,,59910,,<Each>,1.00,1.00,20435.00,14682.63,,,34,169,,,,0.00,0,0
Light Hospital,Light Hospital,52249,,FALSE,FALSE,6/16/26,,FALSE,,,FALSE,,"15, OLUMIDE ONANUBI STREET,",ALIMOSHO LAGOS.,,,,,,Hand Delivery,,7/16/26,0.00,6/16/26,Net 30 Days,,11000,21456.75,,,FALSE,,FALSE,,FALSE,,1,1,0,FALSE,FALSE,1.00,,VARIRID(C),,0,VARIRID,49907,,21456.75,1,03/25,0.00,-21456.75,12363,,59910,,<Each>,1.00,1.00,21456.75,14682.63,,,34,170,,,,0.00,0,0
CARE POINT HOSPITAL,CARE POINT HOSPITAL,52250,,FALSE,FALSE,6/16/26,,FALSE,,,FALSE,CARE POINT HOSPITAL,"7,Ogunlana Street,Off Akowonjo","Road, Egbeda Lagos.",,,,,,Hand Delivery,,6/16/26,0.00,6/16/26,C.O.D.,,11000,26718.00,,,FALSE,,FALSE,,FALSE,,2,1,0,FALSE,FALSE,1.00,,Vaxigrip Tetra(Q),,0,Vaxigrip Tetra,40544,,13800.00,1,01/26,0.00,-13800.00,12344,,50744,,<Each>,1.00,1.00,13800.00,12000.00,,,34,171,,,,0.00,0,0
CARE POINT HOSPITAL,CARE POINT HOSPITAL,52250,,FALSE,FALSE,6/16/26,,FALSE,,,FALSE,CARE POINT HOSPITAL,"7,Ogunlana Street,Off Akowonjo","Road, Egbeda Lagos.",,,,,,Hand Delivery,,6/16/26,0.00,6/16/26,C.O.D.,,11000,26718.00,,,FALSE,,FALSE,,FALSE,,2,2,0,FALSE,FALSE,1.00,,Euvichol - S,,0,Euvichol - S,49921,,12918.00,1,10/25,0.00,-12918.00,12377,,59924,,<Each>,1.00,1.00,12918.00,9394.58,,,34,171,,,,0.00,0,0
Subol Hospital,Subol Hospital,52251,,FALSE,FALSE,6/16/26,,FALSE,,,FALSE,,"16/17, Oba Amusa Avenue",Subol B/Stop IDIMU/IKOTUN ROAD,LAGOS,,,,,Hand Delivery,,7/16/26,0.00,6/16/26,Net 30 Days,,11000,2393940.00,,,FALSE,,FALSE,,FALSE,,8,1,0,FALSE,FALSE,10.00,,PRIORIX (H),,0,PRIORIX,40501,,17850.00,1,08/24....,0.00,-178500.00,12301,,50701,,<Each>,1.00,10.00,17850.00,166580.00,,,34,172,,,,0.00,0,0
Subol Hospital,Subol Hospital,52251,,FALSE,FALSE,6/16/26,,FALSE,,,FALSE,,"16/17, Oba Amusa Avenue",Subol B/Stop IDIMU/IKOTUN ROAD,LAGOS,,,,,Hand Delivery,,7/16/26,0.00,6/16/26,Net 30 Days,,11000,2393940.00,,,FALSE,,FALSE,,FALSE,,8,2,0,FALSE,FALSE,15.00,,ROTARIX(M),,0,ROTARIX,40508,,29900.00,1,02/24.',0.00,-448500.00,12308,,50708,,<Each>,1.00,15.00,29900.00,378105.00,,,34,172,,,,0.00,0,0
Subol Hospital,Subol Hospital,52251,,FALSE,FALSE,6/16/26,,FALSE,,,FALSE,,"16/17, Oba Amusa Avenue",Subol B/Stop IDIMU/IKOTUN ROAD,LAGOS,,,,,Hand Delivery,,7/16/26,0.00,6/16/26,Net 30 Days,,11000,2393940.00,,,FALSE,,FALSE,,FALSE,,8,3,0,FALSE,FALSE,20.00,,MENACTRA (R),,0,MENACTRA,40505,,27600.00,1,"07/25,.",0.00,-552000.00,12305,,50705,,<Each>,1.00,20.00,27600.00,490000.00,,,34,172,,,,0.00,0,0
Subol Hospital,Subol Hospital,52251,,FALSE,FALSE,6/16/26,,FALSE,,,FALSE,,"16/17, Oba Amusa Avenue",Subol B/Stop IDIMU/IKOTUN ROAD,LAGOS,,,,,Hand Delivery,,7/16/26,0.00,6/16/26,Net 30 Days,,11000,2393940.00,,,FALSE,,FALSE,,FALSE,,8,4,0,FALSE,FALSE,20.00,,Vaxigrip Tetra(Q),,0,Vaxigrip Tetra,40544,,13800.00,1,01/26,0.00,-276000.00,12344,,50744,,<Each>,1.00,20.00,13800.00,240000.00,,,34,172,,,,0.00,0,0
Subol Hospital,Subol Hospital,52251,,FALSE,FALSE,6/16/26,,FALSE,,,FALSE,,"16/17, Oba Amusa Avenue",Subol B/Stop IDIMU/IKOTUN ROAD,LAGOS,,,,,Hand Delivery,,7/16/26,0.00,6/16/26,Net 30 Days,,11000,2393940.00,,,FALSE,,FALSE,,FALSE,,8,6,0,FALSE,FALSE,20.00,,VARIRID(C),,0,VARIRID,49907,,20435.00,1,03/25,0.00,-408700.00,12363,,59910,,<Each>,1.00,20.00,20435.00,293652.60,,,34,172,,,,0.00,0,0
Subol Hospital,Subol Hospital,52251,,FALSE,FALSE,6/16/26,,FALSE,,,FALSE,,"16/17, Oba Amusa Avenue",Subol B/Stop IDIMU/IKOTUN ROAD,LAGOS,,,,,Hand Delivery,,7/16/26,0.00,6/16/26,Net 30 Days,,11000,2393940.00,,,FALSE,,FALSE,,FALSE,,8,7,0,FALSE,FALSE,10.00,,TYPHIM (O),,0,TYPHIM,40500,,14228.00,1,"11/23,..",0.00,-142280.00,12300,,50700,,<Each>,1.00,10.00,14228.00,103920.00,,,34,172,,,,0.00,0,0
Subol Hospital,Subol Hospital,52251,,FALSE,FALSE,6/16/26,,FALSE,,,FALSE,,"16/17, Oba Amusa Avenue",Subol B/Stop IDIMU/IKOTUN ROAD,LAGOS,,,,,Hand Delivery,,7/16/26,0.00,6/16/26,Net 30 Days,,11000,2393940.00,,,FALSE,,FALSE,,FALSE,,8,8,0,FALSE,FALSE,20.00,,Euvichol - S,,0,Euvichol - S,49921,,12918.00,1,10/25,0.00,-258360.00,12377,,59924,,<Each>,1.00,20.00,12918.00,187891.60,,,34,172,,,,0.00,0,0
Subol Hospital,Subol Hospital,52251,,FALSE,FALSE,6/16/26,,FALSE,,,FALSE,,"16/17, Oba Amusa Avenue",Subol B/Stop IDIMU/IKOTUN ROAD,LAGOS,,,,,Hand Delivery,,7/16/26,0.00,6/16/26,Net 30 Days,,11000,2393940.00,,,FALSE,,FALSE,,FALSE,,8,9,0,FALSE,FALSE,2.00,,LANTUS SOLOST300I(Q),,0,LANTUS SOLOSTAR 300IU,40536,,64800.00,1,08/25.',0.00,-129600.00,12336,,50736,,<Each>,1.00,2.00,64800.00,117600.00,,,34,172,,,,0.00,0,0
Axa Mansard One Heal,Axa Mansard One Health Hospital,52252,,FALSE,FALSE,6/16/26,,FALSE,,,FALSE,Axa Mansard One Health Hospital,"25, Mobolaji Bank Anthony Way",Ikeja. 07063913330,Pharm Ijeoma,,,,,Hand Delivery,,6/16/26,0.00,6/16/26,C.O.D.,,11000,434308.00,,,FALSE,,FALSE,,FALSE,,2,1,0,FALSE,FALSE,5.00,,ROTARIX(M),,0,ROTARIX,40508,,29900.00,1,02/24.',0.00,-149500.00,12308,,50708,,<Each>,1.00,5.00,29900.00,126035.00,,,34,173,,,,0.00,0,0
Axa Mansard One Heal,Axa Mansard One Health Hospital,52252,,FALSE,FALSE,6/16/26,,FALSE,,,FALSE,Axa Mansard One Health Hospital,"25, Mobolaji Bank Anthony Way",Ikeja. 07063913330,Pharm Ijeoma,,,,,Hand Delivery,,6/16/26,0.00,6/16/26,C.O.D.,,11000,434308.00,,,FALSE,,FALSE,,FALSE,,2,2,0,FALSE,FALSE,4.00,,NOVOMIX30 FLEXPEN(Y),,0,NOVOMIX 30 FLEXPEN 100U,40523,,71202.00,1,"03/25.,",0.00,-284808.00,12323,,50723,,<Each>,1.00,4.00,71202.00,247660.00,,,34,173,,,,0.00,0,0
FineView Specialist,Fineview Specialist Hospital,52253,,FALSE,FALSE,6/16/26,,FALSE,,,FALSE,Fineview Specialist Hospital,08025907624,"57,Demurin Rd off Elebiju B/St",Ketu,,,,,Hand Deliver,,6/16/26,0.00,6/16/26,C.O.D.,,11000,154755.00,,,FALSE,,FALSE,,FALSE,,5,1,0,FALSE,FALSE,1.00,,CERVARIX 0.5ml(H),,0,CERVARIX 0.5ml,40300,,55690.00,1,02/2024.....,0.00,-55690.00,12150,,50550,,<Each>,1.00,1.00,55690.00,48430.00,,,34,180,,,,0.00,0,0
FineView Specialist,Fineview Specialist Hospital,52253,,FALSE,FALSE,6/16/26,,FALSE,,,FALSE,Fineview Specialist Hospital,08025907624,"57,Demurin Rd off Elebiju B/St",Ketu,,,,,Hand Deliver,,6/16/26,0.00,6/16/26,C.O.D.,,11000,154755.00,,,FALSE,,FALSE,,FALSE,,5,2,0,FALSE,FALSE,1.00,,VARIRID(C),,0,VARIRID,49907,,20435.00,1,03/25,0.00,-20435.00,12363,,59910,,<Each>,1.00,1.00,20435.00,14682.63,,,34,180,,,,0.00,0,0
FineView Specialist,Fineview Specialist Hospital,52253,,FALSE,FALSE,6/16/26,,FALSE,,,FALSE,Fineview Specialist Hospital,08025907624,"57,Demurin Rd off Elebiju B/St",Ketu,,,,,Hand Deliver,,6/16/26,0.00,6/16/26,C.O.D.,,11000,154755.00,,,FALSE,,FALSE,,FALSE,,5,3,0,FALSE,FALSE,1.00,,MENACTRA (R),,0,MENACTRA,40505,,27600.00,1,"07/25,.",0.00,-27600.00,12305,,50705,,<Each>,1.00,1.00,27600.00,24500.00,,,34,180,,,,0.00,0,0
FineView Specialist,Fineview Specialist Hospital,52253,,FALSE,FALSE,6/16/26,,FALSE,,,FALSE,Fineview Specialist Hospital,08025907624,"57,Demurin Rd off Elebiju B/St",Ketu,,,,,Hand Deliver,,6/16/26,0.00,6/16/26,C.O.D.,,11000,154755.00,,,FALSE,,FALSE,,FALSE,,5,4,0,FALSE,FALSE,1.00,,Avaxim 160 0.5ML (E),,0,Avaxim 160 0.5ML,40200,,37230.00,1,8/24..,0.00,-37230.00,12100,,50500,,<Each>,1.00,1.00,37230.00,30845.11,,,34,180,,,,0.00,0,0
FineView Specialist,Fineview Specialist Hospital,52253,,FALSE,FALSE,6/16/26,,FALSE,,,FALSE,Fineview Specialist Hospital,08025907624,"57,Demurin Rd off Elebiju B/St",Ketu,,,,,Hand Deliver,,6/16/26,0.00,6/16/26,C.O.D.,,11000,154755.00,,,FALSE,,FALSE,,FALSE,,5,5,0,FALSE,FALSE,1.00,,Vaxigrip Tetra(Q),,0,Vaxigrip Tetra,40544,,13800.00,1,01/26,0.00,-13800.00,12344,,50744,,<Each>,1.00,1.00,13800.00,12000.00,,,34,180,,,,0.00,0,0
Duchess Hospital,Duchess Hospital,52254,,FALSE,FALSE,6/17/26,,FALSE,,,FALSE,Duchess Hospital,"22A, Joel Ogunaike Street",Ikeja G.R.A,,,,,,Hand Deliver,,6/17/26,0.00,6/17/26,C.O.D.,,11000,1411170.00,,,FALSE,,FALSE,,FALSE,,6,1,0,FALSE,FALSE,10.00,,ACTRAPID 100 I.U (T),,0,ACTRAPID 100 I.U,40516,,13687.00,1,06/ 25.,0.00,-136870.00,12316,,50716,,<Each>,1.00,10.00,13687.00,124420.00,,,34,174,,,,0.00,0,0
Duchess Hospital,Duchess Hospital,52254,,FALSE,FALSE,6/17/26,,FALSE,,,FALSE,Duchess Hospital,"22A, Joel Ogunaike Street",Ikeja G.R.A,,,,,,Hand Deliver,,6/17/26,0.00,6/17/26,C.O.D.,,11000,1411170.00,,,FALSE,,FALSE,,FALSE,,6,2,0,FALSE,FALSE,10.00,,MENACTRA (R),,0,MENACTRA,40505,,27600.00,1,"07/25,.",0.00,-276000.00,12305,,50705,,<Each>,1.00,10.00,27600.00,245000.00,,,34,174,,,,0.00,0,0
Duchess Hospital,Duchess Hospital,52254,,FALSE,FALSE,6/17/26,,FALSE,,,FALSE,Duchess Hospital,"22A, Joel Ogunaike Street",Ikeja G.R.A,,,,,,Hand Deliver,,6/17/26,0.00,6/17/26,C.O.D.,,11000,1411170.00,,,FALSE,,FALSE,,FALSE,,6,3,0,FALSE,FALSE,10.00,,HEXAXIM (Q),,0,HEXAXIM,40548,,34843.00,1,04/24.....,0.00,-348430.00,12352,,50748,,<Each>,1.00,10.00,34843.00,307720.00,,,34,174,,,,0.00,0,0
Duchess Hospital,Duchess Hospital,52254,,FALSE,FALSE,6/17/26,,FALSE,,,FALSE,Duchess Hospital,"22A, Joel Ogunaike Street",Ikeja G.R.A,,,,,,Hand Deliver,,6/17/26,0.00,6/17/26,C.O.D.,,11000,1411170.00,,,FALSE,,FALSE,,FALSE,,6,4,0,FALSE,FALSE,10.00,,PREVENAR 13 (X),,0,PREVENAR  13,40510,,34604.00,1,"11/24,,",0.00,-346040.00,12310,,50710,,<Each>,1.00,10.00,34604.00,314360.00,,,34,174,,,,0.00,0,0
Duchess Hospital,Duchess Hospital,52254,,FALSE,FALSE,6/17/26,,FALSE,,,FALSE,Duchess Hospital,"22A, Joel Ogunaike Street",Ikeja G.R.A,,,,,,Hand Deliver,,6/17/26,0.00,6/17/26,C.O.D.,,11000,1411170.00,,,FALSE,,FALSE,,FALSE,,6,5,0,FALSE,FALSE,5.00,,ROTARIX(M),,0,ROTARIX,40508,,29900.00,1,02/24.',0.00,-149500.00,12308,,50708,,<Each>,1.00,5.00,29900.00,126035.00,,,34,174,,,,0.00,0,0
Duchess Hospital,Duchess Hospital,52254,,FALSE,FALSE,6/17/26,,FALSE,,,FALSE,Duchess Hospital,"22A, Joel Ogunaike Street",Ikeja G.R.A,,,,,,Hand Deliver,,6/17/26,0.00,6/17/26,C.O.D.,,11000,1411170.00,,,FALSE,,FALSE,,FALSE,,6,6,0,FALSE,FALSE,5.00,,Tresiba (K),,0,Tresiba,40545,,30866.00,1,06/25..,0.00,-154330.00,12345,,50745,,<Each>,1.00,5.00,30866.00,140300.00,,,34,174,,,,0.00,0,0
Haven Peadiatric,Haven Peadiatric Practice,52255,,FALSE,FALSE,6/17/26,,FALSE,,,FALSE,Haven Peadiatric Practice,"3c, Oba Dosumu street,","Off Isaac John, GRA Ikeja",08161713397,,,,,Hand Delivery,,6/17/26,0.00,6/17/26,C.O.D.,,11000,96600.00,,,FALSE,,FALSE,,FALSE,,1,1,0,FALSE,FALSE,7.00,,Vaxigrip Tetra(Q),,0,Vaxigrip Tetra,40544,,13800.00,1,01/26,0.00,-96600.00,12344,,50744,,<Each>,1.00,7.00,13800.00,84000.00,,,34,175,,,,0.00,0,0
May Central,May Central,52256,,FALSE,FALSE,6/17/26,,FALSE,,,FALSE,,,,,,,,,Hand Delivery,,7/17/26,0.00,6/17/26,Net 30 Days,,11000,1573920.00,,,FALSE,,FALSE,,FALSE,,4,1,0,FALSE,FALSE,20.00,,TYPHIM (P),,0,TYPHIM,40500,,14228.00,1,"04/24,..",0.00,-284560.00,12300,,50700,,<Each>,1.00,20.00,14228.00,201740.00,,,34,176,,,,0.00,0,0
May Central,May Central,52256,,FALSE,FALSE,6/17/26,,FALSE,,,FALSE,,,,,,,,,Hand Delivery,,7/17/26,0.00,6/17/26,Net 30 Days,,11000,1573920.00,,,FALSE,,FALSE,,FALSE,,4,2,0,FALSE,FALSE,20.00,,HEXAXIM (Q),,0,HEXAXIM,40548,,34843.00,1,04/24.....,0.00,-696860.00,12352,,50748,,<Each>,1.00,20.00,34843.00,615440.00,,,34,176,,,,0.00,0,0
May Central,May Central,52256,,FALSE,FALSE,6/17/26,,FALSE,,,FALSE,,,,,,,,,Hand Delivery,,7/17/26,0.00,6/17/26,Net 30 Days,,11000,1573920.00,,,FALSE,,FALSE,,FALSE,,4,3,0,FALSE,FALSE,30.00,,Vaxigrip Tetra(Q),,0,Vaxigrip Tetra,40544,,13800.00,1,01/26,0.00,-414000.00,12344,,50744,,<Each>,1.00,30.00,13800.00,360000.00,,,34,176,,,,0.00,0,0
May Central,May Central,52256,,FALSE,FALSE,6/17/26,,FALSE,,,FALSE,,,,,,,,,Hand Delivery,,7/17/26,0.00,6/17/26,Net 30 Days,,11000,1573920.00,,,FALSE,,FALSE,,FALSE,,4,4,0,FALSE,FALSE,10.00,,PRIORIX (H),,0,PRIORIX,40501,,17850.00,1,08/24....,0.00,-178500.00,12301,,50701,,<Each>,1.00,10.00,17850.00,166580.00,,,34,176,,,,0.00,0,0
Life Line Hospt Suru,Life line specialist,52257,,FALSE,FALSE,6/17/26,,FALSE,,,FALSE,,Surulere,,,,,,,Hand Delivery,,7/17/26,0.00,6/17/26,Net 30 Days,,11000,705850.00,,,FALSE,,FALSE,,FALSE,,3,1,0,FALSE,FALSE,10.00,,Avaxim inj. Ped (Q),,0,Avaxim inj. Ped,40200,,22824.00,1,"09/23...,",0.00,-228240.00,12100,,50500,,<Each>,1.00,10.00,22824.00,173890.00,,,34,177,,,,0.00,0,0
Life Line Hospt Suru,Life line specialist,52257,,FALSE,FALSE,6/17/26,,FALSE,,,FALSE,,Surulere,,,,,,,Hand Delivery,,7/17/26,0.00,6/17/26,Net 30 Days,,11000,705850.00,,,FALSE,,FALSE,,FALSE,,3,2,0,FALSE,FALSE,10.00,,Euvichol - S,,0,Euvichol - S,49921,,12918.00,1,10/25,0.00,-129180.00,12377,,59924,,<Each>,1.00,10.00,12918.00,93945.80,,,34,177,,,,0.00,0,0
Life Line Hospt Suru,Life line specialist,52257,,FALSE,FALSE,6/17/26,,FALSE,,,FALSE,,Surulere,,,,,,,Hand Delivery,,7/17/26,0.00,6/17/26,Net 30 Days,,11000,705850.00,,,FALSE,,FALSE,,FALSE,,3,3,0,FALSE,FALSE,10.00,,HEXAXIM (Q),,0,HEXAXIM,40548,,34843.00,1,04/24.....,0.00,-348430.00,12352,,50748,,<Each>,1.00,10.00,34843.00,307720.00,,,34,177,,,,0.00,0,0
Mrs Ugochinyere,Mrs Ugochinyere Akinyemi,52258,,FALSE,FALSE,6/17/26,,FALSE,,,FALSE,Mrs Ugochinyere Akinyemi,"No, 5A, Chalon Close, Beside","Chalon Suite, Off Akiti venue,",07063455156,,,Okota Rd Isolo.,,Hand Deliver,,6/17/26,0.00,6/17/26,C.O.D.,,11000,71202.00,,Mrs Akinyemi Ugochinyere,FALSE,,FALSE,,FALSE,,1,1,0,FALSE,FALSE,1.00,,NOVOMIX30 FLEXPEN(Y),,0,NOVOMIX 30 FLEXPEN 100U,40523,,71202.00,1,"03/25.,",0.00,-71202.00,12323,,50723,,<Each>,1.00,1.00,71202.00,61915.00,,,34,178,,,,0.00,0,0
LASUTH Fee Paying Px,LASUTH Fee Paying Pharmacy,52259,,FALSE,FALSE,6/17/26,,FALSE,,,FALSE,,,,IKEJA,,,,,Hand Delivery,,7/17/26,0.00,6/17/26,Net 30 Days,,11000,658240.00,,,FALSE,,FALSE,,FALSE,,3,1,0,FALSE,FALSE,20.00,,ACTRAPID 100 I.U (T),,0,ACTRAPID 100 I.U,40516,,13687.00,1,06/ 25.,0.00,-273740.00,12316,,50716,,<Each>,1.00,20.00,13687.00,248840.00,,,34,179,,,,0.00,0,0
LASUTH Fee Paying Px,LASUTH Fee Paying Pharmacy,52259,,FALSE,FALSE,6/17/26,,FALSE,,,FALSE,,,,IKEJA,,,,,Hand Delivery,,7/17/26,0.00,6/17/26,Net 30 Days,,11000,658240.00,,,FALSE,,FALSE,,FALSE,,3,2,0,FALSE,FALSE,5.00,,LANTUS SOLOST300I(Q),,0,LANTUS SOLOSTAR 300IU,40536,,64800.00,1,08/25.',0.00,-324000.00,12336,,50736,,<Each>,1.00,5.00,64800.00,294000.00,,,34,179,,,,0.00,0,0
LASUTH Fee Paying Px,LASUTH Fee Paying Pharmacy,52259,,FALSE,FALSE,6/17/26,,FALSE,,,FALSE,,,,IKEJA,,,,,Hand Delivery,,7/17/26,0.00,6/17/26,Net 30 Days,,11000,658240.00,,,FALSE,,FALSE,,FALSE,,3,3,0,FALSE,FALSE,10.00,,Nucard 80mg(K),,0,Nucard (Valsartan) 80mg,49900,,6050.00,1,"03/24..,.",0.00,-60500.00,12356,,59903,,<Each>,1.00,10.00,6050.00,37846.20,,,34,179,,,,0.00,0,0
St. Ives Specialist,St Ives Specialist Hospital,52260,,FALSE,FALSE,6/17/26,,FALSE,,,FALSE,,"12, Salvation road",Opebi - Ikeja,,,,,,Hand Delivery,,7/17/26,0.00,6/17/26,Net 30 Days,,11000,348430.00,,Festac,FALSE,,FALSE,,FALSE,,1,1,0,FALSE,FALSE,10.00,,HEXAXIM (Q),,0,HEXAXIM,40548,,34843.00,1,04/24.....,0.00,-348430.00,12352,,50748,,<Each>,1.00,10.00,34843.00,307720.00,,,34,181,,,,0.00,0,0
O'kit Pharmaceutical,O'kit Pharmaceuticals Enterprises,52261,,FALSE,FALSE,6/17/26,,FALSE,,,FALSE,O'kit Pharmaceuticals Enterprises,"Moses Hall, Redemption City",Ogun State. 07065545069,,,,,,Hand Delivery,,6/17/26,0.00,6/17/26,C.O.D.,,11000,150036.00,,,FALSE,,FALSE,,FALSE,,3,1,0,FALSE,FALSE,5.00,,Vaxigrip Tetra(Q),,0,Vaxigrip Tetra,40544,,13800.00,1,01/26,0.00,-69000.00,12344,,50744,,<Each>,1.00,5.00,13800.00,60000.00,,,34,182,,,,0.00,0,0
O'kit Pharmaceutical,O'kit Pharmaceuticals Enterprises,52261,,FALSE,FALSE,6/17/26,,FALSE,,,FALSE,O'kit Pharmaceuticals Enterprises,"Moses Hall, Redemption City",Ogun State. 07065545069,,,,,,Hand Delivery,,6/17/26,0.00,6/17/26,C.O.D.,,11000,150036.00,,,FALSE,,FALSE,,FALSE,,3,2,0,FALSE,FALSE,2.00,,MENACTRA (R),,0,MENACTRA,40505,,27600.00,1,"07/25,.",0.00,-55200.00,12305,,50705,,<Each>,1.00,2.00,27600.00,49000.00,,,34,182,,,,0.00,0,0
O'kit Pharmaceutical,O'kit Pharmaceuticals Enterprises,52261,,FALSE,FALSE,6/17/26,,FALSE,,,FALSE,O'kit Pharmaceuticals Enterprises,"Moses Hall, Redemption City",Ogun State. 07065545069,,,,,,Hand Delivery,,6/17/26,0.00,6/17/26,C.O.D.,,11000,150036.00,,,FALSE,,FALSE,,FALSE,,3,3,0,FALSE,FALSE,2.00,,Euvichol - S,,0,Euvichol - S,49921,,12918.00,1,10/25,0.00,-25836.00,12377,,59924,,<Each>,1.00,2.00,12918.00,18789.16,,,34,182,,,,0.00,0,0
R.O.A Hospital,R.O.A Hospital,52262,,FALSE,FALSE,6/17/26,,FALSE,,,FALSE,,Arepo,,,,,,,Hand Delivery,,7/17/26,0.00,6/17/26,Net 30 Days,,11000,25836.00,,,FALSE,,FALSE,,FALSE,,1,1,0,FALSE,FALSE,2.00,,Euvichol - S,,0,Euvichol - S,49921,,12918.00,1,10/25,0.00,-25836.00,12377,,59924,,<Each>,1.00,2.00,12918.00,18789.16,,,34,183,,,,0.00,0,0
Sundry,Sundry,52263,,FALSE,FALSE,6/17/26,,FALSE,,,FALSE,,,,,,,,,Hand Delivery,,7/17/26,0.00,6/17/26,Net 30 Days,,11000,62223.00,,Dr Bisola Adebayo LASUTH 07037500733,FALSE,,FALSE,,FALSE,,2,1,0,FALSE,FALSE,1.00,,ADACEL POLIO(M),,0,ADACEL POLIO TDAP/IPV,40546,,34623.00,1,07/24...,0.00,-34623.00,12346,,50746,,<Each>,1.00,1.00,34623.00,23994.00,,,34,184,,,,0.00,0,0
Sundry,Sundry,52263,,FALSE,FALSE,6/17/26,,FALSE,,,FALSE,,,,,,,,,Hand Delivery,,7/17/26,0.00,6/17/26,Net 30 Days,,11000,62223.00,,Dr Bisola Adebayo LASUTH 07037500733,FALSE,,FALSE,,FALSE,,2,2,0,FALSE,FALSE,1.00,,MENACTRA (R),,0,MENACTRA,40505,,27600.00,1,"07/25,.",0.00,-27600.00,12305,,50705,,<Each>,1.00,1.00,27600.00,24500.00,,,34,184,,,,0.00,0,0
Turmeric Pharmacy,Turmeric Pharmacy,52264,,FALSE,FALSE,6/17/26,,FALSE,,,FALSE,,8182989540,Ireakare,Isolo,,,,,Hand Delivery,,7/17/26,0.00,6/17/26,Net 30 Days,,11000,197443.00,,,FALSE,,FALSE,,FALSE,,4,1,0,FALSE,FALSE,3.00,,PRIORIX (H),,0,PRIORIX,40501,,17550.00,1,08/24....,0.00,-52650.00,12301,,50701,,<Each>,1.00,3.00,17550.00,49974.00,,,34,185,,,,0.00,0,0
Turmeric Pharmacy,Turmeric Pharmacy,52264,,FALSE,FALSE,6/17/26,,FALSE,,,FALSE,,8182989540,Ireakare,Isolo,,,,,Hand Delivery,,7/17/26,0.00,6/17/26,Net 30 Days,,11000,197443.00,,,FALSE,,FALSE,,FALSE,,4,2,0,FALSE,FALSE,5.00,,Vaxigrip Tetra(Q),,0,Vaxigrip Tetra,40544,,13200.00,1,01/26,0.00,-66000.00,12344,,50744,,<Each>,1.00,5.00,13200.00,60000.00,,,34,185,,,,0.00,0,0
Turmeric Pharmacy,Turmeric Pharmacy,52264,,FALSE,FALSE,6/17/26,,FALSE,,,FALSE,,8182989540,Ireakare,Isolo,,,,,Hand Delivery,,7/17/26,0.00,6/17/26,Net 30 Days,,11000,197443.00,,,FALSE,,FALSE,,FALSE,,4,3,0,FALSE,FALSE,3.00,,VARIRID(C),,0,VARIRID,49907,,19040.00,1,03/25,0.00,-57120.00,12363,,59910,,<Each>,1.00,3.00,19040.00,44047.89,,,34,185,,,,0.00,0,0
Turmeric Pharmacy,Turmeric Pharmacy,52264,,FALSE,FALSE,6/17/26,,FALSE,,,FALSE,,8182989540,Ireakare,Isolo,,,,,Hand Delivery,,7/17/26,0.00,6/17/26,Net 30 Days,,11000,197443.00,,,FALSE,,FALSE,,FALSE,,4,4,0,FALSE,FALSE,1.00,,Avaxim inj. Ped (Q),,0,Avaxim inj. Ped,40200,,21673.00,1,"09/23...,",0.00,-21673.00,12100,,50500,,<Each>,1.00,1.00,21673.00,17389.00,,,34,185,,,,0.00,0,0
Bonne Santee,Bonne Santee,52265,,FALSE,FALSE,6/17/26,,FALSE,,,FALSE,,"321 C Close, House 8",Festac,LAGOS,,,,,Hand Delivery,,7/17/26,0.00,6/17/26,Net 30 Days,,11000,66510.00,,,FALSE,,FALSE,,FALSE,,3,1,0,FALSE,FALSE,2.00,,Euvichol - S,,0,Euvichol - S,49921,,12918.00,1,10/25,0.00,-25836.00,12377,,59924,,<Each>,1.00,2.00,12918.00,18789.16,,,34,186,,,,0.00,0,0
Bonne Santee,Bonne Santee,52265,,FALSE,FALSE,6/17/26,,FALSE,,,FALSE,,"321 C Close, House 8",Festac,LAGOS,,,,,Hand Delivery,,7/17/26,0.00,6/17/26,Net 30 Days,,11000,66510.00,,,FALSE,,FALSE,,FALSE,,3,2,0,FALSE,FALSE,1.00,,PRIORIX (H),,0,PRIORIX,40501,,17850.00,1,08/24....,0.00,-17850.00,12301,,50701,,<Each>,1.00,1.00,17850.00,16658.00,,,34,186,,,,0.00,0,0
Bonne Santee,Bonne Santee,52265,,FALSE,FALSE,6/17/26,,FALSE,,,FALSE,,"321 C Close, House 8",Festac,LAGOS,,,,,Hand Delivery,,7/17/26,0.00,6/17/26,Net 30 Days,,11000,66510.00,,,FALSE,,FALSE,,FALSE,,3,3,0,FALSE,FALSE,1.00,,Avaxim inj. Ped (Q),,0,Avaxim inj. Ped,40200,,22824.00,1,"09/23...,",0.00,-22824.00,12100,,50500,,<Each>,1.00,1.00,22824.00,17389.00,,,34,186,,,,0.00,0,0
PeaceMaker Pharmacy,Peace Maker Pharmacy,52266,,FALSE,FALSE,6/17/26,,FALSE,,,FALSE,Peace Maker Pharmacy,"Illishan Road, Shagamu.",09031178440,,,,,,Hand Deliver,,6/17/26,0.00,6/17/26,C.O.D.,,11000,154155.00,,,FALSE,,FALSE,,FALSE,,3,1,0,FALSE,FALSE,4.00,,MENACTRA (R),,0,MENACTRA,40505,,26400.00,1,"07/25,.",0.00,-105600.00,12305,,50705,,<Each>,1.00,4.00,26400.00,98000.00,,,34,187,,,,0.00,0,0
PeaceMaker Pharmacy,Peace Maker Pharmacy,52266,,FALSE,FALSE,6/17/26,,FALSE,,,FALSE,Peace Maker Pharmacy,"Illishan Road, Shagamu.",09031178440,,,,,,Hand Deliver,,6/17/26,0.00,6/17/26,C.O.D.,,11000,154155.00,,,FALSE,,FALSE,,FALSE,,3,3,0,FALSE,FALSE,1.00,,PRIORIX (H),,0,PRIORIX,40501,,17550.00,1,08/24....,0.00,-17550.00,12301,,50701,,<Each>,1.00,1.00,17550.00,16658.00,,,34,187,,,,0.00,0,0
PeaceMaker Pharmacy,Peace Maker Pharmacy,52266,,FALSE,FALSE,6/17/26,,FALSE,,,FALSE,Peace Maker Pharmacy,"Illishan Road, Shagamu.",09031178440,,,,,,Hand Deliver,,6/17/26,0.00,6/17/26,C.O.D.,,11000,154155.00,,,FALSE,,FALSE,,FALSE,,3,4,0,FALSE,FALSE,3.00,,Euvichol - S,,0,Euvichol - S,49921,,10335.00,1,10/25,0.00,-31005.00,12377,,59924,,<Each>,1.00,3.00,10335.00,28183.74,,,34,187,,,,0.00,0,0
Golden Cross Hospita,Golden Cross Hospital,52267,,FALSE,FALSE,6/17/26,,FALSE,,,FALSE,,22 ROAD,BESIDE HOLY FAMILY,FESTAC,,,,,Hand Delivery,,7/17/26,0.00,6/17/26,Net 30 Days,,11000,278348.00,,,FALSE,,FALSE,,FALSE,,3,1,0,FALSE,FALSE,2.00,,PREVENAR 13 (X),,0,PREVENAR  13,40510,,34604.00,1,"11/24,,",0.00,-69208.00,12310,,50710,,<Each>,1.00,2.00,34604.00,62872.00,,,34,188,,,,0.00,0,0
Golden Cross Hospita,Golden Cross Hospital,52267,,FALSE,FALSE,6/17/26,,FALSE,,,FALSE,,22 ROAD,BESIDE HOLY FAMILY,FESTAC,,,,,Hand Delivery,,7/17/26,0.00,6/17/26,Net 30 Days,,11000,278348.00,,,FALSE,,FALSE,,FALSE,,3,2,0,FALSE,FALSE,10.00,,Vaxigrip Tetra(Q),,0,Vaxigrip Tetra,40544,,13800.00,1,01/26,0.00,-138000.00,12344,,50744,,<Each>,1.00,10.00,13800.00,120000.00,,,34,188,,,,0.00,0,0
Golden Cross Hospita,Golden Cross Hospital,52267,,FALSE,FALSE,6/17/26,,FALSE,,,FALSE,,22 ROAD,BESIDE HOLY FAMILY,FESTAC,,,,,Hand Delivery,,7/17/26,0.00,6/17/26,Net 30 Days,,11000,278348.00,,,FALSE,,FALSE,,FALSE,,3,3,0,FALSE,FALSE,5.00,,TYPHIM (O),,0,TYPHIM,40500,,14228.00,1,"11/23,..",0.00,-71140.00,12300,,50700,,<Each>,1.00,5.00,14228.00,51960.00,,,34,188,,,,0.00,0,0
Maris Health Place,Maris Health Place,52268,,FALSE,FALSE,6/17/26,,FALSE,,,FALSE,,"17, Ajagunbade strt, Off Jimoh","Balogun strt, Off C.M.D Road",IKOSI KETU,,,07060600078,,Hand Delivery,,7/17/26,0.00,6/17/26,Net 30 Days,,11000,21673.00,,,FALSE,,FALSE,,FALSE,,1,1,0,FALSE,FALSE,1.00,,Avaxim inj. Ped (Q),,0,Avaxim inj. Ped,40200,,21673.00,1,"09/23...,",0.00,-21673.00,12100,,50500,,<Each>,1.00,1.00,21673.00,17389.00,,,34,189,,,,0.00,0,0
Nurse Taiwo Ifako,Nurse Taiwo Ifako,52269,,FALSE,FALSE,6/17/26,,FALSE,,,FALSE,Nurse Taiwo Ifako,07032048506.,,,,,,,Hand Delivery,,6/17/26,0.00,6/17/26,C.O.D.,,11000,34625.00,,,FALSE,,FALSE,,FALSE,,1,1,0,FALSE,FALSE,1.00,,ADACEL POLIO(M),,0,ADACEL POLIO TDAP/IPV,40546,,34625.00,1,07/24...,0.00,-34625.00,12346,,50746,,<Each>,1.00,1.00,34625.00,23994.00,,,34,190,,,,0.00,0,0
Vaccines Place,Vaccines Place,RIN INV 51632,51632,TRUE,FALSE,6/17/26,,FALSE,,,FALSE,Vaccines Place,Tolbert Specialist Hospital.,"Plot 17, Democracy Crescent.",GADUWA ESTATE,,ABUJA,NIGERIA,,,,4/14/26,0.00,4/14/26,C.O.D.,,11000,-1376880.00,,,FALSE,,FALSE,,FALSE,,1,1,7,FALSE,FALSE,-80.00,,PRIORIX (H),,0,PRIORIX,40501,,17211.00,1,08/24....,0.00,1376880.00,12301,,50701,,<Each>,1.00,-80.00,17211.00,-1332640.00,,,34,191,,,,0.00,0,0
O'kit Pharmaceutical,O'kit Pharmaceuticals Enterprises,52270,,FALSE,FALSE,6/17/26,,FALSE,,,FALSE,O'kit Pharmaceuticals Enterprises,"Moses Hall, Redemption City",Ogun State. 07065545069,,,,,,Hand Delivery,,6/17/26,0.00,6/17/26,C.O.D.,,11000,200000.00,,,FALSE,,FALSE,,FALSE,,2,1,0,FALSE,FALSE,10.00,,Avaxim inj. Ped (Q),,0,Avaxim inj. Ped,40200,,22824.00,1,"09/23...,",0.00,-228240.00,12100,,50500,,<Each>,1.00,10.00,22824.00,173890.00,,,34,192,,,,0.00,0,0
O'kit Pharmaceutical,O'kit Pharmaceuticals Enterprises,52270,,FALSE,FALSE,6/17/26,,FALSE,,,FALSE,O'kit Pharmaceuticals Enterprises,"Moses Hall, Redemption City",Ogun State. 07065545069,,,,,,Hand Delivery,,6/17/26,0.00,6/17/26,C.O.D.,,11000,200000.00,,,FALSE,,FALSE,,FALSE,,2,2,0,FALSE,FALSE,10.00,,,,0,Less Discount,49000,,-2824.00,1,,0.00,28240.00,,,,,,1.00,10.00,-2824.00,0.00,,,34,192,,,,0.00,0,0
CARE POINT HOSPITAL,CARE POINT HOSPITAL,52271,,FALSE,FALSE,6/18/26,,FALSE,,,FALSE,CARE POINT HOSPITAL,"7,Ogunlana Street,Off Akowonjo","Road, Egbeda Lagos.",,,,,,Hand Delivery,,6/18/26,0.00,6/18/26,C.O.D.,,11000,22824.00,,,FALSE,,FALSE,,FALSE,,1,1,0,FALSE,FALSE,1.00,,Avaxim inj. Ped (Q),,0,Avaxim inj. Ped,40200,,22824.00,1,"09/23...,",0.00,-22824.00,12100,,50500,,<Each>,1.00,1.00,22824.00,17389.00,,,34,193,,,,0.00,0,0
Subol Hospital,Subol Hospital,52272,,FALSE,FALSE,6/18/26,,FALSE,,,FALSE,,"16/17, Oba Amusa Avenue",Subol B/Stop IDIMU/IKOTUN ROAD,LAGOS,,,,,Hand Delivery,,7/18/26,0.00,6/18/26,Net 30 Days,,11000,200000.00,,,FALSE,,FALSE,,FALSE,,2,1,0,FALSE,FALSE,10.00,,Avaxim inj. Ped (Q),,0,Avaxim inj. Ped,40200,,22824.00,1,"09/23...,",0.00,-228240.00,12100,,50500,,<Each>,1.00,10.00,22824.00,173890.00,,,34,194,,,,0.00,0,0
Subol Hospital,Subol Hospital,52272,,FALSE,FALSE,6/18/26,,FALSE,,,FALSE,,"16/17, Oba Amusa Avenue",Subol B/Stop IDIMU/IKOTUN ROAD,LAGOS,,,,,Hand Delivery,,7/18/26,0.00,6/18/26,Net 30 Days,,11000,200000.00,,,FALSE,,FALSE,,FALSE,,2,2,0,FALSE,FALSE,10.00,,,,0,Less Discount,49000,,-2824.00,1,,0.00,28240.00,,,,,,1.00,10.00,-2824.00,0.00,,,34,194,,,,0.00,0,0
Talent Specialist Ho,Talent Specialist Hosp.,52273,,FALSE,FALSE,6/18/26,,FALSE,,,FALSE,,"440, 4TH AVENUE. IDIMU ROAD",LAGOS,Egbeda,,,,,Hand Delivery,,7/18/26,0.00,6/18/26,Net 30 Days,,11000,38285.00,,,FALSE,,FALSE,,FALSE,,2,1,0,FALSE,FALSE,1.00,,PRIORIX (H),,0,PRIORIX,40501,,17850.00,1,08/24....,0.00,-17850.00,12301,,50701,,<Each>,1.00,1.00,17850.00,16658.00,,,34,195,,,,0.00,0,0
Talent Specialist Ho,Talent Specialist Hosp.,52273,,FALSE,FALSE,6/18/26,,FALSE,,,FALSE,,"440, 4TH AVENUE. IDIMU ROAD",LAGOS,Egbeda,,,,,Hand Delivery,,7/18/26,0.00,6/18/26,Net 30 Days,,11000,38285.00,,,FALSE,,FALSE,,FALSE,,2,2,0,FALSE,FALSE,1.00,,VARIRID(C),,0,VARIRID,49907,,20435.00,1,03/25,0.00,-20435.00,12363,,59910,,<Each>,1.00,1.00,20435.00,14682.63,,,34,195,,,,0.00,0,0
Bloom Boom Paediatri,Bloom Boom Paediatric Centre,52274,,FALSE,FALSE,6/18/26,,FALSE,,,FALSE,,"11A, Samuel Ajayi Str, off","Oluwole Akinsho Str, Phase II",Magodo,,,09055550375,,Hand Delivery,,7/18/26,0.00,6/18/26,Net 30 Days,,11000,27600.00,,Bourdillon Rd Ikoyi,FALSE,,FALSE,,FALSE,,1,1,0,FALSE,FALSE,2.00,,Vaxigrip Tetra(Q),,0,Vaxigrip Tetra,40544,,13800.00,1,01/26,0.00,-27600.00,12344,,50744,,<Each>,1.00,2.00,13800.00,24000.00,,,34,196,,,,0.00,0,0
Lagoon  Hospital,Lagoon Hospital,52275,,FALSE,FALSE,6/18/26,,FALSE,,,FALSE,,"NO 8, MARINE ROAD, APAPA",OFF LIVERPOOL ROUNABOUT,LAGOS,,,,,Hand Delivery,,7/18/26,0.00,6/18/26,Net 30 Days,,11000,1192517.90,,Idejo Street VI,FALSE,,FALSE,,FALSE,,4,1,0,FALSE,FALSE,16.00,,HEXAXIM (Q),,0,HEXAXIM,40548,,36010.00,1,04/24.....,0.00,-576160.00,12352,,50748,,<Each>,1.00,16.00,36010.00,492352.00,,,34,197,,,,0.00,0,0
Lagoon  Hospital,Lagoon Hospital,52275,,FALSE,FALSE,6/18/26,,FALSE,,,FALSE,,"NO 8, MARINE ROAD, APAPA",OFF LIVERPOOL ROUNABOUT,LAGOS,,,,,Hand Delivery,,7/18/26,0.00,6/18/26,Net 30 Days,,11000,1192517.90,,Idejo Street VI,FALSE,,FALSE,,FALSE,,4,2,0,FALSE,FALSE,9.00,,MENACTRA (R),,0,MENACTRA,40505,,28525.00,1,"07/25,.",0.00,-256725.00,12305,,50705,,<Each>,1.00,9.00,28525.00,220500.00,,,34,197,,,,0.00,0,0
Lagoon  Hospital,Lagoon Hospital,52275,,FALSE,FALSE,6/18/26,,FALSE,,,FALSE,,"NO 8, MARINE ROAD, APAPA",OFF LIVERPOOL ROUNABOUT,LAGOS,,,,,Hand Delivery,,7/18/26,0.00,6/18/26,Net 30 Days,,11000,1192517.90,,Idejo Street VI,FALSE,,FALSE,,FALSE,,4,3,0,FALSE,FALSE,20.00,,TETANUS TOXOID(I),,0,TETANUS TOXOID,40531,,1580.00,1,06-25.,0.00,-31600.00,12331,,50731,,<Each>,1.00,20.00,1580.00,24000.00,,,34,197,,,,0.00,0,0
Lagoon  Hospital,Lagoon Hospital,52275,,FALSE,FALSE,6/18/26,,FALSE,,,FALSE,,"NO 8, MARINE ROAD, APAPA",OFF LIVERPOOL ROUNABOUT,LAGOS,,,,,Hand Delivery,,7/18/26,0.00,6/18/26,Net 30 Days,,11000,1192517.90,,Idejo Street VI,FALSE,,FALSE,,FALSE,,4,4,0,FALSE,FALSE,23.00,,Vaxigrip Tetra(Q),,0,Vaxigrip Tetra,40544,,14262.30,1,01/26,0.00,-328032.90,12344,,50744,,<Each>,1.00,23.00,14262.30,276000.00,,,34,197,,,,0.00,0,0
Summit Orthopedic Hx,Summit Orthopedic hospital,52276,,FALSE,FALSE,6/18/26,,FALSE,,,FALSE,Summit Orthopedic hospital,"5, Adekunle Close, Off Bassey","strt, Karimu Laka, Egbeda.",09068054008,,,,,Hand Delivery,,6/18/26,0.00,6/18/26,C.O.D.,,11000,205900.00,,,FALSE,,FALSE,,FALSE,,1,1,0,FALSE,FALSE,10.00,,Tavanic 500MG TAB(K),,0,TAVANIC 500MG TAB 5'S,49600,,20590.00,1,11/24..,0.00,-205900.00,12353,,50749,,<Each>,1.00,10.00,20590.00,187100.00,,,34,198,,,,0.00,0,0
Life Gate hosp.,Life Gate  hosp,52277,,FALSE,FALSE,6/18/26,,FALSE,,,FALSE,,,,,,,,,Hand Delivery,,7/18/26,0.00,6/18/26,Net 30 Days,,11000,76570.00,,,FALSE,,FALSE,,FALSE,,2,1,0,FALSE,FALSE,2.00,,PRIORIX (H),,0,PRIORIX,40501,,17850.00,1,08/24....,0.00,-35700.00,12301,,50701,,<Each>,1.00,2.00,17850.00,33316.00,,,34,199,,,,0.00,0,0
Life Gate hosp.,Life Gate  hosp,52277,,FALSE,FALSE,6/18/26,,FALSE,,,FALSE,,,,,,,,,Hand Delivery,,7/18/26,0.00,6/18/26,Net 30 Days,,11000,76570.00,,,FALSE,,FALSE,,FALSE,,2,2,0,FALSE,FALSE,2.00,,VARIRID(C),,0,VARIRID,49907,,20435.00,1,03/25,0.00,-40870.00,12363,,59910,,<Each>,1.00,2.00,20435.00,29365.26,,,34,199,,,,0.00,0,0
B.J Pharmacy,B.J Pharmacy,52278,,FALSE,FALSE,6/18/26,,FALSE,,,FALSE,,8157074742,Costain Bustop,Costain,,,,,Hand Delivery,,7/18/26,0.00,6/18/26,Net 30 Days,,11000,185278.00,,,FALSE,,FALSE,,FALSE,,5,1,0,FALSE,FALSE,1.00,,Vaxigrip Tetra(Q),,0,Vaxigrip Tetra,40544,,13200.00,1,01/26,0.00,-13200.00,12344,,50744,,<Each>,1.00,1.00,13200.00,12000.00,,,34,200,,,,0.00,0,0
B.J Pharmacy,B.J Pharmacy,52278,,FALSE,FALSE,6/18/26,,FALSE,,,FALSE,,8157074742,Costain Bustop,Costain,,,,,Hand Delivery,,7/18/26,0.00,6/18/26,Net 30 Days,,11000,185278.00,,,FALSE,,FALSE,,FALSE,,5,2,0,FALSE,FALSE,2.00,,PRIORIX (H),,0,PRIORIX,40501,,17550.00,1,08/24....,0.00,-35100.00,12301,,50701,,<Each>,1.00,2.00,17550.00,33316.00,,,34,200,,,,0.00,0,0
B.J Pharmacy,B.J Pharmacy,52278,,FALSE,FALSE,6/18/26,,FALSE,,,FALSE,,8157074742,Costain Bustop,Costain,,,,,Hand Delivery,,7/18/26,0.00,6/18/26,Net 30 Days,,11000,185278.00,,,FALSE,,FALSE,,FALSE,,5,3,0,FALSE,FALSE,1.00,,Avaxim inj. Ped (Q),,0,Avaxim inj. Ped,40200,,21673.00,1,"09/23...,",0.00,-21673.00,12100,,50500,,<Each>,1.00,1.00,21673.00,17389.00,,,34,200,,,,0.00,0,0
B.J Pharmacy,B.J Pharmacy,52278,,FALSE,FALSE,6/18/26,,FALSE,,,FALSE,,8157074742,Costain Bustop,Costain,,,,,Hand Delivery,,7/18/26,0.00,6/18/26,Net 30 Days,,11000,185278.00,,,FALSE,,FALSE,,FALSE,,5,4,0,FALSE,FALSE,6.00,,Euvichol - S,,0,Euvichol - S,49921,,10335.00,1,10/25,0.00,-62010.00,12377,,59924,,<Each>,1.00,6.00,10335.00,56367.48,,,34,200,,,,0.00,0,0
B.J Pharmacy,B.J Pharmacy,52278,,FALSE,FALSE,6/18/26,,FALSE,,,FALSE,,8157074742,Costain Bustop,Costain,,,,,Hand Delivery,,7/18/26,0.00,6/18/26,Net 30 Days,,11000,185278.00,,,FALSE,,FALSE,,FALSE,,5,5,0,FALSE,FALSE,1.00,,CERVARIX 0.5ml(H),,0,CERVARIX 0.5ml,40300,,53295.00,1,02/2024.....,0.00,-53295.00,12150,,50550,,<Each>,1.00,1.00,53295.00,48430.00,,,34,200,,,,0.00,0,0
Sundry,Sundry,52279,,FALSE,FALSE,6/18/26,,FALSE,,,FALSE,,,,,,,,,Hand Delivery,,7/18/26,0.00,6/18/26,Net 30 Days,,11000,92900.00,,Mr Gbadamosi NAF Hospital 07061668686,FALSE,,FALSE,,FALSE,,1,1,0,FALSE,FALSE,4.00,,INDIRAB(ANTI RABIS)B,,0,INDIRAB (ANTI RABIS)(A),40533,,23225.00,1,"03/25.,,",0.00,-92900.00,12333,,50733,,<Each>,1.00,4.00,23225.00,73100.00,,,34,201,,,,0.00,0,0
Soteria Mat. & Hosp,Soteria Maternity & Hospital,52280,,FALSE,FALSE,6/18/26,,FALSE,,,FALSE,,2B Clam Avenue,Omole PHASE 1,IKEJA,,,,,Cust. Pickup,,7/18/26,0.00,6/18/26,Net 30 Days,,11000,45648.00,,,FALSE,,FALSE,,FALSE,,1,1,0,FALSE,FALSE,2.00,,Avaxim inj. Ped (Q),,0,Avaxim inj. Ped,40200,,22824.00,1,"09/23...,",0.00,-45648.00,12100,,50500,,<Each>,1.00,2.00,22824.00,34778.00,,,34,202,,,,0.00,0,0
Sundry,Sundry,52281,,FALSE,FALSE,6/18/26,,FALSE,,,FALSE,,,,,,,,,Cust. Pickup,,7/18/26,0.00,6/18/26,Net 30 Days,,11000,38285.00,,Dr William Kadiri,FALSE,,FALSE,,FALSE,,2,1,0,FALSE,FALSE,1.00,,PRIORIX (H),,0,PRIORIX,40501,,17850.00,1,08/24....,0.00,-17850.00,12301,,50701,,<Each>,1.00,1.00,17850.00,16658.00,,,34,204,,,,0.00,0,0
Sundry,Sundry,52281,,FALSE,FALSE,6/18/26,,FALSE,,,FALSE,,,,,,,,,Cust. Pickup,,7/18/26,0.00,6/18/26,Net 30 Days,,11000,38285.00,,Dr William Kadiri,FALSE,,FALSE,,FALSE,,2,2,0,FALSE,FALSE,1.00,,VARIRID(C),,0,VARIRID,49907,,20435.00,1,03/25,0.00,-20435.00,12363,,59910,,<Each>,1.00,1.00,20435.00,14682.63,,,34,204,,,,0.00,0,0
Isalu Hospital,Isalu Hospital,52283,,FALSE,FALSE,6/19/26,,FALSE,,,FALSE,,"349B, ODUSANMI STREET,","OFF WEMCO ROAD, OGBA IKEJA",,,,,,Hand Delivery,,7/19/26,0.00,6/19/26,Net 30 Days,,11000,695065.00,,,FALSE,,FALSE,,FALSE,,4,1,0,FALSE,FALSE,10.00,,Vaxigrip Tetra(Q),,0,Vaxigrip Tetra,40544,,13800.00,1,01/26,0.00,-138000.00,12344,,50744,,<Each>,1.00,10.00,13800.00,120000.00,,,34,205,,,,0.00,0,0
Isalu Hospital,Isalu Hospital,52283,,FALSE,FALSE,6/19/26,,FALSE,,,FALSE,,"349B, ODUSANMI STREET,","OFF WEMCO ROAD, OGBA IKEJA",,,,,,Hand Delivery,,7/19/26,0.00,6/19/26,Net 30 Days,,11000,695065.00,,,FALSE,,FALSE,,FALSE,,4,2,0,FALSE,FALSE,10.00,,VARIRID(C),,0,VARIRID,49907,,20435.00,1,03/25,0.00,-204350.00,12363,,59910,,<Each>,1.00,10.00,20435.00,146826.30,,,34,205,,,,0.00,0,0
Isalu Hospital,Isalu Hospital,52283,,FALSE,FALSE,6/19/26,,FALSE,,,FALSE,,"349B, ODUSANMI STREET,","OFF WEMCO ROAD, OGBA IKEJA",,,,,,Hand Delivery,,7/19/26,0.00,6/19/26,Net 30 Days,,11000,695065.00,,,FALSE,,FALSE,,FALSE,,4,3,0,FALSE,FALSE,10.00,,PRIORIX (H),,0,PRIORIX,40501,,17850.00,1,08/24....,0.00,-178500.00,12301,,50701,,<Each>,1.00,10.00,17850.00,166580.00,,,34,205,,,,0.00,0,0
Isalu Hospital,Isalu Hospital,52283,,FALSE,FALSE,6/19/26,,FALSE,,,FALSE,,"349B, ODUSANMI STREET,","OFF WEMCO ROAD, OGBA IKEJA",,,,,,Hand Delivery,,7/19/26,0.00,6/19/26,Net 30 Days,,11000,695065.00,,,FALSE,,FALSE,,FALSE,,4,4,0,FALSE,FALSE,5.00,,HEXAXIM (Q),,0,HEXAXIM,40548,,34843.00,1,04/24.....,0.00,-174215.00,12352,,50748,,<Each>,1.00,5.00,34843.00,153860.00,,,34,205,,,,0.00,0,0
Vaccination Centre,Vaccination Centre,52284,,FALSE,FALSE,6/19/26,,FALSE,,,FALSE,,"155, Akowonjo Road",Egbeda,LAGOS,,,,,Hand Delivery,,7/19/26,0.00,6/19/26,Net 30 Days,,11000,392125.00,,,FALSE,,FALSE,,FALSE,,3,1,0,FALSE,FALSE,10.00,,Vaxigrip Tetra(Q),,0,Vaxigrip Tetra,40544,,13800.00,1,01/26,0.00,-138000.00,12344,,50744,,<Each>,1.00,10.00,13800.00,120000.00,,,34,206,,,,0.00,0,0
Vaccination Centre,Vaccination Centre,52284,,FALSE,FALSE,6/19/26,,FALSE,,,FALSE,,"155, Akowonjo Road",Egbeda,LAGOS,,,,,Hand Delivery,,7/19/26,0.00,6/19/26,Net 30 Days,,11000,392125.00,,,FALSE,,FALSE,,FALSE,,3,2,0,FALSE,FALSE,5.00,,MENACTRA (R),,0,MENACTRA,40505,,27600.00,1,"07/25,.",0.00,-138000.00,12305,,50705,,<Each>,1.00,5.00,27600.00,122500.00,,,34,206,,,,0.00,0,0
Vaccination Centre,Vaccination Centre,52284,,FALSE,FALSE,6/19/26,,FALSE,,,FALSE,,"155, Akowonjo Road",Egbeda,LAGOS,,,,,Hand Delivery,,7/19/26,0.00,6/19/26,Net 30 Days,,11000,392125.00,,,FALSE,,FALSE,,FALSE,,3,3,0,FALSE,FALSE,5.00,,INDIRAB(ANTI RABIS)B,,0,INDIRAB (ANTI RABIS)(A),40533,,23225.00,1,"03/25.,,",0.00,-116125.00,12333,,50733,,<Each>,1.00,5.00,23225.00,91375.00,,,34,206,,,,0.00,0,0
Sundry,Sundry,52282,,FALSE,FALSE,6/19/26,,FALSE,,,FALSE,,,,,,,,,Hand Delivery,,7/19/26,0.00,6/19/26,Net 30 Days,,11000,13800.00,,Dr Adamu c/o Lagoon Hx Adeniyi Jones 07038501770,FALSE,,FALSE,,FALSE,,1,1,0,FALSE,FALSE,1.00,,Vaxigrip Tetra(Q),,0,Vaxigrip Tetra,40544,,13800.00,1,01/26,0.00,-13800.00,12344,,50744,,<Each>,1.00,1.00,13800.00,12000.00,,,34,203,,,,0.00,0,0
Mr Obina Sanofi,Mr Obina Sanofi,52285,,FALSE,FALSE,6/19/26,,FALSE,,,FALSE,Mr Obina Sanofi,,,,,,,,Cust. Pickup,,6/19/26,0.00,6/19/26,C.O.D.,,11000,26400.00,,,FALSE,,FALSE,,FALSE,,1,1,0,FALSE,FALSE,2.00,,Vaxigrip Tetra(Q),,0,Vaxigrip Tetra,40544,,13200.00,1,01/26,0.00,-26400.00,12344,,50744,,<Each>,1.00,2.00,13200.00,24000.00,,,34,207,,,,0.00,0,0
CARE POINT HOSPITAL,CARE POINT HOSPITAL,52286,,FALSE,FALSE,6/19/26,,FALSE,,,FALSE,CARE POINT HOSPITAL,"7,Ogunlana Street,Off Akowonjo","Road, Egbeda Lagos.",,,,,,Hand Delivery,,6/19/26,0.00,6/19/26,C.O.D.,,11000,47761.00,,,FALSE,,FALSE,,FALSE,,2,1,0,FALSE,FALSE,1.00,,HEXAXIM (Q),,0,HEXAXIM,40548,,34843.00,1,04/24.....,0.00,-34843.00,12352,,50748,,<Each>,1.00,1.00,34843.00,30772.00,,,34,208,,,,0.00,0,0
CARE POINT HOSPITAL,CARE POINT HOSPITAL,52286,,FALSE,FALSE,6/19/26,,FALSE,,,FALSE,CARE POINT HOSPITAL,"7,Ogunlana Street,Off Akowonjo","Road, Egbeda Lagos.",,,,,,Hand Delivery,,6/19/26,0.00,6/19/26,C.O.D.,,11000,47761.00,,,FALSE,,FALSE,,FALSE,,2,2,0,FALSE,FALSE,1.00,,Euvichol - S,,0,Euvichol - S,49921,,12918.00,1,10/25,0.00,-12918.00,12377,,59924,,<Each>,1.00,1.00,12918.00,9394.58,,,34,208,,,,0.00,0,0
Sundry,Sundry,52287,,FALSE,FALSE,6/19/26,,FALSE,,,FALSE,,,,,,,,,Hand Delivery,,7/19/26,0.00,6/19/26,Net 30 Days,,11000,68107.00,,Dr Yusuf c/o Desereth Hx 08156153529,FALSE,,FALSE,,FALSE,,1,1,0,FALSE,FALSE,1.00,,NOVOMIX30 FLEXPEN(Y),,0,NOVOMIX 30 FLEXPEN 100U,40523,,68107.00,1,"03/25.,",0.00,-68107.00,12323,,50723,,<Each>,1.00,1.00,68107.00,61915.00,,,34,209,,,,0.00,0,0
PeaceMaker Pharmacy,Peace Maker Pharmacy,52288,,FALSE,FALSE,6/19/26,,FALSE,,,FALSE,Peace Maker Pharmacy,"Illishan Road, Shagamu.",09031178440,,,,,,Hand Delivery,,6/19/26,0.00,6/19/26,C.O.D.,,11000,26400.00,,,FALSE,,FALSE,,FALSE,,1,1,0,FALSE,FALSE,2.00,,Vaxigrip Tetra(Q),,0,Vaxigrip Tetra,40544,,13200.00,1,01/26,0.00,-26400.00,12344,,50744,,<Each>,1.00,2.00,13200.00,24000.00,,,34,210,,,,0.00,0,0
St. Ives Specialist,St Ives Specialist Hospital,52289,,FALSE,FALSE,6/19/26,,FALSE,,,FALSE,,"12, Salvation road",Opebi - Ikeja,,,,,,Hand Delivery,,7/19/26,0.00,6/19/26,Net 30 Days,,11000,193675.00,,Akowonjo,FALSE,,FALSE,,FALSE,,2,1,0,FALSE,FALSE,5.00,,VARIRID(C),,0,VARIRID,49907,,20435.00,1,03/25,0.00,-102175.00,12363,,59910,,<Each>,1.00,5.00,20435.00,73413.15,,,34,211,,,,0.00,0,0
St. Ives Specialist,St Ives Specialist Hospital,52289,,FALSE,FALSE,6/19/26,,FALSE,,,FALSE,,"12, Salvation road",Opebi - Ikeja,,,,,,Hand Delivery,,7/19/26,0.00,6/19/26,Net 30 Days,,11000,193675.00,,Akowonjo,FALSE,,FALSE,,FALSE,,2,2,0,FALSE,FALSE,5.00,,TRESIVAC (MMR) (G),,0,TRESIVAC (MMR),40501,,18300.00,1,09/24...,0.00,-91500.00,12301,,50701,,<Each>,1.00,5.00,18300.00,73500.00,,,34,211,,,,0.00,0,0
Blue Gate Pharmacy,Blue Gate Pharmacy,52290,,FALSE,FALSE,6/19/26,,FALSE,,,FALSE,,7035682637,4th Avenue Junction,FESTAC,,,,,Hand Delivery,,7/19/26,0.00,6/19/26,Net 30 Days,,11000,377358.00,,,FALSE,,FALSE,,FALSE,,7,1,0,FALSE,FALSE,3.00,,TYPHIM (O),,0,TYPHIM,40500,,13516.00,1,"11/23,..",0.00,-40548.00,12300,,50700,,<Each>,1.00,3.00,13516.00,31176.00,,,34,212,,,,0.00,0,0
Blue Gate Pharmacy,Blue Gate Pharmacy,52290,,FALSE,FALSE,6/19/26,,FALSE,,,FALSE,,7035682637,4th Avenue Junction,FESTAC,,,,,Hand Delivery,,7/19/26,0.00,6/19/26,Net 30 Days,,11000,377358.00,,,FALSE,,FALSE,,FALSE,,7,2,0,FALSE,FALSE,4.00,,Vaxigrip Tetra(Q),,0,Vaxigrip Tetra,40544,,13200.00,1,01/26,0.00,-52800.00,12344,,50744,,<Each>,1.00,4.00,13200.00,48000.00,,,34,212,,,,0.00,0,0
Blue Gate Pharmacy,Blue Gate Pharmacy,52290,,FALSE,FALSE,6/19/26,,FALSE,,,FALSE,,7035682637,4th Avenue Junction,FESTAC,,,,,Hand Delivery,,7/19/26,0.00,6/19/26,Net 30 Days,,11000,377358.00,,,FALSE,,FALSE,,FALSE,,7,3,0,FALSE,FALSE,5.00,,Avaxim inj. Ped (Q),,0,Avaxim inj. Ped,40200,,19500.00,1,"09/23...,",0.00,-97500.00,12100,,50500,,<Each>,1.00,5.00,19500.00,86945.00,,,34,212,,,,0.00,0,0
Blue Gate Pharmacy,Blue Gate Pharmacy,52290,,FALSE,FALSE,6/19/26,,FALSE,,,FALSE,,7035682637,4th Avenue Junction,FESTAC,,,,,Hand Delivery,,7/19/26,0.00,6/19/26,Net 30 Days,,11000,377358.00,,,FALSE,,FALSE,,FALSE,,7,4,0,FALSE,FALSE,1.00,,HEXAXIM (Q),,0,HEXAXIM,40548,,33620.00,1,04/24.....,0.00,-33620.00,12352,,50748,,<Each>,1.00,1.00,33620.00,30772.00,,,34,212,,,,0.00,0,0
Blue Gate Pharmacy,Blue Gate Pharmacy,52290,,FALSE,FALSE,6/19/26,,FALSE,,,FALSE,,7035682637,4th Avenue Junction,FESTAC,,,,,Hand Delivery,,7/19/26,0.00,6/19/26,Net 30 Days,,11000,377358.00,,,FALSE,,FALSE,,FALSE,,7,6,0,FALSE,FALSE,2.00,,VARIRID(C),,0,VARIRID,49907,,19040.00,1,03/25,0.00,-38080.00,12363,,59910,,<Each>,1.00,2.00,19040.00,29365.26,,,34,212,,,,0.00,0,0
Blue Gate Pharmacy,Blue Gate Pharmacy,52290,,FALSE,FALSE,6/19/26,,FALSE,,,FALSE,,7035682637,4th Avenue Junction,FESTAC,,,,,Hand Delivery,,7/19/26,0.00,6/19/26,Net 30 Days,,11000,377358.00,,,FALSE,,FALSE,,FALSE,,7,7,0,FALSE,FALSE,6.00,,Euvichol - S,,0,Euvichol - S,49921,,10335.00,1,10/25,0.00,-62010.00,12377,,59924,,<Each>,1.00,6.00,10335.00,56367.48,,,34,212,,,,0.00,0,0
Blue Gate Pharmacy,Blue Gate Pharmacy,52290,,FALSE,FALSE,6/19/26,,FALSE,,,FALSE,,7035682637,4th Avenue Junction,FESTAC,,,,,Hand Delivery,,7/19/26,0.00,6/19/26,Net 30 Days,,11000,377358.00,,,FALSE,,FALSE,,FALSE,,7,8,0,FALSE,FALSE,2.00,,MENACTRA (R),,0,MENACTRA,40505,,26400.00,1,"07/25,.",0.00,-52800.00,12305,,50705,,<Each>,1.00,2.00,26400.00,49000.00,,,34,212,,,,0.00,0,0
Winan Hospital,Winan Hospital,52291,,FALSE,FALSE,6/19/26,,FALSE,,,FALSE,,"2,Niyi Ayeye Street Channel TV",Opic bus-stop.,,,,,,Cust. Pickup,,7/19/26,0.00,6/19/26,Net 30 Days,,11000,13800.00,,,FALSE,,FALSE,,FALSE,,1,1,0,FALSE,FALSE,1.00,,Vaxigrip Tetra(Q),,0,Vaxigrip Tetra,40544,,13800.00,1,01/26,0.00,-13800.00,12344,,50744,,<Each>,1.00,1.00,13800.00,12000.00,,,34,213,,,,0.00,0,0
Blue Cross Hospital,Blue Cross Hospital,52292,,FALSE,FALSE,6/19/26,,FALSE,,,FALSE,,"48, Ijaiye Road, ogba ikeja",Ogba,,,,Nigeria,,Hand Delivery,,7/19/26,0.00,6/19/26,Net 30 Days,,11000,82800.00,,,FALSE,,FALSE,,FALSE,,1,1,0,FALSE,FALSE,6.00,,Vaxigrip Tetra(Q),,0,Vaxigrip Tetra,40544,,13800.00,1,01/26,0.00,-82800.00,12344,,50744,,<Each>,1.00,6.00,13800.00,72000.00,,,34,214,,,,0.00,0,0
AB 10 Hospital,AB 10 Hospital,52293,,FALSE,FALSE,6/19/26,,FALSE,,,FALSE,,"Karaole Estate, Ogba off","College Road, Ifako Ijaye",Lagos,,,,,Cust. Pickup,,6/19/26,0.00,6/19/26,C.O.D.,,11000,135040.00,,,FALSE,,FALSE,,FALSE,,4,1,0,FALSE,FALSE,2.00,,PRIORIX (H),,0,PRIORIX,40501,,17850.00,1,08/24....,0.00,-35700.00,12301,,50701,,<Each>,1.00,2.00,17850.00,33316.00,,,34,215,,,,0.00,0,0
AB 10 Hospital,AB 10 Hospital,52293,,FALSE,FALSE,6/19/26,,FALSE,,,FALSE,,"Karaole Estate, Ogba off","College Road, Ifako Ijaye",Lagos,,,,,Cust. Pickup,,6/19/26,0.00,6/19/26,C.O.D.,,11000,135040.00,,,FALSE,,FALSE,,FALSE,,4,2,0,FALSE,FALSE,1.00,,Vaxigrip Tetra(Q),,0,Vaxigrip Tetra,40544,,13800.00,1,01/26,0.00,-13800.00,12344,,50744,,<Each>,1.00,1.00,13800.00,12000.00,,,34,215,,,,0.00,0,0
AB 10 Hospital,AB 10 Hospital,52293,,FALSE,FALSE,6/19/26,,FALSE,,,FALSE,,"Karaole Estate, Ogba off","College Road, Ifako Ijaye",Lagos,,,,,Cust. Pickup,,6/19/26,0.00,6/19/26,C.O.D.,,11000,135040.00,,,FALSE,,FALSE,,FALSE,,4,3,0,FALSE,FALSE,2.00,,VARICELLA (F),,0,Varicella,40530,,29850.00,1,"07/24,,",0.00,-59700.00,12330,,50730,,<Each>,1.00,2.00,29850.00,44280.00,,,34,215,,,,0.00,0,0
AB 10 Hospital,AB 10 Hospital,52293,,FALSE,FALSE,6/19/26,,FALSE,,,FALSE,,"Karaole Estate, Ogba off","College Road, Ifako Ijaye",Lagos,,,,,Cust. Pickup,,6/19/26,0.00,6/19/26,C.O.D.,,11000,135040.00,,,FALSE,,FALSE,,FALSE,,4,4,0,FALSE,FALSE,2.00,,Euvichol - S,,0,Euvichol - S,49921,,12920.00,1,10/25,0.00,-25840.00,12377,,59924,,<Each>,1.00,2.00,12920.00,18789.16,,,34,215,,,,0.00,0,0
County Hospital,County Hospital,52294,,FALSE,FALSE,6/19/26,,FALSE,,,FALSE,,43/45 Isheri Road,Ogba,OGBA,,,,,Cust. Pickup,,7/19/26,0.00,6/19/26,Net 30 Days,,11000,68000.00,,,FALSE,,FALSE,,FALSE,,1,1,0,FALSE,FALSE,1.00,,HEPATITIS B IMMUNGLO,,0,HEPATITIS B IMMUNGLOBU 100I.U,50000,,68000.00,1,01/26.,0.00,-68000.00,12000,,50000,,<Each>,1.00,1.00,68000.00,58000.00,,,34,216,,,,0.00,0,0
Mother & Child,Mother & Child  Hospital,52295,,FALSE,FALSE,6/19/26,,FALSE,,,FALSE,,"39, ADENIYI JONES AVENUUE",OBA ANKRA.  IKEJA,,,,,,Hand Delivery,,7/19/26,0.00,6/19/26,Net 30 Days,,11000,243215.00,,Omole,FALSE,,FALSE,,FALSE,,2,1,0,FALSE,FALSE,5.00,,HEXAXIM (Q),,0,HEXAXIM,40548,,34843.00,1,04/24.....,0.00,-174215.00,12352,,50748,,<Each>,1.00,5.00,34843.00,153860.00,,,34,217,,,,0.00,0,0
Mother & Child,Mother & Child  Hospital,52295,,FALSE,FALSE,6/19/26,,FALSE,,,FALSE,,"39, ADENIYI JONES AVENUUE",OBA ANKRA.  IKEJA,,,,,,Hand Delivery,,7/19/26,0.00,6/19/26,Net 30 Days,,11000,243215.00,,Omole,FALSE,,FALSE,,FALSE,,2,2,0,FALSE,FALSE,5.00,,Vaxigrip Tetra(Q),,0,Vaxigrip Tetra,40544,,13800.00,1,01/26,0.00,-69000.00,12344,,50744,,<Each>,1.00,5.00,13800.00,60000.00,,,34,217,,,,0.00,0,0
Motayo Hospital,Motayo Hospital,52296,,FALSE,FALSE,6/19/26,,FALSE,,,FALSE,,"3, OWODUNI STREET, ALLEN IKEJA",,,,,,,Hand Delivery,,7/19/26,0.00,6/19/26,Net 30 Days,,11000,13687.00,,,FALSE,,FALSE,,FALSE,,1,1,0,FALSE,FALSE,1.00,,ACTRAPID 100 I.U (T),,0,ACTRAPID 100 I.U,40516,,13687.00,1,06/ 25.,0.00,-13687.00,12316,,50716,,<Each>,1.00,1.00,13687.00,12442.00,,,34,218,,,,0.00,0,0
Osuntuyi Hospital,Osuntuyi Hospital,52297,,FALSE,FALSE,6/22/26,,FALSE,,,FALSE,,"255,Iju Road Road Balogun",B/stop Iju Ishaga,Iju,,,,,Hand Delivery,,7/22/26,0.00,6/22/26,Net 30 Days,,11000,129155.00,,,FALSE,,FALSE,,FALSE,,3,1,0,FALSE,FALSE,3.00,,VARIRID(C),,0,VARIRID,49907,,20435.00,1,03/25,0.00,-61305.00,12363,,59910,,<Each>,1.00,3.00,20435.00,44047.89,,,34,219,,,,0.00,0,0
Osuntuyi Hospital,Osuntuyi Hospital,52297,,FALSE,FALSE,6/22/26,,FALSE,,,FALSE,,"255,Iju Road Road Balogun",B/stop Iju Ishaga,Iju,,,,,Hand Delivery,,7/22/26,0.00,6/22/26,Net 30 Days,,11000,129155.00,,,FALSE,,FALSE,,FALSE,,3,2,0,FALSE,FALSE,1.00,,PRIORIX (H),,0,PRIORIX,40501,,17850.00,1,08/24....,0.00,-17850.00,12301,,50701,,<Each>,1.00,1.00,17850.00,16658.00,,,34,219,,,,0.00,0,0
Osuntuyi Hospital,Osuntuyi Hospital,52297,,FALSE,FALSE,6/22/26,,FALSE,,,FALSE,,"255,Iju Road Road Balogun",B/stop Iju Ishaga,Iju,,,,,Hand Delivery,,7/22/26,0.00,6/22/26,Net 30 Days,,11000,129155.00,,,FALSE,,FALSE,,FALSE,,3,3,0,FALSE,FALSE,2.00,,GARDASIL 4  HPV(A),,0,GARDASIL  4  HPV,40350,,25000.00,1,02/22.,0.00,-50000.00,12160,,50560,,<Each>,1.00,2.00,25000.00,40000.00,,,34,219,,,,0.00,0,0
Precious Pharmacy,Precious Pharmacy,52298,,FALSE,FALSE,6/22/26,,FALSE,,,FALSE,,"47, OSOBA ROAD, OKE-ILEWO ROAD","ITA OKO, ABEOKUTA",Abeokuta,,,09162984187,,Hand Delivery,,7/22/26,0.00,6/22/26,Net 30 Days,,11000,106350.00,,,FALSE,,FALSE,,FALSE,,2,1,0,FALSE,FALSE,10.00,,Euvichol - S,,0,Euvichol - S,49921,,10335.00,1,10/25,0.00,-103350.00,12377,,59924,,<Each>,1.00,10.00,10335.00,93945.80,,,34,220,,,,0.00,0,0
Precious Pharmacy,Precious Pharmacy,52298,,FALSE,FALSE,6/22/26,,FALSE,,,FALSE,,"47, OSOBA ROAD, OKE-ILEWO ROAD","ITA OKO, ABEOKUTA",Abeokuta,,,09162984187,,Hand Delivery,,7/22/26,0.00,6/22/26,Net 30 Days,,11000,106350.00,,,FALSE,,FALSE,,FALSE,,2,2,0,FALSE,FALSE,0.00,,,,0,Delivery Charge,40800,,0.00,1,,0.00,-3000.00,,,,,,1.00,0.00,0.00,0.00,,,34,220,,,,0.00,0,0
PeaceMaker Pharmacy,Peace Maker Pharmacy,52299,,FALSE,FALSE,6/22/26,,FALSE,,,FALSE,Peace Maker Pharmacy,"Illishan Road, Shagamu.",09031178440,,,,,,Hand Delivery,,6/22/26,0.00,6/22/26,C.O.D.,,11000,35189.00,,,FALSE,,FALSE,,FALSE,,2,1,0,FALSE,FALSE,1.00,,TYPHIM (P),,0,TYPHIM,40500,,13516.00,1,"04/24,..",0.00,-13516.00,12300,,50700,,<Each>,1.00,1.00,13516.00,10087.00,,,34,221,,,,0.00,0,0
PeaceMaker Pharmacy,Peace Maker Pharmacy,52299,,FALSE,FALSE,6/22/26,,FALSE,,,FALSE,Peace Maker Pharmacy,"Illishan Road, Shagamu.",09031178440,,,,,,Hand Delivery,,6/22/26,0.00,6/22/26,C.O.D.,,11000,35189.00,,,FALSE,,FALSE,,FALSE,,2,2,0,FALSE,FALSE,1.00,,Avaxim inj. Ped (Q),,0,Avaxim inj. Ped,40200,,21673.00,1,"09/23...,",0.00,-21673.00,12100,,50500,,<Each>,1.00,1.00,21673.00,17389.00,,,34,221,,,,0.00,0,0
Redwood Clinic,Redwood Clinic,52300,,FALSE,FALSE,6/22/26,,FALSE,,,FALSE,,Quarry road Abeokuta,09045140300,,,,,,Hand Delivery,,7/22/26,0.00,6/22/26,Net 30 Days,,11000,468370.00,,,FALSE,,FALSE,,FALSE,,2,1,0,FALSE,FALSE,20.00,,CLEXANE 40mg(Z)iii,,0,CLEXANE 40mg,40538,,18271.00,1,"06/25..,",0.00,-365420.00,12338,,50738,,<Each>,1.00,20.00,18271.00,332200.00,,,34,222,,,,0.00,0,0
Redwood Clinic,Redwood Clinic,52300,,FALSE,FALSE,6/22/26,,FALSE,,,FALSE,,Quarry road Abeokuta,09045140300,,,,,,Hand Delivery,,7/22/26,0.00,6/22/26,Net 30 Days,,11000,468370.00,,,FALSE,,FALSE,,FALSE,,2,3,0,FALSE,FALSE,5.00,,Tavanic 500MG TAB(K),,0,TAVANIC 500MG TAB 5'S,49600,,20590.00,1,11/24..,0.00,-102950.00,12353,,50749,,<Each>,1.00,5.00,20590.00,93550.00,,,34,222,,,,0.00,0,0
Matron Okeke,Matron Okeke C/O Lagoon Hx,52301,,FALSE,FALSE,6/22/26,,FALSE,,,FALSE,Matron Okeke C/O Lagoon Hx,Adeniyi Jones Ikeja,08034799883,,,,,,Hand Delivery,,6/22/26,0.00,6/22/26,C.O.D.,,11000,27600.00,,Deliver at Lagoon To Nurse Anyanwu 09161568349,FALSE,,FALSE,,FALSE,,1,1,0,FALSE,FALSE,2.00,,Vaxigrip Tetra(Q),,0,Vaxigrip Tetra,40544,,13800.00,1,01/26,0.00,-27600.00,12344,,50744,,<Each>,1.00,2.00,13800.00,24000.00,,,34,223,,,,0.00,0,0
Reddington Hospital,Reddington Hospital,52302,,FALSE,FALSE,6/22/26,,FALSE,,,FALSE,,"39, Isaac Jone Street,",Ikeja GRA.,IKEJA,,,,,Hand Delivery,,7/22/26,0.00,6/22/26,Net 30 Days,,11000,723653.00,,,FALSE,,FALSE,,FALSE,,11,1,0,FALSE,FALSE,2.00,,PREVENAR 13 (X),,0,PREVENAR  13,40510,,36680.00,1,"11/24,,",0.00,-73360.00,12310,,50710,,<Each>,1.00,2.00,36680.00,62872.00,,,34,224,,,,0.00,0,0
Reddington Hospital,Reddington Hospital,52302,,FALSE,FALSE,6/22/26,,FALSE,,,FALSE,,"39, Isaac Jone Street,",Ikeja GRA.,IKEJA,,,,,Hand Delivery,,7/22/26,0.00,6/22/26,Net 30 Days,,11000,723653.00,,,FALSE,,FALSE,,FALSE,,11,2,0,FALSE,FALSE,2.00,,HEXAXIM (Q),,0,HEXAXIM,40548,,36934.00,1,04/24.....,0.00,-73868.00,12352,,50748,,<Each>,1.00,2.00,36934.00,61544.00,,,34,224,,,,0.00,0,0
Reddington Hospital,Reddington Hospital,52302,,FALSE,FALSE,6/22/26,,FALSE,,,FALSE,,"39, Isaac Jone Street,",Ikeja GRA.,IKEJA,,,,,Hand Delivery,,7/22/26,0.00,6/22/26,Net 30 Days,,11000,723653.00,,,FALSE,,FALSE,,FALSE,,11,3,0,FALSE,FALSE,5.00,,Vaxigrip Tetra(Q),,0,Vaxigrip Tetra,40544,,14628.00,1,01/26,0.00,-73140.00,12344,,50744,,<Each>,1.00,5.00,14628.00,60000.00,,,34,224,,,,0.00,0,0
Reddington Hospital,Reddington Hospital,52302,,FALSE,FALSE,6/22/26,,FALSE,,,FALSE,,"39, Isaac Jone Street,",Ikeja GRA.,IKEJA,,,,,Hand Delivery,,7/22/26,0.00,6/22/26,Net 30 Days,,11000,723653.00,,,FALSE,,FALSE,,FALSE,,11,4,0,FALSE,FALSE,5.00,,Euvichol - S,,0,Euvichol - S,49921,,13693.00,1,10/25,0.00,-68465.00,12377,,59924,,<Each>,1.00,5.00,13693.00,46972.90,,,34,224,,,,0.00,0,0
Reddington Hospital,Reddington Hospital,52302,,FALSE,FALSE,6/22/26,,FALSE,,,FALSE,,"39, Isaac Jone Street,",Ikeja GRA.,IKEJA,,,,,Hand Delivery,,7/22/26,0.00,6/22/26,Net 30 Days,,11000,723653.00,,,FALSE,,FALSE,,FALSE,,11,5,0,FALSE,FALSE,4.00,,PRIORIX (H),,0,PRIORIX,40501,,18921.00,1,08/24....,0.00,-75684.00,12301,,50701,,<Each>,1.00,4.00,18921.00,66632.00,,,34,224,,,,0.00,0,0
Reddington Hospital,Reddington Hospital,52302,,FALSE,FALSE,6/22/26,,FALSE,,,FALSE,,"39, Isaac Jone Street,",Ikeja GRA.,IKEJA,,,,,Hand Delivery,,7/22/26,0.00,6/22/26,Net 30 Days,,11000,723653.00,,,FALSE,,FALSE,,FALSE,,11,6,0,FALSE,FALSE,2.00,,TYPHIM (P),,0,TYPHIM,40500,,15082.00,1,"04/24,..",0.00,-30164.00,12300,,50700,,<Each>,1.00,2.00,15082.00,20174.00,,,34,224,,,,0.00,0,0
Reddington Hospital,Reddington Hospital,52302,,FALSE,FALSE,6/22/26,,FALSE,,,FALSE,,"39, Isaac Jone Street,",Ikeja GRA.,IKEJA,,,,,Hand Delivery,,7/22/26,0.00,6/22/26,Net 30 Days,,11000,723653.00,,,FALSE,,FALSE,,FALSE,,11,7,0,FALSE,FALSE,4.00,,VARIRID(C),,0,VARIRID,49907,,21665.00,1,03/25,0.00,-86660.00,12363,,59910,,<Each>,1.00,4.00,21665.00,58730.52,,,34,224,,,,0.00,0,0
Reddington Hospital,Reddington Hospital,52302,,FALSE,FALSE,6/22/26,,FALSE,,,FALSE,,"39, Isaac Jone Street,",Ikeja GRA.,IKEJA,,,,,Hand Delivery,,7/22/26,0.00,6/22/26,Net 30 Days,,11000,723653.00,,,FALSE,,FALSE,,FALSE,,11,9,0,FALSE,FALSE,2.00,,MENACTRA (R),,0,MENACTRA,40505,,29256.00,1,"07/25,.",0.00,-58512.00,12305,,50705,,<Each>,1.00,2.00,29256.00,49000.00,,,34,224,,,,0.00,0,0
Reddington Hospital,Reddington Hospital,52302,,FALSE,FALSE,6/22/26,,FALSE,,,FALSE,,"39, Isaac Jone Street,",Ikeja GRA.,IKEJA,,,,,Hand Delivery,,7/22/26,0.00,6/22/26,Net 30 Days,,11000,723653.00,,,FALSE,,FALSE,,FALSE,,11,10,0,FALSE,FALSE,10.00,,TETANUS TOXOID(I),,0,TETANUS TOXOID,40531,,1580.00,1,06-25.,0.00,-15800.00,12331,,50731,,<Each>,1.00,10.00,1580.00,12000.00,,,34,224,,,,0.00,0,0
Reddington Hospital,Reddington Hospital,52302,,FALSE,FALSE,6/22/26,,FALSE,,,FALSE,,"39, Isaac Jone Street,",Ikeja GRA.,IKEJA,,,,,Hand Delivery,,7/22/26,0.00,6/22/26,Net 30 Days,,11000,723653.00,,,FALSE,,FALSE,,FALSE,,11,11,0,FALSE,FALSE,8.00,,Avaxim inj. Ped (Q),,0,Avaxim inj. Ped,40200,,24192.00,1,"09/23...,",0.00,-193536.00,12100,,50500,,<Each>,1.00,8.00,24192.00,139112.00,,,34,224,,,,0.00,0,0
Reddington Hospital,Reddington Hospital,52302,,FALSE,FALSE,6/22/26,,FALSE,,,FALSE,,"39, Isaac Jone Street,",Ikeja GRA.,IKEJA,,,,,Hand Delivery,,7/22/26,0.00,6/22/26,Net 30 Days,,11000,723653.00,,,FALSE,,FALSE,,FALSE,,11,12,0,FALSE,FALSE,8.00,,,,0,Less Discount,49000,,-3192.00,1,,0.00,25536.00,,,,,,1.00,8.00,-3192.00,0.00,,,34,224,,,,0.00,0,0
Sundry,Sundry,52303,,FALSE,FALSE,6/22/26,,FALSE,,,FALSE,,,,,,,,,Hand Delivery,,7/22/26,0.00,6/22/26,Net 30 Days,,11000,37055.00,,Afolasade Grace Onayemi,FALSE,,FALSE,,FALSE,,2,1,0,FALSE,FALSE,1.00,,TYPHIM (P),,0,TYPHIM,40500,,14230.00,1,"04/24,..",0.00,-14230.00,12300,,50700,,<Each>,1.00,1.00,14230.00,10087.00,,,34,225,,,,0.00,0,0
Sundry,Sundry,52303,,FALSE,FALSE,6/22/26,,FALSE,,,FALSE,,,,,,,,,Hand Delivery,,7/22/26,0.00,6/22/26,Net 30 Days,,11000,37055.00,,Afolasade Grace Onayemi,FALSE,,FALSE,,FALSE,,2,2,0,FALSE,FALSE,1.00,,Avaxim inj. Ped (Q),,0,Avaxim inj. Ped,40200,,22825.00,1,"09/23...,",0.00,-22825.00,12100,,50500,,<Each>,1.00,1.00,22825.00,17389.00,,,34,225,,,,0.00,0,0
Cityscape Specialist,Cityscape Specialist Hospital,52304,,FALSE,FALSE,6/22/26,,FALSE,,,FALSE,Cityscape Specialist Hospital,"12b, Macdonald Akano Close",Omole Phase 1. Dr Tope Odetayo,08035603242,,,,,Hand Delivery,,6/22/26,0.00,6/22/26,C.O.D.,,11000,182710.00,,,FALSE,,FALSE,,FALSE,,1,1,0,FALSE,FALSE,10.00,,CLEXANE 40mg(Z)iii,,0,CLEXANE 40mg,40538,,18271.00,1,"06/25..,",0.00,-182710.00,12338,,50738,,<Each>,1.00,10.00,18271.00,166100.00,,,34,226,,,,0.00,0,0
Medin Specialist Hos,Medin Specialist Hospital,52305,,FALSE,FALSE,6/22/26,,FALSE,,,FALSE,,"1/3, OSHOGBO STREET, OFF","CELESTIAL WAY,ORIOKE,  OGUDU",,,,,,Hand Delivery,,7/22/26,0.00,6/22/26,Net 30 Days,,11000,220923.00,,,FALSE,,FALSE,,FALSE,,6,1,0,FALSE,FALSE,1.00,,PRIORIX (H),,0,PRIORIX,40501,,17850.00,1,08/24....,0.00,-17850.00,12301,,50701,,<Each>,1.00,1.00,17850.00,16658.00,,,34,227,,,,0.00,0,0
Medin Specialist Hos,Medin Specialist Hospital,52305,,FALSE,FALSE,6/22/26,,FALSE,,,FALSE,,"1/3, OSHOGBO STREET, OFF","CELESTIAL WAY,ORIOKE,  OGUDU",,,,,,Hand Delivery,,7/22/26,0.00,6/22/26,Net 30 Days,,11000,220923.00,,,FALSE,,FALSE,,FALSE,,6,2,0,FALSE,FALSE,3.00,,VARIRID(C),,0,VARIRID,49907,,20435.00,1,03/25,0.00,-61305.00,12363,,59910,,<Each>,1.00,3.00,20435.00,44047.89,,,34,227,,,,0.00,0,0
Medin Specialist Hos,Medin Specialist Hospital,52305,,FALSE,FALSE,6/22/26,,FALSE,,,FALSE,,"1/3, OSHOGBO STREET, OFF","CELESTIAL WAY,ORIOKE,  OGUDU",,,,,,Hand Delivery,,7/22/26,0.00,6/22/26,Net 30 Days,,11000,220923.00,,,FALSE,,FALSE,,FALSE,,6,3,0,FALSE,FALSE,2.00,,Avaxim inj. Ped (Q),,0,Avaxim inj. Ped,40200,,22824.00,1,"09/23...,",0.00,-45648.00,12100,,50500,,<Each>,1.00,2.00,22824.00,34778.00,,,34,227,,,,0.00,0,0
Medin Specialist Hos,Medin Specialist Hospital,52305,,FALSE,FALSE,6/22/26,,FALSE,,,FALSE,,"1/3, OSHOGBO STREET, OFF","CELESTIAL WAY,ORIOKE,  OGUDU",,,,,,Hand Delivery,,7/22/26,0.00,6/22/26,Net 30 Days,,11000,220923.00,,,FALSE,,FALSE,,FALSE,,6,4,0,FALSE,FALSE,2.00,,Vaxigrip Tetra(Q),,0,Vaxigrip Tetra,40544,,13800.00,1,01/26,0.00,-27600.00,12344,,50744,,<Each>,1.00,2.00,13800.00,24000.00,,,34,227,,,,0.00,0,0
Medin Specialist Hos,Medin Specialist Hospital,52305,,FALSE,FALSE,6/22/26,,FALSE,,,FALSE,,"1/3, OSHOGBO STREET, OFF","CELESTIAL WAY,ORIOKE,  OGUDU",,,,,,Hand Delivery,,7/22/26,0.00,6/22/26,Net 30 Days,,11000,220923.00,,,FALSE,,FALSE,,FALSE,,6,5,0,FALSE,FALSE,3.00,,TYPHIM (P),,0,TYPHIM,40500,,14228.00,1,"04/24,..",0.00,-42684.00,12300,,50700,,<Each>,1.00,3.00,14228.00,30261.00,,,34,227,,,,0.00,0,0
Medin Specialist Hos,Medin Specialist Hospital,52305,,FALSE,FALSE,6/22/26,,FALSE,,,FALSE,,"1/3, OSHOGBO STREET, OFF","CELESTIAL WAY,ORIOKE,  OGUDU",,,,,,Hand Delivery,,7/22/26,0.00,6/22/26,Net 30 Days,,11000,220923.00,,,FALSE,,FALSE,,FALSE,,6,6,0,FALSE,FALSE,2.00,,Euvichol - S,,0,Euvichol - S,49921,,12918.00,1,10/25,0.00,-25836.00,12377,,59924,,<Each>,1.00,2.00,12918.00,18789.16,,,34,227,,,,0.00,0,0
OLAN HOSPITAL,OLAN HOSPITAL,52306,,FALSE,FALSE,6/23/26,,FALSE,,,FALSE,,"119, ADENIYI JONES IKEJA",,,,,,,Hand Delivery,,7/23/26,0.00,6/23/26,Net 30 Days,,11000,17850.00,,,FALSE,,FALSE,,FALSE,,1,1,0,FALSE,FALSE,1.00,,PRIORIX (H),,0,PRIORIX,40501,,17850.00,1,08/24....,0.00,-17850.00,12301,,50701,,<Each>,1.00,1.00,17850.00,16658.00,,,34,228,,,,0.00,0,0
St. Ives Specialist,St Ives Specialist Hospital,52307,,FALSE,FALSE,6/23/26,,FALSE,,,FALSE,,"12, Salvation road",Opebi - Ikeja,,,,,,Hand Delivery,,7/23/26,0.00,6/23/26,Net 30 Days,,11000,731703.00,,,FALSE,,FALSE,,FALSE,,1,1,0,FALSE,FALSE,21.00,,HEXAXIM (Q),,0,HEXAXIM,40548,,34843.00,1,04/24.....,0.00,-731703.00,12352,,50748,,<Each>,1.00,21.00,34843.00,646212.00,,,34,229,,,,0.00,0,0
OSKAJAY NIG LTD 2,OSKAJAY NIG LTD 2,52308,,FALSE,FALSE,6/23/26,,FALSE,,,FALSE,OSKAJAY NIG LTD 2,BENIN.,,,,,,,Hand Delivery,,6/23/26,0.00,6/23/26,C.O.D.,,11000,159454.00,,,FALSE,,FALSE,,FALSE,,4,1,0,FALSE,FALSE,5.00,,PRIORIX (H),,0,PRIORIX,40501,,17850.00,1,08/24....,0.00,-89250.00,12301,,50701,,<Each>,1.00,5.00,17850.00,83290.00,,,34,230,,,,0.00,0,0
OSKAJAY NIG LTD 2,OSKAJAY NIG LTD 2,52308,,FALSE,FALSE,6/23/26,,FALSE,,,FALSE,OSKAJAY NIG LTD 2,BENIN.,,,,,,,Hand Delivery,,6/23/26,0.00,6/23/26,C.O.D.,,11000,159454.00,,,FALSE,,FALSE,,FALSE,,4,2,0,FALSE,FALSE,1.00,,MENACTRA (R),,0,MENACTRA,40505,,27600.00,1,"07/25,.",0.00,-27600.00,12305,,50705,,<Each>,1.00,1.00,27600.00,24500.00,,,34,230,,,,0.00,0,0
OSKAJAY NIG LTD 2,OSKAJAY NIG LTD 2,52308,,FALSE,FALSE,6/23/26,,FALSE,,,FALSE,OSKAJAY NIG LTD 2,BENIN.,,,,,,,Hand Delivery,,6/23/26,0.00,6/23/26,C.O.D.,,11000,159454.00,,,FALSE,,FALSE,,FALSE,,4,3,0,FALSE,FALSE,1.00,,PREVENAR 13 (X),,0,PREVENAR  13,40510,,34604.00,1,"11/24,,",0.00,-34604.00,12310,,50710,,<Each>,1.00,1.00,34604.00,31436.00,,,34,230,,,,0.00,0,0
OSKAJAY NIG LTD 2,OSKAJAY NIG LTD 2,52308,,FALSE,FALSE,6/23/26,,FALSE,,,FALSE,OSKAJAY NIG LTD 2,BENIN.,,,,,,,Hand Delivery,,6/23/26,0.00,6/23/26,C.O.D.,,11000,159454.00,,,FALSE,,FALSE,,FALSE,,4,4,0,FALSE,FALSE,0.00,,,,0,Delivery Charge,40800,,0.00,1,,0.00,-8000.00,,,,,,1.00,0.00,0.00,0.00,,,34,230,,,,0.00,0,0
Milennium Pharmacy,Milennium Pharmacy,52309,,FALSE,FALSE,6/23/26,,FALSE,,,FALSE,Dr Abbey,"13B, Oba Olagbegi Str,Old",Bodija Ibadan 08023875481,oyo state,,,,,Hand Delivery,,6/23/26,0.00,6/23/26,C.O.D.,,11000,57120.00,,,FALSE,,FALSE,,FALSE,,1,1,0,FALSE,FALSE,3.00,,VARIRID(C),,0,VARIRID,49907,,19040.00,1,03/25,0.00,-57120.00,12363,,59910,,<Each>,1.00,3.00,19040.00,44047.89,,,34,231,,,,0.00,0,0
Isalu Hospital,Isalu Hospital,52310,,FALSE,FALSE,6/23/26,,FALSE,,,FALSE,,"349B, ODUSANMI STREET,","OFF WEMCO ROAD, OGBA IKEJA",,,,,,Hand Delivery,,7/23/26,0.00,6/23/26,Net 30 Days,,11000,585703.00,,,FALSE,,FALSE,,FALSE,,5,1,0,FALSE,FALSE,10.00,,TYPHIM (P),,0,TYPHIM,40500,,14228.00,1,"04/24,..",0.00,-142280.00,12300,,50700,,<Each>,1.00,10.00,14228.00,100870.00,,,34,232,,,,0.00,0,0
Isalu Hospital,Isalu Hospital,52310,,FALSE,FALSE,6/23/26,,FALSE,,,FALSE,,"349B, ODUSANMI STREET,","OFF WEMCO ROAD, OGBA IKEJA",,,,,,Hand Delivery,,7/23/26,0.00,6/23/26,Net 30 Days,,11000,585703.00,,,FALSE,,FALSE,,FALSE,,5,2,0,FALSE,FALSE,2.00,,PREVENAR 13 (X),,0,PREVENAR  13,40510,,34604.00,1,"11/24,,",0.00,-69208.00,12310,,50710,,<Each>,1.00,2.00,34604.00,62872.00,,,34,232,,,,0.00,0,0
Isalu Hospital,Isalu Hospital,52310,,FALSE,FALSE,6/23/26,,FALSE,,,FALSE,,"349B, ODUSANMI STREET,","OFF WEMCO ROAD, OGBA IKEJA",,,,,,Hand Delivery,,7/23/26,0.00,6/23/26,Net 30 Days,,11000,585703.00,,,FALSE,,FALSE,,FALSE,,5,3,0,FALSE,FALSE,5.00,,HEXAXIM (Q),,0,HEXAXIM,40548,,34843.00,1,04/24.....,0.00,-174215.00,12352,,50748,,<Each>,1.00,5.00,34843.00,153860.00,,,34,232,,,,0.00,0,0
Isalu Hospital,Isalu Hospital,52310,,FALSE,FALSE,6/23/26,,FALSE,,,FALSE,,"349B, ODUSANMI STREET,","OFF WEMCO ROAD, OGBA IKEJA",,,,,,Hand Delivery,,7/23/26,0.00,6/23/26,Net 30 Days,,11000,585703.00,,,FALSE,,FALSE,,FALSE,,5,4,0,FALSE,FALSE,10.00,,Avaxim inj. Ped (Q),,0,Avaxim inj. Ped,40200,,22824.00,1,"09/23...,",0.00,-228240.00,12100,,50500,,<Each>,1.00,10.00,22824.00,173890.00,,,34,232,,,,0.00,0,0
Isalu Hospital,Isalu Hospital,52310,,FALSE,FALSE,6/23/26,,FALSE,,,FALSE,,"349B, ODUSANMI STREET,","OFF WEMCO ROAD, OGBA IKEJA",,,,,,Hand Delivery,,7/23/26,0.00,6/23/26,Net 30 Days,,11000,585703.00,,,FALSE,,FALSE,,FALSE,,5,5,0,FALSE,FALSE,10.00,,,,0,LESS DISCOUNT,49000,,-2824.00,1,,0.00,28240.00,,,,,,1.00,10.00,-2824.00,0.00,,,34,232,,,,0.00,0,0
Sundry,Sundry,52311,,FALSE,FALSE,6/23/26,,FALSE,,,FALSE,,,,,,,,,Hand DeliverY,,7/23/26,0.00,6/23/26,Net 30 Days,,11000,30866.00,,Dr  Adegboyega 08129687062 To be Delivered to Lasuth,FALSE,,FALSE,,FALSE,,1,2,0,FALSE,FALSE,1.00,,Tresiba (K),,0,Tresiba,40545,,30866.00,1,06/25..,0.00,-30866.00,12345,,50745,,<Each>,1.00,1.00,30866.00,28060.00,,,34,233,,,,0.00,0,0
Pill Box,Pill Box px.,52312,,FALSE,FALSE,6/23/26,,FALSE,,,FALSE,,"4, OLUMO STREET,IWAYA",,,,,,,Hand Delivery,,7/23/26,0.00,6/23/26,Net 30 Days,,11000,163116.00,,,FALSE,,FALSE,,FALSE,,4,1,0,FALSE,FALSE,1.00,,ADACEL POLIO(M),,0,ADACEL POLIO TDAP/IPV,40546,,33150.00,1,07/24...,0.00,-33150.00,12346,,50746,,<Each>,1.00,1.00,33150.00,23994.00,,,34,234,,,,0.00,0,0
Pill Box,Pill Box px.,52312,,FALSE,FALSE,6/23/26,,FALSE,,,FALSE,,"4, OLUMO STREET,IWAYA",,,,,,,Hand Delivery,,7/23/26,0.00,6/23/26,Net 30 Days,,11000,163116.00,,,FALSE,,FALSE,,FALSE,,4,2,0,FALSE,FALSE,2.00,,Avaxim inj. Ped (Q),,0,Avaxim inj. Ped,40200,,21673.00,1,"09/23...,",0.00,-43346.00,12100,,50500,,<Each>,1.00,2.00,21673.00,34778.00,,,34,234,,,,0.00,0,0
Pill Box,Pill Box px.,52312,,FALSE,FALSE,6/23/26,,FALSE,,,FALSE,,"4, OLUMO STREET,IWAYA",,,,,,,Hand Delivery,,7/23/26,0.00,6/23/26,Net 30 Days,,11000,163116.00,,,FALSE,,FALSE,,FALSE,,4,3,0,FALSE,FALSE,1.00,,VARIRID(C),,0,VARIRID,49907,,19040.00,1,03/25,0.00,-19040.00,12363,,59910,,<Each>,1.00,1.00,19040.00,14682.63,,,34,234,,,,0.00,0,0
Pill Box,Pill Box px.,52312,,FALSE,FALSE,6/23/26,,FALSE,,,FALSE,,"4, OLUMO STREET,IWAYA",,,,,,,Hand Delivery,,7/23/26,0.00,6/23/26,Net 30 Days,,11000,163116.00,,,FALSE,,FALSE,,FALSE,,4,4,0,FALSE,FALSE,5.00,,TYPHIM (P),,0,TYPHIM,40500,,13516.00,1,"04/24,..",0.00,-67580.00,12300,,50700,,<Each>,1.00,5.00,13516.00,50435.00,,,34,234,,,,0.00,0,0
Medvacc Pharmacy,Medvacc Pharmacy,52313,,FALSE,FALSE,6/23/26,,FALSE,,,FALSE,,"70,Bolade Okoya Thomas",Victoria Island,,,,,,Cust. Pickup,,7/23/26,0.00,6/23/26,Net 30 Days,,11000,1178520.00,,,FALSE,,FALSE,,FALSE,,1,1,0,FALSE,FALSE,100.00,,TYPHIM (P),,0,TYPHIM,40500,,11785.20,1,"04/24,..",0.00,-1178520.00,12300,,50700,,<Each>,1.00,100.00,11785.20,1008700.00,,,34,235,,,,0.00,0,0
Mucas Hospital,Mucas Hospital,52314,,FALSE,FALSE,6/23/26,,FALSE,,,FALSE,,"19, Ogun Street, Adealu Bustop","Dopemu,  lagos",,,,,,Hand Delivery,,7/23/26,0.00,6/23/26,Net 30 Days,,11000,81740.00,,,FALSE,,FALSE,,FALSE,,1,1,0,FALSE,FALSE,4.00,,VARIRID(C),,0,VARIRID,49907,,20435.00,1,03/25,0.00,-81740.00,12363,,59910,,<Each>,1.00,4.00,20435.00,58730.52,,,34,236,,,,0.00,0,0
Axa Mansard One Heal,Axa Mansard One Health Hospital,52315,,FALSE,FALSE,6/23/26,,FALSE,,,FALSE,Axa Mansard One Health Hospital,"25, Mobolaji Bank Anthony Way",Ikeja. 07063913330,Pharm Ijeoma,,,,,Hand Deliver,,6/23/26,0.00,6/23/26,C.O.D.,,11000,96600.00,,,FALSE,,FALSE,,FALSE,,1,1,0,FALSE,FALSE,7.00,,Vaxigrip Tetra(Q),,0,Vaxigrip Tetra,40544,,13800.00,1,01/26,0.00,-96600.00,12344,,50744,,<Each>,1.00,7.00,13800.00,84000.00,,,34,237,,,,0.00,0,0
Life Line Hospt Suru,Life line specialist,52316,,FALSE,FALSE,6/23/26,,FALSE,,,FALSE,,Surulere,,,,,,,Hand Delivery,,7/23/26,0.00,6/23/26,Net 30 Days,,11000,1246965.00,,,FALSE,,FALSE,,FALSE,,6,2,0,FALSE,FALSE,20.00,,Euvichol - S,,0,Euvichol - S,49921,,12918.00,1,10/25,0.00,-258360.00,12377,,59924,,<Each>,1.00,20.00,12918.00,187891.60,,,34,238,,,,0.00,0,0
Life Line Hospt Suru,Life line specialist,52316,,FALSE,FALSE,6/23/26,,FALSE,,,FALSE,,Surulere,,,,,,,Hand Delivery,,7/23/26,0.00,6/23/26,Net 30 Days,,11000,1246965.00,,,FALSE,,FALSE,,FALSE,,6,3,0,FALSE,FALSE,10.00,,Vaxigrip Tetra(Q),,0,Vaxigrip Tetra,40544,,13800.00,1,01/26,0.00,-138000.00,12344,,50744,,<Each>,1.00,10.00,13800.00,120000.00,,,34,238,,,,0.00,0,0
Life Line Hospt Suru,Life line specialist,52316,,FALSE,FALSE,6/23/26,,FALSE,,,FALSE,,Surulere,,,,,,,Hand Delivery,,7/23/26,0.00,6/23/26,Net 30 Days,,11000,1246965.00,,,FALSE,,FALSE,,FALSE,,6,4,0,FALSE,FALSE,5.00,,VARIRID(C),,0,VARIRID,49907,,20435.00,1,03/25,0.00,-102175.00,12363,,59910,,<Each>,1.00,5.00,20435.00,73413.15,,,34,238,,,,0.00,0,0
Life Line Hospt Suru,Life line specialist,52316,,FALSE,FALSE,6/23/26,,FALSE,,,FALSE,,Surulere,,,,,,,Hand Delivery,,7/23/26,0.00,6/23/26,Net 30 Days,,11000,1246965.00,,,FALSE,,FALSE,,FALSE,,6,5,0,FALSE,FALSE,10.00,,HEXAXIM (Q),,0,HEXAXIM,40548,,34843.00,1,04/24.....,0.00,-348430.00,12352,,50748,,<Each>,1.00,10.00,34843.00,307720.00,,,34,238,,,,0.00,0,0
Life Line Hospt Suru,Life line specialist,52316,,FALSE,FALSE,6/23/26,,FALSE,,,FALSE,,Surulere,,,,,,,Hand Delivery,,7/23/26,0.00,6/23/26,Net 30 Days,,11000,1246965.00,,,FALSE,,FALSE,,FALSE,,6,6,0,FALSE,FALSE,20.00,,Avaxim inj. Ped (Q),,0,Avaxim inj. Ped,40200,,22824.00,1,"09/23...,",0.00,-456480.00,12100,,50500,,<Each>,1.00,20.00,22824.00,347780.00,,,34,238,,,,0.00,0,0
Life Line Hospt Suru,Life line specialist,52316,,FALSE,FALSE,6/23/26,,FALSE,,,FALSE,,Surulere,,,,,,,Hand Delivery,,7/23/26,0.00,6/23/26,Net 30 Days,,11000,1246965.00,,,FALSE,,FALSE,,FALSE,,6,7,0,FALSE,FALSE,20.00,,,,0,Less Discount on Avaxim Paed,49000,,-2824.00,1,,0.00,56480.00,,,,,,1.00,20.00,-2824.00,0.00,,,34,238,,,,0.00,0,0
LASUTH Fee Paying Px,LASUTH Fee Paying Pharmacy,52317,,FALSE,FALSE,6/23/26,,FALSE,,,FALSE,,,,IKEJA,,,,,Hand Delivery,,7/23/26,0.00,6/23/26,Net 30 Days,,11000,913550.00,,,FALSE,,FALSE,,FALSE,,1,1,0,FALSE,FALSE,50.00,,CLEXANE 40mg(Z)iii,,0,CLEXANE 40mg,40538,,18271.00,1,"06/25..,",0.00,-913550.00,12338,,50738,,<Each>,1.00,50.00,18271.00,830500.00,,,34,239,,,,0.00,0,0
Anchorlink Pharmacy,Anchorlink Pharmacy,52318,,FALSE,FALSE,6/23/26,,FALSE,,,FALSE,,"37, Ojodu Abiodun Road",Ojodu,Lagos,,,,,Hand Delivery,,6/23/26,0.00,6/23/26,C.O.D.,,11000,27600.00,,,FALSE,,FALSE,,FALSE,,1,1,0,FALSE,FALSE,20.00,,TETANUS TOXOID(I),,0,TETANUS TOXOID,40531,,1380.00,1,06-25.,0.00,-27600.00,12331,,50731,,<Each>,1.00,20.00,1380.00,24000.00,,,34,240,,,,0.00,0,0
St Timothy Hospital,St Timothy Hospital,52319,,FALSE,FALSE,6/23/26,,FALSE,,,FALSE,,"15, Otunba Street",,Ojodu,,,,,Cust. Pickup,,7/23/26,0.00,6/23/26,Net 30 Days,,11000,113879.00,,,FALSE,,FALSE,,FALSE,,3,1,0,FALSE,FALSE,5.00,,REVAC B (D),,0,REVAC B,40000,,5950.00,1,08/25.,0.00,-29750.00,12000,,50000,,<Each>,1.00,5.00,5950.00,21250.00,,,34,241,,,,0.00,0,0
St Timothy Hospital,St Timothy Hospital,52319,,FALSE,FALSE,6/23/26,,FALSE,,,FALSE,,"15, Otunba Street",,Ojodu,,,,,Cust. Pickup,,7/23/26,0.00,6/23/26,Net 30 Days,,11000,113879.00,,,FALSE,,FALSE,,FALSE,,3,2,0,FALSE,FALSE,3.00,,VARIRID(C),,0,VARIRID,49907,,20435.00,1,03/25,0.00,-61305.00,12363,,59910,,<Each>,1.00,3.00,20435.00,44047.89,,,34,241,,,,0.00,0,0
St Timothy Hospital,St Timothy Hospital,52319,,FALSE,FALSE,6/23/26,,FALSE,,,FALSE,,"15, Otunba Street",,Ojodu,,,,,Cust. Pickup,,7/23/26,0.00,6/23/26,Net 30 Days,,11000,113879.00,,,FALSE,,FALSE,,FALSE,,3,3,0,FALSE,FALSE,1.00,,Avaxim inj. Ped (Q),,0,Avaxim inj. Ped,40200,,22824.00,1,"09/23...,",0.00,-22824.00,12100,,50500,,<Each>,1.00,1.00,22824.00,17389.00,,,34,241,,,,0.00,0,0
Duchess Hospital,Duchess Hospital,52320,,FALSE,FALSE,6/24/26,,FALSE,,,FALSE,Duchess Hospital,"22A, Joel Ogunaike Street",Ikeja G.R.A,,,,,,Hand Deliver,,6/24/26,0.00,6/24/26,C.O.D.,,11000,986550.00,,,FALSE,,FALSE,,FALSE,,4,1,0,FALSE,FALSE,10.00,,PREVENAR 13 (X),,0,PREVENAR  13,40510,,34604.00,1,"11/24,,",0.00,-346040.00,12310,,50710,,<Each>,1.00,10.00,34604.00,314360.00,,,34,242,,,,0.00,0,0
Duchess Hospital,Duchess Hospital,52320,,FALSE,FALSE,6/24/26,,FALSE,,,FALSE,Duchess Hospital,"22A, Joel Ogunaike Street",Ikeja G.R.A,,,,,,Hand Deliver,,6/24/26,0.00,6/24/26,C.O.D.,,11000,986550.00,,,FALSE,,FALSE,,FALSE,,4,2,0,FALSE,FALSE,10.00,,Vaxigrip Tetra(Q),,0,Vaxigrip Tetra,40544,,13800.00,1,01/26,0.00,-138000.00,12344,,50744,,<Each>,1.00,10.00,13800.00,120000.00,,,34,242,,,,0.00,0,0
Duchess Hospital,Duchess Hospital,52320,,FALSE,FALSE,6/24/26,,FALSE,,,FALSE,Duchess Hospital,"22A, Joel Ogunaike Street",Ikeja G.R.A,,,,,,Hand Deliver,,6/24/26,0.00,6/24/26,C.O.D.,,11000,986550.00,,,FALSE,,FALSE,,FALSE,,4,3,0,FALSE,FALSE,10.00,,ACTRAPID 100 I.U (T),,0,ACTRAPID 100 I.U,40516,,13687.00,1,06/ 25.,0.00,-136870.00,12316,,50716,,<Each>,1.00,10.00,13687.00,124420.00,,,34,242,,,,0.00,0,0
Duchess Hospital,Duchess Hospital,52320,,FALSE,FALSE,6/24/26,,FALSE,,,FALSE,Duchess Hospital,"22A, Joel Ogunaike Street",Ikeja G.R.A,,,,,,Hand Deliver,,6/24/26,0.00,6/24/26,C.O.D.,,11000,986550.00,,,FALSE,,FALSE,,FALSE,,4,4,0,FALSE,FALSE,10.00,,NOVOFINE NEEDLE 32G,,0,NOVOFINE NEEDLE 32G,49913,,36564.00,1,"05/23.,.",0.00,-365640.00,12369,,59916,,<Each>,1.00,10.00,36564.00,302181.80,,,34,242,,,,0.00,0,0
Sundry,Sundry,52321,,FALSE,FALSE,6/24/26,,FALSE,,,FALSE,,,,,,,,,Hand Delivery,,7/24/26,0.00,6/24/26,Net 30 Days,,11000,35700.00,,Mrs Omolade c/o Deseret Hospital 08160785812,FALSE,,FALSE,,FALSE,,1,1,0,FALSE,FALSE,6.00,,REVAC B (D),,0,REVAC B,40000,,5950.00,1,08/25.,0.00,-35700.00,12000,,50000,,<Each>,1.00,6.00,5950.00,25500.00,,,34,243,,,,0.00,0,0
Mrs Uba C/O Lekan,Mrs Uba C/O Lekan Alabi,52322,,FALSE,FALSE,6/24/26,,FALSE,,,FALSE,,"24, Osemeka Street, off oja","bustop, Orile Iganmu",08126962074,,,,,Hand Delivery,,7/24/26,0.00,6/24/26,Net 30 Days,,11000,30870.00,,,FALSE,,FALSE,,FALSE,,1,1,0,FALSE,FALSE,1.00,,Tresiba (K),,0,Tresiba,40545,,30870.00,1,06/25..,0.00,-30870.00,12345,,50745,,<Each>,1.00,1.00,30870.00,28060.00,,,34,244,,,,0.00,0,0
Medicentre,Medicentre,52323,,FALSE,FALSE,6/24/26,,FALSE,,,FALSE,Medicentre,"66, Oduduwa way Ikeja GRA",,08104607627,,,09068350060,,Hand Delivery,,6/24/26,0.00,6/24/26,C.O.D.,,11000,74130.00,,,FALSE,,FALSE,,FALSE,,3,1,0,FALSE,FALSE,1.00,,Avaxim 160 0.5ML (E),,0,Avaxim 160 0.5ML,40200,,37230.00,1,8/24..,0.00,-37230.00,12100,,50500,,<Each>,1.00,1.00,37230.00,30845.11,,,34,245,,,,0.00,0,0
Medicentre,Medicentre,52323,,FALSE,FALSE,6/24/26,,FALSE,,,FALSE,Medicentre,"66, Oduduwa way Ikeja GRA",,08104607627,,,09068350060,,Hand Delivery,,6/24/26,0.00,6/24/26,C.O.D.,,11000,74130.00,,,FALSE,,FALSE,,FALSE,,3,2,0,FALSE,FALSE,2.00,,REVAC B (D),,0,REVAC B,40000,,5950.00,1,08/25.,0.00,-11900.00,12000,,50000,,<Each>,1.00,2.00,5950.00,8500.00,,,34,245,,,,0.00,0,0
Medicentre,Medicentre,52323,,FALSE,FALSE,6/24/26,,FALSE,,,FALSE,Medicentre,"66, Oduduwa way Ikeja GRA",,08104607627,,,09068350060,,Hand Delivery,,6/24/26,0.00,6/24/26,C.O.D.,,11000,74130.00,,,FALSE,,FALSE,,FALSE,,3,3,0,FALSE,FALSE,1.00,,GARDASIL 4  HPV(A),,0,GARDASIL  4  HPV,40350,,25000.00,1,02/22.,0.00,-25000.00,12160,,50560,,<Each>,1.00,1.00,25000.00,20000.00,,,34,245,,,,0.00,0,0
Reddington Hospital,Reddington Hospital,52324,,FALSE,FALSE,6/24/26,,FALSE,,,FALSE,,"39, Isaac Jone Street,",Ikeja GRA.,IKEJA,,,,,Hand Delivery,,7/24/26,0.00,6/24/26,Net 30 Days,,11000,12620.00,,,FALSE,,FALSE,,FALSE,,1,1,0,FALSE,FALSE,2.00,,REVAC B (D),,0,REVAC B,40000,,6310.00,1,08/25.,0.00,-12620.00,12000,,50000,,<Each>,1.00,2.00,6310.00,8500.00,,,34,246,,,,0.00,0,0
Emel Hospital,Emel Hospital,52325,,FALSE,FALSE,6/24/26,,FALSE,,,FALSE,,"21, ROAD, 2 CLOSE, 2ND AVENUE",FESTAC TOWN,,,,,,Hand Delivery,,7/24/26,0.00,6/24/26,Net 30 Days,,11000,246651.00,,,FALSE,,FALSE,,FALSE,,3,1,0,FALSE,FALSE,3.00,,VARICELLA (F),,0,Varicella,40530,,29850.00,1,"07/24,,",0.00,-89550.00,12330,,50730,,<Each>,1.00,3.00,29850.00,66420.00,,,34,247,,,,0.00,0,0
Emel Hospital,Emel Hospital,52325,,FALSE,FALSE,6/24/26,,FALSE,,,FALSE,,"21, ROAD, 2 CLOSE, 2ND AVENUE",FESTAC TOWN,,,,,,Hand Delivery,,7/24/26,0.00,6/24/26,Net 30 Days,,11000,246651.00,,,FALSE,,FALSE,,FALSE,,3,2,0,FALSE,FALSE,2.00,,NOVORAPID FLEXPEN (N,,0,NOVORAPID FLEXPEN 3ML,40523,,58020.00,1,04/25,0.00,-116040.00,12323,,50723,,<Each>,1.00,2.00,58020.00,105484.00,,,34,247,,,,0.00,0,0
Emel Hospital,Emel Hospital,52325,,FALSE,FALSE,6/24/26,,FALSE,,,FALSE,,"21, ROAD, 2 CLOSE, 2ND AVENUE",FESTAC TOWN,,,,,,Hand Delivery,,7/24/26,0.00,6/24/26,Net 30 Days,,11000,246651.00,,,FALSE,,FALSE,,FALSE,,3,3,0,FALSE,FALSE,3.00,,ACTRAPID 100 I.U (T),,0,ACTRAPID 100 I.U,40516,,13687.00,1,06/ 25.,0.00,-41061.00,12316,,50716,,<Each>,1.00,3.00,13687.00,37326.00,,,34,247,,,,0.00,0,0
EXC Pharmarcy,EXC Pharmarcy,52326,,FALSE,FALSE,6/24/26,,FALSE,,,FALSE,EXC Pharmarcy,"3, dan okehi street,","off okpanam road, asaba.",08039613648,,,,,Cust. Pickup,,6/24/26,0.00,6/24/26,C.O.D.,,11000,10340.00,,,FALSE,,FALSE,,FALSE,,1,1,0,FALSE,FALSE,1.00,,Euvichol - S,,0,Euvichol - S,49921,,10340.00,1,10/25,0.00,-10340.00,12377,,59924,,<Each>,1.00,1.00,10340.00,9394.58,,,34,248,,,,0.00,0,0
Bonne Santee,Bonne Santee,52327,,FALSE,FALSE,6/24/26,,FALSE,,,FALSE,,"321 C Close, House 8",Festac,LAGOS,,,,,Hand Delivery,,7/24/26,0.00,6/24/26,Net 30 Days,,11000,102096.00,,,FALSE,,FALSE,,FALSE,,3,1,0,FALSE,FALSE,4.00,,Euvichol - S,,0,Euvichol - S,49921,,12918.00,1,10/25,0.00,-51672.00,12377,,59924,,<Each>,1.00,4.00,12918.00,37578.32,,,34,249,,,,0.00,0,0
Bonne Santee,Bonne Santee,52327,,FALSE,FALSE,6/24/26,,FALSE,,,FALSE,,"321 C Close, House 8",Festac,LAGOS,,,,,Hand Delivery,,7/24/26,0.00,6/24/26,Net 30 Days,,11000,102096.00,,,FALSE,,FALSE,,FALSE,,3,2,0,FALSE,FALSE,1.00,,MENACTRA (R),,0,MENACTRA,40505,,27600.00,1,"07/25,.",0.00,-27600.00,12305,,50705,,<Each>,1.00,1.00,27600.00,24500.00,,,34,249,,,,0.00,0,0
Bonne Santee,Bonne Santee,52327,,FALSE,FALSE,6/24/26,,FALSE,,,FALSE,,"321 C Close, House 8",Festac,LAGOS,,,,,Hand Delivery,,7/24/26,0.00,6/24/26,Net 30 Days,,11000,102096.00,,,FALSE,,FALSE,,FALSE,,3,3,0,FALSE,FALSE,1.00,,Avaxim inj. Ped (Q),,0,Avaxim inj. Ped,40200,,22824.00,1,"09/23...,",0.00,-22824.00,12100,,50500,,<Each>,1.00,1.00,22824.00,17389.00,,,34,249,,,,0.00,0,0
Golden Cross Hospita,Golden Cross Hospital,52328,,FALSE,FALSE,6/24/26,,FALSE,,,FALSE,,22 ROAD,BESIDE HOLY FAMILY,FESTAC,,,,,Hand Delivery,,7/24/26,0.00,6/24/26,Net 30 Days,,11000,376000.00,,,FALSE,,FALSE,,FALSE,,3,1,0,FALSE,FALSE,20.00,,Vaxigrip Tetra(Q),,0,Vaxigrip Tetra,40544,,13800.00,1,01/26,0.00,-276000.00,12344,,50744,,<Each>,1.00,20.00,13800.00,240000.00,,,34,250,,,,0.00,0,0
Golden Cross Hospita,Golden Cross Hospital,52328,,FALSE,FALSE,6/24/26,,FALSE,,,FALSE,,22 ROAD,BESIDE HOLY FAMILY,FESTAC,,,,,Hand Delivery,,7/24/26,0.00,6/24/26,Net 30 Days,,11000,376000.00,,,FALSE,,FALSE,,FALSE,,3,3,0,FALSE,FALSE,5.00,,Avaxim inj. Ped (Q),,0,Avaxim inj. Ped,40200,,22824.00,1,"09/23...,",0.00,-114120.00,12100,,50500,,<Each>,1.00,5.00,22824.00,86945.00,,,34,250,,,,0.00,0,0
Golden Cross Hospita,Golden Cross Hospital,52328,,FALSE,FALSE,6/24/26,,FALSE,,,FALSE,,22 ROAD,BESIDE HOLY FAMILY,FESTAC,,,,,Hand Delivery,,7/24/26,0.00,6/24/26,Net 30 Days,,11000,376000.00,,,FALSE,,FALSE,,FALSE,,3,4,0,FALSE,FALSE,5.00,,,,0,Less Discount on Avaxim Pead,49000,,-2824.00,1,,0.00,14120.00,,,,,,1.00,5.00,-2824.00,0.00,,,34,250,,,,0.00,0,0
Ace Medicare,Ace Medicare,52329,,FALSE,FALSE,6/24/26,,FALSE,,,FALSE,,Idiroko Road,,Ota,,,,,Hand Delivery,,6/24/26,0.00,6/24/26,C.O.D.,,11000,129600.00,,,FALSE,,FALSE,,FALSE,,1,1,0,FALSE,FALSE,2.00,,LANTUS SOLOST300I(Q),,0,LANTUS SOLOSTAR 300IU,40536,,64800.00,1,08/25.',0.00,-129600.00,12336,,50736,,<Each>,1.00,2.00,64800.00,117600.00,,,34,251,,,,0.00,0,0
B.J Pharmacy,B.J Pharmacy,52330,,FALSE,FALSE,6/24/26,,FALSE,,,FALSE,,8157074742,Costain Bustop,Costain,,,,,Hand Delivery,,7/24/26,0.00,6/24/26,Net 30 Days,,11000,102932.00,,,FALSE,,FALSE,,FALSE,,4,1,0,FALSE,FALSE,2.00,,PRIORIX (H),,0,PRIORIX,40501,,17550.00,1,08/24....,0.00,-35100.00,12301,,50701,,<Each>,1.00,2.00,17550.00,33316.00,,,34,252,,,,0.00,0,0
B.J Pharmacy,B.J Pharmacy,52330,,FALSE,FALSE,6/24/26,,FALSE,,,FALSE,,8157074742,Costain Bustop,Costain,,,,,Hand Delivery,,7/24/26,0.00,6/24/26,Net 30 Days,,11000,102932.00,,,FALSE,,FALSE,,FALSE,,4,2,0,FALSE,FALSE,3.00,,REVAC B (D),,0,REVAC B,40000,,5355.00,1,08/25.,0.00,-16065.00,12000,,50000,,<Each>,1.00,3.00,5355.00,12750.00,,,34,252,,,,0.00,0,0
B.J Pharmacy,B.J Pharmacy,52330,,FALSE,FALSE,6/24/26,,FALSE,,,FALSE,,8157074742,Costain Bustop,Costain,,,,,Hand Delivery,,7/24/26,0.00,6/24/26,Net 30 Days,,11000,102932.00,,,FALSE,,FALSE,,FALSE,,4,3,0,FALSE,FALSE,2.00,,VARIRID(C),,0,VARIRID,49907,,19040.00,1,03/25,0.00,-38080.00,12363,,59910,,<Each>,1.00,2.00,19040.00,29365.26,,,34,252,,,,0.00,0,0
B.J Pharmacy,B.J Pharmacy,52330,,FALSE,FALSE,6/24/26,,FALSE,,,FALSE,,8157074742,Costain Bustop,Costain,,,,,Hand Delivery,,7/24/26,0.00,6/24/26,Net 30 Days,,11000,102932.00,,,FALSE,,FALSE,,FALSE,,4,4,0,FALSE,FALSE,1.00,,ACTRAPID 100 I.U (T),,0,ACTRAPID 100 I.U,40516,,13687.00,1,06/ 25.,0.00,-13687.00,12316,,50716,,<Each>,1.00,1.00,13687.00,12442.00,,,34,252,,,,0.00,0,0
PeaceMaker Pharmacy,Peace Maker Pharmacy,52331,,FALSE,FALSE,6/24/26,,FALSE,,,FALSE,Peace Maker Pharmacy,"Illishan Road, Shagamu.",09031178440,,,,,,Hand Delivery,,6/24/26,0.00,6/24/26,C.O.D.,,11000,13200.00,,,FALSE,,FALSE,,FALSE,,1,1,0,FALSE,FALSE,1.00,,Vaxigrip Tetra(Q),,0,Vaxigrip Tetra,40544,,13200.00,1,01/26,0.00,-13200.00,12344,,50744,,<Each>,1.00,1.00,13200.00,12000.00,,,34,254,,,,0.00,0,0
Royan Hospital PX,Royan Hospital Px,52332,,FALSE,FALSE,6/24/26,,FALSE,,,FALSE,,,,,,,,,Cust. Pickup,,7/24/26,0.00,6/24/26,Net 30 Days,,11000,264197.00,,,FALSE,,FALSE,,FALSE,,3,1,0,FALSE,FALSE,7.00,,CLEXANE 40mg(Z)iii,,0,CLEXANE 40mg,40538,,18271.00,1,"06/25..,",0.00,-127897.00,12338,,50738,,<Each>,1.00,7.00,18271.00,116270.00,,,34,255,,,,0.00,0,0
Royan Hospital PX,Royan Hospital Px,52332,,FALSE,FALSE,6/24/26,,FALSE,,,FALSE,,,,,,,,,Cust. Pickup,,7/24/26,0.00,6/24/26,Net 30 Days,,11000,264197.00,,,FALSE,,FALSE,,FALSE,,3,2,0,FALSE,FALSE,10.00,,Nucard 160mg (I) Tab,,0,Nucard 160mg,49800,,7580.00,1,09/25..,0.00,-75800.00,12355,,59902,,<Each>,1.00,10.00,7580.00,64800.00,,,34,255,,,,0.00,0,0
Royan Hospital PX,Royan Hospital Px,52332,,FALSE,FALSE,6/24/26,,FALSE,,,FALSE,,,,,,,,,Cust. Pickup,,7/24/26,0.00,6/24/26,Net 30 Days,,11000,264197.00,,,FALSE,,FALSE,,FALSE,,3,3,0,FALSE,FALSE,10.00,,Nucard 80mg(K),,0,Nucard (Valsartan) 80mg,49900,,6050.00,1,"03/24..,.",0.00,-60500.00,12356,,59903,,<Each>,1.00,10.00,6050.00,37846.20,,,34,255,,,,0.00,0,0
Royan Hospital,Royan Hospital,52333,,FALSE,FALSE,6/24/26,,FALSE,,,FALSE,,"72, AINA STREET, OJODU BERGER",LAGOS,,,,,,Cust. Pickup,,7/24/26,0.00,6/24/26,Net 30 Days,,11000,508430.00,,,FALSE,,FALSE,,FALSE,,5,1,0,FALSE,FALSE,5.00,,REVAC B (D),,0,REVAC B,40000,,5950.00,1,08/25.,0.00,-29750.00,12000,,50000,,<Each>,1.00,5.00,5950.00,21250.00,,,34,256,,,,0.00,0,0
Royan Hospital,Royan Hospital,52333,,FALSE,FALSE,6/24/26,,FALSE,,,FALSE,,"72, AINA STREET, OJODU BERGER",LAGOS,,,,,,Cust. Pickup,,7/24/26,0.00,6/24/26,Net 30 Days,,11000,508430.00,,,FALSE,,FALSE,,FALSE,,5,2,0,FALSE,FALSE,5.00,,Euvichol - S,,0,Euvichol - S,49921,,12918.00,1,10/25,0.00,-64590.00,12377,,59924,,<Each>,1.00,5.00,12918.00,46972.90,,,34,256,,,,0.00,0,0
Royan Hospital,Royan Hospital,52333,,FALSE,FALSE,6/24/26,,FALSE,,,FALSE,,"72, AINA STREET, OJODU BERGER",LAGOS,,,,,,Cust. Pickup,,7/24/26,0.00,6/24/26,Net 30 Days,,11000,508430.00,,,FALSE,,FALSE,,FALSE,,5,3,0,FALSE,FALSE,7.00,,Vaxigrip Tetra(Q),,0,Vaxigrip Tetra,40544,,13800.00,1,01/26,0.00,-96600.00,12344,,50744,,<Each>,1.00,7.00,13800.00,84000.00,,,34,256,,,,0.00,0,0
Royan Hospital,Royan Hospital,52333,,FALSE,FALSE,6/24/26,,FALSE,,,FALSE,,"72, AINA STREET, OJODU BERGER",LAGOS,,,,,,Cust. Pickup,,7/24/26,0.00,6/24/26,Net 30 Days,,11000,508430.00,,,FALSE,,FALSE,,FALSE,,5,4,0,FALSE,FALSE,10.00,,Avaxim inj. Ped (Q),,0,Avaxim inj. Ped,40200,,22824.00,1,"09/23...,",0.00,-228240.00,12100,,50500,,<Each>,1.00,10.00,22824.00,173890.00,,,34,256,,,,0.00,0,0
Royan Hospital,Royan Hospital,52333,,FALSE,FALSE,6/24/26,,FALSE,,,FALSE,,"72, AINA STREET, OJODU BERGER",LAGOS,,,,,,Cust. Pickup,,7/24/26,0.00,6/24/26,Net 30 Days,,11000,508430.00,,,FALSE,,FALSE,,FALSE,,5,5,0,FALSE,FALSE,5.00,,PRIORIX (H),,0,PRIORIX,40501,,17850.00,1,08/24....,0.00,-89250.00,12301,,50701,,<Each>,1.00,5.00,17850.00,83290.00,,,34,256,,,,0.00,0,0
Sundry,Sundry,52334,,FALSE,FALSE,6/24/26,,FALSE,,,FALSE,,,,,,,,,Hand Delivery,,7/24/26,0.00,6/24/26,Net 30 Days,,11000,61732.00,,Ezinwa Novo,FALSE,,FALSE,,FALSE,,1,1,0,FALSE,FALSE,2.00,,Tresiba (K),,0,Tresiba,40545,,30866.00,1,06/25..,0.00,-61732.00,12345,,50745,,<Each>,1.00,2.00,30866.00,56120.00,,,34,257,,,,0.00,0,0
Dr Taiwo Ojo,Dr Taiwo Ojo,52335,,FALSE,FALSE,6/24/26,,FALSE,,,FALSE,Dr Taiwo Ojo,"No, 1  Stephen Onyama Close",Gbagada. 08028395333,,,,,,Cust. Pickup,,6/24/26,0.00,6/24/26,C.O.D.,,11000,58020.00,,,FALSE,,FALSE,,FALSE,,1,1,0,FALSE,FALSE,1.00,,NOVORAPID FLEXPEN (N,,0,NOVORAPID FLEXPEN 3ML,40523,,58020.00,1,04/25,0.00,-58020.00,12323,,50723,,<Each>,1.00,1.00,58020.00,52742.00,,,34,258,,,,0.00,0,0
Sundry,Sundry,52336,,FALSE,FALSE,6/24/26,,FALSE,,,FALSE,,,,,,,,,Cust. Pickup,,7/24/26,0.00,6/24/26,Net 30 Days,,11000,40990.00,,Mrs Debo Adetula,FALSE,,FALSE,,FALSE,,1,1,0,FALSE,FALSE,1.00,,MIXTARD 30HM FLEX (U,,0,MIXTARD 30 FLEXPEN,40520,,40990.00,1,02/25..,0.00,-40990.00,12320,,50720,,<Each>,1.00,1.00,40990.00,37260.00,,,34,261,,,,0.00,0,0
Sundry,Sundry,RIN: INVOICE 51877,,TRUE,FALSE,6/24/26,,FALSE,,,FALSE,,,,,,,,,,,7/24/26,0.00,6/24/26,Net 30 Days,,11000,-22825.00,,DR ABIOLA,FALSE,,FALSE,,FALSE,,1,1,0,FALSE,FALSE,-1.00,,Avaxim inj. Ped (Q),,0,Avaxim inj. Ped,40200,,22825.00,1,"09/23...,",0.00,22825.00,12100,,50500,,<Each>,1.00,-1.00,22825.00,-17389.00,,,34,273,,,,0.00,0,0
West Care Hospital,West Care Hospital,52338,,FALSE,FALSE,6/25/26,,FALSE,,,FALSE,,"32, Samuel Street",,Akowonjo,,,,,Hand Delivery,,7/25/26,0.00,6/25/26,Net 30 Days,,11000,224725.00,,Akowonjo,FALSE,,FALSE,,FALSE,,3,1,0,FALSE,FALSE,3.00,,PRIORIX (H),,0,PRIORIX,40501,,17850.00,1,08/24....,0.00,-53550.00,12301,,50701,,<Each>,1.00,3.00,17850.00,49974.00,,,34,259,,,,0.00,0,0
West Care Hospital,West Care Hospital,52338,,FALSE,FALSE,6/25/26,,FALSE,,,FALSE,,"32, Samuel Street",,Akowonjo,,,,,Hand Delivery,,7/25/26,0.00,6/25/26,Net 30 Days,,11000,224725.00,,Akowonjo,FALSE,,FALSE,,FALSE,,3,2,0,FALSE,FALSE,5.00,,VARIRID(C),,0,VARIRID,49907,,20435.00,1,03/25,0.00,-102175.00,12363,,59910,,<Each>,1.00,5.00,20435.00,73413.15,,,34,259,,,,0.00,0,0
West Care Hospital,West Care Hospital,52338,,FALSE,FALSE,6/25/26,,FALSE,,,FALSE,,"32, Samuel Street",,Akowonjo,,,,,Hand Delivery,,7/25/26,0.00,6/25/26,Net 30 Days,,11000,224725.00,,Akowonjo,FALSE,,FALSE,,FALSE,,3,3,0,FALSE,FALSE,5.00,,Vaxigrip Tetra(Q),,0,Vaxigrip Tetra,40544,,13800.00,1,01/26,0.00,-69000.00,12344,,50744,,<Each>,1.00,5.00,13800.00,60000.00,,,34,259,,,,0.00,0,0
CARE POINT HOSPITAL,CARE POINT HOSPITAL,52337,,FALSE,FALSE,6/25/26,,FALSE,,,FALSE,CARE POINT HOSPITAL,"7,Ogunlana Street,Off Akowonjo","Road, Egbeda Lagos.",,,,,,Hand Delivery,,6/25/26,0.00,6/25/26,C.O.D.,,11000,13800.00,,,FALSE,,FALSE,,FALSE,,1,1,0,FALSE,FALSE,1.00,,Vaxigrip Tetra(Q),,0,Vaxigrip Tetra,40544,,13800.00,1,01/26,0.00,-13800.00,12344,,50744,,<Each>,1.00,1.00,13800.00,12000.00,,,34,260,,,,0.00,0,0
Chris health PX,Chris Health Pharmacy,52339,,FALSE,FALSE,6/25/26,,FALSE,,,FALSE,,"5, Ogunsolu str, Onilekere by",Cement bus stop,,,,,,Hand Delivery,,7/25/26,0.00,6/25/26,Net 30 Days,,11000,106590.00,,,FALSE,,FALSE,,FALSE,,1,1,0,FALSE,FALSE,2.00,,CERVARIX 0.5ml(H),,0,CERVARIX 0.5ml,40300,,53295.00,1,02/2024.....,0.00,-106590.00,12150,,50550,,<Each>,1.00,2.00,53295.00,96860.00,,,34,262,,,,0.00,0,0
Solid Rock Hospital,Solid Rock Hospital,52340,,FALSE,FALSE,6/25/26,,FALSE,,,FALSE,,"6, AKINSANYA STREET, off","OGUNNUSI ROAD,Ojodu  Lagos",blessing:09155029491,,,Ngozi:080668330,,Hand Delivery,,7/25/26,0.00,6/25/26,Net 30 Days,,11000,332850.00,,,FALSE,,FALSE,,FALSE,,3,1,0,FALSE,FALSE,10.00,,REVAC B (D),,0,REVAC B,40000,,5950.00,1,08/25.,0.00,-59500.00,12000,,50000,,<Each>,1.00,10.00,5950.00,42500.00,,,34,263,,,,0.00,0,0
Solid Rock Hospital,Solid Rock Hospital,52340,,FALSE,FALSE,6/25/26,,FALSE,,,FALSE,,"6, AKINSANYA STREET, off","OGUNNUSI ROAD,Ojodu  Lagos",blessing:09155029491,,,Ngozi:080668330,,Hand Delivery,,7/25/26,0.00,6/25/26,Net 30 Days,,11000,332850.00,,,FALSE,,FALSE,,FALSE,,3,2,0,FALSE,FALSE,10.00,,VARIRID(C),,0,VARIRID,49907,,20435.00,1,03/25,0.00,-204350.00,12363,,59910,,<Each>,1.00,10.00,20435.00,146826.30,,,34,263,,,,0.00,0,0
Solid Rock Hospital,Solid Rock Hospital,52340,,FALSE,FALSE,6/25/26,,FALSE,,,FALSE,,"6, AKINSANYA STREET, off","OGUNNUSI ROAD,Ojodu  Lagos",blessing:09155029491,,,Ngozi:080668330,,Hand Delivery,,7/25/26,0.00,6/25/26,Net 30 Days,,11000,332850.00,,,FALSE,,FALSE,,FALSE,,3,3,0,FALSE,FALSE,5.00,,Vaxigrip Tetra(Q),,0,Vaxigrip Tetra,40544,,13800.00,1,01/26,0.00,-69000.00,12344,,50744,,<Each>,1.00,5.00,13800.00,60000.00,,,34,263,,,,0.00,0,0
Subol Hospital,Subol Hospital,52341,,FALSE,FALSE,6/25/26,,FALSE,,,FALSE,,"16/17, Oba Amusa Avenue",Subol B/Stop IDIMU/IKOTUN ROAD,LAGOS,,,,,Hand Delivery,,7/25/26,0.00,6/25/26,Net 30 Days,,11000,136870.00,,,FALSE,,FALSE,,FALSE,,1,1,0,FALSE,FALSE,10.00,,MIXTARD 30HM 100 (S,,0,MIXTARD 30HM 100 I.U,40520,,13687.00,1,"05-25.,...",0.00,-136870.00,12320,,50720,,<Each>,1.00,10.00,13687.00,124420.00,,,34,264,,,,0.00,0,0
PeaceMaker Pharmacy,Peace Maker Pharmacy,52342,,FALSE,FALSE,6/25/26,,FALSE,,,FALSE,Peace Maker Pharmacy,"Illishan Road, Shagamu.",09031178440,,,,,,Hand Delivery,,6/25/26,0.00,6/25/26,C.O.D.,,11000,36590.00,,,FALSE,,FALSE,,FALSE,,2,1,0,FALSE,FALSE,1.00,,PRIORIX (H),,0,PRIORIX,40501,,17550.00,1,08/24....,0.00,-17550.00,12301,,50701,,<Each>,1.00,1.00,17550.00,16658.00,,,34,265,,,,0.00,0,0
PeaceMaker Pharmacy,Peace Maker Pharmacy,52342,,FALSE,FALSE,6/25/26,,FALSE,,,FALSE,Peace Maker Pharmacy,"Illishan Road, Shagamu.",09031178440,,,,,,Hand Delivery,,6/25/26,0.00,6/25/26,C.O.D.,,11000,36590.00,,,FALSE,,FALSE,,FALSE,,2,2,0,FALSE,FALSE,1.00,,VARIRID(C),,0,VARIRID,49907,,19040.00,1,03/25,0.00,-19040.00,12363,,59910,,<Each>,1.00,1.00,19040.00,14682.63,,,34,265,,,,0.00,0,0
B.J Pharmacy,B.J Pharmacy,52343,,FALSE,FALSE,6/25/26,,FALSE,,,FALSE,,8157074742,Costain Bustop,Costain,,,,,Airborne,,7/25/26,0.00,6/25/26,Net 30 Days,,11000,83410.00,,,FALSE,,FALSE,,FALSE,,4,1,0,FALSE,FALSE,1.00,,HEXAXIM (Q),,0,HEXAXIM,40548,,33620.00,1,04/24.....,0.00,-33620.00,12352,,50748,,<Each>,1.00,1.00,33620.00,30772.00,,,34,266,,,,0.00,0,0
B.J Pharmacy,B.J Pharmacy,52343,,FALSE,FALSE,6/25/26,,FALSE,,,FALSE,,8157074742,Costain Bustop,Costain,,,,,Airborne,,7/25/26,0.00,6/25/26,Net 30 Days,,11000,83410.00,,,FALSE,,FALSE,,FALSE,,4,2,0,FALSE,FALSE,1.00,,Vaxigrip Tetra(Q),,0,Vaxigrip Tetra,40544,,13200.00,1,01/26,0.00,-13200.00,12344,,50744,,<Each>,1.00,1.00,13200.00,12000.00,,,34,266,,,,0.00,0,0
B.J Pharmacy,B.J Pharmacy,52343,,FALSE,FALSE,6/25/26,,FALSE,,,FALSE,,8157074742,Costain Bustop,Costain,,,,,Airborne,,7/25/26,0.00,6/25/26,Net 30 Days,,11000,83410.00,,,FALSE,,FALSE,,FALSE,,4,3,0,FALSE,FALSE,1.00,,PRIORIX (H),,0,PRIORIX,40501,,17550.00,1,08/24....,0.00,-17550.00,12301,,50701,,<Each>,1.00,1.00,17550.00,16658.00,,,34,266,,,,0.00,0,0
B.J Pharmacy,B.J Pharmacy,52343,,FALSE,FALSE,6/25/26,,FALSE,,,FALSE,,8157074742,Costain Bustop,Costain,,,,,Airborne,,7/25/26,0.00,6/25/26,Net 30 Days,,11000,83410.00,,,FALSE,,FALSE,,FALSE,,4,4,0,FALSE,FALSE,1.00,,VARIRID(C),,0,VARIRID,49907,,19040.00,1,03/25,0.00,-19040.00,12363,,59910,,<Each>,1.00,1.00,19040.00,14682.63,,,34,266,,,,0.00,0,0
Isalu Hospital,Isalu Hospital,52344,,FALSE,FALSE,6/25/26,,FALSE,,,FALSE,,"349B, ODUSANMI STREET,","OFF WEMCO ROAD, OGBA IKEJA",,,,,,Hand Delivery,,7/25/26,0.00,6/25/26,Net 30 Days,,11000,258360.00,,,FALSE,,FALSE,,FALSE,,1,1,0,FALSE,FALSE,20.00,,Euvichol - S,,0,Euvichol - S,49921,,12918.00,1,10/25,0.00,-258360.00,12377,,59924,,<Each>,1.00,20.00,12918.00,187891.60,,,34,267,,,,0.00,0,0
Mr Okadigbo,Mr Okadigbo,52345,,FALSE,FALSE,6/25/26,,FALSE,,,FALSE,,50B Lanre Awolokun Str,Gbagada Phase II 08023116729,Gbagada,,,,,Hand Delivery,,7/25/26,0.00,6/25/26,Net 30 Days,,11000,122820.00,,,FALSE,,FALSE,,FALSE,,2,1,0,FALSE,FALSE,1.00,,NOVORAPID FLEXPEN (N,,0,NOVORAPID FLEXPEN 3ML,40523,,58020.00,1,04/25,0.00,-58020.00,12323,,50723,,<Each>,1.00,1.00,58020.00,52742.00,,,34,268,,,,0.00,0,0
Mr Okadigbo,Mr Okadigbo,52345,,FALSE,FALSE,6/25/26,,FALSE,,,FALSE,,50B Lanre Awolokun Str,Gbagada Phase II 08023116729,Gbagada,,,,,Hand Delivery,,7/25/26,0.00,6/25/26,Net 30 Days,,11000,122820.00,,,FALSE,,FALSE,,FALSE,,2,2,0,FALSE,FALSE,1.00,,LANTUS SOLOST300I(Q),,0,LANTUS SOLOSTAR 300IU,40536,,64800.00,1,08/25.',0.00,-64800.00,12336,,50736,,<Each>,1.00,1.00,64800.00,58800.00,,,34,268,,,,0.00,0,0
St Leo,St Leo,52346,,FALSE,FALSE,6/25/26,,FALSE,,,FALSE,,"56, Toyin Street",,IKEJA,,,,,Hand Delivery,,7/25/26,0.00,6/25/26,Net 30 Days,,11000,1233320.00,,,FALSE,,FALSE,,FALSE,,6,1,0,FALSE,FALSE,20.00,,Euvichol - S,,0,Euvichol - S,49921,,12918.00,1,10/25,0.00,-258360.00,12377,,59924,,<Each>,1.00,20.00,12918.00,187891.60,,,34,269,,,,0.00,0,0
St Leo,St Leo,52346,,FALSE,FALSE,6/25/26,,FALSE,,,FALSE,,"56, Toyin Street",,IKEJA,,,,,Hand Delivery,,7/25/26,0.00,6/25/26,Net 30 Days,,11000,1233320.00,,,FALSE,,FALSE,,FALSE,,6,2,0,FALSE,FALSE,20.00,,Vaxigrip Tetra(Q),,0,Vaxigrip Tetra,40544,,13800.00,1,01/26,0.00,-276000.00,12344,,50744,,<Each>,1.00,20.00,13800.00,240000.00,,,34,269,,,,0.00,0,0
St Leo,St Leo,52346,,FALSE,FALSE,6/25/26,,FALSE,,,FALSE,,"56, Toyin Street",,IKEJA,,,,,Hand Delivery,,7/25/26,0.00,6/25/26,Net 30 Days,,11000,1233320.00,,,FALSE,,FALSE,,FALSE,,6,3,0,FALSE,FALSE,10.00,,TYPHIM (P),,0,TYPHIM,40500,,14228.00,1,"04/24,..",0.00,-142280.00,12300,,50700,,<Each>,1.00,10.00,14228.00,100870.00,,,34,269,,,,0.00,0,0
St Leo,St Leo,52346,,FALSE,FALSE,6/25/26,,FALSE,,,FALSE,,"56, Toyin Street",,IKEJA,,,,,Hand Delivery,,7/25/26,0.00,6/25/26,Net 30 Days,,11000,1233320.00,,,FALSE,,FALSE,,FALSE,,6,4,0,FALSE,FALSE,10.00,,HEXAXIM (Q),,0,HEXAXIM,40548,,34843.00,1,04/24.....,0.00,-348430.00,12352,,50748,,<Each>,1.00,10.00,34843.00,307720.00,,,34,269,,,,0.00,0,0
St Leo,St Leo,52346,,FALSE,FALSE,6/25/26,,FALSE,,,FALSE,,"56, Toyin Street",,IKEJA,,,,,Hand Delivery,,7/25/26,0.00,6/25/26,Net 30 Days,,11000,1233320.00,,,FALSE,,FALSE,,FALSE,,6,5,0,FALSE,FALSE,5.00,,PRIORIX (H),,0,PRIORIX,40501,,17850.00,1,08/24....,0.00,-89250.00,12301,,50701,,<Each>,1.00,5.00,17850.00,83290.00,,,34,269,,,,0.00,0,0
St Leo,St Leo,52346,,FALSE,FALSE,6/25/26,,FALSE,,,FALSE,,"56, Toyin Street",,IKEJA,,,,,Hand Delivery,,7/25/26,0.00,6/25/26,Net 30 Days,,11000,1233320.00,,,FALSE,,FALSE,,FALSE,,6,6,0,FALSE,FALSE,20.00,,REVAC B (D),,0,REVAC B,40000,,5950.00,1,08/25.,0.00,-119000.00,12000,,50000,,<Each>,1.00,20.00,5950.00,85000.00,,,34,269,,,,0.00,0,0
P & G Hospital,P & G Hospital,52347,,FALSE,FALSE,6/25/26,,FALSE,,,FALSE,,"21, SANI LABODE STREET","OKO-OBA, ABULE EGBA",,,,,,Hand Delivery,,7/25/26,0.00,6/25/26,Net 30 Days,,11000,550037.00,,,FALSE,,FALSE,,FALSE,,7,1,0,FALSE,FALSE,6.00,,PRIORIX (H),,0,PRIORIX,40501,,17850.00,1,08/24....,0.00,-107100.00,12301,,50701,,<Each>,1.00,6.00,17850.00,99948.00,,,34,270,,,,0.00,0,0
P & G Hospital,P & G Hospital,52347,,FALSE,FALSE,6/25/26,,FALSE,,,FALSE,,"21, SANI LABODE STREET","OKO-OBA, ABULE EGBA",,,,,,Hand Delivery,,7/25/26,0.00,6/25/26,Net 30 Days,,11000,550037.00,,,FALSE,,FALSE,,FALSE,,7,2,0,FALSE,FALSE,6.00,,VARIRID(C),,0,VARIRID,49907,,20435.00,1,03/25,0.00,-122610.00,12363,,59910,,<Each>,1.00,6.00,20435.00,88095.78,,,34,270,,,,0.00,0,0
P & G Hospital,P & G Hospital,52347,,FALSE,FALSE,6/25/26,,FALSE,,,FALSE,,"21, SANI LABODE STREET","OKO-OBA, ABULE EGBA",,,,,,Hand Delivery,,7/25/26,0.00,6/25/26,Net 30 Days,,11000,550037.00,,,FALSE,,FALSE,,FALSE,,7,3,0,FALSE,FALSE,3.00,,MENACTRA (R),,0,MENACTRA,40505,,27600.00,1,"07/25,.",0.00,-82800.00,12305,,50705,,<Each>,1.00,3.00,27600.00,73500.00,,,34,270,,,,0.00,0,0
P & G Hospital,P & G Hospital,52347,,FALSE,FALSE,6/25/26,,FALSE,,,FALSE,,"21, SANI LABODE STREET","OKO-OBA, ABULE EGBA",,,,,,Hand Delivery,,7/25/26,0.00,6/25/26,Net 30 Days,,11000,550037.00,,,FALSE,,FALSE,,FALSE,,7,4,0,FALSE,FALSE,3.00,,TYPHIM (P),,0,TYPHIM,40500,,14228.00,1,"04/24,..",0.00,-42684.00,12300,,50700,,<Each>,1.00,3.00,14228.00,30261.00,,,34,270,,,,0.00,0,0
P & G Hospital,P & G Hospital,52347,,FALSE,FALSE,6/25/26,,FALSE,,,FALSE,,"21, SANI LABODE STREET","OKO-OBA, ABULE EGBA",,,,,,Hand Delivery,,7/25/26,0.00,6/25/26,Net 30 Days,,11000,550037.00,,,FALSE,,FALSE,,FALSE,,7,5,0,FALSE,FALSE,1.00,,HEXAXIM (Q),,0,HEXAXIM,40548,,34843.00,1,04/24.....,0.00,-34843.00,12352,,50748,,<Each>,1.00,1.00,34843.00,30772.00,,,34,270,,,,0.00,0,0
P & G Hospital,P & G Hospital,52347,,FALSE,FALSE,6/25/26,,FALSE,,,FALSE,,"21, SANI LABODE STREET","OKO-OBA, ABULE EGBA",,,,,,Hand Delivery,,7/25/26,0.00,6/25/26,Net 30 Days,,11000,550037.00,,,FALSE,,FALSE,,FALSE,,7,6,0,FALSE,FALSE,8.00,,Avaxim inj. Ped (Q),,0,Avaxim inj. Ped,40200,,22824.00,1,"09/23...,",0.00,-182592.00,12100,,50500,,<Each>,1.00,8.00,22824.00,139112.00,,,34,270,,,,0.00,0,0
P & G Hospital,P & G Hospital,52347,,FALSE,FALSE,6/25/26,,FALSE,,,FALSE,,"21, SANI LABODE STREET","OKO-OBA, ABULE EGBA",,,,,,Hand Delivery,,7/25/26,0.00,6/25/26,Net 30 Days,,11000,550037.00,,,FALSE,,FALSE,,FALSE,,7,7,0,FALSE,FALSE,8.00,,,,0,Less Discount on Avaxim Paed,49000,,-2824.00,1,,0.00,22592.00,,,,,,1.00,8.00,-2824.00,0.00,,,34,270,,,,0.00,0,0
Mart Medicare,Mart Medicare,52348,,FALSE,FALSE,6/25/26,,FALSE,,,FALSE,,"21, Mobolaji bank anthony way",by leventis b/stop,,,,,,Airborne,,7/25/26,0.00,6/25/26,Net 30 Days,,11000,17850.00,,,FALSE,,FALSE,,FALSE,,1,1,0,FALSE,FALSE,1.00,,PRIORIX (H),,0,PRIORIX,40501,,17850.00,1,08/24....,0.00,-17850.00,12301,,50701,,<Each>,1.00,1.00,17850.00,16658.00,,,34,271,,,,0.00,0,0
Sundry,Sundry,52349,,FALSE,FALSE,6/25/26,,FALSE,,,FALSE,,,,,,,,,Cust. Pickup,,7/25/26,0.00,6/25/26,Net 30 Days,,11000,22825.00,,Mrs Dorherty Izuagba 07035479958,FALSE,,FALSE,,FALSE,,1,1,0,FALSE,FALSE,1.00,,Avaxim inj. Ped (Q),,0,Avaxim inj. Ped,40200,,22825.00,1,"09/23...,",0.00,-22825.00,12100,,50500,,<Each>,1.00,1.00,22825.00,17389.00,,,34,272,,,,0.00,0,0
Pretty Health Care,Pretty Health Care,52350,,FALSE,FALSE,6/25/26,,FALSE,,,FALSE,,"ABBA JOHNSON CRESCENT,","OBA ANKRAN, IKEJA",08036097402,,,,,Airborne,,7/25/26,0.00,6/25/26,Net 30 Days,,11000,25000.00,,,FALSE,,FALSE,,FALSE,,1,1,0,FALSE,FALSE,1.00,,GARDASIL 4  HPV(A),,0,GARDASIL  4  HPV,40350,,25000.00,1,02/22.,0.00,-25000.00,12160,,50560,,<Each>,1.00,1.00,25000.00,20000.00,,,34,274,,,,0.00,0,0
Rubee Medical,Rubee Medical centre,RIN: INVOICE 50288,,TRUE,FALSE,6/25/26,,FALSE,,,FALSE,,"KM 38, ABEOKUTA MOTOR ROAD,","OTA,",,,,,,,,7/25/26,0.00,6/25/26,Net 30 Days,,11000,-58200.00,,,FALSE,,FALSE,,FALSE,,1,1,0,FALSE,FALSE,-3.00,,PRIORIX (H),,0,PRIORIX,40501,,19400.00,1,08/24....,0.00,58200.00,12301,,50701,,<Each>,1.00,-3.00,19400.00,-49974.00,,,34,275,,,,0.00,0,0
X-Serve Children's,X-Serve Children's Hospital,52351,,FALSE,FALSE,6/26/26,,FALSE,,,FALSE,X-Serve Children's Hospital,"House 3C, Chevron Alt Route",Beside Waterbrook School,,,,Lekki,,Hand Delivery,,6/26/26,0.00,6/26/26,C.O.D.,,11000,65885.00,,,FALSE,,FALSE,,FALSE,,3,1,0,FALSE,FALSE,2.00,,Vaxigrip Tetra(Q),,0,Vaxigrip Tetra,40544,,13800.00,1,01/26,0.00,-27600.00,12344,,50744,,<Each>,1.00,2.00,13800.00,24000.00,,,34,276,,,,0.00,0,0
X-Serve Children's,X-Serve Children's Hospital,52351,,FALSE,FALSE,6/26/26,,FALSE,,,FALSE,X-Serve Children's Hospital,"House 3C, Chevron Alt Route",Beside Waterbrook School,,,,Lekki,,Hand Delivery,,6/26/26,0.00,6/26/26,C.O.D.,,11000,65885.00,,,FALSE,,FALSE,,FALSE,,3,2,0,FALSE,FALSE,1.00,,PRIORIX (H),,0,PRIORIX,40501,,17850.00,1,08/24....,0.00,-17850.00,12301,,50701,,<Each>,1.00,1.00,17850.00,16658.00,,,34,276,,,,0.00,0,0
X-Serve Children's,X-Serve Children's Hospital,52351,,FALSE,FALSE,6/26/26,,FALSE,,,FALSE,X-Serve Children's Hospital,"House 3C, Chevron Alt Route",Beside Waterbrook School,,,,Lekki,,Hand Delivery,,6/26/26,0.00,6/26/26,C.O.D.,,11000,65885.00,,,FALSE,,FALSE,,FALSE,,3,3,0,FALSE,FALSE,1.00,,VARIRID(C),,0,VARIRID,49907,,20435.00,1,03/25,0.00,-20435.00,12363,,59910,,<Each>,1.00,1.00,20435.00,14682.63,,,34,276,,,,0.00,0,0
Ayodele Hospital,Ayodele Hospital,52352,,FALSE,FALSE,6/26/26,,FALSE,,,FALSE,,"Ayodele Close,Off Johnathan","Coker Road,Ijaiye LAGOS",Fagba,,,Fagba,,Hand Delivery,,7/26/26,0.00,6/26/26,Net 30 Days,,11000,124200.00,,,FALSE,,FALSE,,FALSE,,2,1,0,FALSE,FALSE,5.00,,Vaxigrip Tetra(Q),,0,Vaxigrip Tetra,40544,,13800.00,1,01/26,0.00,-69000.00,12344,,50744,,<Each>,1.00,5.00,13800.00,60000.00,,,34,277,,,,0.00,0,0
Ayodele Hospital,Ayodele Hospital,52352,,FALSE,FALSE,6/26/26,,FALSE,,,FALSE,,"Ayodele Close,Off Johnathan","Coker Road,Ijaiye LAGOS",Fagba,,,Fagba,,Hand Delivery,,7/26/26,0.00,6/26/26,Net 30 Days,,11000,124200.00,,,FALSE,,FALSE,,FALSE,,2,2,0,FALSE,FALSE,2.00,,MENACTRA (R),,0,MENACTRA,40505,,27600.00,1,"07/25,.",0.00,-55200.00,12305,,50705,,<Each>,1.00,2.00,27600.00,49000.00,,,34,277,,,,0.00,0,0
O'kit Pharmaceutical,O'kit Pharmaceuticals Enterprises,52353,,FALSE,FALSE,6/26/26,,FALSE,,,FALSE,O'kit Pharmaceuticals Enterprises,"Moses Hall, Redemption City",Ogun State. 07065545069,,,,,,Hand Delivery,,6/26/26,0.00,6/26/26,C.O.D.,,11000,252855.00,,,FALSE,,FALSE,,FALSE,,3,1,0,FALSE,FALSE,3.00,,PRIORIX (H),,0,PRIORIX,40501,,17850.00,1,08/24....,0.00,-53550.00,12301,,50701,,<Each>,1.00,3.00,17850.00,49974.00,,,34,278,,,,0.00,0,0
O'kit Pharmaceutical,O'kit Pharmaceuticals Enterprises,52353,,FALSE,FALSE,6/26/26,,FALSE,,,FALSE,O'kit Pharmaceuticals Enterprises,"Moses Hall, Redemption City",Ogun State. 07065545069,,,,,,Hand Delivery,,6/26/26,0.00,6/26/26,C.O.D.,,11000,252855.00,,,FALSE,,FALSE,,FALSE,,3,2,0,FALSE,FALSE,3.00,,VARIRID(C),,0,VARIRID,49907,,20435.00,1,03/25,0.00,-61305.00,12363,,59910,,<Each>,1.00,3.00,20435.00,44047.89,,,34,278,,,,0.00,0,0
O'kit Pharmaceutical,O'kit Pharmaceuticals Enterprises,52353,,FALSE,FALSE,6/26/26,,FALSE,,,FALSE,O'kit Pharmaceuticals Enterprises,"Moses Hall, Redemption City",Ogun State. 07065545069,,,,,,Hand Delivery,,6/26/26,0.00,6/26/26,C.O.D.,,11000,252855.00,,,FALSE,,FALSE,,FALSE,,3,3,0,FALSE,FALSE,10.00,,Vaxigrip Tetra(Q),,0,Vaxigrip Tetra,40544,,13800.00,1,01/26,0.00,-138000.00,12344,,50744,,<Each>,1.00,10.00,13800.00,120000.00,,,34,278,,,,0.00,0,0
Victory Drugs Pharma,Victory Drugs Pharmacy,52354,,FALSE,FALSE,6/26/26,,FALSE,,,FALSE,,"57A, 11 Road",Festac Town,LAGOS,,,,,Hand Delivery,,7/26/26,0.00,6/26/26,Net 30 Days,,11000,484205.00,,,FALSE,,FALSE,,FALSE,,5,1,0,FALSE,FALSE,1.00,,STAMARIL 1 VIAL (E),,0,STAMARIL 1 VIAL,40521,,23315.00,1,05//24,0.00,-23315.00,12321,,50721,,<Each>,1.00,1.00,23315.00,20723.00,,,34,279,,,,0.00,0,0
Victory Drugs Pharma,Victory Drugs Pharmacy,52354,,FALSE,FALSE,6/26/26,,FALSE,,,FALSE,,"57A, 11 Road",Festac Town,LAGOS,,,,,Hand Delivery,,7/26/26,0.00,6/26/26,Net 30 Days,,11000,484205.00,,,FALSE,,FALSE,,FALSE,,5,2,0,FALSE,FALSE,4.00,,LANTUS SOLOST300I(Q),,0,LANTUS SOLOSTAR 300IU,40536,,64800.00,1,08/25.',0.00,-259200.00,12336,,50736,,<Each>,1.00,4.00,64800.00,235200.00,,,34,279,,,,0.00,0,0
Victory Drugs Pharma,Victory Drugs Pharmacy,52354,,FALSE,FALSE,6/26/26,,FALSE,,,FALSE,,"57A, 11 Road",Festac Town,LAGOS,,,,,Hand Delivery,,7/26/26,0.00,6/26/26,Net 30 Days,,11000,484205.00,,,FALSE,,FALSE,,FALSE,,5,3,0,FALSE,FALSE,1.00,,NOVOMIX30 FLEXPEN(Y),,0,NOVOMIX 30 FLEXPEN 100U,40523,,68110.00,1,"03/25.,",0.00,-68110.00,12323,,50723,,<Each>,1.00,1.00,68110.00,61915.00,,,34,279,,,,0.00,0,0
Victory Drugs Pharma,Victory Drugs Pharmacy,52354,,FALSE,FALSE,6/26/26,,FALSE,,,FALSE,,"57A, 11 Road",Festac Town,LAGOS,,,,,Hand Delivery,,7/26/26,0.00,6/26/26,Net 30 Days,,11000,484205.00,,,FALSE,,FALSE,,FALSE,,5,4,0,FALSE,FALSE,5.00,,Vaxigrip Tetra(Q),,0,Vaxigrip Tetra,40544,,13200.00,1,01/26,0.00,-66000.00,12344,,50744,,<Each>,1.00,5.00,13200.00,60000.00,,,34,279,,,,0.00,0,0
Victory Drugs Pharma,Victory Drugs Pharmacy,52354,,FALSE,FALSE,6/26/26,,FALSE,,,FALSE,,"57A, 11 Road",Festac Town,LAGOS,,,,,Hand Delivery,,7/26/26,0.00,6/26/26,Net 30 Days,,11000,484205.00,,,FALSE,,FALSE,,FALSE,,5,5,0,FALSE,FALSE,5.00,,TYPHIM (P),,0,TYPHIM,40500,,13516.00,1,"04/24,..",0.00,-67580.00,12300,,50700,,<Each>,1.00,5.00,13516.00,50435.00,,,34,279,,,,0.00,0,0
Blue Cross Hospital,Blue Cross Hospital,52355,,FALSE,FALSE,6/26/26,,FALSE,,,FALSE,,"48, Ijaiye Road, ogba ikeja",Ogba,,,,Nigeria,,,,7/26/26,0.00,6/26/26,Net 30 Days,,11000,189180.00,,,FALSE,,FALSE,,FALSE,,3,1,0,FALSE,FALSE,3.00,,TYPHIM (P),,0,TYPHIM,40500,,14228.00,1,"04/24,..",0.00,-42684.00,12300,,50700,,<Each>,1.00,3.00,14228.00,30261.00,,,34,280,,,,0.00,0,0
Blue Cross Hospital,Blue Cross Hospital,52355,,FALSE,FALSE,6/26/26,,FALSE,,,FALSE,,"48, Ijaiye Road, ogba ikeja",Ogba,,,,Nigeria,,,,7/26/26,0.00,6/26/26,Net 30 Days,,11000,189180.00,,,FALSE,,FALSE,,FALSE,,3,3,0,FALSE,FALSE,4.00,,Avaxim inj. Ped (Q),,0,Avaxim inj. Ped,40200,,22824.00,1,"09/23...,",0.00,-91296.00,12100,,50500,,<Each>,1.00,4.00,22824.00,69556.00,,,34,280,,,,0.00,0,0
Blue Cross Hospital,Blue Cross Hospital,52355,,FALSE,FALSE,6/26/26,,FALSE,,,FALSE,,"48, Ijaiye Road, ogba ikeja",Ogba,,,,Nigeria,,,,7/26/26,0.00,6/26/26,Net 30 Days,,11000,189180.00,,,FALSE,,FALSE,,FALSE,,3,4,0,FALSE,FALSE,4.00,,Vaxigrip Tetra(Q),,0,Vaxigrip Tetra,40544,,13800.00,1,01/26,0.00,-55200.00,12344,,50744,,<Each>,1.00,4.00,13800.00,48000.00,,,34,280,,,,0.00,0,0
PeaceMaker Pharmacy,Peace Maker Pharmacy,52356,,FALSE,FALSE,6/26/26,,FALSE,,,FALSE,Peace Maker Pharmacy,"Illishan Road, Shagamu.",09031178440,,,,,,Hand Delivery,,6/26/26,0.00,6/26/26,C.O.D.,,11000,153045.00,,,FALSE,,FALSE,,FALSE,,3,1,0,FALSE,FALSE,10.00,,Vaxigrip Tetra(Q),,0,Vaxigrip Tetra,40544,,13200.00,1,01/26,0.00,-132000.00,12344,,50744,,<Each>,1.00,10.00,13200.00,120000.00,,,34,281,,,,0.00,0,0
PeaceMaker Pharmacy,Peace Maker Pharmacy,52356,,FALSE,FALSE,6/26/26,,FALSE,,,FALSE,Peace Maker Pharmacy,"Illishan Road, Shagamu.",09031178440,,,,,,Hand Delivery,,6/26/26,0.00,6/26/26,C.O.D.,,11000,153045.00,,,FALSE,,FALSE,,FALSE,,3,2,0,FALSE,FALSE,1.00,,Euvichol - S,,0,Euvichol - S,49921,,10335.00,1,10/25,0.00,-10335.00,12377,,59924,,<Each>,1.00,1.00,10335.00,9394.58,,,34,281,,,,0.00,0,0
PeaceMaker Pharmacy,Peace Maker Pharmacy,52356,,FALSE,FALSE,6/26/26,,FALSE,,,FALSE,Peace Maker Pharmacy,"Illishan Road, Shagamu.",09031178440,,,,,,Hand Delivery,,6/26/26,0.00,6/26/26,C.O.D.,,11000,153045.00,,,FALSE,,FALSE,,FALSE,,3,3,0,FALSE,FALSE,2.00,,REVAC B (D),,0,REVAC B,40000,,5355.00,1,08/25.,0.00,-10710.00,12000,,50000,,<Each>,1.00,2.00,5355.00,8500.00,,,34,281,,,,0.00,0,0
Redeem Health Centre,Redeem Health Centre,52357,,FALSE,FALSE,6/26/26,,FALSE,,,FALSE,,Redeem Camp,,,,,,,Hand Delivery,,7/26/26,0.00,6/26/26,Net 30 Days,,11000,643700.00,,,FALSE,,FALSE,,FALSE,,3,1,0,FALSE,FALSE,10.00,,MENACTRA (R),,0,MENACTRA,40505,,27600.00,1,"07/25,.",0.00,-276000.00,12305,,50705,,<Each>,1.00,10.00,27600.00,245000.00,,,34,282,,,,0.00,0,0
Redeem Health Centre,Redeem Health Centre,52357,,FALSE,FALSE,6/26/26,,FALSE,,,FALSE,,Redeem Camp,,,,,,,Hand Delivery,,7/26/26,0.00,6/26/26,Net 30 Days,,11000,643700.00,,,FALSE,,FALSE,,FALSE,,3,2,0,FALSE,FALSE,5.00,,PRIORIX (H),,0,PRIORIX,40501,,17850.00,1,08/24....,0.00,-89250.00,12301,,50701,,<Each>,1.00,5.00,17850.00,83290.00,,,34,282,,,,0.00,0,0
Redeem Health Centre,Redeem Health Centre,52357,,FALSE,FALSE,6/26/26,,FALSE,,,FALSE,,Redeem Camp,,,,,,,Hand Delivery,,7/26/26,0.00,6/26/26,Net 30 Days,,11000,643700.00,,,FALSE,,FALSE,,FALSE,,3,3,0,FALSE,FALSE,5.00,,CERVARIX 0.5ml(H),,0,CERVARIX 0.5ml,40300,,55690.00,1,02/2024.....,0.00,-278450.00,12150,,50550,,<Each>,1.00,5.00,55690.00,242150.00,,,34,282,,,,0.00,0,0
AB 10 Hospital,AB 10 Hospital,52358,,FALSE,FALSE,6/26/26,,FALSE,,,FALSE,,"Karaole Estate, Ogba off","College Road, Ifako Ijaye",Lagos,,,,,Cust. Pickup,,6/26/26,0.00,6/26/26,C.O.D.,,11000,75635.00,,,FALSE,,FALSE,,FALSE,,2,1,0,FALSE,FALSE,4.00,,Vaxigrip Tetra(Q),,0,Vaxigrip Tetra,40544,,13800.00,1,01/26,0.00,-55200.00,12344,,50744,,<Each>,1.00,4.00,13800.00,48000.00,,,34,283,,,,0.00,0,0
AB 10 Hospital,AB 10 Hospital,52358,,FALSE,FALSE,6/26/26,,FALSE,,,FALSE,,"Karaole Estate, Ogba off","College Road, Ifako Ijaye",Lagos,,,,,Cust. Pickup,,6/26/26,0.00,6/26/26,C.O.D.,,11000,75635.00,,,FALSE,,FALSE,,FALSE,,2,2,0,FALSE,FALSE,1.00,,VARIRID(C),,0,VARIRID,49907,,20435.00,1,03/25,0.00,-20435.00,12363,,59910,,<Each>,1.00,1.00,20435.00,14682.63,,,34,283,,,,0.00,0,0
Oak Hospital Ikorodu,Oak Hospital Ikorudu,52359,,FALSE,FALSE,6/26/26,,FALSE,,,FALSE,,"197 Lagos Road,Agric B/Stop",Ikorodu,,,,,,Hand Delivery,,7/26/26,0.00,6/26/26,Net 30 Days,,11000,114700.00,,,FALSE,,FALSE,,FALSE,,2,1,0,FALSE,FALSE,10.00,,REVAC B (D),,0,REVAC B,40000,,5950.00,1,08/25.,0.00,-59500.00,12000,,50000,,<Each>,1.00,10.00,5950.00,42500.00,,,34,284,,,,0.00,0,0
Oak Hospital Ikorodu,Oak Hospital Ikorudu,52359,,FALSE,FALSE,6/26/26,,FALSE,,,FALSE,,"197 Lagos Road,Agric B/Stop",Ikorodu,,,,,,Hand Delivery,,7/26/26,0.00,6/26/26,Net 30 Days,,11000,114700.00,,,FALSE,,FALSE,,FALSE,,2,2,0,FALSE,FALSE,2.00,,MENACTRA (R),,0,MENACTRA,40505,,27600.00,1,"07/25,.",0.00,-55200.00,12305,,50705,,<Each>,1.00,2.00,27600.00,49000.00,,,34,284,,,,0.00,0,0
Sundry,Sundry,52360,,FALSE,FALSE,6/26/26,,FALSE,,,FALSE,,,,,,,,,Hand Delivery,,7/26/26,0.00,6/26/26,Net 30 Days,,11000,34845.00,,Ikpe Priscal Kupa Hospital 08034320656,FALSE,,FALSE,,FALSE,,1,1,0,FALSE,FALSE,1.00,,HEXAXIM (Q),,0,HEXAXIM,40548,,34845.00,1,04/24.....,0.00,-34845.00,12352,,50748,,<Each>,1.00,1.00,34845.00,30772.00,,,34,285,,,,0.00,0,0
Sundry,Sundry,52361,,FALSE,FALSE,6/26/26,,FALSE,,,FALSE,,,,,,,,,Hand Delivery,,7/26/26,0.00,6/26/26,Net 30 Days,,11000,18271.00,,"Nurse Sophie 08102726918 1, Abeokuta Str Okunola B/stop Egbeda",FALSE,,FALSE,,FALSE,,1,1,0,FALSE,FALSE,1.00,,CLEXANE 40mg(Z)iii,,0,CLEXANE 40mg,40538,,18271.00,1,"06/25..,",0.00,-18271.00,12338,,50738,,<Each>,1.00,1.00,18271.00,16610.00,,,34,286,,,,0.00,0,0
Sundry,Sundry,52362,,FALSE,FALSE,6/26/26,,FALSE,,,FALSE,,,,,,,,,Hand Delivery,,7/26/26,0.00,6/26/26,Net 30 Days,,11000,14230.00,,Nurse Ayanfeso Somolu GH 08066372367,FALSE,,FALSE,,FALSE,,1,1,0,FALSE,FALSE,1.00,,TYPHIM (P),,0,TYPHIM,40500,,14230.00,1,"04/24,..",0.00,-14230.00,12300,,50700,,<Each>,1.00,1.00,14230.00,10087.00,,,34,287,,,,0.00,0,0
Broadland Hospital,Broadland Hospital,52363,,FALSE,FALSE,6/26/26,,FALSE,,,FALSE,,Magboro,,Ibafo,,,,,Hand Delivery,,7/26/26,0.00,6/26/26,Net 30 Days,,11000,17850.00,,,FALSE,,FALSE,,FALSE,,1,1,0,FALSE,FALSE,3.00,,REVAC B (D),,0,REVAC B,40000,,5950.00,1,08/25.,0.00,-17850.00,12000,,50000,,<Each>,1.00,3.00,5950.00,12750.00,,,34,288,,,,0.00,0,0
B.J Pharmacy,B.J Pharmacy,52364,,FALSE,FALSE,6/26/26,,FALSE,,,FALSE,,8157074742,Costain Bustop,Costain,,,,,Hand Delivery,,7/26/26,0.00,6/26/26,Net 30 Days,,11000,129018.00,,,FALSE,,FALSE,,FALSE,,4,1,0,FALSE,FALSE,3.00,,Vaxigrip Tetra(Q),,0,Vaxigrip Tetra,40544,,13200.00,1,01/26,0.00,-39600.00,12344,,50744,,<Each>,1.00,3.00,13200.00,36000.00,,,34,289,,,,0.00,0,0
B.J Pharmacy,B.J Pharmacy,52364,,FALSE,FALSE,6/26/26,,FALSE,,,FALSE,,8157074742,Costain Bustop,Costain,,,,,Hand Delivery,,7/26/26,0.00,6/26/26,Net 30 Days,,11000,129018.00,,,FALSE,,FALSE,,FALSE,,4,2,0,FALSE,FALSE,2.00,,Avaxim inj. Ped (Q),,0,Avaxim inj. Ped,40200,,21673.00,1,"09/23...,",0.00,-43346.00,12100,,50500,,<Each>,1.00,2.00,21673.00,34778.00,,,34,289,,,,0.00,0,0
B.J Pharmacy,B.J Pharmacy,52364,,FALSE,FALSE,6/26/26,,FALSE,,,FALSE,,8157074742,Costain Bustop,Costain,,,,,Hand Delivery,,7/26/26,0.00,6/26/26,Net 30 Days,,11000,129018.00,,,FALSE,,FALSE,,FALSE,,4,3,0,FALSE,FALSE,2.00,,TYPHIM (P),,0,TYPHIM,40500,,13516.00,1,"04/24,..",0.00,-27032.00,12300,,50700,,<Each>,1.00,2.00,13516.00,20174.00,,,34,289,,,,0.00,0,0
B.J Pharmacy,B.J Pharmacy,52364,,FALSE,FALSE,6/26/26,,FALSE,,,FALSE,,8157074742,Costain Bustop,Costain,,,,,Hand Delivery,,7/26/26,0.00,6/26/26,Net 30 Days,,11000,129018.00,,,FALSE,,FALSE,,FALSE,,4,4,0,FALSE,FALSE,1.00,,VARIRID(C),,0,VARIRID,49907,,19040.00,1,03/25,0.00,-19040.00,12363,,59910,,<Each>,1.00,1.00,19040.00,14682.63,,,34,289,,,,0.00,0,0
ABBEY'S PAEDIATIC,ABBEY'S PAEDIATIC,52365,,FALSE,FALSE,6/26/26,,FALSE,,,FALSE,,3 Redemption Drive Omole,Pharse 2 Begger,Lagos,,,,,Hand Delivery,,6/26/26,0.00,6/26/26,C.O.D.,,11000,55200.00,,,FALSE,,FALSE,,FALSE,,1,1,0,FALSE,FALSE,2.00,,MENACTRA (R),,0,MENACTRA,40505,,27600.00,1,"07/25,.",0.00,-55200.00,12305,,50705,,<Each>,1.00,2.00,27600.00,49000.00,,,34,290,,,,0.00,0,0
Medwin Hospital,Medwin Hospital,52366,,FALSE,FALSE,6/26/26,,FALSE,,,FALSE,,08023715463,"30B Bintu Street,",Oke- Ira,,,,,Cust. Pickup,,7/26/26,0.00,6/26/26,Net 30 Days,,11000,23800.00,,,FALSE,,FALSE,,FALSE,,1,1,0,FALSE,FALSE,4.00,,REVAC B (D),,0,REVAC B,40000,,5950.00,1,08/25.,0.00,-23800.00,12000,,50000,,<Each>,1.00,4.00,5950.00,17000.00,,,34,291,,,,0.00,0,0
